ISO-10303-21;
HEADER;
FILE_DESCRIPTION(('FreeCAD Model'),'2;1');
FILE_NAME('Open CASCADE Shape Model','2025-03-24T22:15:55',(''),(''),
  'Open CASCADE STEP processor 7.8','FreeCAD','Unknown');
FILE_SCHEMA(('AUTOMOTIVE_DESIGN { 1 0 10303 214 1 1 1 1 }'));
ENDSEC;
DATA;
#1 = APPLICATION_PROTOCOL_DEFINITION('international standard',
  'automotive_design',2000,#2);
#2 = APPLICATION_CONTEXT(
  'core data for automotive mechanical design processes');
#3 = SHAPE_DEFINITION_REPRESENTATION(#4,#10);
#4 = PRODUCT_DEFINITION_SHAPE('','',#5);
#5 = PRODUCT_DEFINITION('design','',#6,#9);
#6 = PRODUCT_DEFINITION_FORMATION('','',#7);
#7 = PRODUCT('BackPlate','BackPlate','',(#8));
#8 = PRODUCT_CONTEXT('',#2,'mechanical');
#9 = PRODUCT_DEFINITION_CONTEXT('part definition',#2,'design');
#10 = ADVANCED_BREP_SHAPE_REPRESENTATION('',(#11,#15),#7078);
#11 = AXIS2_PLACEMENT_3D('',#12,#13,#14);
#12 = CARTESIAN_POINT('',(0.,0.,0.));
#13 = DIRECTION('',(0.,0.,1.));
#14 = DIRECTION('',(1.,0.,-0.));
#15 = MANIFOLD_SOLID_BREP('',#16);
#16 = CLOSED_SHELL('',(#17,#50,#75,#84,#117,#142,#151,#193,#234,#288,
    #330,#371,#425,#1287,#1315,#1351,#1377,#1403,#1429,#1541,#1583,#1624
    ,#1669,#1711,#1752,#1797,#1825,#1861,#1887,#1913,#1939,#2029,#2071,
    #2112,#2157,#2199,#2240,#2285,#2313,#2349,#2375,#2401,#2427,#2514,
    #2547,#2580,#2625,#2667,#2708,#2753,#2781,#2817,#2835,#2933,#2959,
    #2977,#2995,#3026,#3050,#3074,#3091,#3505,#3536,#3567,#3584,#3601,
    #3632,#3656,#3680,#3697,#3778,#3809,#3833,#3857,#3874,#3936,#3967,
    #3991,#4015,#4032,#4094,#4118,#4142,#4159,#4171,#4188,#4205,#4217,
    #4229,#4241,#4258,#4275,#4287,#4299,#4324,#4341,#4358,#4370,#4387,
    #4412,#4424,#4441,#4474,#4499,#4532,#4557,#4590,#4614,#4626,#4652,
    #4669,#4694,#4727,#4751,#4763,#4789,#4806,#4830,#4842,#4868,#4885,
    #4910,#4928,#4954,#4971,#5002,#5026,#5038,#5055,#5081,#5105,#5129,
    #5141,#5158,#5184,#5201,#5218,#5230,#5242,#5256,#5274,#5314,#5345,
    #5376,#5407,#5438,#5460,#5482,#5499,#5516,#5541,#5558,#5575,#5592,
    #5604,#5622,#5634,#5674,#5705,#5736,#5767,#5798,#5820,#5842,#5859,
    #5876,#5901,#5918,#5935,#5952,#5964,#5989,#6006,#6046,#6077,#6108,
    #6139,#6170,#6192,#6214,#6231,#6248,#6273,#6290,#6307,#6324,#6336,
    #6354,#6366,#6383,#6409,#6434,#6451,#6491,#6522,#6553,#6584,#6615,
    #6637,#6659,#6676,#6693,#6718,#6735,#6752,#6769,#6781,#6793,#6811,
    #6823,#6840,#6857,#6874,#6896,#6913,#6930,#6942,#6964,#6981,#6998,
    #7015,#7032,#7049,#7061));
#17 = ADVANCED_FACE('',(#18),#45,.T.);
#18 = FACE_BOUND('',#19,.T.);
#19 = EDGE_LOOP('',(#20,#29,#37,#44));
#20 = ORIENTED_EDGE('',*,*,#21,.T.);
#21 = EDGE_CURVE('',#22,#22,#24,.T.);
#22 = VERTEX_POINT('',#23);
#23 = CARTESIAN_POINT('',(-35.3,1.102860313398E-16,0.5));
#24 = CIRCLE('',#25,0.3);
#25 = AXIS2_PLACEMENT_3D('',#26,#27,#28);
#26 = CARTESIAN_POINT('',(-35.,7.354662736538E-17,0.5));
#27 = DIRECTION('',(0.,0.,-1.));
#28 = DIRECTION('',(1.,0.,0.));
#29 = ORIENTED_EDGE('',*,*,#30,.T.);
#30 = EDGE_CURVE('',#22,#31,#33,.T.);
#31 = VERTEX_POINT('',#32);
#32 = CARTESIAN_POINT('',(-35.8,-2.442511656641E-17,-1.387778780781E-16)
  );
#33 = LINE('',#34,#35);
#34 = CARTESIAN_POINT('',(-35.55,6.19105341227E-18,0.25));
#35 = VECTOR('',#36,1.);
#36 = DIRECTION('',(-0.707106781187,-8.659560562355E-17,-0.707106781187)
  );
#37 = ORIENTED_EDGE('',*,*,#38,.T.);
#38 = EDGE_CURVE('',#31,#31,#39,.T.);
#39 = CIRCLE('',#40,0.8);
#40 = AXIS2_PLACEMENT_3D('',#41,#42,#43);
#41 = CARTESIAN_POINT('',(-35.,7.354662736538E-17,-1.387778780781E-16));
#42 = DIRECTION('',(0.,0.,1.));
#43 = DIRECTION('',(1.,0.,-0.));
#44 = ORIENTED_EDGE('',*,*,#30,.F.);
#45 = CONICAL_SURFACE('',#46,0.55,0.785398163397);
#46 = AXIS2_PLACEMENT_3D('',#47,#48,#49);
#47 = CARTESIAN_POINT('',(-35.,7.354662736538E-17,0.25));
#48 = DIRECTION('',(0.,0.,-1.));
#49 = DIRECTION('',(1.,0.,0.));
#50 = ADVANCED_FACE('',(#51),#70,.T.);
#51 = FACE_BOUND('',#52,.T.);
#52 = EDGE_LOOP('',(#53,#54,#62,#69));
#53 = ORIENTED_EDGE('',*,*,#38,.F.);
#54 = ORIENTED_EDGE('',*,*,#55,.T.);
#55 = EDGE_CURVE('',#31,#56,#58,.T.);
#56 = VERTEX_POINT('',#57);
#57 = CARTESIAN_POINT('',(-35.8,1.715183712972E-16,-1.2));
#58 = LINE('',#59,#60);
#59 = CARTESIAN_POINT('',(-35.8,-2.442511656641E-17,-1.2));
#60 = VECTOR('',#61,1.);
#61 = DIRECTION('',(0.,0.,-1.));
#62 = ORIENTED_EDGE('',*,*,#63,.F.);
#63 = EDGE_CURVE('',#56,#56,#64,.T.);
#64 = CIRCLE('',#65,0.8);
#65 = AXIS2_PLACEMENT_3D('',#66,#67,#68);
#66 = CARTESIAN_POINT('',(-35.,7.354662736538E-17,-1.2));
#67 = DIRECTION('',(0.,0.,-1.));
#68 = DIRECTION('',(1.,0.,0.));
#69 = ORIENTED_EDGE('',*,*,#55,.F.);
#70 = CYLINDRICAL_SURFACE('',#71,0.8);
#71 = AXIS2_PLACEMENT_3D('',#72,#73,#74);
#72 = CARTESIAN_POINT('',(-35.,7.354662736538E-17,-1.2));
#73 = DIRECTION('',(0.,0.,1.));
#74 = DIRECTION('',(1.,0.,-0.));
#75 = ADVANCED_FACE('',(#76),#79,.F.);
#76 = FACE_BOUND('',#77,.T.);
#77 = EDGE_LOOP('',(#78));
#78 = ORIENTED_EDGE('',*,*,#21,.F.);
#79 = PLANE('',#80);
#80 = AXIS2_PLACEMENT_3D('',#81,#82,#83);
#81 = CARTESIAN_POINT('',(-35.,1.387778780781E-16,0.5));
#82 = DIRECTION('',(0.,0.,-1.));
#83 = DIRECTION('',(1.,0.,0.));
#84 = ADVANCED_FACE('',(#85),#112,.T.);
#85 = FACE_BOUND('',#86,.T.);
#86 = EDGE_LOOP('',(#87,#96,#104,#111));
#87 = ORIENTED_EDGE('',*,*,#88,.T.);
#88 = EDGE_CURVE('',#89,#89,#91,.T.);
#89 = VERTEX_POINT('',#90);
#90 = CARTESIAN_POINT('',(34.7,-4.323071020407E-15,0.5));
#91 = CIRCLE('',#92,0.3);
#92 = AXIS2_PLACEMENT_3D('',#93,#94,#95);
#93 = CARTESIAN_POINT('',(35.,-4.359810424381E-15,0.5));
#94 = DIRECTION('',(0.,0.,-1.));
#95 = DIRECTION('',(1.,0.,0.));
#96 = ORIENTED_EDGE('',*,*,#97,.T.);
#97 = EDGE_CURVE('',#89,#98,#100,.T.);
#98 = VERTEX_POINT('',#99);
#99 = CARTESIAN_POINT('',(34.2,-4.457782168313E-15,-1.387778780781E-16)
  );
#100 = LINE('',#101,#102);
#101 = CARTESIAN_POINT('',(34.45,-4.427165998334E-15,0.25));
#102 = VECTOR('',#103,1.);
#103 = DIRECTION('',(-0.707106781187,-8.659560562355E-17,-0.707106781187
    ));
#104 = ORIENTED_EDGE('',*,*,#105,.T.);
#105 = EDGE_CURVE('',#98,#98,#106,.T.);
#106 = CIRCLE('',#107,0.8);
#107 = AXIS2_PLACEMENT_3D('',#108,#109,#110);
#108 = CARTESIAN_POINT('',(35.,-4.359810424381E-15,-1.387778780781E-16)
  );
#109 = DIRECTION('',(0.,0.,1.));
#110 = DIRECTION('',(1.,0.,-0.));
#111 = ORIENTED_EDGE('',*,*,#97,.F.);
#112 = CONICAL_SURFACE('',#113,0.55,0.785398163397);
#113 = AXIS2_PLACEMENT_3D('',#114,#115,#116);
#114 = CARTESIAN_POINT('',(35.,-4.359810424381E-15,0.25));
#115 = DIRECTION('',(0.,0.,-1.));
#116 = DIRECTION('',(1.,0.,0.));
#117 = ADVANCED_FACE('',(#118),#137,.T.);
#118 = FACE_BOUND('',#119,.T.);
#119 = EDGE_LOOP('',(#120,#121,#129,#136));
#120 = ORIENTED_EDGE('',*,*,#105,.F.);
#121 = ORIENTED_EDGE('',*,*,#122,.T.);
#122 = EDGE_CURVE('',#98,#123,#125,.T.);
#123 = VERTEX_POINT('',#124);
#124 = CARTESIAN_POINT('',(34.2,-4.261838680449E-15,-1.2));
#125 = LINE('',#126,#127);
#126 = CARTESIAN_POINT('',(34.2,-4.457782168313E-15,-1.2));
#127 = VECTOR('',#128,1.);
#128 = DIRECTION('',(0.,0.,-1.));
#129 = ORIENTED_EDGE('',*,*,#130,.F.);
#130 = EDGE_CURVE('',#123,#123,#131,.T.);
#131 = CIRCLE('',#132,0.8);
#132 = AXIS2_PLACEMENT_3D('',#133,#134,#135);
#133 = CARTESIAN_POINT('',(35.,-4.359810424381E-15,-1.2));
#134 = DIRECTION('',(0.,0.,-1.));
#135 = DIRECTION('',(1.,0.,0.));
#136 = ORIENTED_EDGE('',*,*,#122,.F.);
#137 = CYLINDRICAL_SURFACE('',#138,0.8);
#138 = AXIS2_PLACEMENT_3D('',#139,#140,#141);
#139 = CARTESIAN_POINT('',(35.,-4.359810424381E-15,-1.2));
#140 = DIRECTION('',(0.,0.,1.));
#141 = DIRECTION('',(1.,0.,-0.));
#142 = ADVANCED_FACE('',(#143),#146,.F.);
#143 = FACE_BOUND('',#144,.T.);
#144 = EDGE_LOOP('',(#145));
#145 = ORIENTED_EDGE('',*,*,#88,.F.);
#146 = PLANE('',#147);
#147 = AXIS2_PLACEMENT_3D('',#148,#149,#150);
#148 = CARTESIAN_POINT('',(35.,-4.302114220422E-15,0.5));
#149 = DIRECTION('',(0.,0.,-1.));
#150 = DIRECTION('',(1.,0.,0.));
#151 = ADVANCED_FACE('',(#152),#188,.T.);
#152 = FACE_BOUND('',#153,.T.);
#153 = EDGE_LOOP('',(#154,#165,#173,#182));
#154 = ORIENTED_EDGE('',*,*,#155,.T.);
#155 = EDGE_CURVE('',#156,#158,#160,.T.);
#156 = VERTEX_POINT('',#157);
#157 = CARTESIAN_POINT('',(12.639185722695,9.810758597949,-2.7));
#158 = VERTEX_POINT('',#159);
#159 = CARTESIAN_POINT('',(13.514574817063,8.564827348757,-1.2));
#160 = ELLIPSE('',#161,22.62741699797,16.);
#161 = AXIS2_PLACEMENT_3D('',#162,#163,#164);
#162 = CARTESIAN_POINT('',(6.661338147751E-15,-4.440892098501E-15,-4.7)
  );
#163 = DIRECTION('',(0.5,-0.5,-0.707106781187));
#164 = DIRECTION('',(-0.5,0.5,-0.707106781187));
#165 = ORIENTED_EDGE('',*,*,#166,.T.);
#166 = EDGE_CURVE('',#158,#167,#169,.T.);
#167 = VERTEX_POINT('',#168);
#168 = CARTESIAN_POINT('',(14.599229387135,9.649481918829,-1.2));
#169 = LINE('',#170,#171);
#170 = CARTESIAN_POINT('',(19.092388155425,14.142640687119,-1.2));
#171 = VECTOR('',#172,1.);
#172 = DIRECTION('',(0.707106781187,0.707106781187,0.));
#173 = ORIENTED_EDGE('',*,*,#174,.T.);
#174 = EDGE_CURVE('',#167,#175,#177,.T.);
#175 = VERTEX_POINT('',#176);
#176 = CARTESIAN_POINT('',(13.707504415517,10.879077290771,-2.7));
#177 = ELLIPSE('',#178,24.748737341529,17.5);
#178 = AXIS2_PLACEMENT_3D('',#179,#180,#181);
#179 = CARTESIAN_POINT('',(6.661338147751E-15,-4.440892098501E-15,-4.7)
  );
#180 = DIRECTION('',(-0.5,0.5,0.707106781187));
#181 = DIRECTION('',(-0.5,0.5,-0.707106781187));
#182 = ORIENTED_EDGE('',*,*,#183,.T.);
#183 = EDGE_CURVE('',#175,#156,#184,.T.);
#184 = LINE('',#185,#186);
#185 = CARTESIAN_POINT('',(18.031727983645,15.203300858899,-2.7));
#186 = VECTOR('',#187,1.);
#187 = DIRECTION('',(-0.707106781187,-0.707106781187,0.));
#188 = PLANE('',#189);
#189 = AXIS2_PLACEMENT_3D('',#190,#191,#192);
#190 = CARTESIAN_POINT('',(18.562058069535,14.672970773009,-1.95));
#191 = DIRECTION('',(-0.5,0.5,0.707106781187));
#192 = DIRECTION('',(0.816496580928,-2.775557561563E-17,0.57735026919));
#193 = ADVANCED_FACE('',(#194),#229,.F.);
#194 = FACE_BOUND('',#195,.F.);
#195 = EDGE_LOOP('',(#196,#205,#213,#222,#228));
#196 = ORIENTED_EDGE('',*,*,#197,.T.);
#197 = EDGE_CURVE('',#158,#198,#200,.T.);
#198 = VERTEX_POINT('',#199);
#199 = CARTESIAN_POINT('',(15.52272542408,3.878787878788,-1.2));
#200 = CIRCLE('',#201,16.);
#201 = AXIS2_PLACEMENT_3D('',#202,#203,#204);
#202 = CARTESIAN_POINT('',(6.661338147751E-15,-4.440892098501E-15,-1.2)
  );
#203 = DIRECTION('',(0.,0.,-1.));
#204 = DIRECTION('',(0.242424242424,0.970170339005,0.));
#205 = ORIENTED_EDGE('',*,*,#206,.T.);
#206 = EDGE_CURVE('',#198,#207,#209,.T.);
#207 = VERTEX_POINT('',#208);
#208 = CARTESIAN_POINT('',(15.52272542408,3.878787878788,-3.2));
#209 = LINE('',#210,#211);
#210 = CARTESIAN_POINT('',(15.52272542408,3.878787878788,-1.2));
#211 = VECTOR('',#212,1.);
#212 = DIRECTION('',(0.,0.,-1.));
#213 = ORIENTED_EDGE('',*,*,#214,.T.);
#214 = EDGE_CURVE('',#207,#215,#217,.T.);
#215 = VERTEX_POINT('',#216);
#216 = CARTESIAN_POINT('',(12.639185722695,9.810758597949,-3.2));
#217 = CIRCLE('',#218,16.);
#218 = AXIS2_PLACEMENT_3D('',#219,#220,#221);
#219 = CARTESIAN_POINT('',(6.661338147751E-15,-4.440892098501E-15,-3.2)
  );
#220 = DIRECTION('',(0.,0.,1.));
#221 = DIRECTION('',(0.707106781187,0.707106781187,-0.));
#222 = ORIENTED_EDGE('',*,*,#223,.F.);
#223 = EDGE_CURVE('',#156,#215,#224,.T.);
#224 = LINE('',#225,#226);
#225 = CARTESIAN_POINT('',(12.639185722695,9.810758597949,-1.2));
#226 = VECTOR('',#227,1.);
#227 = DIRECTION('',(0.,0.,-1.));
#228 = ORIENTED_EDGE('',*,*,#155,.T.);
#229 = CYLINDRICAL_SURFACE('',#230,16.);
#230 = AXIS2_PLACEMENT_3D('',#231,#232,#233);
#231 = CARTESIAN_POINT('',(6.661338147751E-15,-4.440892098501E-15,-1.2)
  );
#232 = DIRECTION('',(0.,0.,-1.));
#233 = DIRECTION('',(0.242424242424,0.970170339005,0.));
#234 = ADVANCED_FACE('',(#235),#283,.F.);
#235 = FACE_BOUND('',#236,.T.);
#236 = EDGE_LOOP('',(#237,#238,#246,#261,#269,#282));
#237 = ORIENTED_EDGE('',*,*,#183,.F.);
#238 = ORIENTED_EDGE('',*,*,#239,.F.);
#239 = EDGE_CURVE('',#240,#175,#242,.T.);
#240 = VERTEX_POINT('',#241);
#241 = CARTESIAN_POINT('',(13.707504415517,10.879077290771,-3.2));
#242 = LINE('',#243,#244);
#243 = CARTESIAN_POINT('',(13.707504415517,10.879077290771,-1.2));
#244 = VECTOR('',#245,1.);
#245 = DIRECTION('',(0.,0.,1.));
#246 = ORIENTED_EDGE('',*,*,#247,.F.);
#247 = EDGE_CURVE('',#248,#240,#250,.T.);
#248 = VERTEX_POINT('',#249);
#249 = CARTESIAN_POINT('',(14.063324203046,11.234897078301,-3.7));
#250 = B_SPLINE_CURVE_WITH_KNOTS('',3,(#251,#252,#253,#254,#255,#256,
    #257,#258,#259,#260),.UNSPECIFIED.,.F.,.F.,(4,2,2,2,4),(
    7.427361547659E-02,9.293951060454E-02,0.11154846875,0.130084412924,
    0.148558248439),.UNSPECIFIED.);
#251 = CARTESIAN_POINT('',(14.063324203046,11.234897078301,-3.7));
#252 = CARTESIAN_POINT('',(14.019328266307,11.190901141561,-3.7));
#253 = CARTESIAN_POINT('',(13.967538664335,11.139111539589,
    -3.685497430916));
#254 = CARTESIAN_POINT('',(13.886324466317,11.057897341571,
    -3.638100711174));
#255 = CARTESIAN_POINT('',(13.84249575599,11.014068631244,-3.59688443436
    ));
#256 = CARTESIAN_POINT('',(13.780465273976,10.95203814923,
    -3.509506376948));
#257 = CARTESIAN_POINT('',(13.751238713864,10.922811589118,
    -3.447952205759));
#258 = CARTESIAN_POINT('',(13.717746436305,10.889319311559,
    -3.334041328581));
#259 = CARTESIAN_POINT('',(13.707504415517,10.879077290771,
    -3.261579451717));
#260 = CARTESIAN_POINT('',(13.707504415517,10.879077290771,-3.2));
#261 = ORIENTED_EDGE('',*,*,#262,.T.);
#262 = EDGE_CURVE('',#248,#263,#265,.T.);
#263 = VERTEX_POINT('',#264);
#264 = CARTESIAN_POINT('',(12.282746122015,9.454318997269,-3.7));
#265 = LINE('',#266,#267);
#266 = CARTESIAN_POINT('',(14.053747276082,11.225320151337,-3.7));
#267 = VECTOR('',#268,1.);
#268 = DIRECTION('',(-0.707106781187,-0.707106781187,0.));
#269 = ORIENTED_EDGE('',*,*,#270,.F.);
#270 = EDGE_CURVE('',#215,#263,#271,.T.);
#271 = B_SPLINE_CURVE_WITH_KNOTS('',3,(#272,#273,#274,#275,#276,#277,
    #278,#279,#280,#281),.UNSPECIFIED.,.F.,.F.,(4,2,2,2,4),(0.,
    1.846456598764E-02,3.70036799992E-02,5.563639074341E-02,
    7.43521258253E-02),.UNSPECIFIED.);
#272 = CARTESIAN_POINT('',(12.639185722695,9.810758597949,-3.2));
#273 = CARTESIAN_POINT('',(12.639185722695,9.810758597949,
    -3.261548553292));
#274 = CARTESIAN_POINT('',(12.62894038699,9.800513262244,-3.333971680443
    ));
#275 = CARTESIAN_POINT('',(12.595432862857,9.767005738111,
    -3.447851567569));
#276 = CARTESIAN_POINT('',(12.566181072796,9.73775394805,-3.509397042868
    ));
#277 = CARTESIAN_POINT('',(12.50407865252,9.675651527774,-3.596800109616
    ));
#278 = CARTESIAN_POINT('',(12.460177143711,9.631750018965,
    -3.638033125555));
#279 = CARTESIAN_POINT('',(12.378790819795,9.55036369505,-3.685483021461
    ));
#280 = CARTESIAN_POINT('',(12.326859532653,9.498432407907,-3.7));
#281 = CARTESIAN_POINT('',(12.282746122015,9.454318997269,-3.7));
#282 = ORIENTED_EDGE('',*,*,#223,.F.);
#283 = PLANE('',#284);
#284 = AXIS2_PLACEMENT_3D('',#285,#286,#287);
#285 = CARTESIAN_POINT('',(14.849242404917,12.020815280172,-1.2));
#286 = DIRECTION('',(0.707106781187,-0.707106781187,0.));
#287 = DIRECTION('',(-0.707106781187,-0.707106781187,0.));
#288 = ADVANCED_FACE('',(#289),#325,.T.);
#289 = FACE_BOUND('',#290,.T.);
#290 = EDGE_LOOP('',(#291,#302,#310,#319));
#291 = ORIENTED_EDGE('',*,*,#292,.T.);
#292 = EDGE_CURVE('',#293,#295,#297,.T.);
#293 = VERTEX_POINT('',#294);
#294 = CARTESIAN_POINT('',(10.879077290771,13.707504415517,-2.7));
#295 = VERTEX_POINT('',#296);
#296 = CARTESIAN_POINT('',(9.649481918829,14.599229387135,-1.2));
#297 = ELLIPSE('',#298,24.748737341529,17.5);
#298 = AXIS2_PLACEMENT_3D('',#299,#300,#301);
#299 = CARTESIAN_POINT('',(6.661338147751E-15,-4.440892098501E-15,-4.7)
  );
#300 = DIRECTION('',(0.5,-0.5,0.707106781187));
#301 = DIRECTION('',(-0.5,0.5,0.707106781187));
#302 = ORIENTED_EDGE('',*,*,#303,.T.);
#303 = EDGE_CURVE('',#295,#304,#306,.T.);
#304 = VERTEX_POINT('',#305);
#305 = CARTESIAN_POINT('',(8.564827348757,13.514574817063,-1.2));
#306 = LINE('',#307,#308);
#307 = CARTESIAN_POINT('',(12.551650429449,17.501397897755,-1.2));
#308 = VECTOR('',#309,1.);
#309 = DIRECTION('',(-0.707106781187,-0.707106781187,0.));
#310 = ORIENTED_EDGE('',*,*,#311,.T.);
#311 = EDGE_CURVE('',#304,#312,#314,.T.);
#312 = VERTEX_POINT('',#313);
#313 = CARTESIAN_POINT('',(9.810758597949,12.639185722695,-2.7));
#314 = ELLIPSE('',#315,22.62741699797,16.);
#315 = AXIS2_PLACEMENT_3D('',#316,#317,#318);
#316 = CARTESIAN_POINT('',(6.661338147751E-15,-4.440892098501E-15,-4.7)
  );
#317 = DIRECTION('',(-0.5,0.5,-0.707106781187));
#318 = DIRECTION('',(-0.5,0.5,0.707106781187));
#319 = ORIENTED_EDGE('',*,*,#320,.T.);
#320 = EDGE_CURVE('',#312,#293,#321,.T.);
#321 = LINE('',#322,#323);
#322 = CARTESIAN_POINT('',(13.612310601229,16.440737725975,-2.7));
#323 = VECTOR('',#324,1.);
#324 = DIRECTION('',(0.707106781187,0.707106781187,0.));
#325 = PLANE('',#326);
#326 = AXIS2_PLACEMENT_3D('',#327,#328,#329);
#327 = CARTESIAN_POINT('',(13.081980515339,16.971067811865,-1.95));
#328 = DIRECTION('',(0.5,-0.5,0.707106781187));
#329 = DIRECTION('',(0.816496580928,-1.110223024625E-16,-0.57735026919)
  );
#330 = ADVANCED_FACE('',(#331),#366,.T.);
#331 = FACE_BOUND('',#332,.T.);
#332 = EDGE_LOOP('',(#333,#334,#342,#351,#359));
#333 = ORIENTED_EDGE('',*,*,#292,.F.);
#334 = ORIENTED_EDGE('',*,*,#335,.T.);
#335 = EDGE_CURVE('',#293,#336,#338,.T.);
#336 = VERTEX_POINT('',#337);
#337 = CARTESIAN_POINT('',(10.879077290771,13.707504415517,-3.2));
#338 = LINE('',#339,#340);
#339 = CARTESIAN_POINT('',(10.879077290771,13.707504415517,-1.2));
#340 = VECTOR('',#341,1.);
#341 = DIRECTION('',(0.,0.,-1.));
#342 = ORIENTED_EDGE('',*,*,#343,.F.);
#343 = EDGE_CURVE('',#344,#336,#346,.T.);
#344 = VERTEX_POINT('',#345);
#345 = CARTESIAN_POINT('',(5.,16.770509831248,-3.2));
#346 = CIRCLE('',#347,17.5);
#347 = AXIS2_PLACEMENT_3D('',#348,#349,#350);
#348 = CARTESIAN_POINT('',(6.661338147751E-15,-4.440892098501E-15,-3.2)
  );
#349 = DIRECTION('',(0.,0.,-1.));
#350 = DIRECTION('',(0.707106781187,0.707106781187,0.));
#351 = ORIENTED_EDGE('',*,*,#352,.F.);
#352 = EDGE_CURVE('',#353,#344,#355,.T.);
#353 = VERTEX_POINT('',#354);
#354 = CARTESIAN_POINT('',(5.,16.770509831248,-1.2));
#355 = LINE('',#356,#357);
#356 = CARTESIAN_POINT('',(5.,16.770509831248,-1.2));
#357 = VECTOR('',#358,1.);
#358 = DIRECTION('',(0.,0.,-1.));
#359 = ORIENTED_EDGE('',*,*,#360,.T.);
#360 = EDGE_CURVE('',#353,#295,#361,.T.);
#361 = CIRCLE('',#362,17.5);
#362 = AXIS2_PLACEMENT_3D('',#363,#364,#365);
#363 = CARTESIAN_POINT('',(6.661338147751E-15,-4.440892098501E-15,-1.2)
  );
#364 = DIRECTION('',(0.,0.,-1.));
#365 = DIRECTION('',(0.285714285714,0.9583148475,0.));
#366 = CYLINDRICAL_SURFACE('',#367,17.5);
#367 = AXIS2_PLACEMENT_3D('',#368,#369,#370);
#368 = CARTESIAN_POINT('',(6.661338147751E-15,-4.440892098501E-15,-1.2)
  );
#369 = DIRECTION('',(0.,0.,-1.));
#370 = DIRECTION('',(0.285714285714,0.9583148475,0.));
#371 = ADVANCED_FACE('',(#372),#420,.F.);
#372 = FACE_BOUND('',#373,.T.);
#373 = EDGE_LOOP('',(#374,#375,#383,#398,#406,#419));
#374 = ORIENTED_EDGE('',*,*,#320,.F.);
#375 = ORIENTED_EDGE('',*,*,#376,.F.);
#376 = EDGE_CURVE('',#377,#312,#379,.T.);
#377 = VERTEX_POINT('',#378);
#378 = CARTESIAN_POINT('',(9.810758597949,12.639185722695,-3.2));
#379 = LINE('',#380,#381);
#380 = CARTESIAN_POINT('',(9.810758597949,12.639185722695,-1.2));
#381 = VECTOR('',#382,1.);
#382 = DIRECTION('',(0.,0.,1.));
#383 = ORIENTED_EDGE('',*,*,#384,.F.);
#384 = EDGE_CURVE('',#385,#377,#387,.T.);
#385 = VERTEX_POINT('',#386);
#386 = CARTESIAN_POINT('',(9.454318997269,12.282746122015,-3.7));
#387 = B_SPLINE_CURVE_WITH_KNOTS('',3,(#388,#389,#390,#391,#392,#393,
    #394,#395,#396,#397),.UNSPECIFIED.,.F.,.F.,(4,2,2,2,4),(
    -7.435212582531E-02,-5.563639074341E-02,-3.70036799992E-02,
    -1.846456598764E-02,0.),.UNSPECIFIED.);
#388 = CARTESIAN_POINT('',(9.454318997269,12.282746122015,-3.7));
#389 = CARTESIAN_POINT('',(9.498432407906,12.326859532653,-3.7));
#390 = CARTESIAN_POINT('',(9.550363695049,12.378790819796,
    -3.685483021461));
#391 = CARTESIAN_POINT('',(9.631750018965,12.460177143711,
    -3.638033125555));
#392 = CARTESIAN_POINT('',(9.675651527774,12.504078652521,
    -3.596800109616));
#393 = CARTESIAN_POINT('',(9.73775394805,12.566181072796,-3.509397042868
    ));
#394 = CARTESIAN_POINT('',(9.767005738111,12.595432862857,
    -3.447851567569));
#395 = CARTESIAN_POINT('',(9.800513262243,12.62894038699,-3.333971680443
    ));
#396 = CARTESIAN_POINT('',(9.810758597949,12.639185722695,
    -3.261548553292));
#397 = CARTESIAN_POINT('',(9.810758597949,12.639185722695,-3.2));
#398 = ORIENTED_EDGE('',*,*,#399,.T.);
#399 = EDGE_CURVE('',#385,#400,#402,.T.);
#400 = VERTEX_POINT('',#401);
#401 = CARTESIAN_POINT('',(11.2348970783,14.063324203047,-3.7));
#402 = LINE('',#403,#404);
#403 = CARTESIAN_POINT('',(9.634329893667,12.462757018413,-3.7));
#404 = VECTOR('',#405,1.);
#405 = DIRECTION('',(0.707106781187,0.707106781187,0.));
#406 = ORIENTED_EDGE('',*,*,#407,.F.);
#407 = EDGE_CURVE('',#336,#400,#408,.T.);
#408 = B_SPLINE_CURVE_WITH_KNOTS('',3,(#409,#410,#411,#412,#413,#414,
    #415,#416,#417,#418),.UNSPECIFIED.,.F.,.F.,(4,2,2,2,4),(
    -0.148558248439,-0.130084412924,-0.11154846875,-9.293951060454E-02,
    -7.427361547659E-02),.UNSPECIFIED.);
#409 = CARTESIAN_POINT('',(10.879077290771,13.707504415517,-3.2));
#410 = CARTESIAN_POINT('',(10.879077290771,13.707504415517,
    -3.261579451717));
#411 = CARTESIAN_POINT('',(10.889319311559,13.717746436305,
    -3.334041328581));
#412 = CARTESIAN_POINT('',(10.922811589117,13.751238713864,
    -3.447952205759));
#413 = CARTESIAN_POINT('',(10.95203814923,13.780465273977,
    -3.509506376948));
#414 = CARTESIAN_POINT('',(11.014068631244,13.84249575599,-3.59688443436
    ));
#415 = CARTESIAN_POINT('',(11.057897341571,13.886324466317,
    -3.638100711174));
#416 = CARTESIAN_POINT('',(11.139111539589,13.967538664335,
    -3.685497430916));
#417 = CARTESIAN_POINT('',(11.190901141561,14.019328266307,-3.7));
#418 = CARTESIAN_POINT('',(11.2348970783,14.063324203047,-3.7));
#419 = ORIENTED_EDGE('',*,*,#335,.F.);
#420 = PLANE('',#421);
#421 = AXIS2_PLACEMENT_3D('',#422,#423,#424);
#422 = CARTESIAN_POINT('',(8.838834764832,11.667261889578,-1.2));
#423 = DIRECTION('',(-0.707106781187,0.707106781187,0.));
#424 = DIRECTION('',(0.707106781187,0.707106781187,0.));
#425 = ADVANCED_FACE('',(#426,#1033,#1144,#1155,#1190,#1201,#1260,#1271)
  ,#1282,.F.);
#426 = FACE_BOUND('',#427,.T.);
#427 = EDGE_LOOP('',(#428,#437,#445,#453,#461,#469,#477,#485,#494,#502,
    #511,#519,#527,#535,#543,#551,#559,#568,#576,#585,#594,#602,#610,
    #618,#627,#636,#644,#653,#661,#669,#677,#685,#693,#701,#710,#718,
    #726,#734,#742,#750,#758,#767,#775,#784,#793,#801,#809,#817,#826,
    #835,#843,#852,#860,#868,#876,#884,#892,#900,#909,#917,#925,#933,
    #941,#949,#957,#966,#974,#983,#992,#1000,#1008,#1016,#1025,#1032));
#428 = ORIENTED_EDGE('',*,*,#429,.F.);
#429 = EDGE_CURVE('',#430,#248,#432,.T.);
#430 = VERTEX_POINT('',#431);
#431 = CARTESIAN_POINT('',(17.139136501002,5.500000000002,-3.7));
#432 = CIRCLE('',#433,18.);
#433 = AXIS2_PLACEMENT_3D('',#434,#435,#436);
#434 = CARTESIAN_POINT('',(6.661338147751E-15,-4.440892098501E-15,-3.7)
  );
#435 = DIRECTION('',(0.,0.,1.));
#436 = DIRECTION('',(0.707106781187,0.707106781187,-0.));
#437 = ORIENTED_EDGE('',*,*,#438,.F.);
#438 = EDGE_CURVE('',#439,#430,#441,.T.);
#439 = VERTEX_POINT('',#440);
#440 = CARTESIAN_POINT('',(36.099999999999,5.5,-3.7));
#441 = LINE('',#442,#443);
#442 = CARTESIAN_POINT('',(8.385254915625,5.5,-3.7));
#443 = VECTOR('',#444,1.);
#444 = DIRECTION('',(-1.,8.514385563021E-17,0.));
#445 = ORIENTED_EDGE('',*,*,#446,.T.);
#446 = EDGE_CURVE('',#439,#447,#449,.T.);
#447 = VERTEX_POINT('',#448);
#448 = CARTESIAN_POINT('',(36.099999999999,20.099999999998,-3.7));
#449 = LINE('',#450,#451);
#450 = CARTESIAN_POINT('',(36.099999999999,18.049999999999,-3.7));
#451 = VECTOR('',#452,1.);
#452 = DIRECTION('',(0.,1.,0.));
#453 = ORIENTED_EDGE('',*,*,#454,.T.);
#454 = EDGE_CURVE('',#447,#455,#457,.T.);
#455 = VERTEX_POINT('',#456);
#456 = CARTESIAN_POINT('',(34.599999999999,20.099999999998,-3.7));
#457 = LINE('',#458,#459);
#458 = CARTESIAN_POINT('',(18.05,20.099999999998,-3.7));
#459 = VECTOR('',#460,1.);
#460 = DIRECTION('',(-1.,-2.960594732334E-15,0.));
#461 = ORIENTED_EDGE('',*,*,#462,.T.);
#462 = EDGE_CURVE('',#455,#463,#465,.T.);
#463 = VERTEX_POINT('',#464);
#464 = CARTESIAN_POINT('',(34.599999999999,28.099999999998,-3.7));
#465 = LINE('',#466,#467);
#466 = CARTESIAN_POINT('',(34.599999999999,10.049999999999,-3.7));
#467 = VECTOR('',#468,1.);
#468 = DIRECTION('',(-2.22044604925E-15,1.,0.));
#469 = ORIENTED_EDGE('',*,*,#470,.T.);
#470 = EDGE_CURVE('',#463,#471,#473,.T.);
#471 = VERTEX_POINT('',#472);
#472 = CARTESIAN_POINT('',(36.099999999999,28.099999999998,-3.7));
#473 = LINE('',#474,#475);
#474 = CARTESIAN_POINT('',(17.3,28.099999999998,-3.7));
#475 = VECTOR('',#476,1.);
#476 = DIRECTION('',(1.,0.,0.));
#477 = ORIENTED_EDGE('',*,*,#478,.T.);
#478 = EDGE_CURVE('',#471,#479,#481,.T.);
#479 = VERTEX_POINT('',#480);
#480 = CARTESIAN_POINT('',(36.099999999999,34.099999999999,-3.7));
#481 = LINE('',#482,#483);
#482 = CARTESIAN_POINT('',(36.099999999999,18.049999999999,-3.7));
#483 = VECTOR('',#484,1.);
#484 = DIRECTION('',(0.,1.,0.));
#485 = ORIENTED_EDGE('',*,*,#486,.F.);
#486 = EDGE_CURVE('',#487,#479,#489,.T.);
#487 = VERTEX_POINT('',#488);
#488 = CARTESIAN_POINT('',(34.099999999999,36.099999999999,-3.7));
#489 = CIRCLE('',#490,2.);
#490 = AXIS2_PLACEMENT_3D('',#491,#492,#493);
#491 = CARTESIAN_POINT('',(34.099999999999,34.099999999999,-3.7));
#492 = DIRECTION('',(0.,0.,-1.));
#493 = DIRECTION('',(0.707106781187,0.707106781187,0.));
#494 = ORIENTED_EDGE('',*,*,#495,.T.);
#495 = EDGE_CURVE('',#487,#496,#498,.T.);
#496 = VERTEX_POINT('',#497);
#497 = CARTESIAN_POINT('',(-34.09999999999,36.099999999999,-3.7));
#498 = LINE('',#499,#500);
#499 = CARTESIAN_POINT('',(-18.04999999999,36.099999999999,-3.7));
#500 = VECTOR('',#501,1.);
#501 = DIRECTION('',(-1.,0.,0.));
#502 = ORIENTED_EDGE('',*,*,#503,.F.);
#503 = EDGE_CURVE('',#504,#496,#506,.T.);
#504 = VERTEX_POINT('',#505);
#505 = CARTESIAN_POINT('',(-36.09999999999,34.099999999999,-3.7));
#506 = CIRCLE('',#507,2.);
#507 = AXIS2_PLACEMENT_3D('',#508,#509,#510);
#508 = CARTESIAN_POINT('',(-34.09999999999,34.099999999999,-3.7));
#509 = DIRECTION('',(0.,0.,-1.));
#510 = DIRECTION('',(-0.707106781187,0.707106781187,0.));
#511 = ORIENTED_EDGE('',*,*,#512,.T.);
#512 = EDGE_CURVE('',#504,#513,#515,.T.);
#513 = VERTEX_POINT('',#514);
#514 = CARTESIAN_POINT('',(-36.09999999999,28.099999999998,-3.7));
#515 = LINE('',#516,#517);
#516 = CARTESIAN_POINT('',(-36.09999999999,-18.04999999999,-3.7));
#517 = VECTOR('',#518,1.);
#518 = DIRECTION('',(-6.150820081026E-17,-1.,0.));
#519 = ORIENTED_EDGE('',*,*,#520,.T.);
#520 = EDGE_CURVE('',#513,#521,#523,.T.);
#521 = VERTEX_POINT('',#522);
#522 = CARTESIAN_POINT('',(-34.59999999999,28.099999999998,-3.7));
#523 = LINE('',#524,#525);
#524 = CARTESIAN_POINT('',(-18.04999999999,28.099999999998,-3.7));
#525 = VECTOR('',#526,1.);
#526 = DIRECTION('',(1.,-2.960594732334E-15,0.));
#527 = ORIENTED_EDGE('',*,*,#528,.T.);
#528 = EDGE_CURVE('',#521,#529,#531,.T.);
#529 = VERTEX_POINT('',#530);
#530 = CARTESIAN_POINT('',(-34.59999999999,20.099999999998,-3.7));
#531 = LINE('',#532,#533);
#532 = CARTESIAN_POINT('',(-34.59999999999,14.049999999999,-3.7));
#533 = VECTOR('',#534,1.);
#534 = DIRECTION('',(0.,-1.,0.));
#535 = ORIENTED_EDGE('',*,*,#536,.T.);
#536 = EDGE_CURVE('',#529,#537,#539,.T.);
#537 = VERTEX_POINT('',#538);
#538 = CARTESIAN_POINT('',(-36.09999999999,20.099999999998,-3.7));
#539 = LINE('',#540,#541);
#540 = CARTESIAN_POINT('',(-17.29999999999,20.099999999998,-3.7));
#541 = VECTOR('',#542,1.);
#542 = DIRECTION('',(-1.,5.921189464668E-15,0.));
#543 = ORIENTED_EDGE('',*,*,#544,.T.);
#544 = EDGE_CURVE('',#537,#545,#547,.T.);
#545 = VERTEX_POINT('',#546);
#546 = CARTESIAN_POINT('',(-36.09999999999,5.5,-3.7));
#547 = LINE('',#548,#549);
#548 = CARTESIAN_POINT('',(-36.09999999999,-18.04999999999,-3.7));
#549 = VECTOR('',#550,1.);
#550 = DIRECTION('',(-6.150820081026E-17,-1.,0.));
#551 = ORIENTED_EDGE('',*,*,#552,.F.);
#552 = EDGE_CURVE('',#553,#545,#555,.T.);
#553 = VERTEX_POINT('',#554);
#554 = CARTESIAN_POINT('',(-17.139136501,5.5,-3.7));
#555 = LINE('',#556,#557);
#556 = CARTESIAN_POINT('',(-18.04999999999,5.5,-3.7));
#557 = VECTOR('',#558,1.);
#558 = DIRECTION('',(-1.,-1.121072871451E-16,0.));
#559 = ORIENTED_EDGE('',*,*,#560,.F.);
#560 = EDGE_CURVE('',#561,#553,#563,.T.);
#561 = VERTEX_POINT('',#562);
#562 = CARTESIAN_POINT('',(-14.06332420304,11.2348970783,-3.7));
#563 = CIRCLE('',#564,18.);
#564 = AXIS2_PLACEMENT_3D('',#565,#566,#567);
#565 = CARTESIAN_POINT('',(4.440892098501E-15,6.661338147751E-15,-3.7));
#566 = DIRECTION('',(0.,0.,1.));
#567 = DIRECTION('',(-0.707106781187,0.707106781187,0.));
#568 = ORIENTED_EDGE('',*,*,#569,.F.);
#569 = EDGE_CURVE('',#570,#561,#572,.T.);
#570 = VERTEX_POINT('',#571);
#571 = CARTESIAN_POINT('',(-12.28274612201,9.454318997269,-3.7));
#572 = LINE('',#573,#574);
#573 = CARTESIAN_POINT('',(-12.46275701841,9.634329893667,-3.7));
#574 = VECTOR('',#575,1.);
#575 = DIRECTION('',(-0.707106781187,0.707106781187,0.));
#576 = ORIENTED_EDGE('',*,*,#577,.F.);
#577 = EDGE_CURVE('',#578,#570,#580,.T.);
#578 = VERTEX_POINT('',#579);
#579 = CARTESIAN_POINT('',(-15.03764025457,3.757575757576,-3.7));
#580 = CIRCLE('',#581,15.5);
#581 = AXIS2_PLACEMENT_3D('',#582,#583,#584);
#582 = CARTESIAN_POINT('',(4.440892098501E-15,6.661338147751E-15,-3.7));
#583 = DIRECTION('',(0.,0.,-1.));
#584 = DIRECTION('',(-0.707106781187,0.707106781187,0.));
#585 = ORIENTED_EDGE('',*,*,#586,.F.);
#586 = EDGE_CURVE('',#587,#578,#589,.T.);
#587 = VERTEX_POINT('',#588);
#588 = CARTESIAN_POINT('',(-16.00781059358,3.,-3.7));
#589 = CIRCLE('',#590,1.);
#590 = AXIS2_PLACEMENT_3D('',#591,#592,#593);
#591 = CARTESIAN_POINT('',(-16.00781059358,4.,-3.7));
#592 = DIRECTION('',(0.,0.,1.));
#593 = DIRECTION('',(0.615457454897,-0.788170109312,0.));
#594 = ORIENTED_EDGE('',*,*,#595,.F.);
#595 = EDGE_CURVE('',#596,#587,#598,.T.);
#596 = VERTEX_POINT('',#597);
#597 = CARTESIAN_POINT('',(-26.3,3.,-3.7));
#598 = LINE('',#599,#600);
#599 = CARTESIAN_POINT('',(-8.003905296791,3.,-3.7));
#600 = VECTOR('',#601,1.);
#601 = DIRECTION('',(1.,-2.899120449278E-16,0.));
#602 = ORIENTED_EDGE('',*,*,#603,.F.);
#603 = EDGE_CURVE('',#604,#596,#606,.T.);
#604 = VERTEX_POINT('',#605);
#605 = CARTESIAN_POINT('',(-26.3,-3.,-3.7));
#606 = LINE('',#607,#608);
#607 = CARTESIAN_POINT('',(-26.3,1.75,-3.7));
#608 = VECTOR('',#609,1.);
#609 = DIRECTION('',(6.123233995737E-17,1.,0.));
#610 = ORIENTED_EDGE('',*,*,#611,.F.);
#611 = EDGE_CURVE('',#612,#604,#614,.T.);
#612 = VERTEX_POINT('',#613);
#613 = CARTESIAN_POINT('',(-16.00781059358,-3.,-3.7));
#614 = LINE('',#615,#616);
#615 = CARTESIAN_POINT('',(-18.04999999999,-3.,-3.7));
#616 = VECTOR('',#617,1.);
#617 = DIRECTION('',(-1.,7.945683850284E-17,0.));
#618 = ORIENTED_EDGE('',*,*,#619,.F.);
#619 = EDGE_CURVE('',#620,#612,#622,.T.);
#620 = VERTEX_POINT('',#621);
#621 = CARTESIAN_POINT('',(-15.03764025457,-3.757575757576,-3.7));
#622 = CIRCLE('',#623,1.);
#623 = AXIS2_PLACEMENT_3D('',#624,#625,#626);
#624 = CARTESIAN_POINT('',(-16.00781059358,-4.,-3.7));
#625 = DIRECTION('',(0.,0.,1.));
#626 = DIRECTION('',(0.615457454897,0.788170109312,-0.));
#627 = ORIENTED_EDGE('',*,*,#628,.F.);
#628 = EDGE_CURVE('',#629,#620,#631,.T.);
#629 = VERTEX_POINT('',#630);
#630 = CARTESIAN_POINT('',(-12.28274612201,-9.454318997269,-3.7));
#631 = CIRCLE('',#632,15.5);
#632 = AXIS2_PLACEMENT_3D('',#633,#634,#635);
#633 = CARTESIAN_POINT('',(-6.661338147751E-15,4.440892098501E-15,-3.7)
  );
#634 = DIRECTION('',(0.,0.,-1.));
#635 = DIRECTION('',(-0.707106781187,-0.707106781187,-0.));
#636 = ORIENTED_EDGE('',*,*,#637,.F.);
#637 = EDGE_CURVE('',#638,#629,#640,.T.);
#638 = VERTEX_POINT('',#639);
#639 = CARTESIAN_POINT('',(-14.06332420304,-11.2348970783,-3.7));
#640 = LINE('',#641,#642);
#641 = CARTESIAN_POINT('',(-14.05374727608,-11.22532015133,-3.7));
#642 = VECTOR('',#643,1.);
#643 = DIRECTION('',(0.707106781187,0.707106781187,0.));
#644 = ORIENTED_EDGE('',*,*,#645,.F.);
#645 = EDGE_CURVE('',#646,#638,#648,.T.);
#646 = VERTEX_POINT('',#647);
#647 = CARTESIAN_POINT('',(-17.139136501,-5.5,-3.7));
#648 = CIRCLE('',#649,18.);
#649 = AXIS2_PLACEMENT_3D('',#650,#651,#652);
#650 = CARTESIAN_POINT('',(-6.661338147751E-15,4.440892098501E-15,-3.7)
  );
#651 = DIRECTION('',(0.,0.,1.));
#652 = DIRECTION('',(-0.707106781187,-0.707106781187,0.));
#653 = ORIENTED_EDGE('',*,*,#654,.F.);
#654 = EDGE_CURVE('',#655,#646,#657,.T.);
#655 = VERTEX_POINT('',#656);
#656 = CARTESIAN_POINT('',(-36.09999999999,-5.5,-3.7));
#657 = LINE('',#658,#659);
#658 = CARTESIAN_POINT('',(-8.385254915624,-5.5,-3.7));
#659 = VECTOR('',#660,1.);
#660 = DIRECTION('',(1.,-2.076085355449E-16,0.));
#661 = ORIENTED_EDGE('',*,*,#662,.T.);
#662 = EDGE_CURVE('',#655,#663,#665,.T.);
#663 = VERTEX_POINT('',#664);
#664 = CARTESIAN_POINT('',(-36.09999999999,-20.09999999999,-3.7));
#665 = LINE('',#666,#667);
#666 = CARTESIAN_POINT('',(-36.09999999999,-18.04999999999,-3.7));
#667 = VECTOR('',#668,1.);
#668 = DIRECTION('',(-6.150820081026E-17,-1.,0.));
#669 = ORIENTED_EDGE('',*,*,#670,.T.);
#670 = EDGE_CURVE('',#663,#671,#673,.T.);
#671 = VERTEX_POINT('',#672);
#672 = CARTESIAN_POINT('',(-34.59999999999,-20.09999999999,-3.7));
#673 = LINE('',#674,#675);
#674 = CARTESIAN_POINT('',(-18.04999999999,-20.09999999999,-3.7));
#675 = VECTOR('',#676,1.);
#676 = DIRECTION('',(1.,2.960594732334E-15,0.));
#677 = ORIENTED_EDGE('',*,*,#678,.T.);
#678 = EDGE_CURVE('',#671,#679,#681,.T.);
#679 = VERTEX_POINT('',#680);
#680 = CARTESIAN_POINT('',(-34.59999999999,-28.09999999999,-3.7));
#681 = LINE('',#682,#683);
#682 = CARTESIAN_POINT('',(-34.59999999999,-10.04999999999,-3.7));
#683 = VECTOR('',#684,1.);
#684 = DIRECTION('',(1.110223024625E-15,-1.,0.));
#685 = ORIENTED_EDGE('',*,*,#686,.T.);
#686 = EDGE_CURVE('',#679,#687,#689,.T.);
#687 = VERTEX_POINT('',#688);
#688 = CARTESIAN_POINT('',(-36.09999999999,-28.09999999999,-3.7));
#689 = LINE('',#690,#691);
#690 = CARTESIAN_POINT('',(-17.29999999999,-28.09999999999,-3.7));
#691 = VECTOR('',#692,1.);
#692 = DIRECTION('',(-1.,0.,0.));
#693 = ORIENTED_EDGE('',*,*,#694,.T.);
#694 = EDGE_CURVE('',#687,#695,#697,.T.);
#695 = VERTEX_POINT('',#696);
#696 = CARTESIAN_POINT('',(-36.09999999999,-34.09999999999,-3.7));
#697 = LINE('',#698,#699);
#698 = CARTESIAN_POINT('',(-36.09999999999,-18.04999999999,-3.7));
#699 = VECTOR('',#700,1.);
#700 = DIRECTION('',(-6.150820081026E-17,-1.,0.));
#701 = ORIENTED_EDGE('',*,*,#702,.F.);
#702 = EDGE_CURVE('',#703,#695,#705,.T.);
#703 = VERTEX_POINT('',#704);
#704 = CARTESIAN_POINT('',(-34.09999999999,-36.09999999999,-3.7));
#705 = CIRCLE('',#706,2.);
#706 = AXIS2_PLACEMENT_3D('',#707,#708,#709);
#707 = CARTESIAN_POINT('',(-34.09999999999,-34.09999999999,-3.7));
#708 = DIRECTION('',(0.,0.,-1.));
#709 = DIRECTION('',(-0.707106781187,-0.707106781187,-0.));
#710 = ORIENTED_EDGE('',*,*,#711,.T.);
#711 = EDGE_CURVE('',#703,#712,#714,.T.);
#712 = VERTEX_POINT('',#713);
#713 = CARTESIAN_POINT('',(-28.09999999999,-36.09999999999,-3.7));
#714 = LINE('',#715,#716);
#715 = CARTESIAN_POINT('',(18.049999999999,-36.09999999999,-3.7));
#716 = VECTOR('',#717,1.);
#717 = DIRECTION('',(1.,-6.150820081026E-17,0.));
#718 = ORIENTED_EDGE('',*,*,#719,.T.);
#719 = EDGE_CURVE('',#712,#720,#722,.T.);
#720 = VERTEX_POINT('',#721);
#721 = CARTESIAN_POINT('',(-28.09999999999,-34.59999999999,-3.7));
#722 = LINE('',#723,#724);
#723 = CARTESIAN_POINT('',(-28.09999999999,-18.04999999999,-3.7));
#724 = VECTOR('',#725,1.);
#725 = DIRECTION('',(2.960594732334E-15,1.,0.));
#726 = ORIENTED_EDGE('',*,*,#727,.T.);
#727 = EDGE_CURVE('',#720,#728,#730,.T.);
#728 = VERTEX_POINT('',#729);
#729 = CARTESIAN_POINT('',(-20.09999999999,-34.59999999999,-3.7));
#730 = LINE('',#731,#732);
#731 = CARTESIAN_POINT('',(-14.04999999999,-34.59999999999,-3.7));
#732 = VECTOR('',#733,1.);
#733 = DIRECTION('',(1.,5.551115123126E-16,0.));
#734 = ORIENTED_EDGE('',*,*,#735,.T.);
#735 = EDGE_CURVE('',#728,#736,#738,.T.);
#736 = VERTEX_POINT('',#737);
#737 = CARTESIAN_POINT('',(-20.09999999999,-36.09999999999,-3.7));
#738 = LINE('',#739,#740);
#739 = CARTESIAN_POINT('',(-20.09999999999,-17.29999999999,-3.7));
#740 = VECTOR('',#741,1.);
#741 = DIRECTION('',(-5.921189464667E-15,-1.,0.));
#742 = ORIENTED_EDGE('',*,*,#743,.T.);
#743 = EDGE_CURVE('',#736,#744,#746,.T.);
#744 = VERTEX_POINT('',#745);
#745 = CARTESIAN_POINT('',(-5.5,-36.09999999999,-3.7));
#746 = LINE('',#747,#748);
#747 = CARTESIAN_POINT('',(18.049999999999,-36.09999999999,-3.7));
#748 = VECTOR('',#749,1.);
#749 = DIRECTION('',(1.,-6.150820081026E-17,0.));
#750 = ORIENTED_EDGE('',*,*,#751,.F.);
#751 = EDGE_CURVE('',#752,#744,#754,.T.);
#752 = VERTEX_POINT('',#753);
#753 = CARTESIAN_POINT('',(-5.5,-17.139136501,-3.7));
#754 = LINE('',#755,#756);
#755 = CARTESIAN_POINT('',(-5.5,-18.04999999999,-3.7));
#756 = VECTOR('',#757,1.);
#757 = DIRECTION('',(5.087494718771E-17,-1.,0.));
#758 = ORIENTED_EDGE('',*,*,#759,.F.);
#759 = EDGE_CURVE('',#760,#752,#762,.T.);
#760 = VERTEX_POINT('',#761);
#761 = CARTESIAN_POINT('',(-11.2348970783,-14.06332420304,-3.7));
#762 = CIRCLE('',#763,18.);
#763 = AXIS2_PLACEMENT_3D('',#764,#765,#766);
#764 = CARTESIAN_POINT('',(-6.661338147751E-15,4.440892098501E-15,-3.7)
  );
#765 = DIRECTION('',(0.,0.,1.));
#766 = DIRECTION('',(-0.707106781187,-0.707106781187,0.));
#767 = ORIENTED_EDGE('',*,*,#768,.F.);
#768 = EDGE_CURVE('',#769,#760,#771,.T.);
#769 = VERTEX_POINT('',#770);
#770 = CARTESIAN_POINT('',(-9.454318997269,-12.28274612201,-3.7));
#771 = LINE('',#772,#773);
#772 = CARTESIAN_POINT('',(-9.634329893667,-12.46275701841,-3.7));
#773 = VECTOR('',#774,1.);
#774 = DIRECTION('',(-0.707106781187,-0.707106781187,0.));
#775 = ORIENTED_EDGE('',*,*,#776,.F.);
#776 = EDGE_CURVE('',#777,#769,#779,.T.);
#777 = VERTEX_POINT('',#778);
#778 = CARTESIAN_POINT('',(-3.757575757576,-15.03764025457,-3.7));
#779 = CIRCLE('',#780,15.5);
#780 = AXIS2_PLACEMENT_3D('',#781,#782,#783);
#781 = CARTESIAN_POINT('',(-6.661338147751E-15,4.440892098501E-15,-3.7)
  );
#782 = DIRECTION('',(0.,0.,-1.));
#783 = DIRECTION('',(-0.707106781187,-0.707106781187,-0.));
#784 = ORIENTED_EDGE('',*,*,#785,.F.);
#785 = EDGE_CURVE('',#786,#777,#788,.T.);
#786 = VERTEX_POINT('',#787);
#787 = CARTESIAN_POINT('',(-3.,-16.00781059358,-3.7));
#788 = CIRCLE('',#789,1.);
#789 = AXIS2_PLACEMENT_3D('',#790,#791,#792);
#790 = CARTESIAN_POINT('',(-4.,-16.00781059358,-3.7));
#791 = DIRECTION('',(0.,0.,1.));
#792 = DIRECTION('',(0.788170109312,0.615457454897,-0.));
#793 = ORIENTED_EDGE('',*,*,#794,.F.);
#794 = EDGE_CURVE('',#795,#786,#797,.T.);
#795 = VERTEX_POINT('',#796);
#796 = CARTESIAN_POINT('',(-3.,-26.3,-3.7));
#797 = LINE('',#798,#799);
#798 = CARTESIAN_POINT('',(-3.,-8.003905296791,-3.7));
#799 = VECTOR('',#800,1.);
#800 = DIRECTION('',(3.511443848852E-16,1.,0.));
#801 = ORIENTED_EDGE('',*,*,#802,.F.);
#802 = EDGE_CURVE('',#803,#795,#805,.T.);
#803 = VERTEX_POINT('',#804);
#804 = CARTESIAN_POINT('',(3.,-26.3,-3.7));
#805 = LINE('',#806,#807);
#806 = CARTESIAN_POINT('',(-1.75,-26.3,-3.7));
#807 = VECTOR('',#808,1.);
#808 = DIRECTION('',(-1.,1.224646799147E-16,0.));
#809 = ORIENTED_EDGE('',*,*,#810,.F.);
#810 = EDGE_CURVE('',#811,#803,#813,.T.);
#811 = VERTEX_POINT('',#812);
#812 = CARTESIAN_POINT('',(3.,-16.00781059358,-3.7));
#813 = LINE('',#814,#815);
#814 = CARTESIAN_POINT('',(3.,-18.04999999999,-3.7));
#815 = VECTOR('',#816,1.);
#816 = DIRECTION('',(-1.406891784602E-16,-1.,0.));
#817 = ORIENTED_EDGE('',*,*,#818,.F.);
#818 = EDGE_CURVE('',#819,#811,#821,.T.);
#819 = VERTEX_POINT('',#820);
#820 = CARTESIAN_POINT('',(3.757575757576,-15.03764025457,-3.7));
#821 = CIRCLE('',#822,1.);
#822 = AXIS2_PLACEMENT_3D('',#823,#824,#825);
#823 = CARTESIAN_POINT('',(4.,-16.00781059358,-3.7));
#824 = DIRECTION('',(0.,0.,1.));
#825 = DIRECTION('',(-0.788170109312,0.615457454897,0.));
#826 = ORIENTED_EDGE('',*,*,#827,.F.);
#827 = EDGE_CURVE('',#828,#819,#830,.T.);
#828 = VERTEX_POINT('',#829);
#829 = CARTESIAN_POINT('',(9.454318997269,-12.28274612201,-3.7));
#830 = CIRCLE('',#831,15.5);
#831 = AXIS2_PLACEMENT_3D('',#832,#833,#834);
#832 = CARTESIAN_POINT('',(-4.440892098501E-15,-6.661338147751E-15,-3.7)
  );
#833 = DIRECTION('',(0.,0.,-1.));
#834 = DIRECTION('',(0.707106781187,-0.707106781187,0.));
#835 = ORIENTED_EDGE('',*,*,#836,.F.);
#836 = EDGE_CURVE('',#837,#828,#839,.T.);
#837 = VERTEX_POINT('',#838);
#838 = CARTESIAN_POINT('',(11.234897078301,-14.06332420304,-3.7));
#839 = LINE('',#840,#841);
#840 = CARTESIAN_POINT('',(11.225320151337,-14.05374727608,-3.7));
#841 = VECTOR('',#842,1.);
#842 = DIRECTION('',(-0.707106781187,0.707106781187,0.));
#843 = ORIENTED_EDGE('',*,*,#844,.F.);
#844 = EDGE_CURVE('',#845,#837,#847,.T.);
#845 = VERTEX_POINT('',#846);
#846 = CARTESIAN_POINT('',(5.5,-17.139136501,-3.7));
#847 = CIRCLE('',#848,18.);
#848 = AXIS2_PLACEMENT_3D('',#849,#850,#851);
#849 = CARTESIAN_POINT('',(-4.440892098501E-15,-6.661338147751E-15,-3.7)
  );
#850 = DIRECTION('',(0.,0.,1.));
#851 = DIRECTION('',(0.707106781187,-0.707106781187,0.));
#852 = ORIENTED_EDGE('',*,*,#853,.F.);
#853 = EDGE_CURVE('',#854,#845,#856,.T.);
#854 = VERTEX_POINT('',#855);
#855 = CARTESIAN_POINT('',(5.5,-36.09999999999,-3.7));
#856 = LINE('',#857,#858);
#857 = CARTESIAN_POINT('',(5.5,-8.385254915624,-3.7));
#858 = VECTOR('',#859,1.);
#859 = DIRECTION('',(2.688408755023E-16,1.,0.));
#860 = ORIENTED_EDGE('',*,*,#861,.T.);
#861 = EDGE_CURVE('',#854,#862,#864,.T.);
#862 = VERTEX_POINT('',#863);
#863 = CARTESIAN_POINT('',(20.099999999998,-36.09999999999,-3.7));
#864 = LINE('',#865,#866);
#865 = CARTESIAN_POINT('',(18.049999999999,-36.09999999999,-3.7));
#866 = VECTOR('',#867,1.);
#867 = DIRECTION('',(1.,-6.150820081026E-17,0.));
#868 = ORIENTED_EDGE('',*,*,#869,.T.);
#869 = EDGE_CURVE('',#862,#870,#872,.T.);
#870 = VERTEX_POINT('',#871);
#871 = CARTESIAN_POINT('',(20.099999999998,-34.59999999999,-3.7));
#872 = LINE('',#873,#874);
#873 = CARTESIAN_POINT('',(20.099999999998,-18.04999999999,-3.7));
#874 = VECTOR('',#875,1.);
#875 = DIRECTION('',(-2.960594732334E-15,1.,0.));
#876 = ORIENTED_EDGE('',*,*,#877,.T.);
#877 = EDGE_CURVE('',#870,#878,#880,.T.);
#878 = VERTEX_POINT('',#879);
#879 = CARTESIAN_POINT('',(28.099999999998,-34.59999999999,-3.7));
#880 = LINE('',#881,#882);
#881 = CARTESIAN_POINT('',(10.049999999999,-34.59999999999,-3.7));
#882 = VECTOR('',#883,1.);
#883 = DIRECTION('',(1.,1.665334536938E-15,0.));
#884 = ORIENTED_EDGE('',*,*,#885,.T.);
#885 = EDGE_CURVE('',#878,#886,#888,.T.);
#886 = VERTEX_POINT('',#887);
#887 = CARTESIAN_POINT('',(28.099999999998,-36.09999999999,-3.7));
#888 = LINE('',#889,#890);
#889 = CARTESIAN_POINT('',(28.099999999998,-17.29999999999,-3.7));
#890 = VECTOR('',#891,1.);
#891 = DIRECTION('',(0.,-1.,0.));
#892 = ORIENTED_EDGE('',*,*,#893,.T.);
#893 = EDGE_CURVE('',#886,#894,#896,.T.);
#894 = VERTEX_POINT('',#895);
#895 = CARTESIAN_POINT('',(34.099999999999,-36.09999999999,-3.7));
#896 = LINE('',#897,#898);
#897 = CARTESIAN_POINT('',(18.049999999999,-36.09999999999,-3.7));
#898 = VECTOR('',#899,1.);
#899 = DIRECTION('',(1.,-6.150820081026E-17,0.));
#900 = ORIENTED_EDGE('',*,*,#901,.F.);
#901 = EDGE_CURVE('',#902,#894,#904,.T.);
#902 = VERTEX_POINT('',#903);
#903 = CARTESIAN_POINT('',(36.099999999999,-34.09999999999,-3.7));
#904 = CIRCLE('',#905,2.);
#905 = AXIS2_PLACEMENT_3D('',#906,#907,#908);
#906 = CARTESIAN_POINT('',(34.099999999999,-34.09999999999,-3.7));
#907 = DIRECTION('',(0.,0.,-1.));
#908 = DIRECTION('',(0.707106781187,-0.707106781187,0.));
#909 = ORIENTED_EDGE('',*,*,#910,.T.);
#910 = EDGE_CURVE('',#902,#911,#913,.T.);
#911 = VERTEX_POINT('',#912);
#912 = CARTESIAN_POINT('',(36.099999999999,-28.09999999999,-3.7));
#913 = LINE('',#914,#915);
#914 = CARTESIAN_POINT('',(36.099999999999,18.049999999999,-3.7));
#915 = VECTOR('',#916,1.);
#916 = DIRECTION('',(0.,1.,0.));
#917 = ORIENTED_EDGE('',*,*,#918,.T.);
#918 = EDGE_CURVE('',#911,#919,#921,.T.);
#919 = VERTEX_POINT('',#920);
#920 = CARTESIAN_POINT('',(34.599999999999,-28.09999999999,-3.7));
#921 = LINE('',#922,#923);
#922 = CARTESIAN_POINT('',(18.05,-28.09999999999,-3.7));
#923 = VECTOR('',#924,1.);
#924 = DIRECTION('',(-1.,0.,0.));
#925 = ORIENTED_EDGE('',*,*,#926,.T.);
#926 = EDGE_CURVE('',#919,#927,#929,.T.);
#927 = VERTEX_POINT('',#928);
#928 = CARTESIAN_POINT('',(34.599999999999,-20.09999999999,-3.7));
#929 = LINE('',#930,#931);
#930 = CARTESIAN_POINT('',(34.599999999999,-14.04999999999,-3.7));
#931 = VECTOR('',#932,1.);
#932 = DIRECTION('',(5.551115123126E-16,1.,0.));
#933 = ORIENTED_EDGE('',*,*,#934,.T.);
#934 = EDGE_CURVE('',#927,#935,#937,.T.);
#935 = VERTEX_POINT('',#936);
#936 = CARTESIAN_POINT('',(36.099999999999,-20.09999999999,-3.7));
#937 = LINE('',#938,#939);
#938 = CARTESIAN_POINT('',(17.3,-20.09999999999,-3.7));
#939 = VECTOR('',#940,1.);
#940 = DIRECTION('',(1.,-5.921189464668E-15,0.));
#941 = ORIENTED_EDGE('',*,*,#942,.T.);
#942 = EDGE_CURVE('',#935,#943,#945,.T.);
#943 = VERTEX_POINT('',#944);
#944 = CARTESIAN_POINT('',(36.099999999999,-5.5,-3.7));
#945 = LINE('',#946,#947);
#946 = CARTESIAN_POINT('',(36.099999999999,18.049999999999,-3.7));
#947 = VECTOR('',#948,1.);
#948 = DIRECTION('',(0.,1.,0.));
#949 = ORIENTED_EDGE('',*,*,#950,.F.);
#950 = EDGE_CURVE('',#951,#943,#953,.T.);
#951 = VERTEX_POINT('',#952);
#952 = CARTESIAN_POINT('',(17.139136501003,-5.5,-3.7));
#953 = LINE('',#954,#955);
#954 = CARTESIAN_POINT('',(18.05,-5.5,-3.7));
#955 = VECTOR('',#956,1.);
#956 = DIRECTION('',(1.,-1.035739276966E-17,0.));
#957 = ORIENTED_EDGE('',*,*,#958,.F.);
#958 = EDGE_CURVE('',#959,#951,#961,.T.);
#959 = VERTEX_POINT('',#960);
#960 = CARTESIAN_POINT('',(14.063324203047,-11.2348970783,-3.7));
#961 = CIRCLE('',#962,18.);
#962 = AXIS2_PLACEMENT_3D('',#963,#964,#965);
#963 = CARTESIAN_POINT('',(-4.440892098501E-15,-6.661338147751E-15,-3.7)
  );
#964 = DIRECTION('',(0.,0.,1.));
#965 = DIRECTION('',(0.707106781187,-0.707106781187,0.));
#966 = ORIENTED_EDGE('',*,*,#967,.F.);
#967 = EDGE_CURVE('',#968,#959,#970,.T.);
#968 = VERTEX_POINT('',#969);
#969 = CARTESIAN_POINT('',(12.282746122015,-9.454318997269,-3.7));
#970 = LINE('',#971,#972);
#971 = CARTESIAN_POINT('',(12.462757018413,-9.634329893667,-3.7));
#972 = VECTOR('',#973,1.);
#973 = DIRECTION('',(0.707106781187,-0.707106781187,0.));
#974 = ORIENTED_EDGE('',*,*,#975,.F.);
#975 = EDGE_CURVE('',#976,#968,#978,.T.);
#976 = VERTEX_POINT('',#977);
#977 = CARTESIAN_POINT('',(15.037640254577,-3.757575757576,-3.7));
#978 = CIRCLE('',#979,15.5);
#979 = AXIS2_PLACEMENT_3D('',#980,#981,#982);
#980 = CARTESIAN_POINT('',(-4.440892098501E-15,-6.661338147751E-15,-3.7)
  );
#981 = DIRECTION('',(0.,0.,-1.));
#982 = DIRECTION('',(0.707106781187,-0.707106781187,0.));
#983 = ORIENTED_EDGE('',*,*,#984,.F.);
#984 = EDGE_CURVE('',#985,#976,#987,.T.);
#985 = VERTEX_POINT('',#986);
#986 = CARTESIAN_POINT('',(16.007810593582,-3.,-3.7));
#987 = CIRCLE('',#988,1.);
#988 = AXIS2_PLACEMENT_3D('',#989,#990,#991);
#989 = CARTESIAN_POINT('',(16.007810593582,-4.,-3.7));
#990 = DIRECTION('',(0.,0.,1.));
#991 = DIRECTION('',(-0.615457454897,0.788170109312,0.));
#992 = ORIENTED_EDGE('',*,*,#993,.F.);
#993 = EDGE_CURVE('',#994,#985,#996,.T.);
#994 = VERTEX_POINT('',#995);
#995 = CARTESIAN_POINT('',(26.3,-3.,-3.7));
#996 = LINE('',#997,#998);
#997 = CARTESIAN_POINT('',(8.003905296791,-3.,-3.7));
#998 = VECTOR('',#999,1.);
#999 = DIRECTION('',(-1.,4.123767248425E-16,0.));
#1000 = ORIENTED_EDGE('',*,*,#1001,.F.);
#1001 = EDGE_CURVE('',#1002,#994,#1004,.T.);
#1002 = VERTEX_POINT('',#1003);
#1003 = CARTESIAN_POINT('',(26.3,3.,-3.7));
#1004 = LINE('',#1005,#1006);
#1005 = CARTESIAN_POINT('',(26.3,-1.75,-3.7));
#1006 = VECTOR('',#1007,1.);
#1007 = DIRECTION('',(-1.836970198721E-16,-1.,0.));
#1008 = ORIENTED_EDGE('',*,*,#1009,.F.);
#1009 = EDGE_CURVE('',#1010,#1002,#1012,.T.);
#1010 = VERTEX_POINT('',#1011);
#1011 = CARTESIAN_POINT('',(16.007810593582,3.,-3.7));
#1012 = LINE('',#1013,#1014);
#1013 = CARTESIAN_POINT('',(18.049999999999,3.,-3.7));
#1014 = VECTOR('',#1015,1.);
#1015 = DIRECTION('',(1.,4.300784141189E-17,0.));
#1016 = ORIENTED_EDGE('',*,*,#1017,.F.);
#1017 = EDGE_CURVE('',#1018,#1010,#1020,.T.);
#1018 = VERTEX_POINT('',#1019);
#1019 = CARTESIAN_POINT('',(15.037640254577,3.757575757576,-3.7));
#1020 = CIRCLE('',#1021,1.);
#1021 = AXIS2_PLACEMENT_3D('',#1022,#1023,#1024);
#1022 = CARTESIAN_POINT('',(16.007810593582,4.,-3.7));
#1023 = DIRECTION('',(0.,0.,1.));
#1024 = DIRECTION('',(-0.615457454897,-0.788170109312,0.));
#1025 = ORIENTED_EDGE('',*,*,#1026,.F.);
#1026 = EDGE_CURVE('',#263,#1018,#1027,.T.);
#1027 = CIRCLE('',#1028,15.5);
#1028 = AXIS2_PLACEMENT_3D('',#1029,#1030,#1031);
#1029 = CARTESIAN_POINT('',(6.661338147751E-15,-4.440892098501E-15,-3.7)
  );
#1030 = DIRECTION('',(0.,0.,-1.));
#1031 = DIRECTION('',(0.707106781187,0.707106781187,0.));
#1032 = ORIENTED_EDGE('',*,*,#262,.F.);
#1033 = FACE_BOUND('',#1034,.T.);
#1034 = EDGE_LOOP('',(#1035,#1036,#1045,#1054,#1062,#1070,#1078,#1087,
    #1096,#1104,#1113,#1121,#1129,#1137));
#1035 = ORIENTED_EDGE('',*,*,#399,.F.);
#1036 = ORIENTED_EDGE('',*,*,#1037,.F.);
#1037 = EDGE_CURVE('',#1038,#385,#1040,.T.);
#1038 = VERTEX_POINT('',#1039);
#1039 = CARTESIAN_POINT('',(3.757575757576,15.037640254577,-3.7));
#1040 = CIRCLE('',#1041,15.5);
#1041 = AXIS2_PLACEMENT_3D('',#1042,#1043,#1044);
#1042 = CARTESIAN_POINT('',(6.661338147751E-15,-4.440892098501E-15,-3.7)
  );
#1043 = DIRECTION('',(0.,0.,-1.));
#1044 = DIRECTION('',(0.707106781187,0.707106781187,0.));
#1045 = ORIENTED_EDGE('',*,*,#1046,.F.);
#1046 = EDGE_CURVE('',#1047,#1038,#1049,.T.);
#1047 = VERTEX_POINT('',#1048);
#1048 = CARTESIAN_POINT('',(3.,16.007810593582,-3.7));
#1049 = CIRCLE('',#1050,1.);
#1050 = AXIS2_PLACEMENT_3D('',#1051,#1052,#1053);
#1051 = CARTESIAN_POINT('',(4.,16.007810593582,-3.7));
#1052 = DIRECTION('',(0.,0.,1.));
#1053 = DIRECTION('',(-0.788170109312,-0.615457454897,0.));
#1054 = ORIENTED_EDGE('',*,*,#1055,.F.);
#1055 = EDGE_CURVE('',#1056,#1047,#1058,.T.);
#1056 = VERTEX_POINT('',#1057);
#1057 = CARTESIAN_POINT('',(3.,26.3,-3.7));
#1058 = LINE('',#1059,#1060);
#1059 = CARTESIAN_POINT('',(3.,8.003905296791,-3.7));
#1060 = VECTOR('',#1061,1.);
#1061 = DIRECTION('',(-2.286797049704E-16,-1.,0.));
#1062 = ORIENTED_EDGE('',*,*,#1063,.F.);
#1063 = EDGE_CURVE('',#1064,#1056,#1066,.T.);
#1064 = VERTEX_POINT('',#1065);
#1065 = CARTESIAN_POINT('',(-3.,26.3,-3.7));
#1066 = LINE('',#1067,#1068);
#1067 = CARTESIAN_POINT('',(1.75,26.3,-3.7));
#1068 = VECTOR('',#1069,1.);
#1069 = DIRECTION('',(1.,0.,0.));
#1070 = ORIENTED_EDGE('',*,*,#1071,.F.);
#1071 = EDGE_CURVE('',#1072,#1064,#1074,.T.);
#1072 = VERTEX_POINT('',#1073);
#1073 = CARTESIAN_POINT('',(-3.,16.007810593582,-3.7));
#1074 = LINE('',#1075,#1076);
#1075 = CARTESIAN_POINT('',(-3.,18.049999999999,-3.7));
#1076 = VECTOR('',#1077,1.);
#1077 = DIRECTION('',(1.822449854547E-17,1.,0.));
#1078 = ORIENTED_EDGE('',*,*,#1079,.F.);
#1079 = EDGE_CURVE('',#1080,#1072,#1082,.T.);
#1080 = VERTEX_POINT('',#1081);
#1081 = CARTESIAN_POINT('',(-3.757575757576,15.037640254577,-3.7));
#1082 = CIRCLE('',#1083,1.);
#1083 = AXIS2_PLACEMENT_3D('',#1084,#1085,#1086);
#1084 = CARTESIAN_POINT('',(-4.,16.007810593582,-3.7));
#1085 = DIRECTION('',(0.,0.,1.));
#1086 = DIRECTION('',(0.788170109312,-0.615457454897,0.));
#1087 = ORIENTED_EDGE('',*,*,#1088,.F.);
#1088 = EDGE_CURVE('',#1089,#1080,#1091,.T.);
#1089 = VERTEX_POINT('',#1090);
#1090 = CARTESIAN_POINT('',(-9.454318997269,12.282746122015,-3.7));
#1091 = CIRCLE('',#1092,15.5);
#1092 = AXIS2_PLACEMENT_3D('',#1093,#1094,#1095);
#1093 = CARTESIAN_POINT('',(4.440892098501E-15,6.661338147751E-15,-3.7)
  );
#1094 = DIRECTION('',(0.,0.,-1.));
#1095 = DIRECTION('',(-0.707106781187,0.707106781187,0.));
#1096 = ORIENTED_EDGE('',*,*,#1097,.F.);
#1097 = EDGE_CURVE('',#1098,#1089,#1100,.T.);
#1098 = VERTEX_POINT('',#1099);
#1099 = CARTESIAN_POINT('',(-11.2348970783,14.063324203046,-3.7));
#1100 = LINE('',#1101,#1102);
#1101 = CARTESIAN_POINT('',(-11.22532015133,14.053747276082,-3.7));
#1102 = VECTOR('',#1103,1.);
#1103 = DIRECTION('',(0.707106781187,-0.707106781187,0.));
#1104 = ORIENTED_EDGE('',*,*,#1105,.F.);
#1105 = EDGE_CURVE('',#1106,#1098,#1108,.T.);
#1106 = VERTEX_POINT('',#1107);
#1107 = CARTESIAN_POINT('',(-5.5,17.139136501003,-3.7));
#1108 = CIRCLE('',#1109,18.);
#1109 = AXIS2_PLACEMENT_3D('',#1110,#1111,#1112);
#1110 = CARTESIAN_POINT('',(4.440892098501E-15,6.661338147751E-15,-3.7)
  );
#1111 = DIRECTION('',(0.,0.,1.));
#1112 = DIRECTION('',(-0.707106781187,0.707106781187,0.));
#1113 = ORIENTED_EDGE('',*,*,#1114,.F.);
#1114 = EDGE_CURVE('',#1115,#1106,#1117,.T.);
#1115 = VERTEX_POINT('',#1116);
#1116 = CARTESIAN_POINT('',(-5.5,33.9,-3.7));
#1117 = LINE('',#1118,#1119);
#1118 = CARTESIAN_POINT('',(-5.5,8.385254915624,-3.7));
#1119 = VECTOR('',#1120,1.);
#1120 = DIRECTION('',(-1.463761955876E-16,-1.,0.));
#1121 = ORIENTED_EDGE('',*,*,#1122,.F.);
#1122 = EDGE_CURVE('',#1123,#1115,#1125,.T.);
#1123 = VERTEX_POINT('',#1124);
#1124 = CARTESIAN_POINT('',(5.5,33.9,-3.7));
#1125 = LINE('',#1126,#1127);
#1126 = CARTESIAN_POINT('',(2.5,33.9,-3.7));
#1127 = VECTOR('',#1128,1.);
#1128 = DIRECTION('',(-1.,0.,0.));
#1129 = ORIENTED_EDGE('',*,*,#1130,.F.);
#1130 = EDGE_CURVE('',#1131,#1123,#1133,.T.);
#1131 = VERTEX_POINT('',#1132);
#1132 = CARTESIAN_POINT('',(5.5,17.139136501003,-3.7));
#1133 = LINE('',#1134,#1135);
#1134 = CARTESIAN_POINT('',(5.5,18.049999999999,-3.7));
#1135 = VECTOR('',#1136,1.);
#1136 = DIRECTION('',(-1.733396271024E-16,1.,0.));
#1137 = ORIENTED_EDGE('',*,*,#1138,.F.);
#1138 = EDGE_CURVE('',#400,#1131,#1139,.T.);
#1139 = CIRCLE('',#1140,18.);
#1140 = AXIS2_PLACEMENT_3D('',#1141,#1142,#1143);
#1141 = CARTESIAN_POINT('',(6.661338147751E-15,-4.440892098501E-15,-3.7)
  );
#1142 = DIRECTION('',(0.,0.,1.));
#1143 = DIRECTION('',(0.707106781187,0.707106781187,-0.));
#1144 = FACE_BOUND('',#1145,.T.);
#1145 = EDGE_LOOP('',(#1146));
#1146 = ORIENTED_EDGE('',*,*,#1147,.T.);
#1147 = EDGE_CURVE('',#1148,#1148,#1150,.T.);
#1148 = VERTEX_POINT('',#1149);
#1149 = CARTESIAN_POINT('',(30.349999999998,-32.09999999999,-3.7));
#1150 = CIRCLE('',#1151,1.75);
#1151 = AXIS2_PLACEMENT_3D('',#1152,#1153,#1154);
#1152 = CARTESIAN_POINT('',(32.099999999998,-32.09999999999,-3.7));
#1153 = DIRECTION('',(0.,0.,-1.));
#1154 = DIRECTION('',(1.,0.,0.));
#1155 = FACE_BOUND('',#1156,.T.);
#1156 = EDGE_LOOP('',(#1157,#1167,#1175,#1184));
#1157 = ORIENTED_EDGE('',*,*,#1158,.T.);
#1158 = EDGE_CURVE('',#1159,#1161,#1163,.T.);
#1159 = VERTEX_POINT('',#1160);
#1160 = CARTESIAN_POINT('',(32.099999999998,14.099999999999,-3.7));
#1161 = VERTEX_POINT('',#1162);
#1162 = CARTESIAN_POINT('',(12.099999999998,14.099999999999,-3.7));
#1163 = LINE('',#1164,#1165);
#1164 = CARTESIAN_POINT('',(6.049999999999,14.099999999999,-3.7));
#1165 = VECTOR('',#1166,1.);
#1166 = DIRECTION('',(-1.,0.,0.));
#1167 = ORIENTED_EDGE('',*,*,#1168,.T.);
#1168 = EDGE_CURVE('',#1161,#1169,#1171,.T.);
#1169 = VERTEX_POINT('',#1170);
#1170 = CARTESIAN_POINT('',(12.099999999998,22.099999999999,-3.7));
#1171 = LINE('',#1172,#1173);
#1172 = CARTESIAN_POINT('',(12.099999999998,11.049999999999,-3.7));
#1173 = VECTOR('',#1174,1.);
#1174 = DIRECTION('',(-1.110223024625E-15,1.,0.));
#1175 = ORIENTED_EDGE('',*,*,#1176,.T.);
#1176 = EDGE_CURVE('',#1169,#1177,#1179,.T.);
#1177 = VERTEX_POINT('',#1178);
#1178 = CARTESIAN_POINT('',(32.099999999998,22.099999999999,-3.7));
#1179 = CIRCLE('',#1180,10.);
#1180 = AXIS2_PLACEMENT_3D('',#1181,#1182,#1183);
#1181 = CARTESIAN_POINT('',(22.099999999998,22.099999999999,-3.7));
#1182 = DIRECTION('',(0.,0.,-1.));
#1183 = DIRECTION('',(-1.,0.,0.));
#1184 = ORIENTED_EDGE('',*,*,#1185,.T.);
#1185 = EDGE_CURVE('',#1177,#1159,#1186,.T.);
#1186 = LINE('',#1187,#1188);
#1187 = CARTESIAN_POINT('',(32.099999999998,7.05,-3.7));
#1188 = VECTOR('',#1189,1.);
#1189 = DIRECTION('',(1.110223024625E-15,-1.,0.));
#1190 = FACE_BOUND('',#1191,.T.);
#1191 = EDGE_LOOP('',(#1192));
#1192 = ORIENTED_EDGE('',*,*,#1193,.T.);
#1193 = EDGE_CURVE('',#1194,#1194,#1196,.T.);
#1194 = VERTEX_POINT('',#1195);
#1195 = CARTESIAN_POINT('',(-33.84999999999,-32.09999999999,-3.7));
#1196 = CIRCLE('',#1197,1.75);
#1197 = AXIS2_PLACEMENT_3D('',#1198,#1199,#1200);
#1198 = CARTESIAN_POINT('',(-32.09999999999,-32.09999999999,-3.7));
#1199 = DIRECTION('',(0.,0.,-1.));
#1200 = DIRECTION('',(1.,0.,0.));
#1201 = FACE_BOUND('',#1202,.T.);
#1202 = EDGE_LOOP('',(#1203,#1213,#1221,#1229,#1237,#1246,#1254));
#1203 = ORIENTED_EDGE('',*,*,#1204,.T.);
#1204 = EDGE_CURVE('',#1205,#1207,#1209,.T.);
#1205 = VERTEX_POINT('',#1206);
#1206 = CARTESIAN_POINT('',(-9.192388155425,16.26345596729,-3.7));
#1207 = VERTEX_POINT('',#1208);
#1208 = CARTESIAN_POINT('',(-16.26345596729,9.192388155425,-3.7));
#1209 = LINE('',#1210,#1211);
#1210 = CARTESIAN_POINT('',(-14.49568901432,10.960155108391,-3.7));
#1211 = VECTOR('',#1212,1.);
#1212 = DIRECTION('',(-0.707106781187,-0.707106781187,0.));
#1213 = ORIENTED_EDGE('',*,*,#1214,.T.);
#1214 = EDGE_CURVE('',#1207,#1215,#1217,.T.);
#1215 = VERTEX_POINT('',#1216);
#1216 = CARTESIAN_POINT('',(-21.17106781186,14.099999999999,-3.7));
#1217 = LINE('',#1218,#1219);
#1218 = CARTESIAN_POINT('',(-12.35330085889,5.282233047033,-3.7));
#1219 = VECTOR('',#1220,1.);
#1220 = DIRECTION('',(-0.707106781187,0.707106781187,0.));
#1221 = ORIENTED_EDGE('',*,*,#1222,.T.);
#1222 = EDGE_CURVE('',#1215,#1223,#1225,.T.);
#1223 = VERTEX_POINT('',#1224);
#1224 = CARTESIAN_POINT('',(-32.09999999999,14.099999999999,-3.7));
#1225 = LINE('',#1226,#1227);
#1226 = CARTESIAN_POINT('',(-16.04999999999,14.099999999999,-3.7));
#1227 = VECTOR('',#1228,1.);
#1228 = DIRECTION('',(-1.,0.,0.));
#1229 = ORIENTED_EDGE('',*,*,#1230,.T.);
#1230 = EDGE_CURVE('',#1223,#1231,#1233,.T.);
#1231 = VERTEX_POINT('',#1232);
#1232 = CARTESIAN_POINT('',(-32.09999999999,22.099999999999,-3.7));
#1233 = LINE('',#1234,#1235);
#1234 = CARTESIAN_POINT('',(-32.09999999999,11.05,-3.7));
#1235 = VECTOR('',#1236,1.);
#1236 = DIRECTION('',(1.665334536938E-15,1.,0.));
#1237 = ORIENTED_EDGE('',*,*,#1238,.T.);
#1238 = EDGE_CURVE('',#1231,#1239,#1241,.T.);
#1239 = VERTEX_POINT('',#1240);
#1240 = CARTESIAN_POINT('',(-12.09999999999,22.099999999999,-3.7));
#1241 = CIRCLE('',#1242,10.);
#1242 = AXIS2_PLACEMENT_3D('',#1243,#1244,#1245);
#1243 = CARTESIAN_POINT('',(-22.09999999999,22.099999999999,-3.7));
#1244 = DIRECTION('',(0.,0.,-1.));
#1245 = DIRECTION('',(-1.,0.,0.));
#1246 = ORIENTED_EDGE('',*,*,#1247,.T.);
#1247 = EDGE_CURVE('',#1239,#1248,#1250,.T.);
#1248 = VERTEX_POINT('',#1249);
#1249 = CARTESIAN_POINT('',(-12.09999999999,19.171067811863,-3.7));
#1250 = LINE('',#1251,#1252);
#1251 = CARTESIAN_POINT('',(-12.09999999999,9.585533905931,-3.7));
#1252 = VECTOR('',#1253,1.);
#1253 = DIRECTION('',(-1.665334536938E-15,-1.,0.));
#1254 = ORIENTED_EDGE('',*,*,#1255,.T.);
#1255 = EDGE_CURVE('',#1248,#1205,#1256,.T.);
#1256 = LINE('',#1257,#1258);
#1257 = CARTESIAN_POINT('',(-2.828427124746,9.899494936611,-3.7));
#1258 = VECTOR('',#1259,1.);
#1259 = DIRECTION('',(0.707106781187,-0.707106781187,0.));
#1260 = FACE_BOUND('',#1261,.T.);
#1261 = EDGE_LOOP('',(#1262));
#1262 = ORIENTED_EDGE('',*,*,#1263,.T.);
#1263 = EDGE_CURVE('',#1264,#1264,#1266,.T.);
#1264 = VERTEX_POINT('',#1265);
#1265 = CARTESIAN_POINT('',(-33.84999999999,32.099999999999,-3.7));
#1266 = CIRCLE('',#1267,1.75);
#1267 = AXIS2_PLACEMENT_3D('',#1268,#1269,#1270);
#1268 = CARTESIAN_POINT('',(-32.09999999999,32.099999999999,-3.7));
#1269 = DIRECTION('',(0.,0.,-1.));
#1270 = DIRECTION('',(1.,0.,0.));
#1271 = FACE_BOUND('',#1272,.T.);
#1272 = EDGE_LOOP('',(#1273));
#1273 = ORIENTED_EDGE('',*,*,#1274,.T.);
#1274 = EDGE_CURVE('',#1275,#1275,#1277,.T.);
#1275 = VERTEX_POINT('',#1276);
#1276 = CARTESIAN_POINT('',(30.349999999999,32.099999999998,-3.7));
#1277 = CIRCLE('',#1278,1.75);
#1278 = AXIS2_PLACEMENT_3D('',#1279,#1280,#1281);
#1279 = CARTESIAN_POINT('',(32.099999999999,32.099999999998,-3.7));
#1280 = DIRECTION('',(0.,0.,-1.));
#1281 = DIRECTION('',(1.,0.,0.));
#1282 = PLANE('',#1283);
#1283 = AXIS2_PLACEMENT_3D('',#1284,#1285,#1286);
#1284 = CARTESIAN_POINT('',(6.350475700856E-13,-6.661338147751E-15,-3.7)
  );
#1285 = DIRECTION('',(0.,0.,-1.));
#1286 = DIRECTION('',(-1.,0.,0.));
#1287 = ADVANCED_FACE('',(#1288),#1310,.F.);
#1288 = FACE_BOUND('',#1289,.F.);
#1289 = EDGE_LOOP('',(#1290,#1291,#1308,#1309));
#1290 = ORIENTED_EDGE('',*,*,#343,.F.);
#1291 = ORIENTED_EDGE('',*,*,#1292,.F.);
#1292 = EDGE_CURVE('',#1131,#344,#1293,.T.);
#1293 = B_SPLINE_CURVE_WITH_KNOTS('',3,(#1294,#1295,#1296,#1297,#1298,
    #1299,#1300,#1301,#1302,#1303,#1304,#1305,#1306,#1307),
  .UNSPECIFIED.,.F.,.F.,(4,2,2,2,2,2,4),(-0.177338344899,-0.176946055254
    ,-0.159141474014,-0.141788675058,-0.120655057296,-0.103265536833,
    -8.842973190075E-02),.UNSPECIFIED.);
#1294 = CARTESIAN_POINT('',(5.5,17.139136501003,-3.7));
#1295 = CARTESIAN_POINT('',(5.498946060083,17.138367836318,-3.7));
#1296 = CARTESIAN_POINT('',(5.497892143765,17.137599137133,
    -3.699996667632));
#1297 = CARTESIAN_POINT('',(5.449006677531,17.101940948709,
    -3.699687535853));
#1298 = CARTESIAN_POINT('',(5.401161521935,17.066932793908,
    -3.692521004053));
#1299 = CARTESIAN_POINT('',(5.309640709771,16.99976813721,
    -3.664749157036));
#1300 = CARTESIAN_POINT('',(5.265730483828,16.967444592812,
    -3.644438032842));
#1301 = CARTESIAN_POINT('',(5.174880958995,16.900395839168,
    -3.584536468301));
#1302 = CARTESIAN_POINT('',(5.129324762634,16.866649980999,
    -3.541666685871));
#1303 = CARTESIAN_POINT('',(5.061516281314,16.816314200782,
    -3.446033583117));
#1304 = CARTESIAN_POINT('',(5.036971907372,16.798048729508,
    -3.396892630918));
#1305 = CARTESIAN_POINT('',(5.007167821926,16.775854671171,
    -3.297044996202));
#1306 = CARTESIAN_POINT('',(5.,16.770509831248,-3.24889582818));
#1307 = CARTESIAN_POINT('',(5.,16.770509831248,-3.2));
#1308 = ORIENTED_EDGE('',*,*,#1138,.F.);
#1309 = ORIENTED_EDGE('',*,*,#407,.F.);
#1310 = TOROIDAL_SURFACE('',#1311,18.,0.5);
#1311 = AXIS2_PLACEMENT_3D('',#1312,#1313,#1314);
#1312 = CARTESIAN_POINT('',(6.661338147751E-15,-4.440892098501E-15,-3.2)
  );
#1313 = DIRECTION('',(0.,0.,-1.));
#1314 = DIRECTION('',(-1.,0.,0.));
#1315 = ADVANCED_FACE('',(#1316),#1346,.F.);
#1316 = FACE_BOUND('',#1317,.F.);
#1317 = EDGE_LOOP('',(#1318,#1319,#1338,#1345));
#1318 = ORIENTED_EDGE('',*,*,#429,.F.);
#1319 = ORIENTED_EDGE('',*,*,#1320,.T.);
#1320 = EDGE_CURVE('',#430,#1321,#1323,.T.);
#1321 = VERTEX_POINT('',#1322);
#1322 = CARTESIAN_POINT('',(16.770509831248,5.,-3.2));
#1323 = B_SPLINE_CURVE_WITH_KNOTS('',3,(#1324,#1325,#1326,#1327,#1328,
    #1329,#1330,#1331,#1332,#1333,#1334,#1335,#1336,#1337),
  .UNSPECIFIED.,.F.,.F.,(4,2,2,2,2,2,4),(-3.913401686286E-04,0.,
    1.776148797453E-02,3.5072287135E-02,5.615475420774E-02,
    7.350218599646E-02,8.830208313234E-02),.UNSPECIFIED.);
#1324 = CARTESIAN_POINT('',(17.139136501003,5.500000000002,-3.7));
#1325 = CARTESIAN_POINT('',(17.138367836317,5.498946060083,-3.7));
#1326 = CARTESIAN_POINT('',(17.137599137134,5.497892143767,
    -3.699996667632));
#1327 = CARTESIAN_POINT('',(17.10194094871,5.449006677531,
    -3.699687535853));
#1328 = CARTESIAN_POINT('',(17.066932793908,5.401161521935,
    -3.692521004053));
#1329 = CARTESIAN_POINT('',(16.99976813721,5.309640709771,
    -3.664749157036));
#1330 = CARTESIAN_POINT('',(16.967444592812,5.265730483828,
    -3.644438032842));
#1331 = CARTESIAN_POINT('',(16.900395839168,5.174880958995,
    -3.584536468301));
#1332 = CARTESIAN_POINT('',(16.866649980999,5.129324762634,
    -3.541666685871));
#1333 = CARTESIAN_POINT('',(16.816314200782,5.061516281314,
    -3.446033583117));
#1334 = CARTESIAN_POINT('',(16.798048729508,5.036971907372,
    -3.396892630918));
#1335 = CARTESIAN_POINT('',(16.775854671171,5.007167821926,
    -3.297044996202));
#1336 = CARTESIAN_POINT('',(16.770509831248,5.,-3.24889582818));
#1337 = CARTESIAN_POINT('',(16.770509831248,5.,-3.2));
#1338 = ORIENTED_EDGE('',*,*,#1339,.F.);
#1339 = EDGE_CURVE('',#240,#1321,#1340,.T.);
#1340 = CIRCLE('',#1341,17.5);
#1341 = AXIS2_PLACEMENT_3D('',#1342,#1343,#1344);
#1342 = CARTESIAN_POINT('',(6.661338147751E-15,-4.440892098501E-15,-3.2)
  );
#1343 = DIRECTION('',(0.,0.,-1.));
#1344 = DIRECTION('',(0.707106781187,0.707106781187,0.));
#1345 = ORIENTED_EDGE('',*,*,#247,.F.);
#1346 = TOROIDAL_SURFACE('',#1347,18.,0.5);
#1347 = AXIS2_PLACEMENT_3D('',#1348,#1349,#1350);
#1348 = CARTESIAN_POINT('',(6.661338147751E-15,-4.440892098501E-15,-3.2)
  );
#1349 = DIRECTION('',(0.,0.,-1.));
#1350 = DIRECTION('',(-1.,0.,0.));
#1351 = ADVANCED_FACE('',(#1352),#1372,.F.);
#1352 = FACE_BOUND('',#1353,.F.);
#1353 = EDGE_LOOP('',(#1354,#1355,#1364,#1371));
#1354 = ORIENTED_EDGE('',*,*,#1037,.F.);
#1355 = ORIENTED_EDGE('',*,*,#1356,.F.);
#1356 = EDGE_CURVE('',#1357,#1038,#1359,.T.);
#1357 = VERTEX_POINT('',#1358);
#1358 = CARTESIAN_POINT('',(3.878787878788,15.52272542408,-3.2));
#1359 = CIRCLE('',#1360,0.5);
#1360 = AXIS2_PLACEMENT_3D('',#1361,#1362,#1363);
#1361 = CARTESIAN_POINT('',(3.757575757576,15.037640254577,-3.2));
#1362 = DIRECTION('',(-0.970170339005,0.242424242424,0.));
#1363 = DIRECTION('',(0.242424242424,0.970170339005,0.));
#1364 = ORIENTED_EDGE('',*,*,#1365,.F.);
#1365 = EDGE_CURVE('',#377,#1357,#1366,.T.);
#1366 = CIRCLE('',#1367,16.);
#1367 = AXIS2_PLACEMENT_3D('',#1368,#1369,#1370);
#1368 = CARTESIAN_POINT('',(6.661338147751E-15,-4.440892098501E-15,-3.2)
  );
#1369 = DIRECTION('',(0.,0.,1.));
#1370 = DIRECTION('',(0.707106781187,0.707106781187,-0.));
#1371 = ORIENTED_EDGE('',*,*,#384,.F.);
#1372 = TOROIDAL_SURFACE('',#1373,15.5,0.5);
#1373 = AXIS2_PLACEMENT_3D('',#1374,#1375,#1376);
#1374 = CARTESIAN_POINT('',(6.661338147751E-15,-4.440892098501E-15,-3.2)
  );
#1375 = DIRECTION('',(0.,0.,1.));
#1376 = DIRECTION('',(1.,0.,-0.));
#1377 = ADVANCED_FACE('',(#1378),#1398,.T.);
#1378 = FACE_BOUND('',#1379,.T.);
#1379 = EDGE_LOOP('',(#1380,#1381,#1390,#1396,#1397));
#1380 = ORIENTED_EDGE('',*,*,#174,.F.);
#1381 = ORIENTED_EDGE('',*,*,#1382,.T.);
#1382 = EDGE_CURVE('',#167,#1383,#1385,.T.);
#1383 = VERTEX_POINT('',#1384);
#1384 = CARTESIAN_POINT('',(16.770509831248,5.,-1.2));
#1385 = CIRCLE('',#1386,17.5);
#1386 = AXIS2_PLACEMENT_3D('',#1387,#1388,#1389);
#1387 = CARTESIAN_POINT('',(6.661338147751E-15,-4.440892098501E-15,-1.2)
  );
#1388 = DIRECTION('',(0.,0.,-1.));
#1389 = DIRECTION('',(0.285714285714,0.9583148475,0.));
#1390 = ORIENTED_EDGE('',*,*,#1391,.T.);
#1391 = EDGE_CURVE('',#1383,#1321,#1392,.T.);
#1392 = LINE('',#1393,#1394);
#1393 = CARTESIAN_POINT('',(16.770509831248,5.,-1.2));
#1394 = VECTOR('',#1395,1.);
#1395 = DIRECTION('',(0.,0.,-1.));
#1396 = ORIENTED_EDGE('',*,*,#1339,.F.);
#1397 = ORIENTED_EDGE('',*,*,#239,.T.);
#1398 = CYLINDRICAL_SURFACE('',#1399,17.5);
#1399 = AXIS2_PLACEMENT_3D('',#1400,#1401,#1402);
#1400 = CARTESIAN_POINT('',(6.661338147751E-15,-4.440892098501E-15,-1.2)
  );
#1401 = DIRECTION('',(0.,0.,-1.));
#1402 = DIRECTION('',(0.285714285714,0.9583148475,0.));
#1403 = ADVANCED_FACE('',(#1404),#1424,.F.);
#1404 = FACE_BOUND('',#1405,.F.);
#1405 = EDGE_LOOP('',(#1406,#1407,#1408,#1416,#1423));
#1406 = ORIENTED_EDGE('',*,*,#376,.F.);
#1407 = ORIENTED_EDGE('',*,*,#1365,.T.);
#1408 = ORIENTED_EDGE('',*,*,#1409,.F.);
#1409 = EDGE_CURVE('',#1410,#1357,#1412,.T.);
#1410 = VERTEX_POINT('',#1411);
#1411 = CARTESIAN_POINT('',(3.878787878788,15.52272542408,-1.2));
#1412 = LINE('',#1413,#1414);
#1413 = CARTESIAN_POINT('',(3.878787878788,15.52272542408,-1.2));
#1414 = VECTOR('',#1415,1.);
#1415 = DIRECTION('',(0.,0.,-1.));
#1416 = ORIENTED_EDGE('',*,*,#1417,.T.);
#1417 = EDGE_CURVE('',#1410,#304,#1418,.T.);
#1418 = CIRCLE('',#1419,16.);
#1419 = AXIS2_PLACEMENT_3D('',#1420,#1421,#1422);
#1420 = CARTESIAN_POINT('',(6.661338147751E-15,-4.440892098501E-15,-1.2)
  );
#1421 = DIRECTION('',(0.,0.,-1.));
#1422 = DIRECTION('',(0.242424242424,0.970170339005,0.));
#1423 = ORIENTED_EDGE('',*,*,#311,.T.);
#1424 = CYLINDRICAL_SURFACE('',#1425,16.);
#1425 = AXIS2_PLACEMENT_3D('',#1426,#1427,#1428);
#1426 = CARTESIAN_POINT('',(6.661338147751E-15,-4.440892098501E-15,-1.2)
  );
#1427 = DIRECTION('',(0.,0.,-1.));
#1428 = DIRECTION('',(0.242424242424,0.970170339005,0.));
#1429 = ADVANCED_FACE('',(#1430,#1525),#1536,.F.);
#1430 = FACE_BOUND('',#1431,.T.);
#1431 = EDGE_LOOP('',(#1432,#1433,#1434,#1442,#1450,#1458,#1467,#1475,
    #1484,#1493,#1501,#1509,#1517,#1524));
#1432 = ORIENTED_EDGE('',*,*,#303,.F.);
#1433 = ORIENTED_EDGE('',*,*,#360,.F.);
#1434 = ORIENTED_EDGE('',*,*,#1435,.T.);
#1435 = EDGE_CURVE('',#353,#1436,#1438,.T.);
#1436 = VERTEX_POINT('',#1437);
#1437 = CARTESIAN_POINT('',(5.,33.9,-1.2));
#1438 = LINE('',#1439,#1440);
#1439 = CARTESIAN_POINT('',(5.,23.290199457749,-1.2));
#1440 = VECTOR('',#1441,1.);
#1441 = DIRECTION('',(-1.733396271024E-16,1.,0.));
#1442 = ORIENTED_EDGE('',*,*,#1443,.T.);
#1443 = EDGE_CURVE('',#1436,#1444,#1446,.T.);
#1444 = VERTEX_POINT('',#1445);
#1445 = CARTESIAN_POINT('',(-5.,33.9,-1.2));
#1446 = LINE('',#1447,#1448);
#1447 = CARTESIAN_POINT('',(12.399999999999,33.9,-1.2));
#1448 = VECTOR('',#1449,1.);
#1449 = DIRECTION('',(-1.,0.,0.));
#1450 = ORIENTED_EDGE('',*,*,#1451,.T.);
#1451 = EDGE_CURVE('',#1444,#1452,#1454,.T.);
#1452 = VERTEX_POINT('',#1453);
#1453 = CARTESIAN_POINT('',(-5.,16.770509831248,-1.2));
#1454 = LINE('',#1455,#1456);
#1455 = CARTESIAN_POINT('',(-5.,23.290199457749,-1.2));
#1456 = VECTOR('',#1457,1.);
#1457 = DIRECTION('',(-1.463761955876E-16,-1.,0.));
#1458 = ORIENTED_EDGE('',*,*,#1459,.F.);
#1459 = EDGE_CURVE('',#1460,#1452,#1462,.T.);
#1460 = VERTEX_POINT('',#1461);
#1461 = CARTESIAN_POINT('',(-9.649481918829,14.599229387135,-1.2));
#1462 = CIRCLE('',#1463,17.5);
#1463 = AXIS2_PLACEMENT_3D('',#1464,#1465,#1466);
#1464 = CARTESIAN_POINT('',(4.440892098501E-15,6.661338147751E-15,-1.2)
  );
#1465 = DIRECTION('',(0.,0.,-1.));
#1466 = DIRECTION('',(-0.9583148475,0.285714285714,0.));
#1467 = ORIENTED_EDGE('',*,*,#1468,.F.);
#1468 = EDGE_CURVE('',#1469,#1460,#1471,.T.);
#1469 = VERTEX_POINT('',#1470);
#1470 = CARTESIAN_POINT('',(-8.564827348757,13.514574817063,-1.2));
#1471 = LINE('',#1472,#1473);
#1472 = CARTESIAN_POINT('',(-4.242640687119,9.192388155425,-1.2));
#1473 = VECTOR('',#1474,1.);
#1474 = DIRECTION('',(-0.707106781187,0.707106781187,0.));
#1475 = ORIENTED_EDGE('',*,*,#1476,.T.);
#1476 = EDGE_CURVE('',#1469,#1477,#1479,.T.);
#1477 = VERTEX_POINT('',#1478);
#1478 = CARTESIAN_POINT('',(-3.878787878788,15.52272542408,-1.2));
#1479 = CIRCLE('',#1480,16.);
#1480 = AXIS2_PLACEMENT_3D('',#1481,#1482,#1483);
#1481 = CARTESIAN_POINT('',(4.440892098501E-15,6.661338147751E-15,-1.2)
  );
#1482 = DIRECTION('',(0.,0.,-1.));
#1483 = DIRECTION('',(-0.970170339005,0.242424242424,0.));
#1484 = ORIENTED_EDGE('',*,*,#1485,.F.);
#1485 = EDGE_CURVE('',#1486,#1477,#1488,.T.);
#1486 = VERTEX_POINT('',#1487);
#1487 = CARTESIAN_POINT('',(-3.5,16.007810593582,-1.2));
#1488 = CIRCLE('',#1489,0.5);
#1489 = AXIS2_PLACEMENT_3D('',#1490,#1491,#1492);
#1490 = CARTESIAN_POINT('',(-4.,16.007810593582,-1.2));
#1491 = DIRECTION('',(0.,0.,-1.));
#1492 = DIRECTION('',(1.,-6.123233995737E-17,0.));
#1493 = ORIENTED_EDGE('',*,*,#1494,.T.);
#1494 = EDGE_CURVE('',#1486,#1495,#1497,.T.);
#1495 = VERTEX_POINT('',#1496);
#1496 = CARTESIAN_POINT('',(-3.5,27.3,-1.2));
#1497 = LINE('',#1498,#1499);
#1498 = CARTESIAN_POINT('',(-3.5,23.192783685741,-1.2));
#1499 = VECTOR('',#1500,1.);
#1500 = DIRECTION('',(1.822449854547E-17,1.,0.));
#1501 = ORIENTED_EDGE('',*,*,#1502,.F.);
#1502 = EDGE_CURVE('',#1503,#1495,#1505,.T.);
#1503 = VERTEX_POINT('',#1504);
#1504 = CARTESIAN_POINT('',(3.5,27.3,-1.2));
#1505 = LINE('',#1506,#1507);
#1506 = CARTESIAN_POINT('',(11.649999999999,27.3,-1.2));
#1507 = VECTOR('',#1508,1.);
#1508 = DIRECTION('',(-1.,0.,0.));
#1509 = ORIENTED_EDGE('',*,*,#1510,.F.);
#1510 = EDGE_CURVE('',#1511,#1503,#1513,.T.);
#1511 = VERTEX_POINT('',#1512);
#1512 = CARTESIAN_POINT('',(3.5,16.007810593582,-1.2));
#1513 = LINE('',#1514,#1515);
#1514 = CARTESIAN_POINT('',(3.5,16.007810593582,-1.2));
#1515 = VECTOR('',#1516,1.);
#1516 = DIRECTION('',(2.286797049704E-16,1.,0.));
#1517 = ORIENTED_EDGE('',*,*,#1518,.F.);
#1518 = EDGE_CURVE('',#1410,#1511,#1519,.T.);
#1519 = CIRCLE('',#1520,0.5);
#1520 = AXIS2_PLACEMENT_3D('',#1521,#1522,#1523);
#1521 = CARTESIAN_POINT('',(4.,16.007810593582,-1.2));
#1522 = DIRECTION('',(0.,0.,-1.));
#1523 = DIRECTION('',(-0.242424242424,-0.970170339005,-0.));
#1524 = ORIENTED_EDGE('',*,*,#1417,.T.);
#1525 = FACE_BOUND('',#1526,.T.);
#1526 = EDGE_LOOP('',(#1527));
#1527 = ORIENTED_EDGE('',*,*,#1528,.T.);
#1528 = EDGE_CURVE('',#1529,#1529,#1531,.T.);
#1529 = VERTEX_POINT('',#1530);
#1530 = CARTESIAN_POINT('',(-1.1,29.8,-1.2));
#1531 = CIRCLE('',#1532,1.1);
#1532 = AXIS2_PLACEMENT_3D('',#1533,#1534,#1535);
#1533 = CARTESIAN_POINT('',(9.451342298605E-15,29.8,-1.2));
#1534 = DIRECTION('',(0.,0.,-1.));
#1535 = DIRECTION('',(1.,0.,0.));
#1536 = PLANE('',#1537);
#1537 = AXIS2_PLACEMENT_3D('',#1538,#1539,#1540);
#1538 = CARTESIAN_POINT('',(19.799999999999,19.799999999999,-1.2));
#1539 = DIRECTION('',(0.,0.,-1.));
#1540 = DIRECTION('',(1.,0.,0.));
#1541 = ADVANCED_FACE('',(#1542),#1578,.T.);
#1542 = FACE_BOUND('',#1543,.T.);
#1543 = EDGE_LOOP('',(#1544,#1555,#1563,#1572));
#1544 = ORIENTED_EDGE('',*,*,#1545,.T.);
#1545 = EDGE_CURVE('',#1546,#1548,#1550,.T.);
#1546 = VERTEX_POINT('',#1547);
#1547 = CARTESIAN_POINT('',(9.810758597949,-12.63918572269,-2.7));
#1548 = VERTEX_POINT('',#1549);
#1549 = CARTESIAN_POINT('',(8.564827348757,-13.51457481706,-1.2));
#1550 = ELLIPSE('',#1551,22.62741699797,16.);
#1551 = AXIS2_PLACEMENT_3D('',#1552,#1553,#1554);
#1552 = CARTESIAN_POINT('',(-4.440892098501E-15,-6.661338147751E-15,-4.7
    ));
#1553 = DIRECTION('',(-0.5,-0.5,-0.707106781187));
#1554 = DIRECTION('',(0.5,0.5,-0.707106781187));
#1555 = ORIENTED_EDGE('',*,*,#1556,.T.);
#1556 = EDGE_CURVE('',#1548,#1557,#1559,.T.);
#1557 = VERTEX_POINT('',#1558);
#1558 = CARTESIAN_POINT('',(9.649481918829,-14.59922938713,-1.2));
#1559 = LINE('',#1560,#1561);
#1560 = CARTESIAN_POINT('',(4.242640687119,-9.192388155425,-1.2));
#1561 = VECTOR('',#1562,1.);
#1562 = DIRECTION('',(0.707106781187,-0.707106781187,0.));
#1563 = ORIENTED_EDGE('',*,*,#1564,.T.);
#1564 = EDGE_CURVE('',#1557,#1565,#1567,.T.);
#1565 = VERTEX_POINT('',#1566);
#1566 = CARTESIAN_POINT('',(10.879077290771,-13.70750441551,-2.7));
#1567 = ELLIPSE('',#1568,24.748737341529,17.5);
#1568 = AXIS2_PLACEMENT_3D('',#1569,#1570,#1571);
#1569 = CARTESIAN_POINT('',(-4.440892098501E-15,-6.661338147751E-15,-4.7
    ));
#1570 = DIRECTION('',(0.5,0.5,0.707106781187));
#1571 = DIRECTION('',(0.5,0.5,-0.707106781187));
#1572 = ORIENTED_EDGE('',*,*,#1573,.T.);
#1573 = EDGE_CURVE('',#1565,#1546,#1574,.T.);
#1574 = LINE('',#1575,#1576);
#1575 = CARTESIAN_POINT('',(5.303300858899,-8.131727983645,-2.7));
#1576 = VECTOR('',#1577,1.);
#1577 = DIRECTION('',(-0.707106781187,0.707106781187,0.));
#1578 = PLANE('',#1579);
#1579 = AXIS2_PLACEMENT_3D('',#1580,#1581,#1582);
#1580 = CARTESIAN_POINT('',(4.772970773009,-8.662058069535,-1.95));
#1581 = DIRECTION('',(0.5,0.5,0.707106781187));
#1582 = DIRECTION('',(0.816496580928,3.885780586188E-16,-0.57735026919)
  );
#1583 = ADVANCED_FACE('',(#1584),#1619,.F.);
#1584 = FACE_BOUND('',#1585,.F.);
#1585 = EDGE_LOOP('',(#1586,#1595,#1603,#1612,#1618));
#1586 = ORIENTED_EDGE('',*,*,#1587,.T.);
#1587 = EDGE_CURVE('',#1548,#1588,#1590,.T.);
#1588 = VERTEX_POINT('',#1589);
#1589 = CARTESIAN_POINT('',(3.878787878788,-15.52272542408,-1.2));
#1590 = CIRCLE('',#1591,16.);
#1591 = AXIS2_PLACEMENT_3D('',#1592,#1593,#1594);
#1592 = CARTESIAN_POINT('',(-4.440892098501E-15,-6.661338147751E-15,-1.2
    ));
#1593 = DIRECTION('',(0.,0.,-1.));
#1594 = DIRECTION('',(0.970170339005,-0.242424242424,0.));
#1595 = ORIENTED_EDGE('',*,*,#1596,.T.);
#1596 = EDGE_CURVE('',#1588,#1597,#1599,.T.);
#1597 = VERTEX_POINT('',#1598);
#1598 = CARTESIAN_POINT('',(3.878787878788,-15.52272542408,-3.2));
#1599 = LINE('',#1600,#1601);
#1600 = CARTESIAN_POINT('',(3.878787878788,-15.52272542408,-1.2));
#1601 = VECTOR('',#1602,1.);
#1602 = DIRECTION('',(0.,0.,-1.));
#1603 = ORIENTED_EDGE('',*,*,#1604,.T.);
#1604 = EDGE_CURVE('',#1597,#1605,#1607,.T.);
#1605 = VERTEX_POINT('',#1606);
#1606 = CARTESIAN_POINT('',(9.810758597949,-12.63918572269,-3.2));
#1607 = CIRCLE('',#1608,16.);
#1608 = AXIS2_PLACEMENT_3D('',#1609,#1610,#1611);
#1609 = CARTESIAN_POINT('',(-4.440892098501E-15,-6.661338147751E-15,-3.2
    ));
#1610 = DIRECTION('',(0.,0.,1.));
#1611 = DIRECTION('',(0.707106781187,-0.707106781187,0.));
#1612 = ORIENTED_EDGE('',*,*,#1613,.F.);
#1613 = EDGE_CURVE('',#1546,#1605,#1614,.T.);
#1614 = LINE('',#1615,#1616);
#1615 = CARTESIAN_POINT('',(9.810758597949,-12.63918572269,-1.2));
#1616 = VECTOR('',#1617,1.);
#1617 = DIRECTION('',(0.,0.,-1.));
#1618 = ORIENTED_EDGE('',*,*,#1545,.T.);
#1619 = CYLINDRICAL_SURFACE('',#1620,16.);
#1620 = AXIS2_PLACEMENT_3D('',#1621,#1622,#1623);
#1621 = CARTESIAN_POINT('',(-4.440892098501E-15,-6.661338147751E-15,-1.2
    ));
#1622 = DIRECTION('',(0.,0.,-1.));
#1623 = DIRECTION('',(0.970170339005,-0.242424242424,0.));
#1624 = ADVANCED_FACE('',(#1625),#1664,.F.);
#1625 = FACE_BOUND('',#1626,.T.);
#1626 = EDGE_LOOP('',(#1627,#1628,#1636,#1649,#1650,#1663));
#1627 = ORIENTED_EDGE('',*,*,#1573,.F.);
#1628 = ORIENTED_EDGE('',*,*,#1629,.F.);
#1629 = EDGE_CURVE('',#1630,#1565,#1632,.T.);
#1630 = VERTEX_POINT('',#1631);
#1631 = CARTESIAN_POINT('',(10.879077290771,-13.70750441551,-3.2));
#1632 = LINE('',#1633,#1634);
#1633 = CARTESIAN_POINT('',(10.879077290771,-13.70750441551,-1.2));
#1634 = VECTOR('',#1635,1.);
#1635 = DIRECTION('',(0.,0.,1.));
#1636 = ORIENTED_EDGE('',*,*,#1637,.F.);
#1637 = EDGE_CURVE('',#837,#1630,#1638,.T.);
#1638 = B_SPLINE_CURVE_WITH_KNOTS('',3,(#1639,#1640,#1641,#1642,#1643,
    #1644,#1645,#1646,#1647,#1648),.UNSPECIFIED.,.F.,.F.,(4,2,2,2,4),(
    7.427361547659E-02,9.293951060454E-02,0.11154846875,0.130084412924,
    0.148558248439),.UNSPECIFIED.);
#1639 = CARTESIAN_POINT('',(11.234897078301,-14.06332420304,-3.7));
#1640 = CARTESIAN_POINT('',(11.190901141561,-14.0193282663,-3.7));
#1641 = CARTESIAN_POINT('',(11.139111539589,-13.96753866433,
    -3.685497430916));
#1642 = CARTESIAN_POINT('',(11.057897341571,-13.88632446631,
    -3.638100711174));
#1643 = CARTESIAN_POINT('',(11.014068631244,-13.84249575599,
    -3.59688443436));
#1644 = CARTESIAN_POINT('',(10.95203814923,-13.78046527397,
    -3.509506376948));
#1645 = CARTESIAN_POINT('',(10.922811589118,-13.75123871386,
    -3.447952205759));
#1646 = CARTESIAN_POINT('',(10.889319311559,-13.7177464363,
    -3.334041328581));
#1647 = CARTESIAN_POINT('',(10.879077290771,-13.70750441551,
    -3.261579451717));
#1648 = CARTESIAN_POINT('',(10.879077290771,-13.70750441551,-3.2));
#1649 = ORIENTED_EDGE('',*,*,#836,.T.);
#1650 = ORIENTED_EDGE('',*,*,#1651,.F.);
#1651 = EDGE_CURVE('',#1605,#828,#1652,.T.);
#1652 = B_SPLINE_CURVE_WITH_KNOTS('',3,(#1653,#1654,#1655,#1656,#1657,
    #1658,#1659,#1660,#1661,#1662),.UNSPECIFIED.,.F.,.F.,(4,2,2,2,4),(0.
    ,1.846456598764E-02,3.70036799992E-02,5.563639074341E-02,
    7.43521258253E-02),.UNSPECIFIED.);
#1653 = CARTESIAN_POINT('',(9.810758597949,-12.63918572269,-3.2));
#1654 = CARTESIAN_POINT('',(9.810758597949,-12.63918572269,
    -3.261548553292));
#1655 = CARTESIAN_POINT('',(9.800513262244,-12.62894038699,
    -3.333971680443));
#1656 = CARTESIAN_POINT('',(9.767005738111,-12.59543286285,
    -3.447851567569));
#1657 = CARTESIAN_POINT('',(9.73775394805,-12.56618107279,
    -3.509397042868));
#1658 = CARTESIAN_POINT('',(9.675651527774,-12.50407865252,
    -3.596800109616));
#1659 = CARTESIAN_POINT('',(9.631750018965,-12.46017714371,
    -3.638033125555));
#1660 = CARTESIAN_POINT('',(9.55036369505,-12.37879081979,
    -3.685483021461));
#1661 = CARTESIAN_POINT('',(9.498432407907,-12.32685953265,-3.7));
#1662 = CARTESIAN_POINT('',(9.454318997269,-12.28274612201,-3.7));
#1663 = ORIENTED_EDGE('',*,*,#1613,.F.);
#1664 = PLANE('',#1665);
#1665 = AXIS2_PLACEMENT_3D('',#1666,#1667,#1668);
#1666 = CARTESIAN_POINT('',(12.020815280172,-14.84924240491,-1.2));
#1667 = DIRECTION('',(-0.707106781187,-0.707106781187,0.));
#1668 = DIRECTION('',(-0.707106781187,0.707106781187,0.));
#1669 = ADVANCED_FACE('',(#1670),#1706,.T.);
#1670 = FACE_BOUND('',#1671,.T.);
#1671 = EDGE_LOOP('',(#1672,#1683,#1691,#1700));
#1672 = ORIENTED_EDGE('',*,*,#1673,.T.);
#1673 = EDGE_CURVE('',#1674,#1676,#1678,.T.);
#1674 = VERTEX_POINT('',#1675);
#1675 = CARTESIAN_POINT('',(13.707504415517,-10.87907729077,-2.7));
#1676 = VERTEX_POINT('',#1677);
#1677 = CARTESIAN_POINT('',(14.599229387135,-9.649481918829,-1.2));
#1678 = ELLIPSE('',#1679,24.748737341529,17.5);
#1679 = AXIS2_PLACEMENT_3D('',#1680,#1681,#1682);
#1680 = CARTESIAN_POINT('',(-4.440892098501E-15,-6.661338147751E-15,-4.7
    ));
#1681 = DIRECTION('',(-0.5,-0.5,0.707106781187));
#1682 = DIRECTION('',(0.5,0.5,0.707106781187));
#1683 = ORIENTED_EDGE('',*,*,#1684,.T.);
#1684 = EDGE_CURVE('',#1676,#1685,#1687,.T.);
#1685 = VERTEX_POINT('',#1686);
#1686 = CARTESIAN_POINT('',(13.514574817063,-8.564827348757,-1.2));
#1687 = LINE('',#1688,#1689);
#1688 = CARTESIAN_POINT('',(7.601397897755,-2.651650429449,-1.2));
#1689 = VECTOR('',#1690,1.);
#1690 = DIRECTION('',(-0.707106781187,0.707106781187,0.));
#1691 = ORIENTED_EDGE('',*,*,#1692,.T.);
#1692 = EDGE_CURVE('',#1685,#1693,#1695,.T.);
#1693 = VERTEX_POINT('',#1694);
#1694 = CARTESIAN_POINT('',(12.639185722695,-9.810758597949,-2.7));
#1695 = ELLIPSE('',#1696,22.62741699797,16.);
#1696 = AXIS2_PLACEMENT_3D('',#1697,#1698,#1699);
#1697 = CARTESIAN_POINT('',(-4.440892098501E-15,-6.661338147751E-15,-4.7
    ));
#1698 = DIRECTION('',(0.5,0.5,-0.707106781187));
#1699 = DIRECTION('',(0.5,0.5,0.707106781187));
#1700 = ORIENTED_EDGE('',*,*,#1701,.T.);
#1701 = EDGE_CURVE('',#1693,#1674,#1702,.T.);
#1702 = LINE('',#1703,#1704);
#1703 = CARTESIAN_POINT('',(6.540737725976,-3.712310601229,-2.7));
#1704 = VECTOR('',#1705,1.);
#1705 = DIRECTION('',(0.707106781187,-0.707106781187,0.));
#1706 = PLANE('',#1707);
#1707 = AXIS2_PLACEMENT_3D('',#1708,#1709,#1710);
#1708 = CARTESIAN_POINT('',(7.071067811866,-3.181980515339,-1.95));
#1709 = DIRECTION('',(-0.5,-0.5,0.707106781187));
#1710 = DIRECTION('',(0.816496580928,-1.110223024625E-16,0.57735026919)
  );
#1711 = ADVANCED_FACE('',(#1712),#1747,.T.);
#1712 = FACE_BOUND('',#1713,.T.);
#1713 = EDGE_LOOP('',(#1714,#1715,#1723,#1732,#1740));
#1714 = ORIENTED_EDGE('',*,*,#1673,.F.);
#1715 = ORIENTED_EDGE('',*,*,#1716,.T.);
#1716 = EDGE_CURVE('',#1674,#1717,#1719,.T.);
#1717 = VERTEX_POINT('',#1718);
#1718 = CARTESIAN_POINT('',(13.707504415517,-10.87907729077,-3.2));
#1719 = LINE('',#1720,#1721);
#1720 = CARTESIAN_POINT('',(13.707504415517,-10.87907729077,-1.2));
#1721 = VECTOR('',#1722,1.);
#1722 = DIRECTION('',(0.,0.,-1.));
#1723 = ORIENTED_EDGE('',*,*,#1724,.F.);
#1724 = EDGE_CURVE('',#1725,#1717,#1727,.T.);
#1725 = VERTEX_POINT('',#1726);
#1726 = CARTESIAN_POINT('',(16.770509831248,-5.,-3.2));
#1727 = CIRCLE('',#1728,17.5);
#1728 = AXIS2_PLACEMENT_3D('',#1729,#1730,#1731);
#1729 = CARTESIAN_POINT('',(-4.440892098501E-15,-6.661338147751E-15,-3.2
    ));
#1730 = DIRECTION('',(0.,0.,-1.));
#1731 = DIRECTION('',(0.707106781187,-0.707106781187,0.));
#1732 = ORIENTED_EDGE('',*,*,#1733,.F.);
#1733 = EDGE_CURVE('',#1734,#1725,#1736,.T.);
#1734 = VERTEX_POINT('',#1735);
#1735 = CARTESIAN_POINT('',(16.770509831248,-5.,-1.2));
#1736 = LINE('',#1737,#1738);
#1737 = CARTESIAN_POINT('',(16.770509831248,-5.,-1.2));
#1738 = VECTOR('',#1739,1.);
#1739 = DIRECTION('',(0.,0.,-1.));
#1740 = ORIENTED_EDGE('',*,*,#1741,.T.);
#1741 = EDGE_CURVE('',#1734,#1676,#1742,.T.);
#1742 = CIRCLE('',#1743,17.5);
#1743 = AXIS2_PLACEMENT_3D('',#1744,#1745,#1746);
#1744 = CARTESIAN_POINT('',(-4.440892098501E-15,-6.661338147751E-15,-1.2
    ));
#1745 = DIRECTION('',(0.,0.,-1.));
#1746 = DIRECTION('',(0.9583148475,-0.285714285714,0.));
#1747 = CYLINDRICAL_SURFACE('',#1748,17.5);
#1748 = AXIS2_PLACEMENT_3D('',#1749,#1750,#1751);
#1749 = CARTESIAN_POINT('',(-4.440892098501E-15,-6.661338147751E-15,-1.2
    ));
#1750 = DIRECTION('',(0.,0.,-1.));
#1751 = DIRECTION('',(0.9583148475,-0.285714285714,0.));
#1752 = ADVANCED_FACE('',(#1753),#1792,.F.);
#1753 = FACE_BOUND('',#1754,.T.);
#1754 = EDGE_LOOP('',(#1755,#1756,#1764,#1777,#1778,#1791));
#1755 = ORIENTED_EDGE('',*,*,#1701,.F.);
#1756 = ORIENTED_EDGE('',*,*,#1757,.F.);
#1757 = EDGE_CURVE('',#1758,#1693,#1760,.T.);
#1758 = VERTEX_POINT('',#1759);
#1759 = CARTESIAN_POINT('',(12.639185722695,-9.810758597949,-3.2));
#1760 = LINE('',#1761,#1762);
#1761 = CARTESIAN_POINT('',(12.639185722695,-9.810758597949,-1.2));
#1762 = VECTOR('',#1763,1.);
#1763 = DIRECTION('',(0.,0.,1.));
#1764 = ORIENTED_EDGE('',*,*,#1765,.F.);
#1765 = EDGE_CURVE('',#968,#1758,#1766,.T.);
#1766 = B_SPLINE_CURVE_WITH_KNOTS('',3,(#1767,#1768,#1769,#1770,#1771,
    #1772,#1773,#1774,#1775,#1776),.UNSPECIFIED.,.F.,.F.,(4,2,2,2,4),(
    -7.43521258253E-02,-5.563639074341E-02,-3.70036799992E-02,
    -1.846456598764E-02,0.),.UNSPECIFIED.);
#1767 = CARTESIAN_POINT('',(12.282746122015,-9.454318997269,-3.7));
#1768 = CARTESIAN_POINT('',(12.326859532653,-9.498432407906,-3.7));
#1769 = CARTESIAN_POINT('',(12.378790819796,-9.550363695049,
    -3.685483021461));
#1770 = CARTESIAN_POINT('',(12.460177143711,-9.631750018965,
    -3.638033125555));
#1771 = CARTESIAN_POINT('',(12.504078652521,-9.675651527774,
    -3.596800109616));
#1772 = CARTESIAN_POINT('',(12.566181072796,-9.73775394805,
    -3.509397042868));
#1773 = CARTESIAN_POINT('',(12.595432862857,-9.767005738111,
    -3.447851567569));
#1774 = CARTESIAN_POINT('',(12.62894038699,-9.800513262243,
    -3.333971680443));
#1775 = CARTESIAN_POINT('',(12.639185722695,-9.810758597949,
    -3.261548553292));
#1776 = CARTESIAN_POINT('',(12.639185722695,-9.810758597949,-3.2));
#1777 = ORIENTED_EDGE('',*,*,#967,.T.);
#1778 = ORIENTED_EDGE('',*,*,#1779,.F.);
#1779 = EDGE_CURVE('',#1717,#959,#1780,.T.);
#1780 = B_SPLINE_CURVE_WITH_KNOTS('',3,(#1781,#1782,#1783,#1784,#1785,
    #1786,#1787,#1788,#1789,#1790),.UNSPECIFIED.,.F.,.F.,(4,2,2,2,4),(
    -0.148558248439,-0.130084412924,-0.11154846875,-9.293951060454E-02,
    -7.427361547659E-02),.UNSPECIFIED.);
#1781 = CARTESIAN_POINT('',(13.707504415517,-10.87907729077,-3.2));
#1782 = CARTESIAN_POINT('',(13.707504415517,-10.87907729077,
    -3.261579451717));
#1783 = CARTESIAN_POINT('',(13.717746436305,-10.88931931155,
    -3.334041328581));
#1784 = CARTESIAN_POINT('',(13.751238713864,-10.92281158911,
    -3.447952205759));
#1785 = CARTESIAN_POINT('',(13.780465273977,-10.95203814923,
    -3.509506376948));
#1786 = CARTESIAN_POINT('',(13.84249575599,-11.01406863124,
    -3.59688443436));
#1787 = CARTESIAN_POINT('',(13.886324466317,-11.05789734157,
    -3.638100711174));
#1788 = CARTESIAN_POINT('',(13.967538664335,-11.13911153958,
    -3.685497430916));
#1789 = CARTESIAN_POINT('',(14.019328266307,-11.19090114156,-3.7));
#1790 = CARTESIAN_POINT('',(14.063324203047,-11.2348970783,-3.7));
#1791 = ORIENTED_EDGE('',*,*,#1716,.F.);
#1792 = PLANE('',#1793);
#1793 = AXIS2_PLACEMENT_3D('',#1794,#1795,#1796);
#1794 = CARTESIAN_POINT('',(11.667261889578,-8.838834764832,-1.2));
#1795 = DIRECTION('',(0.707106781187,0.707106781187,0.));
#1796 = DIRECTION('',(0.707106781187,-0.707106781187,0.));
#1797 = ADVANCED_FACE('',(#1798),#1820,.F.);
#1798 = FACE_BOUND('',#1799,.F.);
#1799 = EDGE_LOOP('',(#1800,#1801,#1818,#1819));
#1800 = ORIENTED_EDGE('',*,*,#1724,.F.);
#1801 = ORIENTED_EDGE('',*,*,#1802,.F.);
#1802 = EDGE_CURVE('',#951,#1725,#1803,.T.);
#1803 = B_SPLINE_CURVE_WITH_KNOTS('',3,(#1804,#1805,#1806,#1807,#1808,
    #1809,#1810,#1811,#1812,#1813,#1814,#1815,#1816,#1817),
  .UNSPECIFIED.,.F.,.F.,(4,2,2,2,2,2,4),(-0.177338344896,-0.176946055251
    ,-0.159141474012,-0.141788675056,-0.120655057294,-0.103265536832,
    -8.842973189941E-02),.UNSPECIFIED.);
#1804 = CARTESIAN_POINT('',(17.139136501003,-5.5,-3.7));
#1805 = CARTESIAN_POINT('',(17.138367836318,-5.498946060083,-3.7));
#1806 = CARTESIAN_POINT('',(17.137599137133,-5.497892143765,
    -3.699996667632));
#1807 = CARTESIAN_POINT('',(17.10194094871,-5.449006677531,
    -3.699687535853));
#1808 = CARTESIAN_POINT('',(17.066932793908,-5.401161521935,
    -3.692521004053));
#1809 = CARTESIAN_POINT('',(16.99976813721,-5.309640709771,
    -3.664749157036));
#1810 = CARTESIAN_POINT('',(16.967444592812,-5.265730483828,
    -3.644438032842));
#1811 = CARTESIAN_POINT('',(16.900395839168,-5.174880958995,
    -3.584536468301));
#1812 = CARTESIAN_POINT('',(16.866649980999,-5.129324762634,
    -3.541666685871));
#1813 = CARTESIAN_POINT('',(16.816314200782,-5.061516281314,
    -3.446033583117));
#1814 = CARTESIAN_POINT('',(16.798048729508,-5.036971907372,
    -3.396892630918));
#1815 = CARTESIAN_POINT('',(16.775854671171,-5.007167821926,
    -3.297044996202));
#1816 = CARTESIAN_POINT('',(16.770509831248,-5.,-3.24889582818));
#1817 = CARTESIAN_POINT('',(16.770509831248,-5.,-3.2));
#1818 = ORIENTED_EDGE('',*,*,#958,.F.);
#1819 = ORIENTED_EDGE('',*,*,#1779,.F.);
#1820 = TOROIDAL_SURFACE('',#1821,18.,0.5);
#1821 = AXIS2_PLACEMENT_3D('',#1822,#1823,#1824);
#1822 = CARTESIAN_POINT('',(-4.440892098501E-15,-6.661338147751E-15,-3.2
    ));
#1823 = DIRECTION('',(0.,0.,-1.));
#1824 = DIRECTION('',(-1.,0.,0.));
#1825 = ADVANCED_FACE('',(#1826),#1856,.F.);
#1826 = FACE_BOUND('',#1827,.F.);
#1827 = EDGE_LOOP('',(#1828,#1829,#1848,#1855));
#1828 = ORIENTED_EDGE('',*,*,#844,.F.);
#1829 = ORIENTED_EDGE('',*,*,#1830,.T.);
#1830 = EDGE_CURVE('',#845,#1831,#1833,.T.);
#1831 = VERTEX_POINT('',#1832);
#1832 = CARTESIAN_POINT('',(5.,-16.77050983124,-3.2));
#1833 = B_SPLINE_CURVE_WITH_KNOTS('',3,(#1834,#1835,#1836,#1837,#1838,
    #1839,#1840,#1841,#1842,#1843,#1844,#1845,#1846,#1847),
  .UNSPECIFIED.,.F.,.F.,(4,2,2,2,2,2,4),(-3.913401680755E-04,0.,
    1.776148797452E-02,3.507228713496E-02,5.615475420768E-02,
    7.350218599636E-02,8.830208313222E-02),.UNSPECIFIED.);
#1834 = CARTESIAN_POINT('',(5.5,-17.139136501,-3.7));
#1835 = CARTESIAN_POINT('',(5.498946060083,-17.13836783631,-3.7));
#1836 = CARTESIAN_POINT('',(5.497892143765,-17.13759913713,
    -3.699996667632));
#1837 = CARTESIAN_POINT('',(5.449006677531,-17.10194094871,
    -3.699687535853));
#1838 = CARTESIAN_POINT('',(5.401161521935,-17.0669327939,
    -3.692521004053));
#1839 = CARTESIAN_POINT('',(5.309640709771,-16.99976813721,
    -3.664749157036));
#1840 = CARTESIAN_POINT('',(5.265730483828,-16.96744459281,
    -3.644438032842));
#1841 = CARTESIAN_POINT('',(5.174880958995,-16.90039583916,
    -3.584536468301));
#1842 = CARTESIAN_POINT('',(5.129324762634,-16.86664998099,
    -3.541666685871));
#1843 = CARTESIAN_POINT('',(5.061516281314,-16.81631420078,
    -3.446033583117));
#1844 = CARTESIAN_POINT('',(5.036971907372,-16.7980487295,
    -3.396892630918));
#1845 = CARTESIAN_POINT('',(5.007167821926,-16.77585467117,
    -3.297044996202));
#1846 = CARTESIAN_POINT('',(5.,-16.77050983124,-3.24889582818));
#1847 = CARTESIAN_POINT('',(5.,-16.77050983124,-3.2));
#1848 = ORIENTED_EDGE('',*,*,#1849,.F.);
#1849 = EDGE_CURVE('',#1630,#1831,#1850,.T.);
#1850 = CIRCLE('',#1851,17.5);
#1851 = AXIS2_PLACEMENT_3D('',#1852,#1853,#1854);
#1852 = CARTESIAN_POINT('',(-4.440892098501E-15,-6.661338147751E-15,-3.2
    ));
#1853 = DIRECTION('',(0.,0.,-1.));
#1854 = DIRECTION('',(0.707106781187,-0.707106781187,0.));
#1855 = ORIENTED_EDGE('',*,*,#1637,.F.);
#1856 = TOROIDAL_SURFACE('',#1857,18.,0.5);
#1857 = AXIS2_PLACEMENT_3D('',#1858,#1859,#1860);
#1858 = CARTESIAN_POINT('',(-4.440892098501E-15,-6.661338147751E-15,-3.2
    ));
#1859 = DIRECTION('',(0.,0.,-1.));
#1860 = DIRECTION('',(-1.,0.,0.));
#1861 = ADVANCED_FACE('',(#1862),#1882,.F.);
#1862 = FACE_BOUND('',#1863,.F.);
#1863 = EDGE_LOOP('',(#1864,#1865,#1874,#1881));
#1864 = ORIENTED_EDGE('',*,*,#975,.F.);
#1865 = ORIENTED_EDGE('',*,*,#1866,.F.);
#1866 = EDGE_CURVE('',#1867,#976,#1869,.T.);
#1867 = VERTEX_POINT('',#1868);
#1868 = CARTESIAN_POINT('',(15.52272542408,-3.878787878788,-3.2));
#1869 = CIRCLE('',#1870,0.5);
#1870 = AXIS2_PLACEMENT_3D('',#1871,#1872,#1873);
#1871 = CARTESIAN_POINT('',(15.037640254577,-3.757575757576,-3.2));
#1872 = DIRECTION('',(0.242424242424,0.970170339005,0.));
#1873 = DIRECTION('',(0.970170339005,-0.242424242424,0.));
#1874 = ORIENTED_EDGE('',*,*,#1875,.F.);
#1875 = EDGE_CURVE('',#1758,#1867,#1876,.T.);
#1876 = CIRCLE('',#1877,16.);
#1877 = AXIS2_PLACEMENT_3D('',#1878,#1879,#1880);
#1878 = CARTESIAN_POINT('',(-4.440892098501E-15,-6.661338147751E-15,-3.2
    ));
#1879 = DIRECTION('',(0.,0.,1.));
#1880 = DIRECTION('',(0.707106781187,-0.707106781187,0.));
#1881 = ORIENTED_EDGE('',*,*,#1765,.F.);
#1882 = TOROIDAL_SURFACE('',#1883,15.5,0.5);
#1883 = AXIS2_PLACEMENT_3D('',#1884,#1885,#1886);
#1884 = CARTESIAN_POINT('',(-4.440892098501E-15,-6.661338147751E-15,-3.2
    ));
#1885 = DIRECTION('',(0.,0.,1.));
#1886 = DIRECTION('',(1.,0.,-0.));
#1887 = ADVANCED_FACE('',(#1888),#1908,.T.);
#1888 = FACE_BOUND('',#1889,.T.);
#1889 = EDGE_LOOP('',(#1890,#1891,#1900,#1906,#1907));
#1890 = ORIENTED_EDGE('',*,*,#1564,.F.);
#1891 = ORIENTED_EDGE('',*,*,#1892,.T.);
#1892 = EDGE_CURVE('',#1557,#1893,#1895,.T.);
#1893 = VERTEX_POINT('',#1894);
#1894 = CARTESIAN_POINT('',(5.,-16.77050983124,-1.2));
#1895 = CIRCLE('',#1896,17.5);
#1896 = AXIS2_PLACEMENT_3D('',#1897,#1898,#1899);
#1897 = CARTESIAN_POINT('',(-4.440892098501E-15,-6.661338147751E-15,-1.2
    ));
#1898 = DIRECTION('',(0.,0.,-1.));
#1899 = DIRECTION('',(0.9583148475,-0.285714285714,0.));
#1900 = ORIENTED_EDGE('',*,*,#1901,.T.);
#1901 = EDGE_CURVE('',#1893,#1831,#1902,.T.);
#1902 = LINE('',#1903,#1904);
#1903 = CARTESIAN_POINT('',(5.,-16.77050983124,-1.2));
#1904 = VECTOR('',#1905,1.);
#1905 = DIRECTION('',(0.,0.,-1.));
#1906 = ORIENTED_EDGE('',*,*,#1849,.F.);
#1907 = ORIENTED_EDGE('',*,*,#1629,.T.);
#1908 = CYLINDRICAL_SURFACE('',#1909,17.5);
#1909 = AXIS2_PLACEMENT_3D('',#1910,#1911,#1912);
#1910 = CARTESIAN_POINT('',(-4.440892098501E-15,-6.661338147751E-15,-1.2
    ));
#1911 = DIRECTION('',(0.,0.,-1.));
#1912 = DIRECTION('',(0.9583148475,-0.285714285714,0.));
#1913 = ADVANCED_FACE('',(#1914),#1934,.F.);
#1914 = FACE_BOUND('',#1915,.F.);
#1915 = EDGE_LOOP('',(#1916,#1917,#1918,#1926,#1933));
#1916 = ORIENTED_EDGE('',*,*,#1757,.F.);
#1917 = ORIENTED_EDGE('',*,*,#1875,.T.);
#1918 = ORIENTED_EDGE('',*,*,#1919,.F.);
#1919 = EDGE_CURVE('',#1920,#1867,#1922,.T.);
#1920 = VERTEX_POINT('',#1921);
#1921 = CARTESIAN_POINT('',(15.52272542408,-3.878787878788,-1.2));
#1922 = LINE('',#1923,#1924);
#1923 = CARTESIAN_POINT('',(15.52272542408,-3.878787878788,-1.2));
#1924 = VECTOR('',#1925,1.);
#1925 = DIRECTION('',(0.,0.,-1.));
#1926 = ORIENTED_EDGE('',*,*,#1927,.T.);
#1927 = EDGE_CURVE('',#1920,#1685,#1928,.T.);
#1928 = CIRCLE('',#1929,16.);
#1929 = AXIS2_PLACEMENT_3D('',#1930,#1931,#1932);
#1930 = CARTESIAN_POINT('',(-4.440892098501E-15,-6.661338147751E-15,-1.2
    ));
#1931 = DIRECTION('',(0.,0.,-1.));
#1932 = DIRECTION('',(0.970170339005,-0.242424242424,0.));
#1933 = ORIENTED_EDGE('',*,*,#1692,.T.);
#1934 = CYLINDRICAL_SURFACE('',#1935,16.);
#1935 = AXIS2_PLACEMENT_3D('',#1936,#1937,#1938);
#1936 = CARTESIAN_POINT('',(-4.440892098501E-15,-6.661338147751E-15,-1.2
    ));
#1937 = DIRECTION('',(0.,0.,-1.));
#1938 = DIRECTION('',(0.970170339005,-0.242424242424,0.));
#1939 = ADVANCED_FACE('',(#1940,#2010,#2013),#2024,.F.);
#1940 = FACE_BOUND('',#1941,.T.);
#1941 = EDGE_LOOP('',(#1942,#1943,#1944,#1953,#1961,#1969,#1977,#1984,
    #1985,#1986,#1987,#1995,#2003,#2009));
#1942 = ORIENTED_EDGE('',*,*,#166,.F.);
#1943 = ORIENTED_EDGE('',*,*,#197,.T.);
#1944 = ORIENTED_EDGE('',*,*,#1945,.F.);
#1945 = EDGE_CURVE('',#1946,#198,#1948,.T.);
#1946 = VERTEX_POINT('',#1947);
#1947 = CARTESIAN_POINT('',(16.007810593582,3.5,-1.2));
#1948 = CIRCLE('',#1949,0.5);
#1949 = AXIS2_PLACEMENT_3D('',#1950,#1951,#1952);
#1950 = CARTESIAN_POINT('',(16.007810593582,4.,-1.2));
#1951 = DIRECTION('',(0.,0.,-1.));
#1952 = DIRECTION('',(0.,-1.,0.));
#1953 = ORIENTED_EDGE('',*,*,#1954,.T.);
#1954 = EDGE_CURVE('',#1946,#1955,#1957,.T.);
#1955 = VERTEX_POINT('',#1956);
#1956 = CARTESIAN_POINT('',(27.3,3.5,-1.2));
#1957 = LINE('',#1958,#1959);
#1958 = CARTESIAN_POINT('',(23.192783685741,3.5,-1.2));
#1959 = VECTOR('',#1960,1.);
#1960 = DIRECTION('',(1.,4.300784141189E-17,0.));
#1961 = ORIENTED_EDGE('',*,*,#1962,.F.);
#1962 = EDGE_CURVE('',#1963,#1955,#1965,.T.);
#1963 = VERTEX_POINT('',#1964);
#1964 = CARTESIAN_POINT('',(27.3,-3.5,-1.2));
#1965 = LINE('',#1966,#1967);
#1966 = CARTESIAN_POINT('',(27.3,8.15,-1.2));
#1967 = VECTOR('',#1968,1.);
#1968 = DIRECTION('',(1.836970198721E-16,1.,0.));
#1969 = ORIENTED_EDGE('',*,*,#1970,.F.);
#1970 = EDGE_CURVE('',#1971,#1963,#1973,.T.);
#1971 = VERTEX_POINT('',#1972);
#1972 = CARTESIAN_POINT('',(16.007810593582,-3.5,-1.2));
#1973 = LINE('',#1974,#1975);
#1974 = CARTESIAN_POINT('',(16.007810593582,-3.5,-1.2));
#1975 = VECTOR('',#1976,1.);
#1976 = DIRECTION('',(1.,-4.123767248425E-16,0.));
#1977 = ORIENTED_EDGE('',*,*,#1978,.F.);
#1978 = EDGE_CURVE('',#1920,#1971,#1979,.T.);
#1979 = CIRCLE('',#1980,0.5);
#1980 = AXIS2_PLACEMENT_3D('',#1981,#1982,#1983);
#1981 = CARTESIAN_POINT('',(16.007810593582,-4.,-1.2));
#1982 = DIRECTION('',(0.,0.,-1.));
#1983 = DIRECTION('',(-0.970170339005,0.242424242424,0.));
#1984 = ORIENTED_EDGE('',*,*,#1927,.T.);
#1985 = ORIENTED_EDGE('',*,*,#1684,.F.);
#1986 = ORIENTED_EDGE('',*,*,#1741,.F.);
#1987 = ORIENTED_EDGE('',*,*,#1988,.T.);
#1988 = EDGE_CURVE('',#1734,#1989,#1991,.T.);
#1989 = VERTEX_POINT('',#1990);
#1990 = CARTESIAN_POINT('',(36.099999999999,-5.,-1.2));
#1991 = LINE('',#1992,#1993);
#1992 = CARTESIAN_POINT('',(23.290199457749,-5.,-1.2));
#1993 = VECTOR('',#1994,1.);
#1994 = DIRECTION('',(1.,-1.035739276966E-17,0.));
#1995 = ORIENTED_EDGE('',*,*,#1996,.T.);
#1996 = EDGE_CURVE('',#1989,#1997,#1999,.T.);
#1997 = VERTEX_POINT('',#1998);
#1998 = CARTESIAN_POINT('',(36.099999999998,5.,-1.2));
#1999 = LINE('',#2000,#2001);
#2000 = CARTESIAN_POINT('',(36.099999999998,-36.09999999999,-1.2));
#2001 = VECTOR('',#2002,1.);
#2002 = DIRECTION('',(0.,1.,0.));
#2003 = ORIENTED_EDGE('',*,*,#2004,.T.);
#2004 = EDGE_CURVE('',#1997,#1383,#2005,.T.);
#2005 = LINE('',#2006,#2007);
#2006 = CARTESIAN_POINT('',(23.290199457749,5.,-1.2));
#2007 = VECTOR('',#2008,1.);
#2008 = DIRECTION('',(-1.,8.514385563021E-17,0.));
#2009 = ORIENTED_EDGE('',*,*,#1382,.F.);
#2010 = FACE_BOUND('',#2011,.T.);
#2011 = EDGE_LOOP('',(#2012));
#2012 = ORIENTED_EDGE('',*,*,#130,.T.);
#2013 = FACE_BOUND('',#2014,.T.);
#2014 = EDGE_LOOP('',(#2015));
#2015 = ORIENTED_EDGE('',*,*,#2016,.T.);
#2016 = EDGE_CURVE('',#2017,#2017,#2019,.T.);
#2017 = VERTEX_POINT('',#2018);
#2018 = CARTESIAN_POINT('',(29.8,1.1,-1.2));
#2019 = CIRCLE('',#2020,1.1);
#2020 = AXIS2_PLACEMENT_3D('',#2021,#2022,#2023);
#2021 = CARTESIAN_POINT('',(29.8,-1.492551349079E-14,-1.2));
#2022 = DIRECTION('',(0.,0.,-1.));
#2023 = DIRECTION('',(-1.836970198721E-16,-1.,-0.));
#2024 = PLANE('',#2025);
#2025 = AXIS2_PLACEMENT_3D('',#2026,#2027,#2028);
#2026 = CARTESIAN_POINT('',(19.799999999999,19.799999999999,-1.2));
#2027 = DIRECTION('',(0.,0.,-1.));
#2028 = DIRECTION('',(1.,0.,0.));
#2029 = ADVANCED_FACE('',(#2030),#2066,.T.);
#2030 = FACE_BOUND('',#2031,.T.);
#2031 = EDGE_LOOP('',(#2032,#2043,#2051,#2060));
#2032 = ORIENTED_EDGE('',*,*,#2033,.T.);
#2033 = EDGE_CURVE('',#2034,#2036,#2038,.T.);
#2034 = VERTEX_POINT('',#2035);
#2035 = CARTESIAN_POINT('',(-12.63918572269,-9.810758597949,-2.7));
#2036 = VERTEX_POINT('',#2037);
#2037 = CARTESIAN_POINT('',(-13.51457481706,-8.564827348757,-1.2));
#2038 = ELLIPSE('',#2039,22.62741699797,16.);
#2039 = AXIS2_PLACEMENT_3D('',#2040,#2041,#2042);
#2040 = CARTESIAN_POINT('',(-6.661338147751E-15,4.440892098501E-15,-4.7)
  );
#2041 = DIRECTION('',(-0.5,0.5,-0.707106781187));
#2042 = DIRECTION('',(0.5,-0.5,-0.707106781187));
#2043 = ORIENTED_EDGE('',*,*,#2044,.T.);
#2044 = EDGE_CURVE('',#2036,#2045,#2047,.T.);
#2045 = VERTEX_POINT('',#2046);
#2046 = CARTESIAN_POINT('',(-14.59922938713,-9.649481918829,-1.2));
#2047 = LINE('',#2048,#2049);
#2048 = CARTESIAN_POINT('',(0.707611844574,5.65735931288,-1.2));
#2049 = VECTOR('',#2050,1.);
#2050 = DIRECTION('',(-0.707106781187,-0.707106781187,0.));
#2051 = ORIENTED_EDGE('',*,*,#2052,.T.);
#2052 = EDGE_CURVE('',#2045,#2053,#2055,.T.);
#2053 = VERTEX_POINT('',#2054);
#2054 = CARTESIAN_POINT('',(-13.70750441551,-10.87907729077,-2.7));
#2055 = ELLIPSE('',#2056,24.748737341529,17.5);
#2056 = AXIS2_PLACEMENT_3D('',#2057,#2058,#2059);
#2057 = CARTESIAN_POINT('',(-6.661338147751E-15,4.440892098501E-15,-4.7)
  );
#2058 = DIRECTION('',(0.5,-0.5,0.707106781187));
#2059 = DIRECTION('',(0.5,-0.5,-0.707106781187));
#2060 = ORIENTED_EDGE('',*,*,#2061,.T.);
#2061 = EDGE_CURVE('',#2053,#2034,#2062,.T.);
#2062 = LINE('',#2063,#2064);
#2063 = CARTESIAN_POINT('',(1.768272016354,4.596699141101,-2.7));
#2064 = VECTOR('',#2065,1.);
#2065 = DIRECTION('',(0.707106781187,0.707106781187,0.));
#2066 = PLANE('',#2067);
#2067 = AXIS2_PLACEMENT_3D('',#2068,#2069,#2070);
#2068 = CARTESIAN_POINT('',(1.237941930464,5.127029226991,-1.95));
#2069 = DIRECTION('',(0.5,-0.5,0.707106781187));
#2070 = DIRECTION('',(0.816496580928,-5.551115123126E-17,-0.57735026919)
  );
#2071 = ADVANCED_FACE('',(#2072),#2107,.F.);
#2072 = FACE_BOUND('',#2073,.F.);
#2073 = EDGE_LOOP('',(#2074,#2083,#2091,#2100,#2106));
#2074 = ORIENTED_EDGE('',*,*,#2075,.T.);
#2075 = EDGE_CURVE('',#2036,#2076,#2078,.T.);
#2076 = VERTEX_POINT('',#2077);
#2077 = CARTESIAN_POINT('',(-15.52272542408,-3.878787878788,-1.2));
#2078 = CIRCLE('',#2079,16.);
#2079 = AXIS2_PLACEMENT_3D('',#2080,#2081,#2082);
#2080 = CARTESIAN_POINT('',(-6.661338147751E-15,4.440892098501E-15,-1.2)
  );
#2081 = DIRECTION('',(0.,0.,-1.));
#2082 = DIRECTION('',(-0.242424242424,-0.970170339005,-0.));
#2083 = ORIENTED_EDGE('',*,*,#2084,.T.);
#2084 = EDGE_CURVE('',#2076,#2085,#2087,.T.);
#2085 = VERTEX_POINT('',#2086);
#2086 = CARTESIAN_POINT('',(-15.52272542408,-3.878787878788,-3.2));
#2087 = LINE('',#2088,#2089);
#2088 = CARTESIAN_POINT('',(-15.52272542408,-3.878787878788,-1.2));
#2089 = VECTOR('',#2090,1.);
#2090 = DIRECTION('',(0.,0.,-1.));
#2091 = ORIENTED_EDGE('',*,*,#2092,.T.);
#2092 = EDGE_CURVE('',#2085,#2093,#2095,.T.);
#2093 = VERTEX_POINT('',#2094);
#2094 = CARTESIAN_POINT('',(-12.63918572269,-9.810758597949,-3.2));
#2095 = CIRCLE('',#2096,16.);
#2096 = AXIS2_PLACEMENT_3D('',#2097,#2098,#2099);
#2097 = CARTESIAN_POINT('',(-6.661338147751E-15,4.440892098501E-15,-3.2)
  );
#2098 = DIRECTION('',(0.,0.,1.));
#2099 = DIRECTION('',(-0.707106781187,-0.707106781187,0.));
#2100 = ORIENTED_EDGE('',*,*,#2101,.F.);
#2101 = EDGE_CURVE('',#2034,#2093,#2102,.T.);
#2102 = LINE('',#2103,#2104);
#2103 = CARTESIAN_POINT('',(-12.63918572269,-9.810758597949,-1.2));
#2104 = VECTOR('',#2105,1.);
#2105 = DIRECTION('',(0.,0.,-1.));
#2106 = ORIENTED_EDGE('',*,*,#2033,.T.);
#2107 = CYLINDRICAL_SURFACE('',#2108,16.);
#2108 = AXIS2_PLACEMENT_3D('',#2109,#2110,#2111);
#2109 = CARTESIAN_POINT('',(-6.661338147751E-15,4.440892098501E-15,-1.2)
  );
#2110 = DIRECTION('',(0.,0.,-1.));
#2111 = DIRECTION('',(-0.242424242424,-0.970170339005,-0.));
#2112 = ADVANCED_FACE('',(#2113),#2152,.F.);
#2113 = FACE_BOUND('',#2114,.T.);
#2114 = EDGE_LOOP('',(#2115,#2116,#2124,#2137,#2138,#2151));
#2115 = ORIENTED_EDGE('',*,*,#2061,.F.);
#2116 = ORIENTED_EDGE('',*,*,#2117,.F.);
#2117 = EDGE_CURVE('',#2118,#2053,#2120,.T.);
#2118 = VERTEX_POINT('',#2119);
#2119 = CARTESIAN_POINT('',(-13.70750441551,-10.87907729077,-3.2));
#2120 = LINE('',#2121,#2122);
#2121 = CARTESIAN_POINT('',(-13.70750441551,-10.87907729077,-1.2));
#2122 = VECTOR('',#2123,1.);
#2123 = DIRECTION('',(0.,0.,1.));
#2124 = ORIENTED_EDGE('',*,*,#2125,.F.);
#2125 = EDGE_CURVE('',#638,#2118,#2126,.T.);
#2126 = B_SPLINE_CURVE_WITH_KNOTS('',3,(#2127,#2128,#2129,#2130,#2131,
    #2132,#2133,#2134,#2135,#2136),.UNSPECIFIED.,.F.,.F.,(4,2,2,2,4),(
    7.427361547659E-02,9.293951060454E-02,0.11154846875,0.130084412924,
    0.148558248439),.UNSPECIFIED.);
#2127 = CARTESIAN_POINT('',(-14.06332420304,-11.2348970783,-3.7));
#2128 = CARTESIAN_POINT('',(-14.0193282663,-11.19090114156,-3.7));
#2129 = CARTESIAN_POINT('',(-13.96753866433,-11.13911153958,
    -3.685497430916));
#2130 = CARTESIAN_POINT('',(-13.88632446631,-11.05789734157,
    -3.638100711174));
#2131 = CARTESIAN_POINT('',(-13.84249575599,-11.01406863124,
    -3.59688443436));
#2132 = CARTESIAN_POINT('',(-13.78046527397,-10.95203814923,
    -3.509506376948));
#2133 = CARTESIAN_POINT('',(-13.75123871386,-10.92281158911,
    -3.447952205759));
#2134 = CARTESIAN_POINT('',(-13.7177464363,-10.88931931155,
    -3.334041328581));
#2135 = CARTESIAN_POINT('',(-13.70750441551,-10.87907729077,
    -3.261579451717));
#2136 = CARTESIAN_POINT('',(-13.70750441551,-10.87907729077,-3.2));
#2137 = ORIENTED_EDGE('',*,*,#637,.T.);
#2138 = ORIENTED_EDGE('',*,*,#2139,.F.);
#2139 = EDGE_CURVE('',#2093,#629,#2140,.T.);
#2140 = B_SPLINE_CURVE_WITH_KNOTS('',3,(#2141,#2142,#2143,#2144,#2145,
    #2146,#2147,#2148,#2149,#2150),.UNSPECIFIED.,.F.,.F.,(4,2,2,2,4),(0.
    ,1.846456598764E-02,3.70036799992E-02,5.563639074341E-02,
    7.43521258253E-02),.UNSPECIFIED.);
#2141 = CARTESIAN_POINT('',(-12.63918572269,-9.810758597949,-3.2));
#2142 = CARTESIAN_POINT('',(-12.63918572269,-9.810758597949,
    -3.261548553292));
#2143 = CARTESIAN_POINT('',(-12.62894038699,-9.800513262244,
    -3.333971680443));
#2144 = CARTESIAN_POINT('',(-12.59543286285,-9.767005738111,
    -3.447851567569));
#2145 = CARTESIAN_POINT('',(-12.56618107279,-9.73775394805,
    -3.509397042868));
#2146 = CARTESIAN_POINT('',(-12.50407865252,-9.675651527774,
    -3.596800109616));
#2147 = CARTESIAN_POINT('',(-12.46017714371,-9.631750018965,
    -3.638033125555));
#2148 = CARTESIAN_POINT('',(-12.37879081979,-9.55036369505,
    -3.685483021461));
#2149 = CARTESIAN_POINT('',(-12.32685953265,-9.498432407907,-3.7));
#2150 = CARTESIAN_POINT('',(-12.28274612201,-9.454318997269,-3.7));
#2151 = ORIENTED_EDGE('',*,*,#2101,.F.);
#2152 = PLANE('',#2153);
#2153 = AXIS2_PLACEMENT_3D('',#2154,#2155,#2156);
#2154 = CARTESIAN_POINT('',(-14.84924240491,-12.02081528017,-1.2));
#2155 = DIRECTION('',(-0.707106781187,0.707106781187,0.));
#2156 = DIRECTION('',(0.707106781187,0.707106781187,0.));
#2157 = ADVANCED_FACE('',(#2158),#2194,.T.);
#2158 = FACE_BOUND('',#2159,.T.);
#2159 = EDGE_LOOP('',(#2160,#2171,#2179,#2188));
#2160 = ORIENTED_EDGE('',*,*,#2161,.T.);
#2161 = EDGE_CURVE('',#2162,#2164,#2166,.T.);
#2162 = VERTEX_POINT('',#2163);
#2163 = CARTESIAN_POINT('',(-10.87907729077,-13.70750441551,-2.7));
#2164 = VERTEX_POINT('',#2165);
#2165 = CARTESIAN_POINT('',(-9.649481918829,-14.59922938713,-1.2));
#2166 = ELLIPSE('',#2167,24.748737341529,17.5);
#2167 = AXIS2_PLACEMENT_3D('',#2168,#2169,#2170);
#2168 = CARTESIAN_POINT('',(-6.661338147751E-15,4.440892098501E-15,-4.7)
  );
#2169 = DIRECTION('',(-0.5,0.5,0.707106781187));
#2170 = DIRECTION('',(0.5,-0.5,0.707106781187));
#2171 = ORIENTED_EDGE('',*,*,#2172,.T.);
#2172 = EDGE_CURVE('',#2164,#2173,#2175,.T.);
#2173 = VERTEX_POINT('',#2174);
#2174 = CARTESIAN_POINT('',(-8.564827348757,-13.51457481706,-1.2));
#2175 = LINE('',#2176,#2177);
#2176 = CARTESIAN_POINT('',(7.24834957055,2.298602102244,-1.2));
#2177 = VECTOR('',#2178,1.);
#2178 = DIRECTION('',(0.707106781187,0.707106781187,0.));
#2179 = ORIENTED_EDGE('',*,*,#2180,.T.);
#2180 = EDGE_CURVE('',#2173,#2181,#2183,.T.);
#2181 = VERTEX_POINT('',#2182);
#2182 = CARTESIAN_POINT('',(-9.810758597949,-12.63918572269,-2.7));
#2183 = ELLIPSE('',#2184,22.62741699797,16.);
#2184 = AXIS2_PLACEMENT_3D('',#2185,#2186,#2187);
#2185 = CARTESIAN_POINT('',(-6.661338147751E-15,4.440892098501E-15,-4.7)
  );
#2186 = DIRECTION('',(0.5,-0.5,-0.707106781187));
#2187 = DIRECTION('',(0.5,-0.5,0.707106781187));
#2188 = ORIENTED_EDGE('',*,*,#2189,.T.);
#2189 = EDGE_CURVE('',#2181,#2162,#2190,.T.);
#2190 = LINE('',#2191,#2192);
#2191 = CARTESIAN_POINT('',(6.18768939877,3.359262274024,-2.7));
#2192 = VECTOR('',#2193,1.);
#2193 = DIRECTION('',(-0.707106781187,-0.707106781187,0.));
#2194 = PLANE('',#2195);
#2195 = AXIS2_PLACEMENT_3D('',#2196,#2197,#2198);
#2196 = CARTESIAN_POINT('',(6.71801948466,2.828932188134,-1.95));
#2197 = DIRECTION('',(-0.5,0.5,0.707106781187));
#2198 = DIRECTION('',(0.816496580928,2.22044604925E-16,0.57735026919));
#2199 = ADVANCED_FACE('',(#2200),#2235,.T.);
#2200 = FACE_BOUND('',#2201,.T.);
#2201 = EDGE_LOOP('',(#2202,#2203,#2211,#2220,#2228));
#2202 = ORIENTED_EDGE('',*,*,#2161,.F.);
#2203 = ORIENTED_EDGE('',*,*,#2204,.T.);
#2204 = EDGE_CURVE('',#2162,#2205,#2207,.T.);
#2205 = VERTEX_POINT('',#2206);
#2206 = CARTESIAN_POINT('',(-10.87907729077,-13.70750441551,-3.2));
#2207 = LINE('',#2208,#2209);
#2208 = CARTESIAN_POINT('',(-10.87907729077,-13.70750441551,-1.2));
#2209 = VECTOR('',#2210,1.);
#2210 = DIRECTION('',(0.,0.,-1.));
#2211 = ORIENTED_EDGE('',*,*,#2212,.F.);
#2212 = EDGE_CURVE('',#2213,#2205,#2215,.T.);
#2213 = VERTEX_POINT('',#2214);
#2214 = CARTESIAN_POINT('',(-5.,-16.77050983124,-3.2));
#2215 = CIRCLE('',#2216,17.5);
#2216 = AXIS2_PLACEMENT_3D('',#2217,#2218,#2219);
#2217 = CARTESIAN_POINT('',(-6.661338147751E-15,4.440892098501E-15,-3.2)
  );
#2218 = DIRECTION('',(0.,0.,-1.));
#2219 = DIRECTION('',(-0.707106781187,-0.707106781187,-0.));
#2220 = ORIENTED_EDGE('',*,*,#2221,.F.);
#2221 = EDGE_CURVE('',#2222,#2213,#2224,.T.);
#2222 = VERTEX_POINT('',#2223);
#2223 = CARTESIAN_POINT('',(-5.,-16.77050983124,-1.2));
#2224 = LINE('',#2225,#2226);
#2225 = CARTESIAN_POINT('',(-5.,-16.77050983124,-1.2));
#2226 = VECTOR('',#2227,1.);
#2227 = DIRECTION('',(0.,0.,-1.));
#2228 = ORIENTED_EDGE('',*,*,#2229,.T.);
#2229 = EDGE_CURVE('',#2222,#2164,#2230,.T.);
#2230 = CIRCLE('',#2231,17.5);
#2231 = AXIS2_PLACEMENT_3D('',#2232,#2233,#2234);
#2232 = CARTESIAN_POINT('',(-6.661338147751E-15,4.440892098501E-15,-1.2)
  );
#2233 = DIRECTION('',(0.,0.,-1.));
#2234 = DIRECTION('',(-0.285714285714,-0.9583148475,-0.));
#2235 = CYLINDRICAL_SURFACE('',#2236,17.5);
#2236 = AXIS2_PLACEMENT_3D('',#2237,#2238,#2239);
#2237 = CARTESIAN_POINT('',(-6.661338147751E-15,4.440892098501E-15,-1.2)
  );
#2238 = DIRECTION('',(0.,0.,-1.));
#2239 = DIRECTION('',(-0.285714285714,-0.9583148475,-0.));
#2240 = ADVANCED_FACE('',(#2241),#2280,.F.);
#2241 = FACE_BOUND('',#2242,.T.);
#2242 = EDGE_LOOP('',(#2243,#2244,#2252,#2265,#2266,#2279));
#2243 = ORIENTED_EDGE('',*,*,#2189,.F.);
#2244 = ORIENTED_EDGE('',*,*,#2245,.F.);
#2245 = EDGE_CURVE('',#2246,#2181,#2248,.T.);
#2246 = VERTEX_POINT('',#2247);
#2247 = CARTESIAN_POINT('',(-9.810758597949,-12.63918572269,-3.2));
#2248 = LINE('',#2249,#2250);
#2249 = CARTESIAN_POINT('',(-9.810758597949,-12.63918572269,-1.2));
#2250 = VECTOR('',#2251,1.);
#2251 = DIRECTION('',(0.,0.,1.));
#2252 = ORIENTED_EDGE('',*,*,#2253,.F.);
#2253 = EDGE_CURVE('',#769,#2246,#2254,.T.);
#2254 = B_SPLINE_CURVE_WITH_KNOTS('',3,(#2255,#2256,#2257,#2258,#2259,
    #2260,#2261,#2262,#2263,#2264),.UNSPECIFIED.,.F.,.F.,(4,2,2,2,4),(
    -7.435212582531E-02,-5.563639074341E-02,-3.70036799992E-02,
    -1.846456598764E-02,0.),.UNSPECIFIED.);
#2255 = CARTESIAN_POINT('',(-9.454318997269,-12.28274612201,-3.7));
#2256 = CARTESIAN_POINT('',(-9.498432407906,-12.32685953265,-3.7));
#2257 = CARTESIAN_POINT('',(-9.550363695049,-12.37879081979,
    -3.685483021461));
#2258 = CARTESIAN_POINT('',(-9.631750018965,-12.46017714371,
    -3.638033125555));
#2259 = CARTESIAN_POINT('',(-9.675651527774,-12.50407865252,
    -3.596800109616));
#2260 = CARTESIAN_POINT('',(-9.73775394805,-12.56618107279,
    -3.509397042868));
#2261 = CARTESIAN_POINT('',(-9.767005738111,-12.59543286285,
    -3.447851567569));
#2262 = CARTESIAN_POINT('',(-9.800513262243,-12.62894038699,
    -3.333971680443));
#2263 = CARTESIAN_POINT('',(-9.810758597949,-12.63918572269,
    -3.261548553292));
#2264 = CARTESIAN_POINT('',(-9.810758597949,-12.63918572269,-3.2));
#2265 = ORIENTED_EDGE('',*,*,#768,.T.);
#2266 = ORIENTED_EDGE('',*,*,#2267,.F.);
#2267 = EDGE_CURVE('',#2205,#760,#2268,.T.);
#2268 = B_SPLINE_CURVE_WITH_KNOTS('',3,(#2269,#2270,#2271,#2272,#2273,
    #2274,#2275,#2276,#2277,#2278),.UNSPECIFIED.,.F.,.F.,(4,2,2,2,4),(
    -0.148558248439,-0.130084412924,-0.11154846875,-9.293951060454E-02,
    -7.427361547659E-02),.UNSPECIFIED.);
#2269 = CARTESIAN_POINT('',(-10.87907729077,-13.70750441551,-3.2));
#2270 = CARTESIAN_POINT('',(-10.87907729077,-13.70750441551,
    -3.261579451717));
#2271 = CARTESIAN_POINT('',(-10.88931931155,-13.7177464363,
    -3.334041328581));
#2272 = CARTESIAN_POINT('',(-10.92281158911,-13.75123871386,
    -3.447952205759));
#2273 = CARTESIAN_POINT('',(-10.95203814923,-13.78046527397,
    -3.509506376948));
#2274 = CARTESIAN_POINT('',(-11.01406863124,-13.84249575599,
    -3.59688443436));
#2275 = CARTESIAN_POINT('',(-11.05789734157,-13.88632446631,
    -3.638100711174));
#2276 = CARTESIAN_POINT('',(-11.13911153958,-13.96753866433,
    -3.685497430916));
#2277 = CARTESIAN_POINT('',(-11.19090114156,-14.0193282663,-3.7));
#2278 = CARTESIAN_POINT('',(-11.2348970783,-14.06332420304,-3.7));
#2279 = ORIENTED_EDGE('',*,*,#2204,.F.);
#2280 = PLANE('',#2281);
#2281 = AXIS2_PLACEMENT_3D('',#2282,#2283,#2284);
#2282 = CARTESIAN_POINT('',(-8.838834764832,-11.66726188957,-1.2));
#2283 = DIRECTION('',(0.707106781187,-0.707106781187,0.));
#2284 = DIRECTION('',(-0.707106781187,-0.707106781187,0.));
#2285 = ADVANCED_FACE('',(#2286),#2308,.F.);
#2286 = FACE_BOUND('',#2287,.F.);
#2287 = EDGE_LOOP('',(#2288,#2289,#2306,#2307));
#2288 = ORIENTED_EDGE('',*,*,#2212,.F.);
#2289 = ORIENTED_EDGE('',*,*,#2290,.F.);
#2290 = EDGE_CURVE('',#752,#2213,#2291,.T.);
#2291 = B_SPLINE_CURVE_WITH_KNOTS('',3,(#2292,#2293,#2294,#2295,#2296,
    #2297,#2298,#2299,#2300,#2301,#2302,#2303,#2304,#2305),
  .UNSPECIFIED.,.F.,.F.,(4,2,2,2,2,2,4),(-0.177338344896,-0.176946055251
    ,-0.159141474012,-0.141788675056,-0.120655057294,-0.103265536832,
    -8.84297318994E-02),.UNSPECIFIED.);
#2292 = CARTESIAN_POINT('',(-5.5,-17.139136501,-3.7));
#2293 = CARTESIAN_POINT('',(-5.498946060083,-17.13836783631,-3.7));
#2294 = CARTESIAN_POINT('',(-5.497892143765,-17.13759913713,
    -3.699996667632));
#2295 = CARTESIAN_POINT('',(-5.449006677531,-17.10194094871,
    -3.699687535853));
#2296 = CARTESIAN_POINT('',(-5.401161521935,-17.0669327939,
    -3.692521004053));
#2297 = CARTESIAN_POINT('',(-5.309640709771,-16.99976813721,
    -3.664749157036));
#2298 = CARTESIAN_POINT('',(-5.265730483828,-16.96744459281,
    -3.644438032842));
#2299 = CARTESIAN_POINT('',(-5.174880958995,-16.90039583916,
    -3.584536468301));
#2300 = CARTESIAN_POINT('',(-5.129324762634,-16.86664998099,
    -3.541666685871));
#2301 = CARTESIAN_POINT('',(-5.061516281314,-16.81631420078,
    -3.446033583117));
#2302 = CARTESIAN_POINT('',(-5.036971907372,-16.7980487295,
    -3.396892630918));
#2303 = CARTESIAN_POINT('',(-5.007167821926,-16.77585467117,
    -3.297044996202));
#2304 = CARTESIAN_POINT('',(-5.,-16.77050983124,-3.24889582818));
#2305 = CARTESIAN_POINT('',(-5.,-16.77050983124,-3.2));
#2306 = ORIENTED_EDGE('',*,*,#759,.F.);
#2307 = ORIENTED_EDGE('',*,*,#2267,.F.);
#2308 = TOROIDAL_SURFACE('',#2309,18.,0.5);
#2309 = AXIS2_PLACEMENT_3D('',#2310,#2311,#2312);
#2310 = CARTESIAN_POINT('',(-6.661338147751E-15,4.440892098501E-15,-3.2)
  );
#2311 = DIRECTION('',(0.,0.,-1.));
#2312 = DIRECTION('',(-1.,0.,0.));
#2313 = ADVANCED_FACE('',(#2314),#2344,.F.);
#2314 = FACE_BOUND('',#2315,.F.);
#2315 = EDGE_LOOP('',(#2316,#2317,#2336,#2343));
#2316 = ORIENTED_EDGE('',*,*,#645,.F.);
#2317 = ORIENTED_EDGE('',*,*,#2318,.T.);
#2318 = EDGE_CURVE('',#646,#2319,#2321,.T.);
#2319 = VERTEX_POINT('',#2320);
#2320 = CARTESIAN_POINT('',(-16.77050983124,-5.,-3.2));
#2321 = B_SPLINE_CURVE_WITH_KNOTS('',3,(#2322,#2323,#2324,#2325,#2326,
    #2327,#2328,#2329,#2330,#2331,#2332,#2333,#2334,#2335),
  .UNSPECIFIED.,.F.,.F.,(4,2,2,2,2,2,4),(-3.91340168073E-04,0.,
    1.776148797447E-02,3.507228713488E-02,5.615475420754E-02,
    7.350218599618E-02,8.8302083132E-02),.UNSPECIFIED.);
#2322 = CARTESIAN_POINT('',(-17.139136501,-5.5,-3.7));
#2323 = CARTESIAN_POINT('',(-17.13836783631,-5.498946060083,-3.7));
#2324 = CARTESIAN_POINT('',(-17.13759913713,-5.497892143765,
    -3.699996667632));
#2325 = CARTESIAN_POINT('',(-17.10194094871,-5.449006677531,
    -3.699687535853));
#2326 = CARTESIAN_POINT('',(-17.0669327939,-5.401161521935,
    -3.692521004053));
#2327 = CARTESIAN_POINT('',(-16.99976813721,-5.309640709771,
    -3.664749157036));
#2328 = CARTESIAN_POINT('',(-16.96744459281,-5.265730483828,
    -3.644438032842));
#2329 = CARTESIAN_POINT('',(-16.90039583916,-5.174880958995,
    -3.584536468301));
#2330 = CARTESIAN_POINT('',(-16.86664998099,-5.129324762634,
    -3.541666685871));
#2331 = CARTESIAN_POINT('',(-16.81631420078,-5.061516281314,
    -3.446033583117));
#2332 = CARTESIAN_POINT('',(-16.7980487295,-5.036971907372,
    -3.396892630918));
#2333 = CARTESIAN_POINT('',(-16.77585467117,-5.007167821926,
    -3.297044996202));
#2334 = CARTESIAN_POINT('',(-16.77050983124,-5.,-3.24889582818));
#2335 = CARTESIAN_POINT('',(-16.77050983124,-5.,-3.2));
#2336 = ORIENTED_EDGE('',*,*,#2337,.F.);
#2337 = EDGE_CURVE('',#2118,#2319,#2338,.T.);
#2338 = CIRCLE('',#2339,17.5);
#2339 = AXIS2_PLACEMENT_3D('',#2340,#2341,#2342);
#2340 = CARTESIAN_POINT('',(-6.661338147751E-15,4.440892098501E-15,-3.2)
  );
#2341 = DIRECTION('',(0.,0.,-1.));
#2342 = DIRECTION('',(-0.707106781187,-0.707106781187,-0.));
#2343 = ORIENTED_EDGE('',*,*,#2125,.F.);
#2344 = TOROIDAL_SURFACE('',#2345,18.,0.5);
#2345 = AXIS2_PLACEMENT_3D('',#2346,#2347,#2348);
#2346 = CARTESIAN_POINT('',(-6.661338147751E-15,4.440892098501E-15,-3.2)
  );
#2347 = DIRECTION('',(0.,0.,-1.));
#2348 = DIRECTION('',(-1.,0.,0.));
#2349 = ADVANCED_FACE('',(#2350),#2370,.F.);
#2350 = FACE_BOUND('',#2351,.F.);
#2351 = EDGE_LOOP('',(#2352,#2353,#2362,#2369));
#2352 = ORIENTED_EDGE('',*,*,#776,.F.);
#2353 = ORIENTED_EDGE('',*,*,#2354,.F.);
#2354 = EDGE_CURVE('',#2355,#777,#2357,.T.);
#2355 = VERTEX_POINT('',#2356);
#2356 = CARTESIAN_POINT('',(-3.878787878788,-15.52272542408,-3.2));
#2357 = CIRCLE('',#2358,0.5);
#2358 = AXIS2_PLACEMENT_3D('',#2359,#2360,#2361);
#2359 = CARTESIAN_POINT('',(-3.757575757576,-15.03764025457,-3.2));
#2360 = DIRECTION('',(0.970170339005,-0.242424242424,0.));
#2361 = DIRECTION('',(-0.242424242424,-0.970170339005,0.));
#2362 = ORIENTED_EDGE('',*,*,#2363,.F.);
#2363 = EDGE_CURVE('',#2246,#2355,#2364,.T.);
#2364 = CIRCLE('',#2365,16.);
#2365 = AXIS2_PLACEMENT_3D('',#2366,#2367,#2368);
#2366 = CARTESIAN_POINT('',(-6.661338147751E-15,4.440892098501E-15,-3.2)
  );
#2367 = DIRECTION('',(0.,0.,1.));
#2368 = DIRECTION('',(-0.707106781187,-0.707106781187,0.));
#2369 = ORIENTED_EDGE('',*,*,#2253,.F.);
#2370 = TOROIDAL_SURFACE('',#2371,15.5,0.5);
#2371 = AXIS2_PLACEMENT_3D('',#2372,#2373,#2374);
#2372 = CARTESIAN_POINT('',(-6.661338147751E-15,4.440892098501E-15,-3.2)
  );
#2373 = DIRECTION('',(0.,0.,1.));
#2374 = DIRECTION('',(1.,0.,-0.));
#2375 = ADVANCED_FACE('',(#2376),#2396,.T.);
#2376 = FACE_BOUND('',#2377,.T.);
#2377 = EDGE_LOOP('',(#2378,#2379,#2388,#2394,#2395));
#2378 = ORIENTED_EDGE('',*,*,#2052,.F.);
#2379 = ORIENTED_EDGE('',*,*,#2380,.T.);
#2380 = EDGE_CURVE('',#2045,#2381,#2383,.T.);
#2381 = VERTEX_POINT('',#2382);
#2382 = CARTESIAN_POINT('',(-16.77050983124,-5.,-1.2));
#2383 = CIRCLE('',#2384,17.5);
#2384 = AXIS2_PLACEMENT_3D('',#2385,#2386,#2387);
#2385 = CARTESIAN_POINT('',(-6.661338147751E-15,4.440892098501E-15,-1.2)
  );
#2386 = DIRECTION('',(0.,0.,-1.));
#2387 = DIRECTION('',(-0.285714285714,-0.9583148475,-0.));
#2388 = ORIENTED_EDGE('',*,*,#2389,.T.);
#2389 = EDGE_CURVE('',#2381,#2319,#2390,.T.);
#2390 = LINE('',#2391,#2392);
#2391 = CARTESIAN_POINT('',(-16.77050983124,-5.,-1.2));
#2392 = VECTOR('',#2393,1.);
#2393 = DIRECTION('',(0.,0.,-1.));
#2394 = ORIENTED_EDGE('',*,*,#2337,.F.);
#2395 = ORIENTED_EDGE('',*,*,#2117,.T.);
#2396 = CYLINDRICAL_SURFACE('',#2397,17.5);
#2397 = AXIS2_PLACEMENT_3D('',#2398,#2399,#2400);
#2398 = CARTESIAN_POINT('',(-6.661338147751E-15,4.440892098501E-15,-1.2)
  );
#2399 = DIRECTION('',(0.,0.,-1.));
#2400 = DIRECTION('',(-0.285714285714,-0.9583148475,-0.));
#2401 = ADVANCED_FACE('',(#2402),#2422,.F.);
#2402 = FACE_BOUND('',#2403,.F.);
#2403 = EDGE_LOOP('',(#2404,#2405,#2406,#2414,#2421));
#2404 = ORIENTED_EDGE('',*,*,#2245,.F.);
#2405 = ORIENTED_EDGE('',*,*,#2363,.T.);
#2406 = ORIENTED_EDGE('',*,*,#2407,.F.);
#2407 = EDGE_CURVE('',#2408,#2355,#2410,.T.);
#2408 = VERTEX_POINT('',#2409);
#2409 = CARTESIAN_POINT('',(-3.878787878788,-15.52272542408,-1.2));
#2410 = LINE('',#2411,#2412);
#2411 = CARTESIAN_POINT('',(-3.878787878788,-15.52272542408,-1.2));
#2412 = VECTOR('',#2413,1.);
#2413 = DIRECTION('',(0.,0.,-1.));
#2414 = ORIENTED_EDGE('',*,*,#2415,.T.);
#2415 = EDGE_CURVE('',#2408,#2173,#2416,.T.);
#2416 = CIRCLE('',#2417,16.);
#2417 = AXIS2_PLACEMENT_3D('',#2418,#2419,#2420);
#2418 = CARTESIAN_POINT('',(-6.661338147751E-15,4.440892098501E-15,-1.2)
  );
#2419 = DIRECTION('',(0.,0.,-1.));
#2420 = DIRECTION('',(-0.242424242424,-0.970170339005,-0.));
#2421 = ORIENTED_EDGE('',*,*,#2180,.T.);
#2422 = CYLINDRICAL_SURFACE('',#2423,16.);
#2423 = AXIS2_PLACEMENT_3D('',#2424,#2425,#2426);
#2424 = CARTESIAN_POINT('',(-6.661338147751E-15,4.440892098501E-15,-1.2)
  );
#2425 = DIRECTION('',(0.,0.,-1.));
#2426 = DIRECTION('',(-0.242424242424,-0.970170339005,-0.));
#2427 = ADVANCED_FACE('',(#2428,#2498),#2509,.F.);
#2428 = FACE_BOUND('',#2429,.T.);
#2429 = EDGE_LOOP('',(#2430,#2431,#2432,#2441,#2449,#2457,#2465,#2472,
    #2473,#2474,#2475,#2483,#2491,#2497));
#2430 = ORIENTED_EDGE('',*,*,#1556,.F.);
#2431 = ORIENTED_EDGE('',*,*,#1587,.T.);
#2432 = ORIENTED_EDGE('',*,*,#2433,.F.);
#2433 = EDGE_CURVE('',#2434,#1588,#2436,.T.);
#2434 = VERTEX_POINT('',#2435);
#2435 = CARTESIAN_POINT('',(3.5,-16.00781059358,-1.2));
#2436 = CIRCLE('',#2437,0.5);
#2437 = AXIS2_PLACEMENT_3D('',#2438,#2439,#2440);
#2438 = CARTESIAN_POINT('',(4.,-16.00781059358,-1.2));
#2439 = DIRECTION('',(0.,0.,-1.));
#2440 = DIRECTION('',(-1.,1.836970198721E-16,0.));
#2441 = ORIENTED_EDGE('',*,*,#2442,.T.);
#2442 = EDGE_CURVE('',#2434,#2443,#2445,.T.);
#2443 = VERTEX_POINT('',#2444);
#2444 = CARTESIAN_POINT('',(3.5,-27.3,-1.2));
#2445 = LINE('',#2446,#2447);
#2446 = CARTESIAN_POINT('',(3.5,-23.19278368574,-1.2));
#2447 = VECTOR('',#2448,1.);
#2448 = DIRECTION('',(-1.406891784602E-16,-1.,0.));
#2449 = ORIENTED_EDGE('',*,*,#2450,.F.);
#2450 = EDGE_CURVE('',#2451,#2443,#2453,.T.);
#2451 = VERTEX_POINT('',#2452);
#2452 = CARTESIAN_POINT('',(-3.5,-27.3,-1.2));
#2453 = LINE('',#2454,#2455);
#2454 = CARTESIAN_POINT('',(8.149999999999,-27.3,-1.2));
#2455 = VECTOR('',#2456,1.);
#2456 = DIRECTION('',(1.,-1.224646799147E-16,0.));
#2457 = ORIENTED_EDGE('',*,*,#2458,.F.);
#2458 = EDGE_CURVE('',#2459,#2451,#2461,.T.);
#2459 = VERTEX_POINT('',#2460);
#2460 = CARTESIAN_POINT('',(-3.5,-16.00781059358,-1.2));
#2461 = LINE('',#2462,#2463);
#2462 = CARTESIAN_POINT('',(-3.5,-16.00781059358,-1.2));
#2463 = VECTOR('',#2464,1.);
#2464 = DIRECTION('',(-3.511443848852E-16,-1.,0.));
#2465 = ORIENTED_EDGE('',*,*,#2466,.F.);
#2466 = EDGE_CURVE('',#2408,#2459,#2467,.T.);
#2467 = CIRCLE('',#2468,0.5);
#2468 = AXIS2_PLACEMENT_3D('',#2469,#2470,#2471);
#2469 = CARTESIAN_POINT('',(-4.,-16.00781059358,-1.2));
#2470 = DIRECTION('',(0.,0.,-1.));
#2471 = DIRECTION('',(0.242424242424,0.970170339005,0.));
#2472 = ORIENTED_EDGE('',*,*,#2415,.T.);
#2473 = ORIENTED_EDGE('',*,*,#2172,.F.);
#2474 = ORIENTED_EDGE('',*,*,#2229,.F.);
#2475 = ORIENTED_EDGE('',*,*,#2476,.T.);
#2476 = EDGE_CURVE('',#2222,#2477,#2479,.T.);
#2477 = VERTEX_POINT('',#2478);
#2478 = CARTESIAN_POINT('',(-5.,-36.09999999999,-1.2));
#2479 = LINE('',#2480,#2481);
#2480 = CARTESIAN_POINT('',(-5.,-23.29019945774,-1.2));
#2481 = VECTOR('',#2482,1.);
#2482 = DIRECTION('',(5.087494718771E-17,-1.,0.));
#2483 = ORIENTED_EDGE('',*,*,#2484,.T.);
#2484 = EDGE_CURVE('',#2477,#2485,#2487,.T.);
#2485 = VERTEX_POINT('',#2486);
#2486 = CARTESIAN_POINT('',(5.,-36.09999999999,-1.2));
#2487 = LINE('',#2488,#2489);
#2488 = CARTESIAN_POINT('',(-36.09999999999,-36.09999999999,-1.2));
#2489 = VECTOR('',#2490,1.);
#2490 = DIRECTION('',(1.,-1.836970198721E-16,0.));
#2491 = ORIENTED_EDGE('',*,*,#2492,.T.);
#2492 = EDGE_CURVE('',#2485,#1893,#2493,.T.);
#2493 = LINE('',#2494,#2495);
#2494 = CARTESIAN_POINT('',(5.,-23.29019945774,-1.2));
#2495 = VECTOR('',#2496,1.);
#2496 = DIRECTION('',(2.688408755023E-16,1.,0.));
#2497 = ORIENTED_EDGE('',*,*,#1892,.F.);
#2498 = FACE_BOUND('',#2499,.T.);
#2499 = EDGE_LOOP('',(#2500));
#2500 = ORIENTED_EDGE('',*,*,#2501,.T.);
#2501 = EDGE_CURVE('',#2502,#2502,#2504,.T.);
#2502 = VERTEX_POINT('',#2503);
#2503 = CARTESIAN_POINT('',(1.1,-29.8,-1.2));
#2504 = CIRCLE('',#2505,1.1);
#2505 = AXIS2_PLACEMENT_3D('',#2506,#2507,#2508);
#2506 = CARTESIAN_POINT('',(-1.310078976006E-14,-29.8,-1.2));
#2507 = DIRECTION('',(0.,0.,-1.));
#2508 = DIRECTION('',(-1.,1.224646799147E-16,0.));
#2509 = PLANE('',#2510);
#2510 = AXIS2_PLACEMENT_3D('',#2511,#2512,#2513);
#2511 = CARTESIAN_POINT('',(19.799999999999,19.799999999999,-1.2));
#2512 = DIRECTION('',(0.,0.,-1.));
#2513 = DIRECTION('',(1.,0.,0.));
#2514 = ADVANCED_FACE('',(#2515),#2542,.T.);
#2515 = FACE_BOUND('',#2516,.T.);
#2516 = EDGE_LOOP('',(#2517,#2526,#2534,#2541));
#2517 = ORIENTED_EDGE('',*,*,#2518,.T.);
#2518 = EDGE_CURVE('',#1460,#2519,#2521,.T.);
#2519 = VERTEX_POINT('',#2520);
#2520 = CARTESIAN_POINT('',(-10.87907729077,13.707504415517,-2.7));
#2521 = ELLIPSE('',#2522,24.748737341529,17.5);
#2522 = AXIS2_PLACEMENT_3D('',#2523,#2524,#2525);
#2523 = CARTESIAN_POINT('',(4.440892098501E-15,6.661338147751E-15,-4.7)
  );
#2524 = DIRECTION('',(-0.5,-0.5,0.707106781187));
#2525 = DIRECTION('',(-0.5,-0.5,-0.707106781187));
#2526 = ORIENTED_EDGE('',*,*,#2527,.T.);
#2527 = EDGE_CURVE('',#2519,#2528,#2530,.T.);
#2528 = VERTEX_POINT('',#2529);
#2529 = CARTESIAN_POINT('',(-9.810758597949,12.639185722695,-2.7));
#2530 = LINE('',#2531,#2532);
#2531 = CARTESIAN_POINT('',(-5.303300858899,8.131727983645,-2.7));
#2532 = VECTOR('',#2533,1.);
#2533 = DIRECTION('',(0.707106781187,-0.707106781187,0.));
#2534 = ORIENTED_EDGE('',*,*,#2535,.T.);
#2535 = EDGE_CURVE('',#2528,#1469,#2536,.T.);
#2536 = ELLIPSE('',#2537,22.62741699797,16.);
#2537 = AXIS2_PLACEMENT_3D('',#2538,#2539,#2540);
#2538 = CARTESIAN_POINT('',(4.440892098501E-15,6.661338147751E-15,-4.7)
  );
#2539 = DIRECTION('',(0.5,0.5,-0.707106781187));
#2540 = DIRECTION('',(-0.5,-0.5,-0.707106781187));
#2541 = ORIENTED_EDGE('',*,*,#1468,.T.);
#2542 = PLANE('',#2543);
#2543 = AXIS2_PLACEMENT_3D('',#2544,#2545,#2546);
#2544 = CARTESIAN_POINT('',(-4.772970773009,8.662058069535,-1.95));
#2545 = DIRECTION('',(-0.5,-0.5,0.707106781187));
#2546 = DIRECTION('',(0.816496580928,0.,0.57735026919));
#2547 = ADVANCED_FACE('',(#2548),#2575,.F.);
#2548 = FACE_BOUND('',#2549,.F.);
#2549 = EDGE_LOOP('',(#2550,#2551,#2559,#2568,#2574));
#2550 = ORIENTED_EDGE('',*,*,#1476,.T.);
#2551 = ORIENTED_EDGE('',*,*,#2552,.T.);
#2552 = EDGE_CURVE('',#1477,#2553,#2555,.T.);
#2553 = VERTEX_POINT('',#2554);
#2554 = CARTESIAN_POINT('',(-3.878787878788,15.52272542408,-3.2));
#2555 = LINE('',#2556,#2557);
#2556 = CARTESIAN_POINT('',(-3.878787878788,15.52272542408,-1.2));
#2557 = VECTOR('',#2558,1.);
#2558 = DIRECTION('',(0.,0.,-1.));
#2559 = ORIENTED_EDGE('',*,*,#2560,.T.);
#2560 = EDGE_CURVE('',#2553,#2561,#2563,.T.);
#2561 = VERTEX_POINT('',#2562);
#2562 = CARTESIAN_POINT('',(-9.810758597949,12.639185722695,-3.2));
#2563 = CIRCLE('',#2564,16.);
#2564 = AXIS2_PLACEMENT_3D('',#2565,#2566,#2567);
#2565 = CARTESIAN_POINT('',(4.440892098501E-15,6.661338147751E-15,-3.2)
  );
#2566 = DIRECTION('',(0.,0.,1.));
#2567 = DIRECTION('',(-0.707106781187,0.707106781187,0.));
#2568 = ORIENTED_EDGE('',*,*,#2569,.F.);
#2569 = EDGE_CURVE('',#2528,#2561,#2570,.T.);
#2570 = LINE('',#2571,#2572);
#2571 = CARTESIAN_POINT('',(-9.810758597949,12.639185722695,-1.2));
#2572 = VECTOR('',#2573,1.);
#2573 = DIRECTION('',(0.,0.,-1.));
#2574 = ORIENTED_EDGE('',*,*,#2535,.T.);
#2575 = CYLINDRICAL_SURFACE('',#2576,16.);
#2576 = AXIS2_PLACEMENT_3D('',#2577,#2578,#2579);
#2577 = CARTESIAN_POINT('',(4.440892098501E-15,6.661338147751E-15,-1.2)
  );
#2578 = DIRECTION('',(0.,0.,-1.));
#2579 = DIRECTION('',(-0.970170339005,0.242424242424,0.));
#2580 = ADVANCED_FACE('',(#2581),#2620,.F.);
#2581 = FACE_BOUND('',#2582,.T.);
#2582 = EDGE_LOOP('',(#2583,#2584,#2592,#2605,#2606,#2619));
#2583 = ORIENTED_EDGE('',*,*,#2527,.F.);
#2584 = ORIENTED_EDGE('',*,*,#2585,.F.);
#2585 = EDGE_CURVE('',#2586,#2519,#2588,.T.);
#2586 = VERTEX_POINT('',#2587);
#2587 = CARTESIAN_POINT('',(-10.87907729077,13.707504415517,-3.2));
#2588 = LINE('',#2589,#2590);
#2589 = CARTESIAN_POINT('',(-10.87907729077,13.707504415517,-1.2));
#2590 = VECTOR('',#2591,1.);
#2591 = DIRECTION('',(0.,0.,1.));
#2592 = ORIENTED_EDGE('',*,*,#2593,.F.);
#2593 = EDGE_CURVE('',#1098,#2586,#2594,.T.);
#2594 = B_SPLINE_CURVE_WITH_KNOTS('',3,(#2595,#2596,#2597,#2598,#2599,
    #2600,#2601,#2602,#2603,#2604),.UNSPECIFIED.,.F.,.F.,(4,2,2,2,4),(
    7.427361547659E-02,9.293951060454E-02,0.11154846875,0.130084412924,
    0.148558248439),.UNSPECIFIED.);
#2595 = CARTESIAN_POINT('',(-11.2348970783,14.063324203046,-3.7));
#2596 = CARTESIAN_POINT('',(-11.19090114156,14.019328266307,-3.7));
#2597 = CARTESIAN_POINT('',(-11.13911153958,13.967538664335,
    -3.685497430916));
#2598 = CARTESIAN_POINT('',(-11.05789734157,13.886324466317,
    -3.638100711174));
#2599 = CARTESIAN_POINT('',(-11.01406863124,13.84249575599,
    -3.59688443436));
#2600 = CARTESIAN_POINT('',(-10.95203814923,13.780465273976,
    -3.509506376948));
#2601 = CARTESIAN_POINT('',(-10.92281158911,13.751238713864,
    -3.447952205759));
#2602 = CARTESIAN_POINT('',(-10.88931931155,13.717746436305,
    -3.334041328581));
#2603 = CARTESIAN_POINT('',(-10.87907729077,13.707504415517,
    -3.261579451717));
#2604 = CARTESIAN_POINT('',(-10.87907729077,13.707504415517,-3.2));
#2605 = ORIENTED_EDGE('',*,*,#1097,.T.);
#2606 = ORIENTED_EDGE('',*,*,#2607,.F.);
#2607 = EDGE_CURVE('',#2561,#1089,#2608,.T.);
#2608 = B_SPLINE_CURVE_WITH_KNOTS('',3,(#2609,#2610,#2611,#2612,#2613,
    #2614,#2615,#2616,#2617,#2618),.UNSPECIFIED.,.F.,.F.,(4,2,2,2,4),(0.
    ,1.846456598764E-02,3.70036799992E-02,5.563639074341E-02,
    7.43521258253E-02),.UNSPECIFIED.);
#2609 = CARTESIAN_POINT('',(-9.810758597949,12.639185722695,-3.2));
#2610 = CARTESIAN_POINT('',(-9.810758597949,12.639185722695,
    -3.261548553292));
#2611 = CARTESIAN_POINT('',(-9.800513262244,12.62894038699,
    -3.333971680443));
#2612 = CARTESIAN_POINT('',(-9.767005738111,12.595432862857,
    -3.447851567569));
#2613 = CARTESIAN_POINT('',(-9.73775394805,12.566181072796,
    -3.509397042868));
#2614 = CARTESIAN_POINT('',(-9.675651527774,12.50407865252,
    -3.596800109616));
#2615 = CARTESIAN_POINT('',(-9.631750018965,12.460177143711,
    -3.638033125555));
#2616 = CARTESIAN_POINT('',(-9.55036369505,12.378790819795,
    -3.685483021461));
#2617 = CARTESIAN_POINT('',(-9.498432407907,12.326859532653,-3.7));
#2618 = CARTESIAN_POINT('',(-9.454318997269,12.282746122015,-3.7));
#2619 = ORIENTED_EDGE('',*,*,#2569,.F.);
#2620 = PLANE('',#2621);
#2621 = AXIS2_PLACEMENT_3D('',#2622,#2623,#2624);
#2622 = CARTESIAN_POINT('',(-12.02081528017,14.849242404917,-1.2));
#2623 = DIRECTION('',(0.707106781187,0.707106781187,0.));
#2624 = DIRECTION('',(0.707106781187,-0.707106781187,0.));
#2625 = ADVANCED_FACE('',(#2626),#2662,.T.);
#2626 = FACE_BOUND('',#2627,.T.);
#2627 = EDGE_LOOP('',(#2628,#2639,#2647,#2656));
#2628 = ORIENTED_EDGE('',*,*,#2629,.T.);
#2629 = EDGE_CURVE('',#2630,#2632,#2634,.T.);
#2630 = VERTEX_POINT('',#2631);
#2631 = CARTESIAN_POINT('',(-13.70750441551,10.879077290771,-2.7));
#2632 = VERTEX_POINT('',#2633);
#2633 = CARTESIAN_POINT('',(-14.59922938713,9.649481918829,-1.2));
#2634 = ELLIPSE('',#2635,24.748737341529,17.5);
#2635 = AXIS2_PLACEMENT_3D('',#2636,#2637,#2638);
#2636 = CARTESIAN_POINT('',(4.440892098501E-15,6.661338147751E-15,-4.7)
  );
#2637 = DIRECTION('',(0.5,0.5,0.707106781187));
#2638 = DIRECTION('',(-0.5,-0.5,0.707106781187));
#2639 = ORIENTED_EDGE('',*,*,#2640,.T.);
#2640 = EDGE_CURVE('',#2632,#2641,#2643,.T.);
#2641 = VERTEX_POINT('',#2642);
#2642 = CARTESIAN_POINT('',(-13.51457481706,8.564827348757,-1.2));
#2643 = LINE('',#2644,#2645);
#2644 = CARTESIAN_POINT('',(-7.601397897755,2.651650429449,-1.2));
#2645 = VECTOR('',#2646,1.);
#2646 = DIRECTION('',(0.707106781187,-0.707106781187,0.));
#2647 = ORIENTED_EDGE('',*,*,#2648,.T.);
#2648 = EDGE_CURVE('',#2641,#2649,#2651,.T.);
#2649 = VERTEX_POINT('',#2650);
#2650 = CARTESIAN_POINT('',(-12.63918572269,9.810758597949,-2.7));
#2651 = ELLIPSE('',#2652,22.62741699797,16.);
#2652 = AXIS2_PLACEMENT_3D('',#2653,#2654,#2655);
#2653 = CARTESIAN_POINT('',(4.440892098501E-15,6.661338147751E-15,-4.7)
  );
#2654 = DIRECTION('',(-0.5,-0.5,-0.707106781187));
#2655 = DIRECTION('',(-0.5,-0.5,0.707106781187));
#2656 = ORIENTED_EDGE('',*,*,#2657,.T.);
#2657 = EDGE_CURVE('',#2649,#2630,#2658,.T.);
#2658 = LINE('',#2659,#2660);
#2659 = CARTESIAN_POINT('',(-6.540737725976,3.712310601229,-2.7));
#2660 = VECTOR('',#2661,1.);
#2661 = DIRECTION('',(-0.707106781187,0.707106781187,0.));
#2662 = PLANE('',#2663);
#2663 = AXIS2_PLACEMENT_3D('',#2664,#2665,#2666);
#2664 = CARTESIAN_POINT('',(-7.071067811866,3.181980515339,-1.95));
#2665 = DIRECTION('',(0.5,0.5,0.707106781187));
#2666 = DIRECTION('',(0.816496580928,0.,-0.57735026919));
#2667 = ADVANCED_FACE('',(#2668),#2703,.T.);
#2668 = FACE_BOUND('',#2669,.T.);
#2669 = EDGE_LOOP('',(#2670,#2671,#2679,#2688,#2696));
#2670 = ORIENTED_EDGE('',*,*,#2629,.F.);
#2671 = ORIENTED_EDGE('',*,*,#2672,.T.);
#2672 = EDGE_CURVE('',#2630,#2673,#2675,.T.);
#2673 = VERTEX_POINT('',#2674);
#2674 = CARTESIAN_POINT('',(-13.70750441551,10.879077290771,-3.2));
#2675 = LINE('',#2676,#2677);
#2676 = CARTESIAN_POINT('',(-13.70750441551,10.879077290771,-1.2));
#2677 = VECTOR('',#2678,1.);
#2678 = DIRECTION('',(0.,0.,-1.));
#2679 = ORIENTED_EDGE('',*,*,#2680,.F.);
#2680 = EDGE_CURVE('',#2681,#2673,#2683,.T.);
#2681 = VERTEX_POINT('',#2682);
#2682 = CARTESIAN_POINT('',(-16.77050983124,5.,-3.2));
#2683 = CIRCLE('',#2684,17.5);
#2684 = AXIS2_PLACEMENT_3D('',#2685,#2686,#2687);
#2685 = CARTESIAN_POINT('',(4.440892098501E-15,6.661338147751E-15,-3.2)
  );
#2686 = DIRECTION('',(0.,0.,-1.));
#2687 = DIRECTION('',(-0.707106781187,0.707106781187,0.));
#2688 = ORIENTED_EDGE('',*,*,#2689,.F.);
#2689 = EDGE_CURVE('',#2690,#2681,#2692,.T.);
#2690 = VERTEX_POINT('',#2691);
#2691 = CARTESIAN_POINT('',(-16.77050983124,5.,-1.2));
#2692 = LINE('',#2693,#2694);
#2693 = CARTESIAN_POINT('',(-16.77050983124,5.,-1.2));
#2694 = VECTOR('',#2695,1.);
#2695 = DIRECTION('',(0.,0.,-1.));
#2696 = ORIENTED_EDGE('',*,*,#2697,.T.);
#2697 = EDGE_CURVE('',#2690,#2632,#2698,.T.);
#2698 = CIRCLE('',#2699,17.5);
#2699 = AXIS2_PLACEMENT_3D('',#2700,#2701,#2702);
#2700 = CARTESIAN_POINT('',(4.440892098501E-15,6.661338147751E-15,-1.2)
  );
#2701 = DIRECTION('',(0.,0.,-1.));
#2702 = DIRECTION('',(-0.9583148475,0.285714285714,0.));
#2703 = CYLINDRICAL_SURFACE('',#2704,17.5);
#2704 = AXIS2_PLACEMENT_3D('',#2705,#2706,#2707);
#2705 = CARTESIAN_POINT('',(4.440892098501E-15,6.661338147751E-15,-1.2)
  );
#2706 = DIRECTION('',(0.,0.,-1.));
#2707 = DIRECTION('',(-0.9583148475,0.285714285714,0.));
#2708 = ADVANCED_FACE('',(#2709),#2748,.F.);
#2709 = FACE_BOUND('',#2710,.T.);
#2710 = EDGE_LOOP('',(#2711,#2712,#2720,#2733,#2734,#2747));
#2711 = ORIENTED_EDGE('',*,*,#2657,.F.);
#2712 = ORIENTED_EDGE('',*,*,#2713,.F.);
#2713 = EDGE_CURVE('',#2714,#2649,#2716,.T.);
#2714 = VERTEX_POINT('',#2715);
#2715 = CARTESIAN_POINT('',(-12.63918572269,9.810758597949,-3.2));
#2716 = LINE('',#2717,#2718);
#2717 = CARTESIAN_POINT('',(-12.63918572269,9.810758597949,-1.2));
#2718 = VECTOR('',#2719,1.);
#2719 = DIRECTION('',(0.,0.,1.));
#2720 = ORIENTED_EDGE('',*,*,#2721,.F.);
#2721 = EDGE_CURVE('',#570,#2714,#2722,.T.);
#2722 = B_SPLINE_CURVE_WITH_KNOTS('',3,(#2723,#2724,#2725,#2726,#2727,
    #2728,#2729,#2730,#2731,#2732),.UNSPECIFIED.,.F.,.F.,(4,2,2,2,4),(
    -7.43521258253E-02,-5.563639074341E-02,-3.70036799992E-02,
    -1.846456598764E-02,0.),.UNSPECIFIED.);
#2723 = CARTESIAN_POINT('',(-12.28274612201,9.454318997269,-3.7));
#2724 = CARTESIAN_POINT('',(-12.32685953265,9.498432407906,-3.7));
#2725 = CARTESIAN_POINT('',(-12.37879081979,9.550363695049,
    -3.685483021461));
#2726 = CARTESIAN_POINT('',(-12.46017714371,9.631750018965,
    -3.638033125555));
#2727 = CARTESIAN_POINT('',(-12.50407865252,9.675651527774,
    -3.596800109616));
#2728 = CARTESIAN_POINT('',(-12.56618107279,9.73775394805,
    -3.509397042868));
#2729 = CARTESIAN_POINT('',(-12.59543286285,9.767005738111,
    -3.447851567569));
#2730 = CARTESIAN_POINT('',(-12.62894038699,9.800513262243,
    -3.333971680443));
#2731 = CARTESIAN_POINT('',(-12.63918572269,9.810758597949,
    -3.261548553292));
#2732 = CARTESIAN_POINT('',(-12.63918572269,9.810758597949,-3.2));
#2733 = ORIENTED_EDGE('',*,*,#569,.T.);
#2734 = ORIENTED_EDGE('',*,*,#2735,.F.);
#2735 = EDGE_CURVE('',#2673,#561,#2736,.T.);
#2736 = B_SPLINE_CURVE_WITH_KNOTS('',3,(#2737,#2738,#2739,#2740,#2741,
    #2742,#2743,#2744,#2745,#2746),.UNSPECIFIED.,.F.,.F.,(4,2,2,2,4),(
    -0.148558248439,-0.130084412924,-0.11154846875,-9.293951060454E-02,
    -7.427361547659E-02),.UNSPECIFIED.);
#2737 = CARTESIAN_POINT('',(-13.70750441551,10.879077290771,-3.2));
#2738 = CARTESIAN_POINT('',(-13.70750441551,10.879077290771,
    -3.261579451717));
#2739 = CARTESIAN_POINT('',(-13.7177464363,10.889319311559,
    -3.334041328581));
#2740 = CARTESIAN_POINT('',(-13.75123871386,10.922811589117,
    -3.447952205759));
#2741 = CARTESIAN_POINT('',(-13.78046527397,10.95203814923,
    -3.509506376948));
#2742 = CARTESIAN_POINT('',(-13.84249575599,11.014068631244,
    -3.59688443436));
#2743 = CARTESIAN_POINT('',(-13.88632446631,11.057897341571,
    -3.638100711174));
#2744 = CARTESIAN_POINT('',(-13.96753866433,11.139111539589,
    -3.685497430916));
#2745 = CARTESIAN_POINT('',(-14.0193282663,11.190901141561,-3.7));
#2746 = CARTESIAN_POINT('',(-14.06332420304,11.2348970783,-3.7));
#2747 = ORIENTED_EDGE('',*,*,#2672,.F.);
#2748 = PLANE('',#2749);
#2749 = AXIS2_PLACEMENT_3D('',#2750,#2751,#2752);
#2750 = CARTESIAN_POINT('',(-11.66726188957,8.838834764832,-1.2));
#2751 = DIRECTION('',(-0.707106781187,-0.707106781187,0.));
#2752 = DIRECTION('',(-0.707106781187,0.707106781187,0.));
#2753 = ADVANCED_FACE('',(#2754),#2776,.F.);
#2754 = FACE_BOUND('',#2755,.F.);
#2755 = EDGE_LOOP('',(#2756,#2757,#2774,#2775));
#2756 = ORIENTED_EDGE('',*,*,#2680,.F.);
#2757 = ORIENTED_EDGE('',*,*,#2758,.F.);
#2758 = EDGE_CURVE('',#553,#2681,#2759,.T.);
#2759 = B_SPLINE_CURVE_WITH_KNOTS('',3,(#2760,#2761,#2762,#2763,#2764,
    #2765,#2766,#2767,#2768,#2769,#2770,#2771,#2772,#2773),
  .UNSPECIFIED.,.F.,.F.,(4,2,2,2,2,2,4),(-0.177338344898,-0.176946055252
    ,-0.159141474013,-0.141788675057,-0.120655057295,-0.103265536832,
    -8.842973189994E-02),.UNSPECIFIED.);
#2760 = CARTESIAN_POINT('',(-17.139136501,5.5,-3.7));
#2761 = CARTESIAN_POINT('',(-17.13836783631,5.498946060083,-3.7));
#2762 = CARTESIAN_POINT('',(-17.13759913713,5.497892143765,
    -3.699996667632));
#2763 = CARTESIAN_POINT('',(-17.1019409487,5.449006677531,
    -3.699687535853));
#2764 = CARTESIAN_POINT('',(-17.0669327939,5.401161521935,
    -3.692521004053));
#2765 = CARTESIAN_POINT('',(-16.99976813721,5.309640709771,
    -3.664749157036));
#2766 = CARTESIAN_POINT('',(-16.96744459281,5.265730483828,
    -3.644438032842));
#2767 = CARTESIAN_POINT('',(-16.90039583916,5.174880958995,
    -3.584536468301));
#2768 = CARTESIAN_POINT('',(-16.86664998099,5.129324762634,
    -3.541666685871));
#2769 = CARTESIAN_POINT('',(-16.81631420078,5.061516281314,
    -3.446033583117));
#2770 = CARTESIAN_POINT('',(-16.7980487295,5.036971907372,
    -3.396892630918));
#2771 = CARTESIAN_POINT('',(-16.77585467117,5.007167821926,
    -3.297044996202));
#2772 = CARTESIAN_POINT('',(-16.77050983124,5.,-3.24889582818));
#2773 = CARTESIAN_POINT('',(-16.77050983124,5.,-3.2));
#2774 = ORIENTED_EDGE('',*,*,#560,.F.);
#2775 = ORIENTED_EDGE('',*,*,#2735,.F.);
#2776 = TOROIDAL_SURFACE('',#2777,18.,0.5);
#2777 = AXIS2_PLACEMENT_3D('',#2778,#2779,#2780);
#2778 = CARTESIAN_POINT('',(4.440892098501E-15,6.661338147751E-15,-3.2)
  );
#2779 = DIRECTION('',(0.,0.,-1.));
#2780 = DIRECTION('',(-1.,0.,0.));
#2781 = ADVANCED_FACE('',(#2782),#2812,.F.);
#2782 = FACE_BOUND('',#2783,.F.);
#2783 = EDGE_LOOP('',(#2784,#2785,#2804,#2811));
#2784 = ORIENTED_EDGE('',*,*,#1105,.F.);
#2785 = ORIENTED_EDGE('',*,*,#2786,.T.);
#2786 = EDGE_CURVE('',#1106,#2787,#2789,.T.);
#2787 = VERTEX_POINT('',#2788);
#2788 = CARTESIAN_POINT('',(-5.,16.770509831248,-3.2));
#2789 = B_SPLINE_CURVE_WITH_KNOTS('',3,(#2790,#2791,#2792,#2793,#2794,
    #2795,#2796,#2797,#2798,#2799,#2800,#2801,#2802,#2803),
  .UNSPECIFIED.,.F.,.F.,(4,2,2,2,2,2,4),(-3.913401680579E-04,0.,
    1.776148797429E-02,3.507228713447E-02,5.615475420687E-02,
    7.350218599529E-02,8.830208313093E-02),.UNSPECIFIED.);
#2790 = CARTESIAN_POINT('',(-5.5,17.139136501003,-3.7));
#2791 = CARTESIAN_POINT('',(-5.498946060083,17.138367836318,-3.7));
#2792 = CARTESIAN_POINT('',(-5.497892143765,17.137599137133,
    -3.699996667632));
#2793 = CARTESIAN_POINT('',(-5.449006677532,17.10194094871,
    -3.699687535853));
#2794 = CARTESIAN_POINT('',(-5.401161521935,17.066932793908,
    -3.692521004053));
#2795 = CARTESIAN_POINT('',(-5.309640709771,16.99976813721,
    -3.664749157036));
#2796 = CARTESIAN_POINT('',(-5.265730483828,16.967444592812,
    -3.644438032842));
#2797 = CARTESIAN_POINT('',(-5.174880958995,16.900395839168,
    -3.584536468301));
#2798 = CARTESIAN_POINT('',(-5.129324762634,16.866649980999,
    -3.541666685871));
#2799 = CARTESIAN_POINT('',(-5.061516281314,16.816314200782,
    -3.446033583117));
#2800 = CARTESIAN_POINT('',(-5.036971907372,16.798048729508,
    -3.396892630918));
#2801 = CARTESIAN_POINT('',(-5.007167821926,16.775854671171,
    -3.297044996202));
#2802 = CARTESIAN_POINT('',(-5.,16.770509831248,-3.24889582818));
#2803 = CARTESIAN_POINT('',(-5.,16.770509831248,-3.2));
#2804 = ORIENTED_EDGE('',*,*,#2805,.F.);
#2805 = EDGE_CURVE('',#2586,#2787,#2806,.T.);
#2806 = CIRCLE('',#2807,17.5);
#2807 = AXIS2_PLACEMENT_3D('',#2808,#2809,#2810);
#2808 = CARTESIAN_POINT('',(4.440892098501E-15,6.661338147751E-15,-3.2)
  );
#2809 = DIRECTION('',(0.,0.,-1.));
#2810 = DIRECTION('',(-0.707106781187,0.707106781187,0.));
#2811 = ORIENTED_EDGE('',*,*,#2593,.F.);
#2812 = TOROIDAL_SURFACE('',#2813,18.,0.5);
#2813 = AXIS2_PLACEMENT_3D('',#2814,#2815,#2816);
#2814 = CARTESIAN_POINT('',(4.440892098501E-15,6.661338147751E-15,-3.2)
  );
#2815 = DIRECTION('',(0.,0.,-1.));
#2816 = DIRECTION('',(-1.,0.,0.));
#2817 = ADVANCED_FACE('',(#2818),#2830,.T.);
#2818 = FACE_BOUND('',#2819,.T.);
#2819 = EDGE_LOOP('',(#2820,#2821,#2822,#2828,#2829));
#2820 = ORIENTED_EDGE('',*,*,#2518,.F.);
#2821 = ORIENTED_EDGE('',*,*,#1459,.T.);
#2822 = ORIENTED_EDGE('',*,*,#2823,.T.);
#2823 = EDGE_CURVE('',#1452,#2787,#2824,.T.);
#2824 = LINE('',#2825,#2826);
#2825 = CARTESIAN_POINT('',(-5.,16.770509831248,-1.2));
#2826 = VECTOR('',#2827,1.);
#2827 = DIRECTION('',(0.,0.,-1.));
#2828 = ORIENTED_EDGE('',*,*,#2805,.F.);
#2829 = ORIENTED_EDGE('',*,*,#2585,.T.);
#2830 = CYLINDRICAL_SURFACE('',#2831,17.5);
#2831 = AXIS2_PLACEMENT_3D('',#2832,#2833,#2834);
#2832 = CARTESIAN_POINT('',(4.440892098501E-15,6.661338147751E-15,-1.2)
  );
#2833 = DIRECTION('',(0.,0.,-1.));
#2834 = DIRECTION('',(-0.9583148475,0.285714285714,0.));
#2835 = ADVANCED_FACE('',(#2836,#2914,#2917),#2928,.F.);
#2836 = FACE_BOUND('',#2837,.T.);
#2837 = EDGE_LOOP('',(#2838,#2839,#2840,#2849,#2857,#2865,#2873,#2882,
    #2889,#2890,#2891,#2899,#2907,#2913));
#2838 = ORIENTED_EDGE('',*,*,#2044,.F.);
#2839 = ORIENTED_EDGE('',*,*,#2075,.T.);
#2840 = ORIENTED_EDGE('',*,*,#2841,.F.);
#2841 = EDGE_CURVE('',#2842,#2076,#2844,.T.);
#2842 = VERTEX_POINT('',#2843);
#2843 = CARTESIAN_POINT('',(-16.00781059358,-3.5,-1.2));
#2844 = CIRCLE('',#2845,0.5);
#2845 = AXIS2_PLACEMENT_3D('',#2846,#2847,#2848);
#2846 = CARTESIAN_POINT('',(-16.00781059358,-4.,-1.2));
#2847 = DIRECTION('',(0.,0.,-1.));
#2848 = DIRECTION('',(1.224646799147E-16,1.,0.));
#2849 = ORIENTED_EDGE('',*,*,#2850,.T.);
#2850 = EDGE_CURVE('',#2842,#2851,#2853,.T.);
#2851 = VERTEX_POINT('',#2852);
#2852 = CARTESIAN_POINT('',(-27.3,-3.5,-1.2));
#2853 = LINE('',#2854,#2855);
#2854 = CARTESIAN_POINT('',(-23.19278368574,-3.5,-1.2));
#2855 = VECTOR('',#2856,1.);
#2856 = DIRECTION('',(-1.,7.945683850284E-17,0.));
#2857 = ORIENTED_EDGE('',*,*,#2858,.F.);
#2858 = EDGE_CURVE('',#2859,#2851,#2861,.T.);
#2859 = VERTEX_POINT('',#2860);
#2860 = CARTESIAN_POINT('',(-27.3,3.5,-1.2));
#2861 = LINE('',#2862,#2863);
#2862 = CARTESIAN_POINT('',(-27.3,11.65,-1.2));
#2863 = VECTOR('',#2864,1.);
#2864 = DIRECTION('',(-6.123233995737E-17,-1.,0.));
#2865 = ORIENTED_EDGE('',*,*,#2866,.F.);
#2866 = EDGE_CURVE('',#2867,#2859,#2869,.T.);
#2867 = VERTEX_POINT('',#2868);
#2868 = CARTESIAN_POINT('',(-16.00781059358,3.5,-1.2));
#2869 = LINE('',#2870,#2871);
#2870 = CARTESIAN_POINT('',(-16.00781059358,3.5,-1.2));
#2871 = VECTOR('',#2872,1.);
#2872 = DIRECTION('',(-1.,2.899120449278E-16,0.));
#2873 = ORIENTED_EDGE('',*,*,#2874,.F.);
#2874 = EDGE_CURVE('',#2875,#2867,#2877,.T.);
#2875 = VERTEX_POINT('',#2876);
#2876 = CARTESIAN_POINT('',(-15.52272542408,3.878787878788,-1.2));
#2877 = CIRCLE('',#2878,0.5);
#2878 = AXIS2_PLACEMENT_3D('',#2879,#2880,#2881);
#2879 = CARTESIAN_POINT('',(-16.00781059358,4.,-1.2));
#2880 = DIRECTION('',(0.,0.,-1.));
#2881 = DIRECTION('',(0.970170339005,-0.242424242424,0.));
#2882 = ORIENTED_EDGE('',*,*,#2883,.T.);
#2883 = EDGE_CURVE('',#2875,#2641,#2884,.T.);
#2884 = CIRCLE('',#2885,16.);
#2885 = AXIS2_PLACEMENT_3D('',#2886,#2887,#2888);
#2886 = CARTESIAN_POINT('',(4.440892098501E-15,6.661338147751E-15,-1.2)
  );
#2887 = DIRECTION('',(0.,0.,-1.));
#2888 = DIRECTION('',(-0.970170339005,0.242424242424,0.));
#2889 = ORIENTED_EDGE('',*,*,#2640,.F.);
#2890 = ORIENTED_EDGE('',*,*,#2697,.F.);
#2891 = ORIENTED_EDGE('',*,*,#2892,.T.);
#2892 = EDGE_CURVE('',#2690,#2893,#2895,.T.);
#2893 = VERTEX_POINT('',#2894);
#2894 = CARTESIAN_POINT('',(-36.09999999999,5.,-1.2));
#2895 = LINE('',#2896,#2897);
#2896 = CARTESIAN_POINT('',(-23.29019945774,5.,-1.2));
#2897 = VECTOR('',#2898,1.);
#2898 = DIRECTION('',(-1.,-1.121072871451E-16,0.));
#2899 = ORIENTED_EDGE('',*,*,#2900,.T.);
#2900 = EDGE_CURVE('',#2893,#2901,#2903,.T.);
#2901 = VERTEX_POINT('',#2902);
#2902 = CARTESIAN_POINT('',(-36.09999999999,-5.,-1.2));
#2903 = LINE('',#2904,#2905);
#2904 = CARTESIAN_POINT('',(-36.09999999999,36.099999999999,-1.2));
#2905 = VECTOR('',#2906,1.);
#2906 = DIRECTION('',(-1.224646799147E-16,-1.,0.));
#2907 = ORIENTED_EDGE('',*,*,#2908,.T.);
#2908 = EDGE_CURVE('',#2901,#2381,#2909,.T.);
#2909 = LINE('',#2910,#2911);
#2910 = CARTESIAN_POINT('',(-23.29019945774,-5.,-1.2));
#2911 = VECTOR('',#2912,1.);
#2912 = DIRECTION('',(1.,-2.076085355449E-16,0.));
#2913 = ORIENTED_EDGE('',*,*,#2380,.F.);
#2914 = FACE_BOUND('',#2915,.T.);
#2915 = EDGE_LOOP('',(#2916));
#2916 = ORIENTED_EDGE('',*,*,#63,.T.);
#2917 = FACE_BOUND('',#2918,.T.);
#2918 = EDGE_LOOP('',(#2919));
#2919 = ORIENTED_EDGE('',*,*,#2920,.T.);
#2920 = EDGE_CURVE('',#2921,#2921,#2923,.T.);
#2921 = VERTEX_POINT('',#2922);
#2922 = CARTESIAN_POINT('',(-29.8,-1.1,-1.2));
#2923 = CIRCLE('',#2924,1.1);
#2924 = AXIS2_PLACEMENT_3D('',#2925,#2926,#2927);
#2925 = CARTESIAN_POINT('',(-29.8,1.127606602933E-14,-1.2));
#2926 = DIRECTION('',(0.,0.,-1.));
#2927 = DIRECTION('',(6.123233995737E-17,1.,0.));
#2928 = PLANE('',#2929);
#2929 = AXIS2_PLACEMENT_3D('',#2930,#2931,#2932);
#2930 = CARTESIAN_POINT('',(19.799999999999,19.799999999999,-1.2));
#2931 = DIRECTION('',(0.,0.,-1.));
#2932 = DIRECTION('',(1.,0.,0.));
#2933 = ADVANCED_FACE('',(#2934),#2954,.F.);
#2934 = FACE_BOUND('',#2935,.F.);
#2935 = EDGE_LOOP('',(#2936,#2937,#2946,#2952,#2953));
#2936 = ORIENTED_EDGE('',*,*,#2713,.F.);
#2937 = ORIENTED_EDGE('',*,*,#2938,.T.);
#2938 = EDGE_CURVE('',#2714,#2939,#2941,.T.);
#2939 = VERTEX_POINT('',#2940);
#2940 = CARTESIAN_POINT('',(-15.52272542408,3.878787878788,-3.2));
#2941 = CIRCLE('',#2942,16.);
#2942 = AXIS2_PLACEMENT_3D('',#2943,#2944,#2945);
#2943 = CARTESIAN_POINT('',(4.440892098501E-15,6.661338147751E-15,-3.2)
  );
#2944 = DIRECTION('',(0.,0.,1.));
#2945 = DIRECTION('',(-0.707106781187,0.707106781187,0.));
#2946 = ORIENTED_EDGE('',*,*,#2947,.F.);
#2947 = EDGE_CURVE('',#2875,#2939,#2948,.T.);
#2948 = LINE('',#2949,#2950);
#2949 = CARTESIAN_POINT('',(-15.52272542408,3.878787878788,-1.2));
#2950 = VECTOR('',#2951,1.);
#2951 = DIRECTION('',(0.,0.,-1.));
#2952 = ORIENTED_EDGE('',*,*,#2883,.T.);
#2953 = ORIENTED_EDGE('',*,*,#2648,.T.);
#2954 = CYLINDRICAL_SURFACE('',#2955,16.);
#2955 = AXIS2_PLACEMENT_3D('',#2956,#2957,#2958);
#2956 = CARTESIAN_POINT('',(4.440892098501E-15,6.661338147751E-15,-1.2)
  );
#2957 = DIRECTION('',(0.,0.,-1.));
#2958 = DIRECTION('',(-0.970170339005,0.242424242424,0.));
#2959 = ADVANCED_FACE('',(#2960),#2972,.F.);
#2960 = FACE_BOUND('',#2961,.F.);
#2961 = EDGE_LOOP('',(#2962,#2963,#2970,#2971));
#2962 = ORIENTED_EDGE('',*,*,#577,.F.);
#2963 = ORIENTED_EDGE('',*,*,#2964,.F.);
#2964 = EDGE_CURVE('',#2939,#578,#2965,.T.);
#2965 = CIRCLE('',#2966,0.5);
#2966 = AXIS2_PLACEMENT_3D('',#2967,#2968,#2969);
#2967 = CARTESIAN_POINT('',(-15.03764025457,3.757575757576,-3.2));
#2968 = DIRECTION('',(-0.242424242424,-0.970170339005,0.));
#2969 = DIRECTION('',(-0.970170339005,0.242424242424,0.));
#2970 = ORIENTED_EDGE('',*,*,#2938,.F.);
#2971 = ORIENTED_EDGE('',*,*,#2721,.F.);
#2972 = TOROIDAL_SURFACE('',#2973,15.5,0.5);
#2973 = AXIS2_PLACEMENT_3D('',#2974,#2975,#2976);
#2974 = CARTESIAN_POINT('',(4.440892098501E-15,6.661338147751E-15,-3.2)
  );
#2975 = DIRECTION('',(0.,0.,1.));
#2976 = DIRECTION('',(1.,0.,-0.));
#2977 = ADVANCED_FACE('',(#2978),#2990,.F.);
#2978 = FACE_BOUND('',#2979,.F.);
#2979 = EDGE_LOOP('',(#2980,#2981,#2988,#2989));
#2980 = ORIENTED_EDGE('',*,*,#2560,.F.);
#2981 = ORIENTED_EDGE('',*,*,#2982,.T.);
#2982 = EDGE_CURVE('',#2553,#1080,#2983,.T.);
#2983 = CIRCLE('',#2984,0.5);
#2984 = AXIS2_PLACEMENT_3D('',#2985,#2986,#2987);
#2985 = CARTESIAN_POINT('',(-3.757575757576,15.037640254577,-3.2));
#2986 = DIRECTION('',(-0.970170339005,-0.242424242424,0.));
#2987 = DIRECTION('',(-0.242424242424,0.970170339005,0.));
#2988 = ORIENTED_EDGE('',*,*,#1088,.F.);
#2989 = ORIENTED_EDGE('',*,*,#2607,.F.);
#2990 = TOROIDAL_SURFACE('',#2991,15.5,0.5);
#2991 = AXIS2_PLACEMENT_3D('',#2992,#2993,#2994);
#2992 = CARTESIAN_POINT('',(4.440892098501E-15,6.661338147751E-15,-3.2)
  );
#2993 = DIRECTION('',(0.,0.,1.));
#2994 = DIRECTION('',(1.,0.,-0.));
#2995 = ADVANCED_FACE('',(#2996),#3021,.T.);
#2996 = FACE_BOUND('',#2997,.T.);
#2997 = EDGE_LOOP('',(#2998,#2999,#3007,#3015));
#2998 = ORIENTED_EDGE('',*,*,#462,.F.);
#2999 = ORIENTED_EDGE('',*,*,#3000,.F.);
#3000 = EDGE_CURVE('',#3001,#455,#3003,.T.);
#3001 = VERTEX_POINT('',#3002);
#3002 = CARTESIAN_POINT('',(34.599999999999,20.099999999998,-1.2));
#3003 = LINE('',#3004,#3005);
#3004 = CARTESIAN_POINT('',(34.599999999999,20.099999999998,-1.2));
#3005 = VECTOR('',#3006,1.);
#3006 = DIRECTION('',(0.,0.,-1.));
#3007 = ORIENTED_EDGE('',*,*,#3008,.T.);
#3008 = EDGE_CURVE('',#3001,#3009,#3011,.T.);
#3009 = VERTEX_POINT('',#3010);
#3010 = CARTESIAN_POINT('',(34.599999999999,28.099999999998,-1.2));
#3011 = LINE('',#3012,#3013);
#3012 = CARTESIAN_POINT('',(34.599999999999,20.099999999998,-1.2));
#3013 = VECTOR('',#3014,1.);
#3014 = DIRECTION('',(-2.22044604925E-15,1.,0.));
#3015 = ORIENTED_EDGE('',*,*,#3016,.T.);
#3016 = EDGE_CURVE('',#3009,#463,#3017,.T.);
#3017 = LINE('',#3018,#3019);
#3018 = CARTESIAN_POINT('',(34.599999999999,28.099999999998,-1.2));
#3019 = VECTOR('',#3020,1.);
#3020 = DIRECTION('',(0.,0.,-1.));
#3021 = PLANE('',#3022);
#3022 = AXIS2_PLACEMENT_3D('',#3023,#3024,#3025);
#3023 = CARTESIAN_POINT('',(34.599999999999,20.099999999998,-1.2));
#3024 = DIRECTION('',(-1.,-2.22044604925E-15,0.));
#3025 = DIRECTION('',(-2.22044604925E-15,1.,0.));
#3026 = ADVANCED_FACE('',(#3027),#3045,.T.);
#3027 = FACE_BOUND('',#3028,.T.);
#3028 = EDGE_LOOP('',(#3029,#3030,#3038,#3044));
#3029 = ORIENTED_EDGE('',*,*,#454,.F.);
#3030 = ORIENTED_EDGE('',*,*,#3031,.F.);
#3031 = EDGE_CURVE('',#3032,#447,#3034,.T.);
#3032 = VERTEX_POINT('',#3033);
#3033 = CARTESIAN_POINT('',(36.099999999999,20.099999999998,-1.2));
#3034 = LINE('',#3035,#3036);
#3035 = CARTESIAN_POINT('',(36.099999999999,20.099999999998,-1.2));
#3036 = VECTOR('',#3037,1.);
#3037 = DIRECTION('',(0.,0.,-1.));
#3038 = ORIENTED_EDGE('',*,*,#3039,.T.);
#3039 = EDGE_CURVE('',#3032,#3001,#3040,.T.);
#3040 = LINE('',#3041,#3042);
#3041 = CARTESIAN_POINT('',(36.099999999999,20.099999999998,-1.2));
#3042 = VECTOR('',#3043,1.);
#3043 = DIRECTION('',(-1.,-2.960594732334E-15,0.));
#3044 = ORIENTED_EDGE('',*,*,#3000,.T.);
#3045 = PLANE('',#3046);
#3046 = AXIS2_PLACEMENT_3D('',#3047,#3048,#3049);
#3047 = CARTESIAN_POINT('',(36.099999999999,20.099999999998,-1.2));
#3048 = DIRECTION('',(2.960594732334E-15,-1.,0.));
#3049 = DIRECTION('',(-1.,-2.960594732334E-15,0.));
#3050 = ADVANCED_FACE('',(#3051),#3069,.T.);
#3051 = FACE_BOUND('',#3052,.T.);
#3052 = EDGE_LOOP('',(#3053,#3054,#3055,#3063));
#3053 = ORIENTED_EDGE('',*,*,#470,.F.);
#3054 = ORIENTED_EDGE('',*,*,#3016,.F.);
#3055 = ORIENTED_EDGE('',*,*,#3056,.T.);
#3056 = EDGE_CURVE('',#3009,#3057,#3059,.T.);
#3057 = VERTEX_POINT('',#3058);
#3058 = CARTESIAN_POINT('',(36.099999999999,28.099999999998,-1.2));
#3059 = LINE('',#3060,#3061);
#3060 = CARTESIAN_POINT('',(34.599999999999,28.099999999998,-1.2));
#3061 = VECTOR('',#3062,1.);
#3062 = DIRECTION('',(1.,0.,0.));
#3063 = ORIENTED_EDGE('',*,*,#3064,.T.);
#3064 = EDGE_CURVE('',#3057,#471,#3065,.T.);
#3065 = LINE('',#3066,#3067);
#3066 = CARTESIAN_POINT('',(36.099999999999,28.099999999998,-1.2));
#3067 = VECTOR('',#3068,1.);
#3068 = DIRECTION('',(0.,0.,-1.));
#3069 = PLANE('',#3070);
#3070 = AXIS2_PLACEMENT_3D('',#3071,#3072,#3073);
#3071 = CARTESIAN_POINT('',(34.599999999999,28.099999999998,-1.2));
#3072 = DIRECTION('',(0.,1.,0.));
#3073 = DIRECTION('',(1.,0.,0.));
#3074 = ADVANCED_FACE('',(#3075),#3086,.F.);
#3075 = FACE_BOUND('',#3076,.T.);
#3076 = EDGE_LOOP('',(#3077,#3078,#3079,#3085));
#3077 = ORIENTED_EDGE('',*,*,#3008,.F.);
#3078 = ORIENTED_EDGE('',*,*,#3039,.F.);
#3079 = ORIENTED_EDGE('',*,*,#3080,.F.);
#3080 = EDGE_CURVE('',#3057,#3032,#3081,.T.);
#3081 = LINE('',#3082,#3083);
#3082 = CARTESIAN_POINT('',(36.099999999999,28.099999999998,-1.2));
#3083 = VECTOR('',#3084,1.);
#3084 = DIRECTION('',(0.,-1.,0.));
#3085 = ORIENTED_EDGE('',*,*,#3056,.F.);
#3086 = PLANE('',#3087);
#3087 = AXIS2_PLACEMENT_3D('',#3088,#3089,#3090);
#3088 = CARTESIAN_POINT('',(35.349999999999,24.099999999998,-1.2));
#3089 = DIRECTION('',(0.,0.,-1.));
#3090 = DIRECTION('',(1.,0.,0.));
#3091 = ADVANCED_FACE('',(#3092,#3162,#3173,#3184,#3234,#3269,#3280,
    #3330,#3341,#3400,#3450),#3500,.T.);
#3092 = FACE_BOUND('',#3093,.T.);
#3093 = EDGE_LOOP('',(#3094,#3104,#3113,#3121,#3130,#3138,#3147,#3155));
#3094 = ORIENTED_EDGE('',*,*,#3095,.F.);
#3095 = EDGE_CURVE('',#3096,#3098,#3100,.T.);
#3096 = VERTEX_POINT('',#3097);
#3097 = CARTESIAN_POINT('',(36.099999999999,-34.09999999999,-5.2));
#3098 = VERTEX_POINT('',#3099);
#3099 = CARTESIAN_POINT('',(36.099999999999,34.099999999999,-5.2));
#3100 = LINE('',#3101,#3102);
#3101 = CARTESIAN_POINT('',(36.099999999999,18.049999999999,-5.2));
#3102 = VECTOR('',#3103,1.);
#3103 = DIRECTION('',(0.,1.,0.));
#3104 = ORIENTED_EDGE('',*,*,#3105,.F.);
#3105 = EDGE_CURVE('',#3106,#3096,#3108,.T.);
#3106 = VERTEX_POINT('',#3107);
#3107 = CARTESIAN_POINT('',(34.099999999999,-36.09999999999,-5.2));
#3108 = CIRCLE('',#3109,2.);
#3109 = AXIS2_PLACEMENT_3D('',#3110,#3111,#3112);
#3110 = CARTESIAN_POINT('',(34.099999999999,-34.09999999999,-5.2));
#3111 = DIRECTION('',(0.,0.,1.));
#3112 = DIRECTION('',(0.707106781187,-0.707106781187,0.));
#3113 = ORIENTED_EDGE('',*,*,#3114,.F.);
#3114 = EDGE_CURVE('',#3115,#3106,#3117,.T.);
#3115 = VERTEX_POINT('',#3116);
#3116 = CARTESIAN_POINT('',(-34.09999999999,-36.09999999999,-5.2));
#3117 = LINE('',#3118,#3119);
#3118 = CARTESIAN_POINT('',(18.049999999999,-36.09999999999,-5.2));
#3119 = VECTOR('',#3120,1.);
#3120 = DIRECTION('',(1.,-6.150820081026E-17,0.));
#3121 = ORIENTED_EDGE('',*,*,#3122,.F.);
#3122 = EDGE_CURVE('',#3123,#3115,#3125,.T.);
#3123 = VERTEX_POINT('',#3124);
#3124 = CARTESIAN_POINT('',(-36.09999999999,-34.09999999999,-5.2));
#3125 = CIRCLE('',#3126,2.);
#3126 = AXIS2_PLACEMENT_3D('',#3127,#3128,#3129);
#3127 = CARTESIAN_POINT('',(-34.09999999999,-34.09999999999,-5.2));
#3128 = DIRECTION('',(0.,0.,1.));
#3129 = DIRECTION('',(-0.707106781187,-0.707106781187,0.));
#3130 = ORIENTED_EDGE('',*,*,#3131,.F.);
#3131 = EDGE_CURVE('',#3132,#3123,#3134,.T.);
#3132 = VERTEX_POINT('',#3133);
#3133 = CARTESIAN_POINT('',(-36.09999999999,34.099999999999,-5.2));
#3134 = LINE('',#3135,#3136);
#3135 = CARTESIAN_POINT('',(-36.09999999999,-18.04999999999,-5.2));
#3136 = VECTOR('',#3137,1.);
#3137 = DIRECTION('',(-6.150820081026E-17,-1.,0.));
#3138 = ORIENTED_EDGE('',*,*,#3139,.F.);
#3139 = EDGE_CURVE('',#3140,#3132,#3142,.T.);
#3140 = VERTEX_POINT('',#3141);
#3141 = CARTESIAN_POINT('',(-34.09999999999,36.099999999999,-5.2));
#3142 = CIRCLE('',#3143,2.);
#3143 = AXIS2_PLACEMENT_3D('',#3144,#3145,#3146);
#3144 = CARTESIAN_POINT('',(-34.09999999999,34.099999999999,-5.2));
#3145 = DIRECTION('',(0.,0.,1.));
#3146 = DIRECTION('',(-0.707106781187,0.707106781187,0.));
#3147 = ORIENTED_EDGE('',*,*,#3148,.F.);
#3148 = EDGE_CURVE('',#3149,#3140,#3151,.T.);
#3149 = VERTEX_POINT('',#3150);
#3150 = CARTESIAN_POINT('',(34.099999999999,36.099999999999,-5.2));
#3151 = LINE('',#3152,#3153);
#3152 = CARTESIAN_POINT('',(-18.04999999999,36.099999999999,-5.2));
#3153 = VECTOR('',#3154,1.);
#3154 = DIRECTION('',(-1.,0.,0.));
#3155 = ORIENTED_EDGE('',*,*,#3156,.F.);
#3156 = EDGE_CURVE('',#3098,#3149,#3157,.T.);
#3157 = CIRCLE('',#3158,2.);
#3158 = AXIS2_PLACEMENT_3D('',#3159,#3160,#3161);
#3159 = CARTESIAN_POINT('',(34.099999999999,34.099999999999,-5.2));
#3160 = DIRECTION('',(0.,0.,1.));
#3161 = DIRECTION('',(0.707106781187,0.707106781187,-0.));
#3162 = FACE_BOUND('',#3163,.T.);
#3163 = EDGE_LOOP('',(#3164));
#3164 = ORIENTED_EDGE('',*,*,#3165,.F.);
#3165 = EDGE_CURVE('',#3166,#3166,#3168,.T.);
#3166 = VERTEX_POINT('',#3167);
#3167 = CARTESIAN_POINT('',(30.349999999998,-32.09999999999,-5.2));
#3168 = CIRCLE('',#3169,1.75);
#3169 = AXIS2_PLACEMENT_3D('',#3170,#3171,#3172);
#3170 = CARTESIAN_POINT('',(32.099999999998,-32.09999999999,-5.2));
#3171 = DIRECTION('',(0.,0.,-1.));
#3172 = DIRECTION('',(1.,0.,0.));
#3173 = FACE_BOUND('',#3174,.T.);
#3174 = EDGE_LOOP('',(#3175));
#3175 = ORIENTED_EDGE('',*,*,#3176,.F.);
#3176 = EDGE_CURVE('',#3177,#3177,#3179,.T.);
#3177 = VERTEX_POINT('',#3178);
#3178 = CARTESIAN_POINT('',(-33.84999999999,-32.09999999999,-5.2));
#3179 = CIRCLE('',#3180,1.75);
#3180 = AXIS2_PLACEMENT_3D('',#3181,#3182,#3183);
#3181 = CARTESIAN_POINT('',(-32.09999999999,-32.09999999999,-5.2));
#3182 = DIRECTION('',(0.,0.,-1.));
#3183 = DIRECTION('',(1.,0.,0.));
#3184 = FACE_BOUND('',#3185,.T.);
#3185 = EDGE_LOOP('',(#3186,#3196,#3204,#3212,#3220,#3228));
#3186 = ORIENTED_EDGE('',*,*,#3187,.T.);
#3187 = EDGE_CURVE('',#3188,#3190,#3192,.T.);
#3188 = VERTEX_POINT('',#3189);
#3189 = CARTESIAN_POINT('',(-29.8,2.367136103677,-5.2));
#3190 = VERTEX_POINT('',#3191);
#3191 = CARTESIAN_POINT('',(-31.85,1.183568051839,-5.2));
#3192 = LINE('',#3193,#3194);
#3193 = CARTESIAN_POINT('',(-19.1375,8.523133348912,-5.2));
#3194 = VECTOR('',#3195,1.);
#3195 = DIRECTION('',(-0.866025403784,-0.5,0.));
#3196 = ORIENTED_EDGE('',*,*,#3197,.T.);
#3197 = EDGE_CURVE('',#3190,#3198,#3200,.T.);
#3198 = VERTEX_POINT('',#3199);
#3199 = CARTESIAN_POINT('',(-31.85,-1.183568051839,-5.2));
#3200 = LINE('',#3201,#3202);
#3201 = CARTESIAN_POINT('',(-31.85,0.591784025919,-5.2));
#3202 = VECTOR('',#3203,1.);
#3203 = DIRECTION('',(-1.937293497405E-15,-1.,0.));
#3204 = ORIENTED_EDGE('',*,*,#3205,.T.);
#3205 = EDGE_CURVE('',#3198,#3206,#3208,.T.);
#3206 = VERTEX_POINT('',#3207);
#3207 = CARTESIAN_POINT('',(-29.8,-2.367136103677,-5.2));
#3208 = LINE('',#3209,#3210);
#3209 = CARTESIAN_POINT('',(-20.1625,-7.931349322993,-5.2));
#3210 = VECTOR('',#3211,1.);
#3211 = DIRECTION('',(0.866025403784,-0.5,0.));
#3212 = ORIENTED_EDGE('',*,*,#3213,.T.);
#3213 = EDGE_CURVE('',#3206,#3214,#3216,.T.);
#3214 = VERTEX_POINT('',#3215);
#3215 = CARTESIAN_POINT('',(-27.75,-1.183568051839,-5.2));
#3216 = LINE('',#3217,#3218);
#3217 = CARTESIAN_POINT('',(-18.1125,4.380645167476,-5.2));
#3218 = VECTOR('',#3219,1.);
#3219 = DIRECTION('',(0.866025403784,0.5,0.));
#3220 = ORIENTED_EDGE('',*,*,#3221,.T.);
#3221 = EDGE_CURVE('',#3214,#3222,#3224,.T.);
#3222 = VERTEX_POINT('',#3223);
#3223 = CARTESIAN_POINT('',(-27.75,1.183568051839,-5.2));
#3224 = LINE('',#3225,#3226);
#3225 = CARTESIAN_POINT('',(-27.75,-0.591784025919,-5.2));
#3226 = VECTOR('',#3227,1.);
#3227 = DIRECTION('',(3.813354654852E-15,1.,0.));
#3228 = ORIENTED_EDGE('',*,*,#3229,.T.);
#3229 = EDGE_CURVE('',#3222,#3188,#3230,.T.);
#3230 = LINE('',#3231,#3232);
#3231 = CARTESIAN_POINT('',(-17.0875,-4.972429193396,-5.2));
#3232 = VECTOR('',#3233,1.);
#3233 = DIRECTION('',(-0.866025403784,0.5,0.));
#3234 = FACE_BOUND('',#3235,.T.);
#3235 = EDGE_LOOP('',(#3236,#3247,#3255,#3263));
#3236 = ORIENTED_EDGE('',*,*,#3237,.F.);
#3237 = EDGE_CURVE('',#3238,#3240,#3242,.T.);
#3238 = VERTEX_POINT('',#3239);
#3239 = CARTESIAN_POINT('',(12.099999999998,22.099999999999,-5.2));
#3240 = VERTEX_POINT('',#3241);
#3241 = CARTESIAN_POINT('',(32.099999999998,22.099999999999,-5.2));
#3242 = CIRCLE('',#3243,10.);
#3243 = AXIS2_PLACEMENT_3D('',#3244,#3245,#3246);
#3244 = CARTESIAN_POINT('',(22.099999999998,22.099999999999,-5.2));
#3245 = DIRECTION('',(0.,0.,-1.));
#3246 = DIRECTION('',(-1.,0.,0.));
#3247 = ORIENTED_EDGE('',*,*,#3248,.F.);
#3248 = EDGE_CURVE('',#3249,#3238,#3251,.T.);
#3249 = VERTEX_POINT('',#3250);
#3250 = CARTESIAN_POINT('',(12.099999999998,14.099999999999,-5.2));
#3251 = LINE('',#3252,#3253);
#3252 = CARTESIAN_POINT('',(12.099999999998,11.049999999999,-5.2));
#3253 = VECTOR('',#3254,1.);
#3254 = DIRECTION('',(-1.110223024625E-15,1.,0.));
#3255 = ORIENTED_EDGE('',*,*,#3256,.F.);
#3256 = EDGE_CURVE('',#3257,#3249,#3259,.T.);
#3257 = VERTEX_POINT('',#3258);
#3258 = CARTESIAN_POINT('',(32.099999999998,14.099999999999,-5.2));
#3259 = LINE('',#3260,#3261);
#3260 = CARTESIAN_POINT('',(6.049999999999,14.099999999999,-5.2));
#3261 = VECTOR('',#3262,1.);
#3262 = DIRECTION('',(-1.,0.,0.));
#3263 = ORIENTED_EDGE('',*,*,#3264,.F.);
#3264 = EDGE_CURVE('',#3240,#3257,#3265,.T.);
#3265 = LINE('',#3266,#3267);
#3266 = CARTESIAN_POINT('',(32.099999999998,7.05,-5.2));
#3267 = VECTOR('',#3268,1.);
#3268 = DIRECTION('',(1.110223024625E-15,-1.,0.));
#3269 = FACE_BOUND('',#3270,.T.);
#3270 = EDGE_LOOP('',(#3271));
#3271 = ORIENTED_EDGE('',*,*,#3272,.F.);
#3272 = EDGE_CURVE('',#3273,#3273,#3275,.T.);
#3273 = VERTEX_POINT('',#3274);
#3274 = CARTESIAN_POINT('',(30.349999999999,32.099999999998,-5.2));
#3275 = CIRCLE('',#3276,1.75);
#3276 = AXIS2_PLACEMENT_3D('',#3277,#3278,#3279);
#3277 = CARTESIAN_POINT('',(32.099999999999,32.099999999998,-5.2));
#3278 = DIRECTION('',(0.,0.,-1.));
#3279 = DIRECTION('',(1.,0.,0.));
#3280 = FACE_BOUND('',#3281,.T.);
#3281 = EDGE_LOOP('',(#3282,#3292,#3300,#3308,#3316,#3324));
#3282 = ORIENTED_EDGE('',*,*,#3283,.T.);
#3283 = EDGE_CURVE('',#3284,#3286,#3288,.T.);
#3284 = VERTEX_POINT('',#3285);
#3285 = CARTESIAN_POINT('',(2.367136103677,29.8,-5.2));
#3286 = VERTEX_POINT('',#3287);
#3287 = CARTESIAN_POINT('',(1.183568051839,31.85,-5.2));
#3288 = LINE('',#3289,#3290);
#3289 = CARTESIAN_POINT('',(8.523133348912,19.1375,-5.2));
#3290 = VECTOR('',#3291,1.);
#3291 = DIRECTION('',(-0.5,0.866025403784,0.));
#3292 = ORIENTED_EDGE('',*,*,#3293,.T.);
#3293 = EDGE_CURVE('',#3286,#3294,#3296,.T.);
#3294 = VERTEX_POINT('',#3295);
#3295 = CARTESIAN_POINT('',(-1.183568051839,31.85,-5.2));
#3296 = LINE('',#3297,#3298);
#3297 = CARTESIAN_POINT('',(0.59178402592,31.85,-5.2));
#3298 = VECTOR('',#3299,1.);
#3299 = DIRECTION('',(-1.,1.876061157447E-15,0.));
#3300 = ORIENTED_EDGE('',*,*,#3301,.T.);
#3301 = EDGE_CURVE('',#3294,#3302,#3304,.T.);
#3302 = VERTEX_POINT('',#3303);
#3303 = CARTESIAN_POINT('',(-2.367136103677,29.8,-5.2));
#3304 = LINE('',#3305,#3306);
#3305 = CARTESIAN_POINT('',(-7.931349322992,20.1625,-5.2));
#3306 = VECTOR('',#3307,1.);
#3307 = DIRECTION('',(-0.5,-0.866025403784,0.));
#3308 = ORIENTED_EDGE('',*,*,#3309,.T.);
#3309 = EDGE_CURVE('',#3302,#3310,#3312,.T.);
#3310 = VERTEX_POINT('',#3311);
#3311 = CARTESIAN_POINT('',(-1.183568051839,27.75,-5.2));
#3312 = LINE('',#3313,#3314);
#3313 = CARTESIAN_POINT('',(4.380645167476,18.1125,-5.2));
#3314 = VECTOR('',#3315,1.);
#3315 = DIRECTION('',(0.5,-0.866025403784,0.));
#3316 = ORIENTED_EDGE('',*,*,#3317,.T.);
#3317 = EDGE_CURVE('',#3310,#3318,#3320,.T.);
#3318 = VERTEX_POINT('',#3319);
#3319 = CARTESIAN_POINT('',(1.183568051839,27.75,-5.2));
#3320 = LINE('',#3321,#3322);
#3321 = CARTESIAN_POINT('',(-0.591784025919,27.75,-5.2));
#3322 = VECTOR('',#3323,1.);
#3323 = DIRECTION('',(1.,-3.752122314895E-15,0.));
#3324 = ORIENTED_EDGE('',*,*,#3325,.T.);
#3325 = EDGE_CURVE('',#3318,#3284,#3326,.T.);
#3326 = LINE('',#3327,#3328);
#3327 = CARTESIAN_POINT('',(-4.972429193396,17.0875,-5.2));
#3328 = VECTOR('',#3329,1.);
#3329 = DIRECTION('',(0.5,0.866025403784,0.));
#3330 = FACE_BOUND('',#3331,.T.);
#3331 = EDGE_LOOP('',(#3332));
#3332 = ORIENTED_EDGE('',*,*,#3333,.F.);
#3333 = EDGE_CURVE('',#3334,#3334,#3336,.T.);
#3334 = VERTEX_POINT('',#3335);
#3335 = CARTESIAN_POINT('',(-33.84999999999,32.099999999999,-5.2));
#3336 = CIRCLE('',#3337,1.75);
#3337 = AXIS2_PLACEMENT_3D('',#3338,#3339,#3340);
#3338 = CARTESIAN_POINT('',(-32.09999999999,32.099999999999,-5.2));
#3339 = DIRECTION('',(0.,0.,-1.));
#3340 = DIRECTION('',(1.,0.,0.));
#3341 = FACE_BOUND('',#3342,.T.);
#3342 = EDGE_LOOP('',(#3343,#3353,#3361,#3369,#3377,#3385,#3393));
#3343 = ORIENTED_EDGE('',*,*,#3344,.F.);
#3344 = EDGE_CURVE('',#3345,#3347,#3349,.T.);
#3345 = VERTEX_POINT('',#3346);
#3346 = CARTESIAN_POINT('',(-32.09999999999,14.099999999999,-5.2));
#3347 = VERTEX_POINT('',#3348);
#3348 = CARTESIAN_POINT('',(-32.09999999999,22.099999999999,-5.2));
#3349 = LINE('',#3350,#3351);
#3350 = CARTESIAN_POINT('',(-32.09999999999,11.05,-5.2));
#3351 = VECTOR('',#3352,1.);
#3352 = DIRECTION('',(1.665334536938E-15,1.,0.));
#3353 = ORIENTED_EDGE('',*,*,#3354,.F.);
#3354 = EDGE_CURVE('',#3355,#3345,#3357,.T.);
#3355 = VERTEX_POINT('',#3356);
#3356 = CARTESIAN_POINT('',(-21.17106781186,14.099999999999,-5.2));
#3357 = LINE('',#3358,#3359);
#3358 = CARTESIAN_POINT('',(-16.04999999999,14.099999999999,-5.2));
#3359 = VECTOR('',#3360,1.);
#3360 = DIRECTION('',(-1.,0.,0.));
#3361 = ORIENTED_EDGE('',*,*,#3362,.F.);
#3362 = EDGE_CURVE('',#3363,#3355,#3365,.T.);
#3363 = VERTEX_POINT('',#3364);
#3364 = CARTESIAN_POINT('',(-16.26345596729,9.192388155425,-5.2));
#3365 = LINE('',#3366,#3367);
#3366 = CARTESIAN_POINT('',(-12.35330085889,5.282233047033,-5.2));
#3367 = VECTOR('',#3368,1.);
#3368 = DIRECTION('',(-0.707106781187,0.707106781187,0.));
#3369 = ORIENTED_EDGE('',*,*,#3370,.F.);
#3370 = EDGE_CURVE('',#3371,#3363,#3373,.T.);
#3371 = VERTEX_POINT('',#3372);
#3372 = CARTESIAN_POINT('',(-9.192388155425,16.26345596729,-5.2));
#3373 = LINE('',#3374,#3375);
#3374 = CARTESIAN_POINT('',(-14.49568901432,10.960155108391,-5.2));
#3375 = VECTOR('',#3376,1.);
#3376 = DIRECTION('',(-0.707106781187,-0.707106781187,0.));
#3377 = ORIENTED_EDGE('',*,*,#3378,.F.);
#3378 = EDGE_CURVE('',#3379,#3371,#3381,.T.);
#3379 = VERTEX_POINT('',#3380);
#3380 = CARTESIAN_POINT('',(-12.09999999999,19.171067811863,-5.2));
#3381 = LINE('',#3382,#3383);
#3382 = CARTESIAN_POINT('',(-2.828427124746,9.899494936611,-5.2));
#3383 = VECTOR('',#3384,1.);
#3384 = DIRECTION('',(0.707106781187,-0.707106781187,0.));
#3385 = ORIENTED_EDGE('',*,*,#3386,.F.);
#3386 = EDGE_CURVE('',#3387,#3379,#3389,.T.);
#3387 = VERTEX_POINT('',#3388);
#3388 = CARTESIAN_POINT('',(-12.09999999999,22.099999999999,-5.2));
#3389 = LINE('',#3390,#3391);
#3390 = CARTESIAN_POINT('',(-12.09999999999,9.585533905931,-5.2));
#3391 = VECTOR('',#3392,1.);
#3392 = DIRECTION('',(-1.665334536938E-15,-1.,0.));
#3393 = ORIENTED_EDGE('',*,*,#3394,.F.);
#3394 = EDGE_CURVE('',#3347,#3387,#3395,.T.);
#3395 = CIRCLE('',#3396,10.);
#3396 = AXIS2_PLACEMENT_3D('',#3397,#3398,#3399);
#3397 = CARTESIAN_POINT('',(-22.09999999999,22.099999999999,-5.2));
#3398 = DIRECTION('',(0.,0.,-1.));
#3399 = DIRECTION('',(-1.,0.,0.));
#3400 = FACE_BOUND('',#3401,.T.);
#3401 = EDGE_LOOP('',(#3402,#3412,#3420,#3428,#3436,#3444));
#3402 = ORIENTED_EDGE('',*,*,#3403,.T.);
#3403 = EDGE_CURVE('',#3404,#3406,#3408,.T.);
#3404 = VERTEX_POINT('',#3405);
#3405 = CARTESIAN_POINT('',(-2.367136103677,-29.8,-5.2));
#3406 = VERTEX_POINT('',#3407);
#3407 = CARTESIAN_POINT('',(-1.183568051839,-31.85,-5.2));
#3408 = LINE('',#3409,#3410);
#3409 = CARTESIAN_POINT('',(-8.523133348912,-19.1375,-5.2));
#3410 = VECTOR('',#3411,1.);
#3411 = DIRECTION('',(0.5,-0.866025403784,0.));
#3412 = ORIENTED_EDGE('',*,*,#3413,.T.);
#3413 = EDGE_CURVE('',#3406,#3414,#3416,.T.);
#3414 = VERTEX_POINT('',#3415);
#3415 = CARTESIAN_POINT('',(1.183568051839,-31.85,-5.2));
#3416 = LINE('',#3417,#3418);
#3417 = CARTESIAN_POINT('',(-0.591784025919,-31.85,-5.2));
#3418 = VECTOR('',#3419,1.);
#3419 = DIRECTION('',(1.,-1.998525837362E-15,0.));
#3420 = ORIENTED_EDGE('',*,*,#3421,.T.);
#3421 = EDGE_CURVE('',#3414,#3422,#3424,.T.);
#3422 = VERTEX_POINT('',#3423);
#3423 = CARTESIAN_POINT('',(2.367136103677,-29.8,-5.2));
#3424 = LINE('',#3425,#3426);
#3425 = CARTESIAN_POINT('',(7.931349322993,-20.1625,-5.2));
#3426 = VECTOR('',#3427,1.);
#3427 = DIRECTION('',(0.5,0.866025403784,0.));
#3428 = ORIENTED_EDGE('',*,*,#3429,.T.);
#3429 = EDGE_CURVE('',#3422,#3430,#3432,.T.);
#3430 = VERTEX_POINT('',#3431);
#3431 = CARTESIAN_POINT('',(1.183568051839,-27.75,-5.2));
#3432 = LINE('',#3433,#3434);
#3433 = CARTESIAN_POINT('',(-4.380645167476,-18.1125,-5.2));
#3434 = VECTOR('',#3435,1.);
#3435 = DIRECTION('',(-0.5,0.866025403784,0.));
#3436 = ORIENTED_EDGE('',*,*,#3437,.T.);
#3437 = EDGE_CURVE('',#3430,#3438,#3440,.T.);
#3438 = VERTEX_POINT('',#3439);
#3439 = CARTESIAN_POINT('',(-1.183568051839,-27.75,-5.2));
#3440 = LINE('',#3441,#3442);
#3441 = CARTESIAN_POINT('',(0.59178402592,-27.75,-5.2));
#3442 = VECTOR('',#3443,1.);
#3443 = DIRECTION('',(-1.,3.874586994809E-15,0.));
#3444 = ORIENTED_EDGE('',*,*,#3445,.T.);
#3445 = EDGE_CURVE('',#3438,#3404,#3446,.T.);
#3446 = LINE('',#3447,#3448);
#3447 = CARTESIAN_POINT('',(4.972429193396,-17.0875,-5.2));
#3448 = VECTOR('',#3449,1.);
#3449 = DIRECTION('',(-0.5,-0.866025403784,0.));
#3450 = FACE_BOUND('',#3451,.T.);
#3451 = EDGE_LOOP('',(#3452,#3462,#3470,#3478,#3486,#3494));
#3452 = ORIENTED_EDGE('',*,*,#3453,.T.);
#3453 = EDGE_CURVE('',#3454,#3456,#3458,.T.);
#3454 = VERTEX_POINT('',#3455);
#3455 = CARTESIAN_POINT('',(29.8,-2.367136103677,-5.2));
#3456 = VERTEX_POINT('',#3457);
#3457 = CARTESIAN_POINT('',(31.85,-1.183568051839,-5.2));
#3458 = LINE('',#3459,#3460);
#3459 = CARTESIAN_POINT('',(19.1375,-8.523133348912,-5.2));
#3460 = VECTOR('',#3461,1.);
#3461 = DIRECTION('',(0.866025403784,0.5,0.));
#3462 = ORIENTED_EDGE('',*,*,#3463,.T.);
#3463 = EDGE_CURVE('',#3456,#3464,#3466,.T.);
#3464 = VERTEX_POINT('',#3465);
#3465 = CARTESIAN_POINT('',(31.85,1.183568051839,-5.2));
#3466 = LINE('',#3467,#3468);
#3467 = CARTESIAN_POINT('',(31.85,-0.591784025919,-5.2));
#3468 = VECTOR('',#3469,1.);
#3469 = DIRECTION('',(2.059758177319E-15,1.,0.));
#3470 = ORIENTED_EDGE('',*,*,#3471,.T.);
#3471 = EDGE_CURVE('',#3464,#3472,#3474,.T.);
#3472 = VERTEX_POINT('',#3473);
#3473 = CARTESIAN_POINT('',(29.8,2.367136103677,-5.2));
#3474 = LINE('',#3475,#3476);
#3475 = CARTESIAN_POINT('',(20.1625,7.931349322992,-5.2));
#3476 = VECTOR('',#3477,1.);
#3477 = DIRECTION('',(-0.866025403784,0.5,0.));
#3478 = ORIENTED_EDGE('',*,*,#3479,.T.);
#3479 = EDGE_CURVE('',#3472,#3480,#3482,.T.);
#3480 = VERTEX_POINT('',#3481);
#3481 = CARTESIAN_POINT('',(27.75,1.183568051839,-5.2));
#3482 = LINE('',#3483,#3484);
#3483 = CARTESIAN_POINT('',(18.1125,-4.380645167476,-5.2));
#3484 = VECTOR('',#3485,1.);
#3485 = DIRECTION('',(-0.866025403784,-0.5,0.));
#3486 = ORIENTED_EDGE('',*,*,#3487,.T.);
#3487 = EDGE_CURVE('',#3480,#3488,#3490,.T.);
#3488 = VERTEX_POINT('',#3489);
#3489 = CARTESIAN_POINT('',(27.75,-1.183568051839,-5.2));
#3490 = LINE('',#3491,#3492);
#3491 = CARTESIAN_POINT('',(27.75,0.591784025919,-5.2));
#3492 = VECTOR('',#3493,1.);
#3493 = DIRECTION('',(-3.935819334767E-15,-1.,0.));
#3494 = ORIENTED_EDGE('',*,*,#3495,.T.);
#3495 = EDGE_CURVE('',#3488,#3454,#3496,.T.);
#3496 = LINE('',#3497,#3498);
#3497 = CARTESIAN_POINT('',(17.0875,4.972429193396,-5.2));
#3498 = VECTOR('',#3499,1.);
#3499 = DIRECTION('',(0.866025403784,-0.5,0.));
#3500 = PLANE('',#3501);
#3501 = AXIS2_PLACEMENT_3D('',#3502,#3503,#3504);
#3502 = CARTESIAN_POINT('',(6.350475700856E-13,-6.661338147751E-15,-5.2)
  );
#3503 = DIRECTION('',(0.,0.,-1.));
#3504 = DIRECTION('',(-1.,0.,0.));
#3505 = ADVANCED_FACE('',(#3506),#3531,.T.);
#3506 = FACE_BOUND('',#3507,.T.);
#3507 = EDGE_LOOP('',(#3508,#3509,#3517,#3525));
#3508 = ORIENTED_EDGE('',*,*,#670,.F.);
#3509 = ORIENTED_EDGE('',*,*,#3510,.F.);
#3510 = EDGE_CURVE('',#3511,#663,#3513,.T.);
#3511 = VERTEX_POINT('',#3512);
#3512 = CARTESIAN_POINT('',(-36.09999999999,-20.09999999999,-1.2));
#3513 = LINE('',#3514,#3515);
#3514 = CARTESIAN_POINT('',(-36.09999999999,-20.09999999999,-1.2));
#3515 = VECTOR('',#3516,1.);
#3516 = DIRECTION('',(0.,0.,-1.));
#3517 = ORIENTED_EDGE('',*,*,#3518,.T.);
#3518 = EDGE_CURVE('',#3511,#3519,#3521,.T.);
#3519 = VERTEX_POINT('',#3520);
#3520 = CARTESIAN_POINT('',(-34.59999999999,-20.09999999999,-1.2));
#3521 = LINE('',#3522,#3523);
#3522 = CARTESIAN_POINT('',(-36.09999999999,-20.09999999999,-1.2));
#3523 = VECTOR('',#3524,1.);
#3524 = DIRECTION('',(1.,2.960594732334E-15,0.));
#3525 = ORIENTED_EDGE('',*,*,#3526,.T.);
#3526 = EDGE_CURVE('',#3519,#671,#3527,.T.);
#3527 = LINE('',#3528,#3529);
#3528 = CARTESIAN_POINT('',(-34.59999999999,-20.09999999999,-1.2));
#3529 = VECTOR('',#3530,1.);
#3530 = DIRECTION('',(0.,0.,-1.));
#3531 = PLANE('',#3532);
#3532 = AXIS2_PLACEMENT_3D('',#3533,#3534,#3535);
#3533 = CARTESIAN_POINT('',(-36.09999999999,-20.09999999999,-1.2));
#3534 = DIRECTION('',(-2.960594732334E-15,1.,0.));
#3535 = DIRECTION('',(1.,2.960594732334E-15,0.));
#3536 = ADVANCED_FACE('',(#3537),#3562,.T.);
#3537 = FACE_BOUND('',#3538,.T.);
#3538 = EDGE_LOOP('',(#3539,#3540,#3548,#3556));
#3539 = ORIENTED_EDGE('',*,*,#686,.F.);
#3540 = ORIENTED_EDGE('',*,*,#3541,.F.);
#3541 = EDGE_CURVE('',#3542,#679,#3544,.T.);
#3542 = VERTEX_POINT('',#3543);
#3543 = CARTESIAN_POINT('',(-34.59999999999,-28.09999999999,-1.2));
#3544 = LINE('',#3545,#3546);
#3545 = CARTESIAN_POINT('',(-34.59999999999,-28.09999999999,-1.2));
#3546 = VECTOR('',#3547,1.);
#3547 = DIRECTION('',(0.,0.,-1.));
#3548 = ORIENTED_EDGE('',*,*,#3549,.T.);
#3549 = EDGE_CURVE('',#3542,#3550,#3552,.T.);
#3550 = VERTEX_POINT('',#3551);
#3551 = CARTESIAN_POINT('',(-36.09999999999,-28.09999999999,-1.2));
#3552 = LINE('',#3553,#3554);
#3553 = CARTESIAN_POINT('',(-34.59999999999,-28.09999999999,-1.2));
#3554 = VECTOR('',#3555,1.);
#3555 = DIRECTION('',(-1.,0.,0.));
#3556 = ORIENTED_EDGE('',*,*,#3557,.T.);
#3557 = EDGE_CURVE('',#3550,#687,#3558,.T.);
#3558 = LINE('',#3559,#3560);
#3559 = CARTESIAN_POINT('',(-36.09999999999,-28.09999999999,-1.2));
#3560 = VECTOR('',#3561,1.);
#3561 = DIRECTION('',(0.,0.,-1.));
#3562 = PLANE('',#3563);
#3563 = AXIS2_PLACEMENT_3D('',#3564,#3565,#3566);
#3564 = CARTESIAN_POINT('',(-34.59999999999,-28.09999999999,-1.2));
#3565 = DIRECTION('',(0.,-1.,0.));
#3566 = DIRECTION('',(-1.,0.,0.));
#3567 = ADVANCED_FACE('',(#3568),#3579,.T.);
#3568 = FACE_BOUND('',#3569,.T.);
#3569 = EDGE_LOOP('',(#3570,#3571,#3572,#3578));
#3570 = ORIENTED_EDGE('',*,*,#678,.F.);
#3571 = ORIENTED_EDGE('',*,*,#3526,.F.);
#3572 = ORIENTED_EDGE('',*,*,#3573,.T.);
#3573 = EDGE_CURVE('',#3519,#3542,#3574,.T.);
#3574 = LINE('',#3575,#3576);
#3575 = CARTESIAN_POINT('',(-34.59999999999,-20.09999999999,-1.2));
#3576 = VECTOR('',#3577,1.);
#3577 = DIRECTION('',(1.110223024625E-15,-1.,0.));
#3578 = ORIENTED_EDGE('',*,*,#3541,.T.);
#3579 = PLANE('',#3580);
#3580 = AXIS2_PLACEMENT_3D('',#3581,#3582,#3583);
#3581 = CARTESIAN_POINT('',(-34.59999999999,-20.09999999999,-1.2));
#3582 = DIRECTION('',(1.,1.110223024625E-15,0.));
#3583 = DIRECTION('',(1.110223024625E-15,-1.,0.));
#3584 = ADVANCED_FACE('',(#3585),#3596,.F.);
#3585 = FACE_BOUND('',#3586,.T.);
#3586 = EDGE_LOOP('',(#3587,#3588,#3589,#3595));
#3587 = ORIENTED_EDGE('',*,*,#3573,.F.);
#3588 = ORIENTED_EDGE('',*,*,#3518,.F.);
#3589 = ORIENTED_EDGE('',*,*,#3590,.F.);
#3590 = EDGE_CURVE('',#3550,#3511,#3591,.T.);
#3591 = LINE('',#3592,#3593);
#3592 = CARTESIAN_POINT('',(-36.09999999999,-28.09999999999,-1.2));
#3593 = VECTOR('',#3594,1.);
#3594 = DIRECTION('',(5.551115123126E-16,1.,0.));
#3595 = ORIENTED_EDGE('',*,*,#3549,.F.);
#3596 = PLANE('',#3597);
#3597 = AXIS2_PLACEMENT_3D('',#3598,#3599,#3600);
#3598 = CARTESIAN_POINT('',(-35.34999999999,-24.09999999999,-1.2));
#3599 = DIRECTION('',(0.,0.,-1.));
#3600 = DIRECTION('',(1.,0.,0.));
#3601 = ADVANCED_FACE('',(#3602),#3627,.T.);
#3602 = FACE_BOUND('',#3603,.T.);
#3603 = EDGE_LOOP('',(#3604,#3605,#3613,#3621));
#3604 = ORIENTED_EDGE('',*,*,#727,.F.);
#3605 = ORIENTED_EDGE('',*,*,#3606,.F.);
#3606 = EDGE_CURVE('',#3607,#720,#3609,.T.);
#3607 = VERTEX_POINT('',#3608);
#3608 = CARTESIAN_POINT('',(-28.09999999999,-34.59999999999,-1.2));
#3609 = LINE('',#3610,#3611);
#3610 = CARTESIAN_POINT('',(-28.09999999999,-34.59999999999,-1.2));
#3611 = VECTOR('',#3612,1.);
#3612 = DIRECTION('',(0.,0.,-1.));
#3613 = ORIENTED_EDGE('',*,*,#3614,.F.);
#3614 = EDGE_CURVE('',#3615,#3607,#3617,.T.);
#3615 = VERTEX_POINT('',#3616);
#3616 = CARTESIAN_POINT('',(-20.09999999999,-34.59999999999,-1.2));
#3617 = LINE('',#3618,#3619);
#3618 = CARTESIAN_POINT('',(-20.09999999999,-34.59999999999,-1.2));
#3619 = VECTOR('',#3620,1.);
#3620 = DIRECTION('',(-1.,-5.551115123126E-16,0.));
#3621 = ORIENTED_EDGE('',*,*,#3622,.T.);
#3622 = EDGE_CURVE('',#3615,#728,#3623,.T.);
#3623 = LINE('',#3624,#3625);
#3624 = CARTESIAN_POINT('',(-20.09999999999,-34.59999999999,-1.2));
#3625 = VECTOR('',#3626,1.);
#3626 = DIRECTION('',(0.,0.,-1.));
#3627 = PLANE('',#3628);
#3628 = AXIS2_PLACEMENT_3D('',#3629,#3630,#3631);
#3629 = CARTESIAN_POINT('',(-28.09999999999,-34.59999999999,-1.2));
#3630 = DIRECTION('',(-5.551115123126E-16,1.,0.));
#3631 = DIRECTION('',(1.,5.551115123126E-16,0.));
#3632 = ADVANCED_FACE('',(#3633),#3651,.T.);
#3633 = FACE_BOUND('',#3634,.T.);
#3634 = EDGE_LOOP('',(#3635,#3636,#3644,#3650));
#3635 = ORIENTED_EDGE('',*,*,#719,.F.);
#3636 = ORIENTED_EDGE('',*,*,#3637,.F.);
#3637 = EDGE_CURVE('',#3638,#712,#3640,.T.);
#3638 = VERTEX_POINT('',#3639);
#3639 = CARTESIAN_POINT('',(-28.09999999999,-36.09999999999,-1.2));
#3640 = LINE('',#3641,#3642);
#3641 = CARTESIAN_POINT('',(-28.09999999999,-36.09999999999,-1.2));
#3642 = VECTOR('',#3643,1.);
#3643 = DIRECTION('',(0.,0.,-1.));
#3644 = ORIENTED_EDGE('',*,*,#3645,.F.);
#3645 = EDGE_CURVE('',#3607,#3638,#3646,.T.);
#3646 = LINE('',#3647,#3648);
#3647 = CARTESIAN_POINT('',(-28.09999999999,-34.59999999999,-1.2));
#3648 = VECTOR('',#3649,1.);
#3649 = DIRECTION('',(-2.960594732334E-15,-1.,0.));
#3650 = ORIENTED_EDGE('',*,*,#3606,.T.);
#3651 = PLANE('',#3652);
#3652 = AXIS2_PLACEMENT_3D('',#3653,#3654,#3655);
#3653 = CARTESIAN_POINT('',(-28.09999999999,-36.09999999999,-1.2));
#3654 = DIRECTION('',(-1.,2.960594732334E-15,0.));
#3655 = DIRECTION('',(2.960594732334E-15,1.,0.));
#3656 = ADVANCED_FACE('',(#3657),#3675,.T.);
#3657 = FACE_BOUND('',#3658,.T.);
#3658 = EDGE_LOOP('',(#3659,#3660,#3661,#3669));
#3659 = ORIENTED_EDGE('',*,*,#735,.F.);
#3660 = ORIENTED_EDGE('',*,*,#3622,.F.);
#3661 = ORIENTED_EDGE('',*,*,#3662,.F.);
#3662 = EDGE_CURVE('',#3663,#3615,#3665,.T.);
#3663 = VERTEX_POINT('',#3664);
#3664 = CARTESIAN_POINT('',(-20.09999999999,-36.09999999999,-1.2));
#3665 = LINE('',#3666,#3667);
#3666 = CARTESIAN_POINT('',(-20.09999999999,-36.09999999999,-1.2));
#3667 = VECTOR('',#3668,1.);
#3668 = DIRECTION('',(5.921189464667E-15,1.,0.));
#3669 = ORIENTED_EDGE('',*,*,#3670,.T.);
#3670 = EDGE_CURVE('',#3663,#736,#3671,.T.);
#3671 = LINE('',#3672,#3673);
#3672 = CARTESIAN_POINT('',(-20.09999999999,-36.09999999999,-1.2));
#3673 = VECTOR('',#3674,1.);
#3674 = DIRECTION('',(0.,0.,-1.));
#3675 = PLANE('',#3676);
#3676 = AXIS2_PLACEMENT_3D('',#3677,#3678,#3679);
#3677 = CARTESIAN_POINT('',(-20.09999999999,-34.59999999999,-1.2));
#3678 = DIRECTION('',(1.,-5.921189464667E-15,0.));
#3679 = DIRECTION('',(-5.921189464667E-15,-1.,0.));
#3680 = ADVANCED_FACE('',(#3681),#3692,.F.);
#3681 = FACE_BOUND('',#3682,.T.);
#3682 = EDGE_LOOP('',(#3683,#3684,#3685,#3686));
#3683 = ORIENTED_EDGE('',*,*,#3662,.T.);
#3684 = ORIENTED_EDGE('',*,*,#3614,.T.);
#3685 = ORIENTED_EDGE('',*,*,#3645,.T.);
#3686 = ORIENTED_EDGE('',*,*,#3687,.T.);
#3687 = EDGE_CURVE('',#3638,#3663,#3688,.T.);
#3688 = LINE('',#3689,#3690);
#3689 = CARTESIAN_POINT('',(-28.09999999999,-36.09999999999,-1.2));
#3690 = VECTOR('',#3691,1.);
#3691 = DIRECTION('',(1.,0.,0.));
#3692 = PLANE('',#3693);
#3693 = AXIS2_PLACEMENT_3D('',#3694,#3695,#3696);
#3694 = CARTESIAN_POINT('',(-24.09999999999,-35.34999999999,-1.2));
#3695 = DIRECTION('',(0.,0.,-1.));
#3696 = DIRECTION('',(1.,0.,0.));
#3697 = ADVANCED_FACE('',(#3698),#3773,.T.);
#3698 = FACE_BOUND('',#3699,.T.);
#3699 = EDGE_LOOP('',(#3700,#3701,#3707,#3708,#3714,#3715,#3723,#3731,
    #3737,#3738,#3747,#3753,#3754,#3762,#3769,#3770,#3771,#3772));
#3700 = ORIENTED_EDGE('',*,*,#711,.F.);
#3701 = ORIENTED_EDGE('',*,*,#3702,.F.);
#3702 = EDGE_CURVE('',#3115,#703,#3703,.T.);
#3703 = LINE('',#3704,#3705);
#3704 = CARTESIAN_POINT('',(-34.09999999999,-36.09999999999,-5.2));
#3705 = VECTOR('',#3706,1.);
#3706 = DIRECTION('',(0.,0.,1.));
#3707 = ORIENTED_EDGE('',*,*,#3114,.T.);
#3708 = ORIENTED_EDGE('',*,*,#3709,.F.);
#3709 = EDGE_CURVE('',#894,#3106,#3710,.T.);
#3710 = LINE('',#3711,#3712);
#3711 = CARTESIAN_POINT('',(34.099999999999,-36.09999999999,-5.2));
#3712 = VECTOR('',#3713,1.);
#3713 = DIRECTION('',(0.,0.,-1.));
#3714 = ORIENTED_EDGE('',*,*,#893,.F.);
#3715 = ORIENTED_EDGE('',*,*,#3716,.F.);
#3716 = EDGE_CURVE('',#3717,#886,#3719,.T.);
#3717 = VERTEX_POINT('',#3718);
#3718 = CARTESIAN_POINT('',(28.099999999998,-36.09999999999,-1.2));
#3719 = LINE('',#3720,#3721);
#3720 = CARTESIAN_POINT('',(28.099999999998,-36.09999999999,-1.2));
#3721 = VECTOR('',#3722,1.);
#3722 = DIRECTION('',(0.,0.,-1.));
#3723 = ORIENTED_EDGE('',*,*,#3724,.T.);
#3724 = EDGE_CURVE('',#3717,#3725,#3727,.T.);
#3725 = VERTEX_POINT('',#3726);
#3726 = CARTESIAN_POINT('',(20.099999999998,-36.09999999999,-1.2));
#3727 = LINE('',#3728,#3729);
#3728 = CARTESIAN_POINT('',(28.099999999998,-36.09999999999,-1.2));
#3729 = VECTOR('',#3730,1.);
#3730 = DIRECTION('',(-1.,0.,0.));
#3731 = ORIENTED_EDGE('',*,*,#3732,.T.);
#3732 = EDGE_CURVE('',#3725,#862,#3733,.T.);
#3733 = LINE('',#3734,#3735);
#3734 = CARTESIAN_POINT('',(20.099999999998,-36.09999999999,-1.2));
#3735 = VECTOR('',#3736,1.);
#3736 = DIRECTION('',(0.,0.,-1.));
#3737 = ORIENTED_EDGE('',*,*,#861,.F.);
#3738 = ORIENTED_EDGE('',*,*,#3739,.F.);
#3739 = EDGE_CURVE('',#3740,#854,#3742,.T.);
#3740 = VERTEX_POINT('',#3741);
#3741 = CARTESIAN_POINT('',(5.,-36.09999999999,-3.2));
#3742 = CIRCLE('',#3743,0.5);
#3743 = AXIS2_PLACEMENT_3D('',#3744,#3745,#3746);
#3744 = CARTESIAN_POINT('',(5.5,-36.09999999999,-3.2));
#3745 = DIRECTION('',(-6.150820081026E-17,-1.,0.));
#3746 = DIRECTION('',(-0.707106781187,4.349286589152E-17,-0.707106781187
    ));
#3747 = ORIENTED_EDGE('',*,*,#3748,.F.);
#3748 = EDGE_CURVE('',#2485,#3740,#3749,.T.);
#3749 = LINE('',#3750,#3751);
#3750 = CARTESIAN_POINT('',(5.,-36.09999999999,-1.2));
#3751 = VECTOR('',#3752,1.);
#3752 = DIRECTION('',(0.,0.,-1.));
#3753 = ORIENTED_EDGE('',*,*,#2484,.F.);
#3754 = ORIENTED_EDGE('',*,*,#3755,.T.);
#3755 = EDGE_CURVE('',#2477,#3756,#3758,.T.);
#3756 = VERTEX_POINT('',#3757);
#3757 = CARTESIAN_POINT('',(-5.,-36.09999999999,-3.2));
#3758 = LINE('',#3759,#3760);
#3759 = CARTESIAN_POINT('',(-5.,-36.09999999999,-1.2));
#3760 = VECTOR('',#3761,1.);
#3761 = DIRECTION('',(0.,0.,-1.));
#3762 = ORIENTED_EDGE('',*,*,#3763,.F.);
#3763 = EDGE_CURVE('',#744,#3756,#3764,.T.);
#3764 = CIRCLE('',#3765,0.5);
#3765 = AXIS2_PLACEMENT_3D('',#3766,#3767,#3768);
#3766 = CARTESIAN_POINT('',(-5.5,-36.09999999999,-3.2));
#3767 = DIRECTION('',(-6.150820081026E-17,-1.,0.));
#3768 = DIRECTION('',(0.707106781187,-4.349286589152E-17,-0.707106781187
    ));
#3769 = ORIENTED_EDGE('',*,*,#743,.F.);
#3770 = ORIENTED_EDGE('',*,*,#3670,.F.);
#3771 = ORIENTED_EDGE('',*,*,#3687,.F.);
#3772 = ORIENTED_EDGE('',*,*,#3637,.T.);
#3773 = PLANE('',#3774);
#3774 = AXIS2_PLACEMENT_3D('',#3775,#3776,#3777);
#3775 = CARTESIAN_POINT('',(-36.09999999999,-36.09999999999,-5.2));
#3776 = DIRECTION('',(-6.150820081026E-17,-1.,0.));
#3777 = DIRECTION('',(1.,-6.150820081026E-17,0.));
#3778 = ADVANCED_FACE('',(#3779),#3804,.T.);
#3779 = FACE_BOUND('',#3780,.T.);
#3780 = EDGE_LOOP('',(#3781,#3782,#3790,#3798));
#3781 = ORIENTED_EDGE('',*,*,#926,.F.);
#3782 = ORIENTED_EDGE('',*,*,#3783,.F.);
#3783 = EDGE_CURVE('',#3784,#919,#3786,.T.);
#3784 = VERTEX_POINT('',#3785);
#3785 = CARTESIAN_POINT('',(34.599999999999,-28.09999999999,-1.2));
#3786 = LINE('',#3787,#3788);
#3787 = CARTESIAN_POINT('',(34.599999999999,-28.09999999999,-1.2));
#3788 = VECTOR('',#3789,1.);
#3789 = DIRECTION('',(0.,0.,-1.));
#3790 = ORIENTED_EDGE('',*,*,#3791,.F.);
#3791 = EDGE_CURVE('',#3792,#3784,#3794,.T.);
#3792 = VERTEX_POINT('',#3793);
#3793 = CARTESIAN_POINT('',(34.599999999999,-20.09999999999,-1.2));
#3794 = LINE('',#3795,#3796);
#3795 = CARTESIAN_POINT('',(34.599999999999,-20.09999999999,-1.2));
#3796 = VECTOR('',#3797,1.);
#3797 = DIRECTION('',(-5.551115123126E-16,-1.,0.));
#3798 = ORIENTED_EDGE('',*,*,#3799,.T.);
#3799 = EDGE_CURVE('',#3792,#927,#3800,.T.);
#3800 = LINE('',#3801,#3802);
#3801 = CARTESIAN_POINT('',(34.599999999999,-20.09999999999,-1.2));
#3802 = VECTOR('',#3803,1.);
#3803 = DIRECTION('',(0.,0.,-1.));
#3804 = PLANE('',#3805);
#3805 = AXIS2_PLACEMENT_3D('',#3806,#3807,#3808);
#3806 = CARTESIAN_POINT('',(34.599999999999,-28.09999999999,-1.2));
#3807 = DIRECTION('',(-1.,5.551115123126E-16,0.));
#3808 = DIRECTION('',(5.551115123126E-16,1.,0.));
#3809 = ADVANCED_FACE('',(#3810),#3828,.T.);
#3810 = FACE_BOUND('',#3811,.T.);
#3811 = EDGE_LOOP('',(#3812,#3813,#3821,#3827));
#3812 = ORIENTED_EDGE('',*,*,#918,.F.);
#3813 = ORIENTED_EDGE('',*,*,#3814,.F.);
#3814 = EDGE_CURVE('',#3815,#911,#3817,.T.);
#3815 = VERTEX_POINT('',#3816);
#3816 = CARTESIAN_POINT('',(36.099999999999,-28.09999999999,-1.2));
#3817 = LINE('',#3818,#3819);
#3818 = CARTESIAN_POINT('',(36.099999999999,-28.09999999999,-1.2));
#3819 = VECTOR('',#3820,1.);
#3820 = DIRECTION('',(0.,0.,-1.));
#3821 = ORIENTED_EDGE('',*,*,#3822,.F.);
#3822 = EDGE_CURVE('',#3784,#3815,#3823,.T.);
#3823 = LINE('',#3824,#3825);
#3824 = CARTESIAN_POINT('',(34.599999999999,-28.09999999999,-1.2));
#3825 = VECTOR('',#3826,1.);
#3826 = DIRECTION('',(1.,0.,0.));
#3827 = ORIENTED_EDGE('',*,*,#3783,.T.);
#3828 = PLANE('',#3829);
#3829 = AXIS2_PLACEMENT_3D('',#3830,#3831,#3832);
#3830 = CARTESIAN_POINT('',(36.099999999999,-28.09999999999,-1.2));
#3831 = DIRECTION('',(0.,-1.,0.));
#3832 = DIRECTION('',(-1.,0.,0.));
#3833 = ADVANCED_FACE('',(#3834),#3852,.T.);
#3834 = FACE_BOUND('',#3835,.T.);
#3835 = EDGE_LOOP('',(#3836,#3837,#3838,#3846));
#3836 = ORIENTED_EDGE('',*,*,#934,.F.);
#3837 = ORIENTED_EDGE('',*,*,#3799,.F.);
#3838 = ORIENTED_EDGE('',*,*,#3839,.F.);
#3839 = EDGE_CURVE('',#3840,#3792,#3842,.T.);
#3840 = VERTEX_POINT('',#3841);
#3841 = CARTESIAN_POINT('',(36.099999999999,-20.09999999999,-1.2));
#3842 = LINE('',#3843,#3844);
#3843 = CARTESIAN_POINT('',(36.099999999999,-20.09999999999,-1.2));
#3844 = VECTOR('',#3845,1.);
#3845 = DIRECTION('',(-1.,5.921189464668E-15,0.));
#3846 = ORIENTED_EDGE('',*,*,#3847,.T.);
#3847 = EDGE_CURVE('',#3840,#935,#3848,.T.);
#3848 = LINE('',#3849,#3850);
#3849 = CARTESIAN_POINT('',(36.099999999999,-20.09999999999,-1.2));
#3850 = VECTOR('',#3851,1.);
#3851 = DIRECTION('',(0.,0.,-1.));
#3852 = PLANE('',#3853);
#3853 = AXIS2_PLACEMENT_3D('',#3854,#3855,#3856);
#3854 = CARTESIAN_POINT('',(34.599999999999,-20.09999999999,-1.2));
#3855 = DIRECTION('',(5.921189464668E-15,1.,0.));
#3856 = DIRECTION('',(1.,-5.921189464668E-15,0.));
#3857 = ADVANCED_FACE('',(#3858),#3869,.F.);
#3858 = FACE_BOUND('',#3859,.T.);
#3859 = EDGE_LOOP('',(#3860,#3861,#3862,#3863));
#3860 = ORIENTED_EDGE('',*,*,#3839,.T.);
#3861 = ORIENTED_EDGE('',*,*,#3791,.T.);
#3862 = ORIENTED_EDGE('',*,*,#3822,.T.);
#3863 = ORIENTED_EDGE('',*,*,#3864,.T.);
#3864 = EDGE_CURVE('',#3815,#3840,#3865,.T.);
#3865 = LINE('',#3866,#3867);
#3866 = CARTESIAN_POINT('',(36.099999999999,-28.09999999999,-1.2));
#3867 = VECTOR('',#3868,1.);
#3868 = DIRECTION('',(-5.551115123126E-16,1.,0.));
#3869 = PLANE('',#3870);
#3870 = AXIS2_PLACEMENT_3D('',#3871,#3872,#3873);
#3871 = CARTESIAN_POINT('',(35.349999999999,-24.09999999999,-1.2));
#3872 = DIRECTION('',(0.,0.,-1.));
#3873 = DIRECTION('',(1.,0.,0.));
#3874 = ADVANCED_FACE('',(#3875),#3931,.T.);
#3875 = FACE_BOUND('',#3876,.T.);
#3876 = EDGE_LOOP('',(#3877,#3878,#3884,#3885,#3886,#3887,#3888,#3889,
    #3898,#3904,#3905,#3913,#3920,#3921,#3922,#3923,#3924,#3925));
#3877 = ORIENTED_EDGE('',*,*,#3095,.T.);
#3878 = ORIENTED_EDGE('',*,*,#3879,.F.);
#3879 = EDGE_CURVE('',#479,#3098,#3880,.T.);
#3880 = LINE('',#3881,#3882);
#3881 = CARTESIAN_POINT('',(36.099999999999,34.099999999999,-5.2));
#3882 = VECTOR('',#3883,1.);
#3883 = DIRECTION('',(0.,0.,-1.));
#3884 = ORIENTED_EDGE('',*,*,#478,.F.);
#3885 = ORIENTED_EDGE('',*,*,#3064,.F.);
#3886 = ORIENTED_EDGE('',*,*,#3080,.T.);
#3887 = ORIENTED_EDGE('',*,*,#3031,.T.);
#3888 = ORIENTED_EDGE('',*,*,#446,.F.);
#3889 = ORIENTED_EDGE('',*,*,#3890,.F.);
#3890 = EDGE_CURVE('',#3891,#439,#3893,.T.);
#3891 = VERTEX_POINT('',#3892);
#3892 = CARTESIAN_POINT('',(36.099999999998,5.,-3.2));
#3893 = CIRCLE('',#3894,0.5);
#3894 = AXIS2_PLACEMENT_3D('',#3895,#3896,#3897);
#3895 = CARTESIAN_POINT('',(36.099999999999,5.5,-3.2));
#3896 = DIRECTION('',(1.,0.,0.));
#3897 = DIRECTION('',(0.,-0.707106781187,-0.707106781187));
#3898 = ORIENTED_EDGE('',*,*,#3899,.F.);
#3899 = EDGE_CURVE('',#1997,#3891,#3900,.T.);
#3900 = LINE('',#3901,#3902);
#3901 = CARTESIAN_POINT('',(36.099999999998,5.,-1.2));
#3902 = VECTOR('',#3903,1.);
#3903 = DIRECTION('',(0.,0.,-1.));
#3904 = ORIENTED_EDGE('',*,*,#1996,.F.);
#3905 = ORIENTED_EDGE('',*,*,#3906,.T.);
#3906 = EDGE_CURVE('',#1989,#3907,#3909,.T.);
#3907 = VERTEX_POINT('',#3908);
#3908 = CARTESIAN_POINT('',(36.099999999999,-5.,-3.2));
#3909 = LINE('',#3910,#3911);
#3910 = CARTESIAN_POINT('',(36.099999999999,-5.,-1.2));
#3911 = VECTOR('',#3912,1.);
#3912 = DIRECTION('',(0.,0.,-1.));
#3913 = ORIENTED_EDGE('',*,*,#3914,.F.);
#3914 = EDGE_CURVE('',#943,#3907,#3915,.T.);
#3915 = CIRCLE('',#3916,0.5);
#3916 = AXIS2_PLACEMENT_3D('',#3917,#3918,#3919);
#3917 = CARTESIAN_POINT('',(36.099999999999,-5.5,-3.2));
#3918 = DIRECTION('',(1.,0.,0.));
#3919 = DIRECTION('',(0.,0.707106781187,-0.707106781187));
#3920 = ORIENTED_EDGE('',*,*,#942,.F.);
#3921 = ORIENTED_EDGE('',*,*,#3847,.F.);
#3922 = ORIENTED_EDGE('',*,*,#3864,.F.);
#3923 = ORIENTED_EDGE('',*,*,#3814,.T.);
#3924 = ORIENTED_EDGE('',*,*,#910,.F.);
#3925 = ORIENTED_EDGE('',*,*,#3926,.F.);
#3926 = EDGE_CURVE('',#3096,#902,#3927,.T.);
#3927 = LINE('',#3928,#3929);
#3928 = CARTESIAN_POINT('',(36.099999999999,-34.09999999999,-5.2));
#3929 = VECTOR('',#3930,1.);
#3930 = DIRECTION('',(0.,0.,1.));
#3931 = PLANE('',#3932);
#3932 = AXIS2_PLACEMENT_3D('',#3933,#3934,#3935);
#3933 = CARTESIAN_POINT('',(36.099999999999,-36.09999999999,-5.2));
#3934 = DIRECTION('',(1.,0.,0.));
#3935 = DIRECTION('',(-0.,1.,0.));
#3936 = ADVANCED_FACE('',(#3937),#3962,.T.);
#3937 = FACE_BOUND('',#3938,.T.);
#3938 = EDGE_LOOP('',(#3939,#3940,#3948,#3956));
#3939 = ORIENTED_EDGE('',*,*,#528,.F.);
#3940 = ORIENTED_EDGE('',*,*,#3941,.F.);
#3941 = EDGE_CURVE('',#3942,#521,#3944,.T.);
#3942 = VERTEX_POINT('',#3943);
#3943 = CARTESIAN_POINT('',(-34.59999999999,28.099999999998,-1.2));
#3944 = LINE('',#3945,#3946);
#3945 = CARTESIAN_POINT('',(-34.59999999999,28.099999999998,-1.2));
#3946 = VECTOR('',#3947,1.);
#3947 = DIRECTION('',(0.,0.,-1.));
#3948 = ORIENTED_EDGE('',*,*,#3949,.F.);
#3949 = EDGE_CURVE('',#3950,#3942,#3952,.T.);
#3950 = VERTEX_POINT('',#3951);
#3951 = CARTESIAN_POINT('',(-34.59999999999,20.099999999998,-1.2));
#3952 = LINE('',#3953,#3954);
#3953 = CARTESIAN_POINT('',(-34.59999999999,20.099999999998,-1.2));
#3954 = VECTOR('',#3955,1.);
#3955 = DIRECTION('',(0.,1.,0.));
#3956 = ORIENTED_EDGE('',*,*,#3957,.T.);
#3957 = EDGE_CURVE('',#3950,#529,#3958,.T.);
#3958 = LINE('',#3959,#3960);
#3959 = CARTESIAN_POINT('',(-34.59999999999,20.099999999998,-1.2));
#3960 = VECTOR('',#3961,1.);
#3961 = DIRECTION('',(0.,0.,-1.));
#3962 = PLANE('',#3963);
#3963 = AXIS2_PLACEMENT_3D('',#3964,#3965,#3966);
#3964 = CARTESIAN_POINT('',(-34.59999999999,28.099999999998,-1.2));
#3965 = DIRECTION('',(1.,0.,0.));
#3966 = DIRECTION('',(0.,-1.,0.));
#3967 = ADVANCED_FACE('',(#3968),#3986,.T.);
#3968 = FACE_BOUND('',#3969,.T.);
#3969 = EDGE_LOOP('',(#3970,#3971,#3979,#3985));
#3970 = ORIENTED_EDGE('',*,*,#520,.F.);
#3971 = ORIENTED_EDGE('',*,*,#3972,.F.);
#3972 = EDGE_CURVE('',#3973,#513,#3975,.T.);
#3973 = VERTEX_POINT('',#3974);
#3974 = CARTESIAN_POINT('',(-36.09999999999,28.099999999998,-1.2));
#3975 = LINE('',#3976,#3977);
#3976 = CARTESIAN_POINT('',(-36.09999999999,28.099999999998,-1.2));
#3977 = VECTOR('',#3978,1.);
#3978 = DIRECTION('',(0.,0.,-1.));
#3979 = ORIENTED_EDGE('',*,*,#3980,.F.);
#3980 = EDGE_CURVE('',#3942,#3973,#3981,.T.);
#3981 = LINE('',#3982,#3983);
#3982 = CARTESIAN_POINT('',(-34.59999999999,28.099999999998,-1.2));
#3983 = VECTOR('',#3984,1.);
#3984 = DIRECTION('',(-1.,2.960594732334E-15,0.));
#3985 = ORIENTED_EDGE('',*,*,#3941,.T.);
#3986 = PLANE('',#3987);
#3987 = AXIS2_PLACEMENT_3D('',#3988,#3989,#3990);
#3988 = CARTESIAN_POINT('',(-36.09999999999,28.099999999998,-1.2));
#3989 = DIRECTION('',(2.960594732334E-15,1.,0.));
#3990 = DIRECTION('',(1.,-2.960594732334E-15,0.));
#3991 = ADVANCED_FACE('',(#3992),#4010,.T.);
#3992 = FACE_BOUND('',#3993,.T.);
#3993 = EDGE_LOOP('',(#3994,#3995,#3996,#4004));
#3994 = ORIENTED_EDGE('',*,*,#536,.F.);
#3995 = ORIENTED_EDGE('',*,*,#3957,.F.);
#3996 = ORIENTED_EDGE('',*,*,#3997,.F.);
#3997 = EDGE_CURVE('',#3998,#3950,#4000,.T.);
#3998 = VERTEX_POINT('',#3999);
#3999 = CARTESIAN_POINT('',(-36.09999999999,20.099999999998,-1.2));
#4000 = LINE('',#4001,#4002);
#4001 = CARTESIAN_POINT('',(-36.09999999999,20.099999999998,-1.2));
#4002 = VECTOR('',#4003,1.);
#4003 = DIRECTION('',(1.,-5.921189464668E-15,0.));
#4004 = ORIENTED_EDGE('',*,*,#4005,.T.);
#4005 = EDGE_CURVE('',#3998,#537,#4006,.T.);
#4006 = LINE('',#4007,#4008);
#4007 = CARTESIAN_POINT('',(-36.09999999999,20.099999999998,-1.2));
#4008 = VECTOR('',#4009,1.);
#4009 = DIRECTION('',(0.,0.,-1.));
#4010 = PLANE('',#4011);
#4011 = AXIS2_PLACEMENT_3D('',#4012,#4013,#4014);
#4012 = CARTESIAN_POINT('',(-34.59999999999,20.099999999998,-1.2));
#4013 = DIRECTION('',(-5.921189464668E-15,-1.,0.));
#4014 = DIRECTION('',(-1.,5.921189464668E-15,0.));
#4015 = ADVANCED_FACE('',(#4016),#4027,.F.);
#4016 = FACE_BOUND('',#4017,.T.);
#4017 = EDGE_LOOP('',(#4018,#4019,#4020,#4021));
#4018 = ORIENTED_EDGE('',*,*,#3997,.T.);
#4019 = ORIENTED_EDGE('',*,*,#3949,.T.);
#4020 = ORIENTED_EDGE('',*,*,#3980,.T.);
#4021 = ORIENTED_EDGE('',*,*,#4022,.T.);
#4022 = EDGE_CURVE('',#3973,#3998,#4023,.T.);
#4023 = LINE('',#4024,#4025);
#4024 = CARTESIAN_POINT('',(-36.09999999999,28.099999999998,-1.2));
#4025 = VECTOR('',#4026,1.);
#4026 = DIRECTION('',(-5.551115123126E-16,-1.,0.));
#4027 = PLANE('',#4028);
#4028 = AXIS2_PLACEMENT_3D('',#4029,#4030,#4031);
#4029 = CARTESIAN_POINT('',(-35.34999999999,24.099999999998,-1.2));
#4030 = DIRECTION('',(0.,0.,-1.));
#4031 = DIRECTION('',(1.,0.,0.));
#4032 = ADVANCED_FACE('',(#4033),#4089,.T.);
#4033 = FACE_BOUND('',#4034,.T.);
#4034 = EDGE_LOOP('',(#4035,#4036,#4045,#4051,#4052,#4060,#4067,#4068,
    #4069,#4070,#4071,#4072,#4078,#4079,#4085,#4086,#4087,#4088));
#4035 = ORIENTED_EDGE('',*,*,#662,.F.);
#4036 = ORIENTED_EDGE('',*,*,#4037,.F.);
#4037 = EDGE_CURVE('',#4038,#655,#4040,.T.);
#4038 = VERTEX_POINT('',#4039);
#4039 = CARTESIAN_POINT('',(-36.09999999999,-5.,-3.2));
#4040 = CIRCLE('',#4041,0.5);
#4041 = AXIS2_PLACEMENT_3D('',#4042,#4043,#4044);
#4042 = CARTESIAN_POINT('',(-36.09999999999,-5.5,-3.2));
#4043 = DIRECTION('',(-1.,6.150820081026E-17,0.));
#4044 = DIRECTION('',(4.349286589152E-17,0.707106781187,-0.707106781187)
  );
#4045 = ORIENTED_EDGE('',*,*,#4046,.F.);
#4046 = EDGE_CURVE('',#2901,#4038,#4047,.T.);
#4047 = LINE('',#4048,#4049);
#4048 = CARTESIAN_POINT('',(-36.09999999999,-5.,-1.2));
#4049 = VECTOR('',#4050,1.);
#4050 = DIRECTION('',(0.,0.,-1.));
#4051 = ORIENTED_EDGE('',*,*,#2900,.F.);
#4052 = ORIENTED_EDGE('',*,*,#4053,.T.);
#4053 = EDGE_CURVE('',#2893,#4054,#4056,.T.);
#4054 = VERTEX_POINT('',#4055);
#4055 = CARTESIAN_POINT('',(-36.09999999999,5.,-3.2));
#4056 = LINE('',#4057,#4058);
#4057 = CARTESIAN_POINT('',(-36.09999999999,5.,-1.2));
#4058 = VECTOR('',#4059,1.);
#4059 = DIRECTION('',(0.,0.,-1.));
#4060 = ORIENTED_EDGE('',*,*,#4061,.F.);
#4061 = EDGE_CURVE('',#545,#4054,#4062,.T.);
#4062 = CIRCLE('',#4063,0.5);
#4063 = AXIS2_PLACEMENT_3D('',#4064,#4065,#4066);
#4064 = CARTESIAN_POINT('',(-36.09999999999,5.5,-3.2));
#4065 = DIRECTION('',(-1.,6.150820081026E-17,0.));
#4066 = DIRECTION('',(-4.349286589152E-17,-0.707106781187,
    -0.707106781187));
#4067 = ORIENTED_EDGE('',*,*,#544,.F.);
#4068 = ORIENTED_EDGE('',*,*,#4005,.F.);
#4069 = ORIENTED_EDGE('',*,*,#4022,.F.);
#4070 = ORIENTED_EDGE('',*,*,#3972,.T.);
#4071 = ORIENTED_EDGE('',*,*,#512,.F.);
#4072 = ORIENTED_EDGE('',*,*,#4073,.F.);
#4073 = EDGE_CURVE('',#3132,#504,#4074,.T.);
#4074 = LINE('',#4075,#4076);
#4075 = CARTESIAN_POINT('',(-36.09999999999,34.099999999999,-5.2));
#4076 = VECTOR('',#4077,1.);
#4077 = DIRECTION('',(0.,0.,1.));
#4078 = ORIENTED_EDGE('',*,*,#3131,.T.);
#4079 = ORIENTED_EDGE('',*,*,#4080,.F.);
#4080 = EDGE_CURVE('',#695,#3123,#4081,.T.);
#4081 = LINE('',#4082,#4083);
#4082 = CARTESIAN_POINT('',(-36.09999999999,-34.09999999999,-5.2));
#4083 = VECTOR('',#4084,1.);
#4084 = DIRECTION('',(0.,0.,-1.));
#4085 = ORIENTED_EDGE('',*,*,#694,.F.);
#4086 = ORIENTED_EDGE('',*,*,#3557,.F.);
#4087 = ORIENTED_EDGE('',*,*,#3590,.T.);
#4088 = ORIENTED_EDGE('',*,*,#3510,.T.);
#4089 = PLANE('',#4090);
#4090 = AXIS2_PLACEMENT_3D('',#4091,#4092,#4093);
#4091 = CARTESIAN_POINT('',(-36.09999999999,36.099999999999,-5.2));
#4092 = DIRECTION('',(-1.,6.150820081026E-17,0.));
#4093 = DIRECTION('',(-6.150820081026E-17,-1.,0.));
#4094 = ADVANCED_FACE('',(#4095),#4113,.T.);
#4095 = FACE_BOUND('',#4096,.T.);
#4096 = EDGE_LOOP('',(#4097,#4098,#4099,#4107));
#4097 = ORIENTED_EDGE('',*,*,#869,.F.);
#4098 = ORIENTED_EDGE('',*,*,#3732,.F.);
#4099 = ORIENTED_EDGE('',*,*,#4100,.T.);
#4100 = EDGE_CURVE('',#3725,#4101,#4103,.T.);
#4101 = VERTEX_POINT('',#4102);
#4102 = CARTESIAN_POINT('',(20.099999999998,-34.59999999999,-1.2));
#4103 = LINE('',#4104,#4105);
#4104 = CARTESIAN_POINT('',(20.099999999998,-36.09999999999,-1.2));
#4105 = VECTOR('',#4106,1.);
#4106 = DIRECTION('',(-2.960594732334E-15,1.,0.));
#4107 = ORIENTED_EDGE('',*,*,#4108,.T.);
#4108 = EDGE_CURVE('',#4101,#870,#4109,.T.);
#4109 = LINE('',#4110,#4111);
#4110 = CARTESIAN_POINT('',(20.099999999998,-34.59999999999,-1.2));
#4111 = VECTOR('',#4112,1.);
#4112 = DIRECTION('',(0.,0.,-1.));
#4113 = PLANE('',#4114);
#4114 = AXIS2_PLACEMENT_3D('',#4115,#4116,#4117);
#4115 = CARTESIAN_POINT('',(20.099999999998,-36.09999999999,-1.2));
#4116 = DIRECTION('',(-1.,-2.960594732334E-15,0.));
#4117 = DIRECTION('',(-2.960594732334E-15,1.,0.));
#4118 = ADVANCED_FACE('',(#4119),#4137,.T.);
#4119 = FACE_BOUND('',#4120,.T.);
#4120 = EDGE_LOOP('',(#4121,#4122,#4130,#4136));
#4121 = ORIENTED_EDGE('',*,*,#885,.F.);
#4122 = ORIENTED_EDGE('',*,*,#4123,.F.);
#4123 = EDGE_CURVE('',#4124,#878,#4126,.T.);
#4124 = VERTEX_POINT('',#4125);
#4125 = CARTESIAN_POINT('',(28.099999999998,-34.59999999999,-1.2));
#4126 = LINE('',#4127,#4128);
#4127 = CARTESIAN_POINT('',(28.099999999998,-34.59999999999,-1.2));
#4128 = VECTOR('',#4129,1.);
#4129 = DIRECTION('',(0.,0.,-1.));
#4130 = ORIENTED_EDGE('',*,*,#4131,.T.);
#4131 = EDGE_CURVE('',#4124,#3717,#4132,.T.);
#4132 = LINE('',#4133,#4134);
#4133 = CARTESIAN_POINT('',(28.099999999998,-34.59999999999,-1.2));
#4134 = VECTOR('',#4135,1.);
#4135 = DIRECTION('',(0.,-1.,0.));
#4136 = ORIENTED_EDGE('',*,*,#3716,.T.);
#4137 = PLANE('',#4138);
#4138 = AXIS2_PLACEMENT_3D('',#4139,#4140,#4141);
#4139 = CARTESIAN_POINT('',(28.099999999998,-34.59999999999,-1.2));
#4140 = DIRECTION('',(1.,0.,0.));
#4141 = DIRECTION('',(0.,-1.,0.));
#4142 = ADVANCED_FACE('',(#4143),#4154,.T.);
#4143 = FACE_BOUND('',#4144,.T.);
#4144 = EDGE_LOOP('',(#4145,#4146,#4147,#4153));
#4145 = ORIENTED_EDGE('',*,*,#877,.F.);
#4146 = ORIENTED_EDGE('',*,*,#4108,.F.);
#4147 = ORIENTED_EDGE('',*,*,#4148,.T.);
#4148 = EDGE_CURVE('',#4101,#4124,#4149,.T.);
#4149 = LINE('',#4150,#4151);
#4150 = CARTESIAN_POINT('',(20.099999999998,-34.59999999999,-1.2));
#4151 = VECTOR('',#4152,1.);
#4152 = DIRECTION('',(1.,1.665334536938E-15,0.));
#4153 = ORIENTED_EDGE('',*,*,#4123,.T.);
#4154 = PLANE('',#4155);
#4155 = AXIS2_PLACEMENT_3D('',#4156,#4157,#4158);
#4156 = CARTESIAN_POINT('',(20.099999999998,-34.59999999999,-1.2));
#4157 = DIRECTION('',(-1.665334536938E-15,1.,0.));
#4158 = DIRECTION('',(1.,1.665334536938E-15,0.));
#4159 = ADVANCED_FACE('',(#4160),#4166,.F.);
#4160 = FACE_BOUND('',#4161,.T.);
#4161 = EDGE_LOOP('',(#4162,#4163,#4164,#4165));
#4162 = ORIENTED_EDGE('',*,*,#4148,.F.);
#4163 = ORIENTED_EDGE('',*,*,#4100,.F.);
#4164 = ORIENTED_EDGE('',*,*,#3724,.F.);
#4165 = ORIENTED_EDGE('',*,*,#4131,.F.);
#4166 = PLANE('',#4167);
#4167 = AXIS2_PLACEMENT_3D('',#4168,#4169,#4170);
#4168 = CARTESIAN_POINT('',(24.099999999998,-35.34999999999,-1.2));
#4169 = DIRECTION('',(0.,0.,-1.));
#4170 = DIRECTION('',(1.,0.,0.));
#4171 = ADVANCED_FACE('',(#4172),#4183,.T.);
#4172 = FACE_BOUND('',#4173,.T.);
#4173 = EDGE_LOOP('',(#4174,#4175,#4176,#4177));
#4174 = ORIENTED_EDGE('',*,*,#486,.T.);
#4175 = ORIENTED_EDGE('',*,*,#3879,.T.);
#4176 = ORIENTED_EDGE('',*,*,#3156,.T.);
#4177 = ORIENTED_EDGE('',*,*,#4178,.T.);
#4178 = EDGE_CURVE('',#3149,#487,#4179,.T.);
#4179 = LINE('',#4180,#4181);
#4180 = CARTESIAN_POINT('',(34.099999999999,36.099999999999,-5.2));
#4181 = VECTOR('',#4182,1.);
#4182 = DIRECTION('',(0.,0.,1.));
#4183 = CYLINDRICAL_SURFACE('',#4184,2.);
#4184 = AXIS2_PLACEMENT_3D('',#4185,#4186,#4187);
#4185 = CARTESIAN_POINT('',(34.099999999999,34.099999999999,-5.2));
#4186 = DIRECTION('',(0.,0.,1.));
#4187 = DIRECTION('',(0.707106781187,0.707106781187,-0.));
#4188 = ADVANCED_FACE('',(#4189),#4200,.T.);
#4189 = FACE_BOUND('',#4190,.T.);
#4190 = EDGE_LOOP('',(#4191,#4192,#4193,#4199));
#4191 = ORIENTED_EDGE('',*,*,#4178,.F.);
#4192 = ORIENTED_EDGE('',*,*,#3148,.T.);
#4193 = ORIENTED_EDGE('',*,*,#4194,.F.);
#4194 = EDGE_CURVE('',#496,#3140,#4195,.T.);
#4195 = LINE('',#4196,#4197);
#4196 = CARTESIAN_POINT('',(-34.09999999999,36.099999999999,-5.2));
#4197 = VECTOR('',#4198,1.);
#4198 = DIRECTION('',(0.,0.,-1.));
#4199 = ORIENTED_EDGE('',*,*,#495,.F.);
#4200 = PLANE('',#4201);
#4201 = AXIS2_PLACEMENT_3D('',#4202,#4203,#4204);
#4202 = CARTESIAN_POINT('',(36.099999999998,36.099999999999,-5.2));
#4203 = DIRECTION('',(0.,1.,0.));
#4204 = DIRECTION('',(-1.,0.,0.));
#4205 = ADVANCED_FACE('',(#4206),#4212,.T.);
#4206 = FACE_BOUND('',#4207,.T.);
#4207 = EDGE_LOOP('',(#4208,#4209,#4210,#4211));
#4208 = ORIENTED_EDGE('',*,*,#503,.T.);
#4209 = ORIENTED_EDGE('',*,*,#4194,.T.);
#4210 = ORIENTED_EDGE('',*,*,#3139,.T.);
#4211 = ORIENTED_EDGE('',*,*,#4073,.T.);
#4212 = CYLINDRICAL_SURFACE('',#4213,2.);
#4213 = AXIS2_PLACEMENT_3D('',#4214,#4215,#4216);
#4214 = CARTESIAN_POINT('',(-34.09999999999,34.099999999999,-5.2));
#4215 = DIRECTION('',(0.,0.,1.));
#4216 = DIRECTION('',(-0.707106781187,0.707106781187,0.));
#4217 = ADVANCED_FACE('',(#4218),#4224,.T.);
#4218 = FACE_BOUND('',#4219,.T.);
#4219 = EDGE_LOOP('',(#4220,#4221,#4222,#4223));
#4220 = ORIENTED_EDGE('',*,*,#702,.T.);
#4221 = ORIENTED_EDGE('',*,*,#4080,.T.);
#4222 = ORIENTED_EDGE('',*,*,#3122,.T.);
#4223 = ORIENTED_EDGE('',*,*,#3702,.T.);
#4224 = CYLINDRICAL_SURFACE('',#4225,2.);
#4225 = AXIS2_PLACEMENT_3D('',#4226,#4227,#4228);
#4226 = CARTESIAN_POINT('',(-34.09999999999,-34.09999999999,-5.2));
#4227 = DIRECTION('',(0.,0.,1.));
#4228 = DIRECTION('',(-0.707106781187,-0.707106781187,0.));
#4229 = ADVANCED_FACE('',(#4230),#4236,.T.);
#4230 = FACE_BOUND('',#4231,.T.);
#4231 = EDGE_LOOP('',(#4232,#4233,#4234,#4235));
#4232 = ORIENTED_EDGE('',*,*,#901,.T.);
#4233 = ORIENTED_EDGE('',*,*,#3709,.T.);
#4234 = ORIENTED_EDGE('',*,*,#3105,.T.);
#4235 = ORIENTED_EDGE('',*,*,#3926,.T.);
#4236 = CYLINDRICAL_SURFACE('',#4237,2.);
#4237 = AXIS2_PLACEMENT_3D('',#4238,#4239,#4240);
#4238 = CARTESIAN_POINT('',(34.099999999999,-34.09999999999,-5.2));
#4239 = DIRECTION('',(0.,0.,1.));
#4240 = DIRECTION('',(0.707106781187,-0.707106781187,0.));
#4241 = ADVANCED_FACE('',(#4242),#4253,.F.);
#4242 = FACE_BOUND('',#4243,.F.);
#4243 = EDGE_LOOP('',(#4244,#4245,#4246,#4247));
#4244 = ORIENTED_EDGE('',*,*,#2318,.F.);
#4245 = ORIENTED_EDGE('',*,*,#654,.F.);
#4246 = ORIENTED_EDGE('',*,*,#4037,.F.);
#4247 = ORIENTED_EDGE('',*,*,#4248,.F.);
#4248 = EDGE_CURVE('',#2319,#4038,#4249,.T.);
#4249 = LINE('',#4250,#4251);
#4250 = CARTESIAN_POINT('',(-8.385254915624,-5.,-3.2));
#4251 = VECTOR('',#4252,1.);
#4252 = DIRECTION('',(-1.,2.076085355449E-16,0.));
#4253 = CYLINDRICAL_SURFACE('',#4254,0.5);
#4254 = AXIS2_PLACEMENT_3D('',#4255,#4256,#4257);
#4255 = CARTESIAN_POINT('',(-8.385254915624,-5.5,-3.2));
#4256 = DIRECTION('',(-1.,2.076085355449E-16,0.));
#4257 = DIRECTION('',(1.46801403316E-16,0.707106781187,-0.707106781187)
  );
#4258 = ADVANCED_FACE('',(#4259),#4270,.F.);
#4259 = FACE_BOUND('',#4260,.F.);
#4260 = EDGE_LOOP('',(#4261,#4262,#4268,#4269));
#4261 = ORIENTED_EDGE('',*,*,#2290,.T.);
#4262 = ORIENTED_EDGE('',*,*,#4263,.F.);
#4263 = EDGE_CURVE('',#3756,#2213,#4264,.T.);
#4264 = LINE('',#4265,#4266);
#4265 = CARTESIAN_POINT('',(-5.,-18.04999999999,-3.2));
#4266 = VECTOR('',#4267,1.);
#4267 = DIRECTION('',(-5.087494718771E-17,1.,0.));
#4268 = ORIENTED_EDGE('',*,*,#3763,.F.);
#4269 = ORIENTED_EDGE('',*,*,#751,.F.);
#4270 = CYLINDRICAL_SURFACE('',#4271,0.5);
#4271 = AXIS2_PLACEMENT_3D('',#4272,#4273,#4274);
#4272 = CARTESIAN_POINT('',(-5.5,-18.04999999999,-3.2));
#4273 = DIRECTION('',(-5.087494718771E-17,1.,0.));
#4274 = DIRECTION('',(0.707106781187,3.597402014894E-17,-0.707106781187)
  );
#4275 = ADVANCED_FACE('',(#4276),#4282,.T.);
#4276 = FACE_BOUND('',#4277,.T.);
#4277 = EDGE_LOOP('',(#4278,#4279,#4280,#4281));
#4278 = ORIENTED_EDGE('',*,*,#4248,.F.);
#4279 = ORIENTED_EDGE('',*,*,#2389,.F.);
#4280 = ORIENTED_EDGE('',*,*,#2908,.F.);
#4281 = ORIENTED_EDGE('',*,*,#4046,.T.);
#4282 = PLANE('',#4283);
#4283 = AXIS2_PLACEMENT_3D('',#4284,#4285,#4286);
#4284 = CARTESIAN_POINT('',(-16.77050983124,-5.,-1.2));
#4285 = DIRECTION('',(-2.076085355449E-16,-1.,0.));
#4286 = DIRECTION('',(-1.,2.076085355449E-16,0.));
#4287 = ADVANCED_FACE('',(#4288),#4294,.T.);
#4288 = FACE_BOUND('',#4289,.T.);
#4289 = EDGE_LOOP('',(#4290,#4291,#4292,#4293));
#4290 = ORIENTED_EDGE('',*,*,#4263,.F.);
#4291 = ORIENTED_EDGE('',*,*,#3755,.F.);
#4292 = ORIENTED_EDGE('',*,*,#2476,.F.);
#4293 = ORIENTED_EDGE('',*,*,#2221,.T.);
#4294 = PLANE('',#4295);
#4295 = AXIS2_PLACEMENT_3D('',#4296,#4297,#4298);
#4296 = CARTESIAN_POINT('',(-5.,-36.09999999999,-1.2));
#4297 = DIRECTION('',(-1.,-5.087494718771E-17,0.));
#4298 = DIRECTION('',(-5.087494718771E-17,1.,0.));
#4299 = ADVANCED_FACE('',(#4300),#4319,.F.);
#4300 = FACE_BOUND('',#4301,.F.);
#4301 = EDGE_LOOP('',(#4302,#4303,#4304,#4313));
#4302 = ORIENTED_EDGE('',*,*,#2786,.F.);
#4303 = ORIENTED_EDGE('',*,*,#1114,.F.);
#4304 = ORIENTED_EDGE('',*,*,#4305,.F.);
#4305 = EDGE_CURVE('',#4306,#1115,#4308,.T.);
#4306 = VERTEX_POINT('',#4307);
#4307 = CARTESIAN_POINT('',(-5.,33.9,-3.2));
#4308 = CIRCLE('',#4309,0.5);
#4309 = AXIS2_PLACEMENT_3D('',#4310,#4311,#4312);
#4310 = CARTESIAN_POINT('',(-5.5,33.9,-3.2));
#4311 = DIRECTION('',(0.,1.,0.));
#4312 = DIRECTION('',(0.707106781187,0.,-0.707106781187));
#4313 = ORIENTED_EDGE('',*,*,#4314,.F.);
#4314 = EDGE_CURVE('',#2787,#4306,#4315,.T.);
#4315 = LINE('',#4316,#4317);
#4316 = CARTESIAN_POINT('',(-5.,8.385254915624,-3.2));
#4317 = VECTOR('',#4318,1.);
#4318 = DIRECTION('',(1.463761955876E-16,1.,0.));
#4319 = CYLINDRICAL_SURFACE('',#4320,0.5);
#4320 = AXIS2_PLACEMENT_3D('',#4321,#4322,#4323);
#4321 = CARTESIAN_POINT('',(-5.5,8.385254915624,-3.2));
#4322 = DIRECTION('',(1.463761955876E-16,1.,0.));
#4323 = DIRECTION('',(0.707106781187,-1.035036005043E-16,-0.707106781187
    ));
#4324 = ADVANCED_FACE('',(#4325),#4336,.F.);
#4325 = FACE_BOUND('',#4326,.F.);
#4326 = EDGE_LOOP('',(#4327,#4328,#4334,#4335));
#4327 = ORIENTED_EDGE('',*,*,#2758,.T.);
#4328 = ORIENTED_EDGE('',*,*,#4329,.F.);
#4329 = EDGE_CURVE('',#4054,#2681,#4330,.T.);
#4330 = LINE('',#4331,#4332);
#4331 = CARTESIAN_POINT('',(-18.04999999999,5.,-3.2));
#4332 = VECTOR('',#4333,1.);
#4333 = DIRECTION('',(1.,1.121072871451E-16,0.));
#4334 = ORIENTED_EDGE('',*,*,#4061,.F.);
#4335 = ORIENTED_EDGE('',*,*,#552,.F.);
#4336 = CYLINDRICAL_SURFACE('',#4337,0.5);
#4337 = AXIS2_PLACEMENT_3D('',#4338,#4339,#4340);
#4338 = CARTESIAN_POINT('',(-18.04999999999,5.5,-3.2));
#4339 = DIRECTION('',(1.,1.121072871451E-16,0.));
#4340 = DIRECTION('',(7.927182296071E-17,-0.707106781187,-0.707106781187
    ));
#4341 = ADVANCED_FACE('',(#4342),#4353,.T.);
#4342 = FACE_BOUND('',#4343,.T.);
#4343 = EDGE_LOOP('',(#4344,#4345,#4346,#4347));
#4344 = ORIENTED_EDGE('',*,*,#4314,.F.);
#4345 = ORIENTED_EDGE('',*,*,#2823,.F.);
#4346 = ORIENTED_EDGE('',*,*,#1451,.F.);
#4347 = ORIENTED_EDGE('',*,*,#4348,.T.);
#4348 = EDGE_CURVE('',#1444,#4306,#4349,.T.);
#4349 = LINE('',#4350,#4351);
#4350 = CARTESIAN_POINT('',(-5.,33.9,-1.2));
#4351 = VECTOR('',#4352,1.);
#4352 = DIRECTION('',(0.,0.,-1.));
#4353 = PLANE('',#4354);
#4354 = AXIS2_PLACEMENT_3D('',#4355,#4356,#4357);
#4355 = CARTESIAN_POINT('',(-5.,16.770509831248,-1.2));
#4356 = DIRECTION('',(-1.,1.463761955876E-16,0.));
#4357 = DIRECTION('',(1.463761955876E-16,1.,0.));
#4358 = ADVANCED_FACE('',(#4359),#4365,.T.);
#4359 = FACE_BOUND('',#4360,.T.);
#4360 = EDGE_LOOP('',(#4361,#4362,#4363,#4364));
#4361 = ORIENTED_EDGE('',*,*,#4329,.F.);
#4362 = ORIENTED_EDGE('',*,*,#4053,.F.);
#4363 = ORIENTED_EDGE('',*,*,#2892,.F.);
#4364 = ORIENTED_EDGE('',*,*,#2689,.T.);
#4365 = PLANE('',#4366);
#4366 = AXIS2_PLACEMENT_3D('',#4367,#4368,#4369);
#4367 = CARTESIAN_POINT('',(-36.09999999999,5.,-1.2));
#4368 = DIRECTION('',(-1.121072871451E-16,1.,0.));
#4369 = DIRECTION('',(1.,1.121072871451E-16,0.));
#4370 = ADVANCED_FACE('',(#4371),#4382,.F.);
#4371 = FACE_BOUND('',#4372,.F.);
#4372 = EDGE_LOOP('',(#4373,#4374,#4375,#4376));
#4373 = ORIENTED_EDGE('',*,*,#1320,.F.);
#4374 = ORIENTED_EDGE('',*,*,#438,.F.);
#4375 = ORIENTED_EDGE('',*,*,#3890,.F.);
#4376 = ORIENTED_EDGE('',*,*,#4377,.F.);
#4377 = EDGE_CURVE('',#1321,#3891,#4378,.T.);
#4378 = LINE('',#4379,#4380);
#4379 = CARTESIAN_POINT('',(8.385254915625,5.,-3.2));
#4380 = VECTOR('',#4381,1.);
#4381 = DIRECTION('',(1.,-8.514385563021E-17,0.));
#4382 = CYLINDRICAL_SURFACE('',#4383,0.5);
#4383 = AXIS2_PLACEMENT_3D('',#4384,#4385,#4386);
#4384 = CARTESIAN_POINT('',(8.385254915625,5.5,-3.2));
#4385 = DIRECTION('',(1.,-8.514385563021E-17,0.));
#4386 = DIRECTION('',(-6.020579769249E-17,-0.707106781187,
    -0.707106781187));
#4387 = ADVANCED_FACE('',(#4388),#4407,.F.);
#4388 = FACE_BOUND('',#4389,.F.);
#4389 = EDGE_LOOP('',(#4390,#4391,#4399,#4406));
#4390 = ORIENTED_EDGE('',*,*,#1292,.T.);
#4391 = ORIENTED_EDGE('',*,*,#4392,.F.);
#4392 = EDGE_CURVE('',#4393,#344,#4395,.T.);
#4393 = VERTEX_POINT('',#4394);
#4394 = CARTESIAN_POINT('',(5.,33.9,-3.2));
#4395 = LINE('',#4396,#4397);
#4396 = CARTESIAN_POINT('',(5.,18.049999999999,-3.2));
#4397 = VECTOR('',#4398,1.);
#4398 = DIRECTION('',(1.733396271024E-16,-1.,0.));
#4399 = ORIENTED_EDGE('',*,*,#4400,.F.);
#4400 = EDGE_CURVE('',#1123,#4393,#4401,.T.);
#4401 = CIRCLE('',#4402,0.5);
#4402 = AXIS2_PLACEMENT_3D('',#4403,#4404,#4405);
#4403 = CARTESIAN_POINT('',(5.5,33.9,-3.2));
#4404 = DIRECTION('',(0.,1.,0.));
#4405 = DIRECTION('',(-0.707106781187,0.,-0.707106781187));
#4406 = ORIENTED_EDGE('',*,*,#1130,.F.);
#4407 = CYLINDRICAL_SURFACE('',#4408,0.5);
#4408 = AXIS2_PLACEMENT_3D('',#4409,#4410,#4411);
#4409 = CARTESIAN_POINT('',(5.5,18.049999999999,-3.2));
#4410 = DIRECTION('',(1.733396271024E-16,-1.,0.));
#4411 = DIRECTION('',(-0.707106781187,-1.225696257725E-16,
    -0.707106781187));
#4412 = ADVANCED_FACE('',(#4413),#4419,.T.);
#4413 = FACE_BOUND('',#4414,.T.);
#4414 = EDGE_LOOP('',(#4415,#4416,#4417,#4418));
#4415 = ORIENTED_EDGE('',*,*,#4377,.F.);
#4416 = ORIENTED_EDGE('',*,*,#1391,.F.);
#4417 = ORIENTED_EDGE('',*,*,#2004,.F.);
#4418 = ORIENTED_EDGE('',*,*,#3899,.T.);
#4419 = PLANE('',#4420);
#4420 = AXIS2_PLACEMENT_3D('',#4421,#4422,#4423);
#4421 = CARTESIAN_POINT('',(16.770509831248,5.,-1.2));
#4422 = DIRECTION('',(8.514385563021E-17,1.,0.));
#4423 = DIRECTION('',(1.,-8.514385563021E-17,0.));
#4424 = ADVANCED_FACE('',(#4425),#4436,.T.);
#4425 = FACE_BOUND('',#4426,.T.);
#4426 = EDGE_LOOP('',(#4427,#4428,#4434,#4435));
#4427 = ORIENTED_EDGE('',*,*,#4392,.F.);
#4428 = ORIENTED_EDGE('',*,*,#4429,.T.);
#4429 = EDGE_CURVE('',#4393,#1436,#4430,.T.);
#4430 = LINE('',#4431,#4432);
#4431 = CARTESIAN_POINT('',(5.,33.9,-1.2));
#4432 = VECTOR('',#4433,1.);
#4433 = DIRECTION('',(0.,0.,1.));
#4434 = ORIENTED_EDGE('',*,*,#1435,.F.);
#4435 = ORIENTED_EDGE('',*,*,#352,.T.);
#4436 = PLANE('',#4437);
#4437 = AXIS2_PLACEMENT_3D('',#4438,#4439,#4440);
#4438 = CARTESIAN_POINT('',(5.,36.099999999999,-1.2));
#4439 = DIRECTION('',(1.,1.733396271024E-16,0.));
#4440 = DIRECTION('',(1.733396271024E-16,-1.,0.));
#4441 = ADVANCED_FACE('',(#4442),#4469,.F.);
#4442 = FACE_BOUND('',#4443,.F.);
#4443 = EDGE_LOOP('',(#4444,#4453,#4454,#4463));
#4444 = ORIENTED_EDGE('',*,*,#4445,.F.);
#4445 = EDGE_CURVE('',#1064,#4446,#4448,.T.);
#4446 = VERTEX_POINT('',#4447);
#4447 = CARTESIAN_POINT('',(-3.5,26.8,-3.2));
#4448 = ELLIPSE('',#4449,0.707106781187,0.5);
#4449 = AXIS2_PLACEMENT_3D('',#4450,#4451,#4452);
#4450 = CARTESIAN_POINT('',(-3.,26.3,-3.2));
#4451 = DIRECTION('',(0.707106781187,0.707106781187,0.));
#4452 = DIRECTION('',(-0.707106781187,0.707106781187,0.));
#4453 = ORIENTED_EDGE('',*,*,#1071,.F.);
#4454 = ORIENTED_EDGE('',*,*,#4455,.F.);
#4455 = EDGE_CURVE('',#4456,#1072,#4458,.T.);
#4456 = VERTEX_POINT('',#4457);
#4457 = CARTESIAN_POINT('',(-3.5,16.007810593582,-3.2));
#4458 = CIRCLE('',#4459,0.5);
#4459 = AXIS2_PLACEMENT_3D('',#4460,#4461,#4462);
#4460 = CARTESIAN_POINT('',(-3.,16.007810593582,-3.2));
#4461 = DIRECTION('',(0.,-1.,0.));
#4462 = DIRECTION('',(-1.,0.,0.));
#4463 = ORIENTED_EDGE('',*,*,#4464,.F.);
#4464 = EDGE_CURVE('',#4446,#4456,#4465,.T.);
#4465 = LINE('',#4466,#4467);
#4466 = CARTESIAN_POINT('',(-3.5,18.049999999999,-3.2));
#4467 = VECTOR('',#4468,1.);
#4468 = DIRECTION('',(-1.822449854547E-17,-1.,0.));
#4469 = CYLINDRICAL_SURFACE('',#4470,0.5);
#4470 = AXIS2_PLACEMENT_3D('',#4471,#4472,#4473);
#4471 = CARTESIAN_POINT('',(-3.,18.049999999999,-3.2));
#4472 = DIRECTION('',(-1.822449854547E-17,-1.,0.));
#4473 = DIRECTION('',(-0.707106781187,1.288666650523E-17,-0.707106781187
    ));
#4474 = ADVANCED_FACE('',(#4475),#4494,.F.);
#4475 = FACE_BOUND('',#4476,.F.);
#4476 = EDGE_LOOP('',(#4477,#4478,#4486,#4493));
#4477 = ORIENTED_EDGE('',*,*,#4445,.T.);
#4478 = ORIENTED_EDGE('',*,*,#4479,.F.);
#4479 = EDGE_CURVE('',#4480,#4446,#4482,.T.);
#4480 = VERTEX_POINT('',#4481);
#4481 = CARTESIAN_POINT('',(3.5,26.8,-3.2));
#4482 = LINE('',#4483,#4484);
#4483 = CARTESIAN_POINT('',(1.75,26.8,-3.2));
#4484 = VECTOR('',#4485,1.);
#4485 = DIRECTION('',(-1.,0.,0.));
#4486 = ORIENTED_EDGE('',*,*,#4487,.F.);
#4487 = EDGE_CURVE('',#1056,#4480,#4488,.T.);
#4488 = ELLIPSE('',#4489,0.707106781187,0.5);
#4489 = AXIS2_PLACEMENT_3D('',#4490,#4491,#4492);
#4490 = CARTESIAN_POINT('',(3.,26.3,-3.2));
#4491 = DIRECTION('',(0.707106781187,-0.707106781187,0.));
#4492 = DIRECTION('',(0.707106781187,0.707106781187,0.));
#4493 = ORIENTED_EDGE('',*,*,#1063,.F.);
#4494 = CYLINDRICAL_SURFACE('',#4495,0.5);
#4495 = AXIS2_PLACEMENT_3D('',#4496,#4497,#4498);
#4496 = CARTESIAN_POINT('',(1.75,26.3,-3.2));
#4497 = DIRECTION('',(-1.,0.,0.));
#4498 = DIRECTION('',(0.,0.707106781187,-0.707106781187));
#4499 = ADVANCED_FACE('',(#4500),#4527,.F.);
#4500 = FACE_BOUND('',#4501,.F.);
#4501 = EDGE_LOOP('',(#4502,#4511,#4512,#4521));
#4502 = ORIENTED_EDGE('',*,*,#4503,.F.);
#4503 = EDGE_CURVE('',#1002,#4504,#4506,.T.);
#4504 = VERTEX_POINT('',#4505);
#4505 = CARTESIAN_POINT('',(26.8,3.5,-3.2));
#4506 = ELLIPSE('',#4507,0.707106781187,0.5);
#4507 = AXIS2_PLACEMENT_3D('',#4508,#4509,#4510);
#4508 = CARTESIAN_POINT('',(26.3,3.,-3.2));
#4509 = DIRECTION('',(0.707106781187,-0.707106781187,7.850462293419E-16)
  );
#4510 = DIRECTION('',(0.707106781187,0.707106781187,-7.850462293419E-16)
  );
#4511 = ORIENTED_EDGE('',*,*,#1009,.F.);
#4512 = ORIENTED_EDGE('',*,*,#4513,.F.);
#4513 = EDGE_CURVE('',#4514,#1010,#4516,.T.);
#4514 = VERTEX_POINT('',#4515);
#4515 = CARTESIAN_POINT('',(16.007810593582,3.5,-3.2));
#4516 = CIRCLE('',#4517,0.5);
#4517 = AXIS2_PLACEMENT_3D('',#4518,#4519,#4520);
#4518 = CARTESIAN_POINT('',(16.007810593582,3.,-3.2));
#4519 = DIRECTION('',(-1.,0.,0.));
#4520 = DIRECTION('',(0.,1.,0.));
#4521 = ORIENTED_EDGE('',*,*,#4522,.F.);
#4522 = EDGE_CURVE('',#4504,#4514,#4523,.T.);
#4523 = LINE('',#4524,#4525);
#4524 = CARTESIAN_POINT('',(18.049999999999,3.5,-3.2));
#4525 = VECTOR('',#4526,1.);
#4526 = DIRECTION('',(-1.,-4.300784141189E-17,0.));
#4527 = CYLINDRICAL_SURFACE('',#4528,0.5);
#4528 = AXIS2_PLACEMENT_3D('',#4529,#4530,#4531);
#4529 = CARTESIAN_POINT('',(18.049999999999,3.,-3.2));
#4530 = DIRECTION('',(-1.,-4.300784141189E-17,0.));
#4531 = DIRECTION('',(-3.041113630655E-17,0.707106781187,-0.707106781187
    ));
#4532 = ADVANCED_FACE('',(#4533),#4552,.F.);
#4533 = FACE_BOUND('',#4534,.F.);
#4534 = EDGE_LOOP('',(#4535,#4536,#4544,#4551));
#4535 = ORIENTED_EDGE('',*,*,#4503,.T.);
#4536 = ORIENTED_EDGE('',*,*,#4537,.F.);
#4537 = EDGE_CURVE('',#4538,#4504,#4540,.T.);
#4538 = VERTEX_POINT('',#4539);
#4539 = CARTESIAN_POINT('',(26.8,-3.5,-3.2));
#4540 = LINE('',#4541,#4542);
#4541 = CARTESIAN_POINT('',(26.8,-1.75,-3.2));
#4542 = VECTOR('',#4543,1.);
#4543 = DIRECTION('',(1.836970198721E-16,1.,0.));
#4544 = ORIENTED_EDGE('',*,*,#4545,.F.);
#4545 = EDGE_CURVE('',#994,#4538,#4546,.T.);
#4546 = ELLIPSE('',#4547,0.707106781187,0.5);
#4547 = AXIS2_PLACEMENT_3D('',#4548,#4549,#4550);
#4548 = CARTESIAN_POINT('',(26.3,-3.,-3.2));
#4549 = DIRECTION('',(-0.707106781187,-0.707106781187,7.850462293419E-16
    ));
#4550 = DIRECTION('',(0.707106781187,-0.707106781187,-7.850462293419E-16
    ));
#4551 = ORIENTED_EDGE('',*,*,#1001,.F.);
#4552 = CYLINDRICAL_SURFACE('',#4553,0.5);
#4553 = AXIS2_PLACEMENT_3D('',#4554,#4555,#4556);
#4554 = CARTESIAN_POINT('',(26.3,-1.75,-3.2));
#4555 = DIRECTION('',(1.836970198721E-16,1.,0.));
#4556 = DIRECTION('',(0.707106781187,-1.298934084353E-16,-0.707106781187
    ));
#4557 = ADVANCED_FACE('',(#4558),#4585,.F.);
#4558 = FACE_BOUND('',#4559,.F.);
#4559 = EDGE_LOOP('',(#4560,#4569,#4570,#4579));
#4560 = ORIENTED_EDGE('',*,*,#4561,.F.);
#4561 = EDGE_CURVE('',#803,#4562,#4564,.T.);
#4562 = VERTEX_POINT('',#4563);
#4563 = CARTESIAN_POINT('',(3.5,-26.8,-3.2));
#4564 = ELLIPSE('',#4565,0.707106781187,0.5);
#4565 = AXIS2_PLACEMENT_3D('',#4566,#4567,#4568);
#4566 = CARTESIAN_POINT('',(3.,-26.3,-3.2));
#4567 = DIRECTION('',(-0.707106781187,-0.707106781187,0.));
#4568 = DIRECTION('',(0.707106781187,-0.707106781187,0.));
#4569 = ORIENTED_EDGE('',*,*,#810,.F.);
#4570 = ORIENTED_EDGE('',*,*,#4571,.F.);
#4571 = EDGE_CURVE('',#4572,#811,#4574,.T.);
#4572 = VERTEX_POINT('',#4573);
#4573 = CARTESIAN_POINT('',(3.5,-16.00781059358,-3.2));
#4574 = CIRCLE('',#4575,0.5);
#4575 = AXIS2_PLACEMENT_3D('',#4576,#4577,#4578);
#4576 = CARTESIAN_POINT('',(3.,-16.00781059358,-3.2));
#4577 = DIRECTION('',(-0.,1.,0.));
#4578 = DIRECTION('',(1.,0.,0.));
#4579 = ORIENTED_EDGE('',*,*,#4580,.F.);
#4580 = EDGE_CURVE('',#4562,#4572,#4581,.T.);
#4581 = LINE('',#4582,#4583);
#4582 = CARTESIAN_POINT('',(3.5,-18.04999999999,-3.2));
#4583 = VECTOR('',#4584,1.);
#4584 = DIRECTION('',(1.406891784602E-16,1.,0.));
#4585 = CYLINDRICAL_SURFACE('',#4586,0.5);
#4586 = AXIS2_PLACEMENT_3D('',#4587,#4588,#4589);
#4587 = CARTESIAN_POINT('',(3.,-18.04999999999,-3.2));
#4588 = DIRECTION('',(1.406891784602E-16,1.,0.));
#4589 = DIRECTION('',(0.707106781187,-9.948227212878E-17,-0.707106781187
    ));
#4590 = ADVANCED_FACE('',(#4591),#4609,.F.);
#4591 = FACE_BOUND('',#4592,.F.);
#4592 = EDGE_LOOP('',(#4593,#4600,#4601,#4602));
#4593 = ORIENTED_EDGE('',*,*,#4594,.F.);
#4594 = EDGE_CURVE('',#4572,#1597,#4595,.T.);
#4595 = CIRCLE('',#4596,0.5);
#4596 = AXIS2_PLACEMENT_3D('',#4597,#4598,#4599);
#4597 = CARTESIAN_POINT('',(4.,-16.00781059358,-3.2));
#4598 = DIRECTION('',(0.,0.,-1.));
#4599 = DIRECTION('',(-0.788170109312,0.615457454897,0.));
#4600 = ORIENTED_EDGE('',*,*,#4571,.T.);
#4601 = ORIENTED_EDGE('',*,*,#818,.F.);
#4602 = ORIENTED_EDGE('',*,*,#4603,.F.);
#4603 = EDGE_CURVE('',#1597,#819,#4604,.T.);
#4604 = CIRCLE('',#4605,0.5);
#4605 = AXIS2_PLACEMENT_3D('',#4606,#4607,#4608);
#4606 = CARTESIAN_POINT('',(3.757575757576,-15.03764025457,-3.2));
#4607 = DIRECTION('',(0.970170339005,0.242424242424,0.));
#4608 = DIRECTION('',(0.242424242424,-0.970170339005,0.));
#4609 = TOROIDAL_SURFACE('',#4610,1.,0.5);
#4610 = AXIS2_PLACEMENT_3D('',#4611,#4612,#4613);
#4611 = CARTESIAN_POINT('',(4.,-16.00781059358,-3.2));
#4612 = DIRECTION('',(0.,0.,-1.));
#4613 = DIRECTION('',(-1.,0.,0.));
#4614 = ADVANCED_FACE('',(#4615),#4621,.F.);
#4615 = FACE_BOUND('',#4616,.F.);
#4616 = EDGE_LOOP('',(#4617,#4618,#4619,#4620));
#4617 = ORIENTED_EDGE('',*,*,#1604,.F.);
#4618 = ORIENTED_EDGE('',*,*,#4603,.T.);
#4619 = ORIENTED_EDGE('',*,*,#827,.F.);
#4620 = ORIENTED_EDGE('',*,*,#1651,.F.);
#4621 = TOROIDAL_SURFACE('',#4622,15.5,0.5);
#4622 = AXIS2_PLACEMENT_3D('',#4623,#4624,#4625);
#4623 = CARTESIAN_POINT('',(-4.440892098501E-15,-6.661338147751E-15,-3.2
    ));
#4624 = DIRECTION('',(0.,0.,1.));
#4625 = DIRECTION('',(1.,0.,-0.));
#4626 = ADVANCED_FACE('',(#4627),#4647,.F.);
#4627 = FACE_BOUND('',#4628,.F.);
#4628 = EDGE_LOOP('',(#4629,#4638,#4639,#4640));
#4629 = ORIENTED_EDGE('',*,*,#4630,.F.);
#4630 = EDGE_CURVE('',#1867,#4631,#4633,.T.);
#4631 = VERTEX_POINT('',#4632);
#4632 = CARTESIAN_POINT('',(16.007810593582,-3.5,-3.2));
#4633 = CIRCLE('',#4634,0.5);
#4634 = AXIS2_PLACEMENT_3D('',#4635,#4636,#4637);
#4635 = CARTESIAN_POINT('',(16.007810593582,-4.,-3.2));
#4636 = DIRECTION('',(0.,0.,-1.));
#4637 = DIRECTION('',(-0.615457454897,0.788170109312,0.));
#4638 = ORIENTED_EDGE('',*,*,#1866,.T.);
#4639 = ORIENTED_EDGE('',*,*,#984,.F.);
#4640 = ORIENTED_EDGE('',*,*,#4641,.F.);
#4641 = EDGE_CURVE('',#4631,#985,#4642,.T.);
#4642 = CIRCLE('',#4643,0.5);
#4643 = AXIS2_PLACEMENT_3D('',#4644,#4645,#4646);
#4644 = CARTESIAN_POINT('',(16.007810593582,-3.,-3.2));
#4645 = DIRECTION('',(1.,-4.440892098501E-15,0.));
#4646 = DIRECTION('',(-4.440892098501E-15,-1.,0.));
#4647 = TOROIDAL_SURFACE('',#4648,1.,0.5);
#4648 = AXIS2_PLACEMENT_3D('',#4649,#4650,#4651);
#4649 = CARTESIAN_POINT('',(16.007810593582,-4.,-3.2));
#4650 = DIRECTION('',(0.,0.,-1.));
#4651 = DIRECTION('',(-1.,0.,0.));
#4652 = ADVANCED_FACE('',(#4653),#4664,.F.);
#4653 = FACE_BOUND('',#4654,.F.);
#4654 = EDGE_LOOP('',(#4655,#4656,#4662,#4663));
#4655 = ORIENTED_EDGE('',*,*,#4545,.T.);
#4656 = ORIENTED_EDGE('',*,*,#4657,.F.);
#4657 = EDGE_CURVE('',#4631,#4538,#4658,.T.);
#4658 = LINE('',#4659,#4660);
#4659 = CARTESIAN_POINT('',(8.003905296791,-3.5,-3.2));
#4660 = VECTOR('',#4661,1.);
#4661 = DIRECTION('',(1.,-4.123767248425E-16,0.));
#4662 = ORIENTED_EDGE('',*,*,#4641,.T.);
#4663 = ORIENTED_EDGE('',*,*,#993,.F.);
#4664 = CYLINDRICAL_SURFACE('',#4665,0.5);
#4665 = AXIS2_PLACEMENT_3D('',#4666,#4667,#4668);
#4666 = CARTESIAN_POINT('',(8.003905296791,-3.,-3.2));
#4667 = DIRECTION('',(1.,-4.123767248425E-16,0.));
#4668 = DIRECTION('',(-2.915943785397E-16,-0.707106781187,
    -0.707106781187));
#4669 = ADVANCED_FACE('',(#4670),#4689,.F.);
#4670 = FACE_BOUND('',#4671,.F.);
#4671 = EDGE_LOOP('',(#4672,#4681,#4682,#4683));
#4672 = ORIENTED_EDGE('',*,*,#4673,.F.);
#4673 = EDGE_CURVE('',#795,#4674,#4676,.T.);
#4674 = VERTEX_POINT('',#4675);
#4675 = CARTESIAN_POINT('',(-3.5,-26.8,-3.2));
#4676 = ELLIPSE('',#4677,0.707106781187,0.5);
#4677 = AXIS2_PLACEMENT_3D('',#4678,#4679,#4680);
#4678 = CARTESIAN_POINT('',(-3.,-26.3,-3.2));
#4679 = DIRECTION('',(-0.707106781187,0.707106781187,7.850462293419E-16)
  );
#4680 = DIRECTION('',(-0.707106781187,-0.707106781187,
    -7.850462293419E-16));
#4681 = ORIENTED_EDGE('',*,*,#802,.F.);
#4682 = ORIENTED_EDGE('',*,*,#4561,.T.);
#4683 = ORIENTED_EDGE('',*,*,#4684,.F.);
#4684 = EDGE_CURVE('',#4674,#4562,#4685,.T.);
#4685 = LINE('',#4686,#4687);
#4686 = CARTESIAN_POINT('',(-1.75,-26.8,-3.2));
#4687 = VECTOR('',#4688,1.);
#4688 = DIRECTION('',(1.,-1.224646799147E-16,0.));
#4689 = CYLINDRICAL_SURFACE('',#4690,0.5);
#4690 = AXIS2_PLACEMENT_3D('',#4691,#4692,#4693);
#4691 = CARTESIAN_POINT('',(-1.75,-26.3,-3.2));
#4692 = DIRECTION('',(1.,-1.224646799147E-16,0.));
#4693 = DIRECTION('',(-8.659560562355E-17,-0.707106781187,
    -0.707106781187));
#4694 = ADVANCED_FACE('',(#4695),#4722,.F.);
#4695 = FACE_BOUND('',#4696,.F.);
#4696 = EDGE_LOOP('',(#4697,#4706,#4707,#4716));
#4697 = ORIENTED_EDGE('',*,*,#4698,.F.);
#4698 = EDGE_CURVE('',#604,#4699,#4701,.T.);
#4699 = VERTEX_POINT('',#4700);
#4700 = CARTESIAN_POINT('',(-26.8,-3.5,-3.2));
#4701 = ELLIPSE('',#4702,0.707106781187,0.5);
#4702 = AXIS2_PLACEMENT_3D('',#4703,#4704,#4705);
#4703 = CARTESIAN_POINT('',(-26.3,-3.,-3.2));
#4704 = DIRECTION('',(-0.707106781187,0.707106781187,7.850462293419E-16)
  );
#4705 = DIRECTION('',(-0.707106781187,-0.707106781187,
    -7.850462293419E-16));
#4706 = ORIENTED_EDGE('',*,*,#611,.F.);
#4707 = ORIENTED_EDGE('',*,*,#4708,.F.);
#4708 = EDGE_CURVE('',#4709,#612,#4711,.T.);
#4709 = VERTEX_POINT('',#4710);
#4710 = CARTESIAN_POINT('',(-16.00781059358,-3.5,-3.2));
#4711 = CIRCLE('',#4712,0.5);
#4712 = AXIS2_PLACEMENT_3D('',#4713,#4714,#4715);
#4713 = CARTESIAN_POINT('',(-16.00781059358,-3.,-3.2));
#4714 = DIRECTION('',(1.,0.,0.));
#4715 = DIRECTION('',(0.,-1.,0.));
#4716 = ORIENTED_EDGE('',*,*,#4717,.F.);
#4717 = EDGE_CURVE('',#4699,#4709,#4718,.T.);
#4718 = LINE('',#4719,#4720);
#4719 = CARTESIAN_POINT('',(-18.04999999999,-3.5,-3.2));
#4720 = VECTOR('',#4721,1.);
#4721 = DIRECTION('',(1.,-7.945683850284E-17,0.));
#4722 = CYLINDRICAL_SURFACE('',#4723,0.5);
#4723 = AXIS2_PLACEMENT_3D('',#4724,#4725,#4726);
#4724 = CARTESIAN_POINT('',(-18.04999999999,-3.,-3.2));
#4725 = DIRECTION('',(1.,-7.945683850284E-17,0.));
#4726 = DIRECTION('',(-5.6184469317E-17,-0.707106781187,-0.707106781187)
  );
#4727 = ADVANCED_FACE('',(#4728),#4746,.F.);
#4728 = FACE_BOUND('',#4729,.F.);
#4729 = EDGE_LOOP('',(#4730,#4737,#4738,#4739));
#4730 = ORIENTED_EDGE('',*,*,#4731,.F.);
#4731 = EDGE_CURVE('',#4709,#2085,#4732,.T.);
#4732 = CIRCLE('',#4733,0.5);
#4733 = AXIS2_PLACEMENT_3D('',#4734,#4735,#4736);
#4734 = CARTESIAN_POINT('',(-16.00781059358,-4.,-3.2));
#4735 = DIRECTION('',(0.,0.,-1.));
#4736 = DIRECTION('',(0.615457454897,0.788170109312,0.));
#4737 = ORIENTED_EDGE('',*,*,#4708,.T.);
#4738 = ORIENTED_EDGE('',*,*,#619,.F.);
#4739 = ORIENTED_EDGE('',*,*,#4740,.F.);
#4740 = EDGE_CURVE('',#2085,#620,#4741,.T.);
#4741 = CIRCLE('',#4742,0.5);
#4742 = AXIS2_PLACEMENT_3D('',#4743,#4744,#4745);
#4743 = CARTESIAN_POINT('',(-15.03764025457,-3.757575757576,-3.2));
#4744 = DIRECTION('',(0.242424242424,-0.970170339005,0.));
#4745 = DIRECTION('',(-0.970170339005,-0.242424242424,0.));
#4746 = TOROIDAL_SURFACE('',#4747,1.,0.5);
#4747 = AXIS2_PLACEMENT_3D('',#4748,#4749,#4750);
#4748 = CARTESIAN_POINT('',(-16.00781059358,-4.,-3.2));
#4749 = DIRECTION('',(0.,0.,-1.));
#4750 = DIRECTION('',(-1.,0.,0.));
#4751 = ADVANCED_FACE('',(#4752),#4758,.F.);
#4752 = FACE_BOUND('',#4753,.F.);
#4753 = EDGE_LOOP('',(#4754,#4755,#4756,#4757));
#4754 = ORIENTED_EDGE('',*,*,#2092,.F.);
#4755 = ORIENTED_EDGE('',*,*,#4740,.T.);
#4756 = ORIENTED_EDGE('',*,*,#628,.F.);
#4757 = ORIENTED_EDGE('',*,*,#2139,.F.);
#4758 = TOROIDAL_SURFACE('',#4759,15.5,0.5);
#4759 = AXIS2_PLACEMENT_3D('',#4760,#4761,#4762);
#4760 = CARTESIAN_POINT('',(-6.661338147751E-15,4.440892098501E-15,-3.2)
  );
#4761 = DIRECTION('',(0.,0.,1.));
#4762 = DIRECTION('',(1.,0.,-0.));
#4763 = ADVANCED_FACE('',(#4764),#4784,.F.);
#4764 = FACE_BOUND('',#4765,.F.);
#4765 = EDGE_LOOP('',(#4766,#4775,#4776,#4777));
#4766 = ORIENTED_EDGE('',*,*,#4767,.F.);
#4767 = EDGE_CURVE('',#2355,#4768,#4770,.T.);
#4768 = VERTEX_POINT('',#4769);
#4769 = CARTESIAN_POINT('',(-3.5,-16.00781059358,-3.2));
#4770 = CIRCLE('',#4771,0.5);
#4771 = AXIS2_PLACEMENT_3D('',#4772,#4773,#4774);
#4772 = CARTESIAN_POINT('',(-4.,-16.00781059358,-3.2));
#4773 = DIRECTION('',(0.,0.,-1.));
#4774 = DIRECTION('',(0.788170109312,0.615457454897,0.));
#4775 = ORIENTED_EDGE('',*,*,#2354,.T.);
#4776 = ORIENTED_EDGE('',*,*,#785,.F.);
#4777 = ORIENTED_EDGE('',*,*,#4778,.F.);
#4778 = EDGE_CURVE('',#4768,#786,#4779,.T.);
#4779 = CIRCLE('',#4780,0.5);
#4780 = AXIS2_PLACEMENT_3D('',#4781,#4782,#4783);
#4781 = CARTESIAN_POINT('',(-3.,-16.00781059358,-3.2));
#4782 = DIRECTION('',(-4.440892098501E-15,-1.,0.));
#4783 = DIRECTION('',(-1.,4.440892098501E-15,0.));
#4784 = TOROIDAL_SURFACE('',#4785,1.,0.5);
#4785 = AXIS2_PLACEMENT_3D('',#4786,#4787,#4788);
#4786 = CARTESIAN_POINT('',(-4.,-16.00781059358,-3.2));
#4787 = DIRECTION('',(0.,0.,-1.));
#4788 = DIRECTION('',(-1.,0.,0.));
#4789 = ADVANCED_FACE('',(#4790),#4801,.F.);
#4790 = FACE_BOUND('',#4791,.F.);
#4791 = EDGE_LOOP('',(#4792,#4793,#4799,#4800));
#4792 = ORIENTED_EDGE('',*,*,#4673,.T.);
#4793 = ORIENTED_EDGE('',*,*,#4794,.F.);
#4794 = EDGE_CURVE('',#4768,#4674,#4795,.T.);
#4795 = LINE('',#4796,#4797);
#4796 = CARTESIAN_POINT('',(-3.5,-8.003905296791,-3.2));
#4797 = VECTOR('',#4798,1.);
#4798 = DIRECTION('',(-3.511443848852E-16,-1.,0.));
#4799 = ORIENTED_EDGE('',*,*,#4778,.T.);
#4800 = ORIENTED_EDGE('',*,*,#794,.F.);
#4801 = CYLINDRICAL_SURFACE('',#4802,0.5);
#4802 = AXIS2_PLACEMENT_3D('',#4803,#4804,#4805);
#4803 = CARTESIAN_POINT('',(-3.,-8.003905296791,-3.2));
#4804 = DIRECTION('',(-3.511443848852E-16,-1.,0.));
#4805 = DIRECTION('',(-0.707106781187,2.482965757279E-16,-0.707106781187
    ));
#4806 = ADVANCED_FACE('',(#4807),#4825,.F.);
#4807 = FACE_BOUND('',#4808,.F.);
#4808 = EDGE_LOOP('',(#4809,#4816,#4817,#4818));
#4809 = ORIENTED_EDGE('',*,*,#4810,.F.);
#4810 = EDGE_CURVE('',#4514,#207,#4811,.T.);
#4811 = CIRCLE('',#4812,0.5);
#4812 = AXIS2_PLACEMENT_3D('',#4813,#4814,#4815);
#4813 = CARTESIAN_POINT('',(16.007810593582,4.,-3.2));
#4814 = DIRECTION('',(0.,0.,-1.));
#4815 = DIRECTION('',(-0.615457454897,-0.788170109312,-0.));
#4816 = ORIENTED_EDGE('',*,*,#4513,.T.);
#4817 = ORIENTED_EDGE('',*,*,#1017,.F.);
#4818 = ORIENTED_EDGE('',*,*,#4819,.F.);
#4819 = EDGE_CURVE('',#207,#1018,#4820,.T.);
#4820 = CIRCLE('',#4821,0.5);
#4821 = AXIS2_PLACEMENT_3D('',#4822,#4823,#4824);
#4822 = CARTESIAN_POINT('',(15.037640254577,3.757575757576,-3.2));
#4823 = DIRECTION('',(-0.242424242424,0.970170339005,0.));
#4824 = DIRECTION('',(0.970170339005,0.242424242424,0.));
#4825 = TOROIDAL_SURFACE('',#4826,1.,0.5);
#4826 = AXIS2_PLACEMENT_3D('',#4827,#4828,#4829);
#4827 = CARTESIAN_POINT('',(16.007810593582,4.,-3.2));
#4828 = DIRECTION('',(0.,0.,-1.));
#4829 = DIRECTION('',(-1.,0.,0.));
#4830 = ADVANCED_FACE('',(#4831),#4837,.F.);
#4831 = FACE_BOUND('',#4832,.F.);
#4832 = EDGE_LOOP('',(#4833,#4834,#4835,#4836));
#4833 = ORIENTED_EDGE('',*,*,#214,.F.);
#4834 = ORIENTED_EDGE('',*,*,#4819,.T.);
#4835 = ORIENTED_EDGE('',*,*,#1026,.F.);
#4836 = ORIENTED_EDGE('',*,*,#270,.F.);
#4837 = TOROIDAL_SURFACE('',#4838,15.5,0.5);
#4838 = AXIS2_PLACEMENT_3D('',#4839,#4840,#4841);
#4839 = CARTESIAN_POINT('',(6.661338147751E-15,-4.440892098501E-15,-3.2)
  );
#4840 = DIRECTION('',(0.,0.,1.));
#4841 = DIRECTION('',(1.,0.,-0.));
#4842 = ADVANCED_FACE('',(#4843),#4863,.F.);
#4843 = FACE_BOUND('',#4844,.F.);
#4844 = EDGE_LOOP('',(#4845,#4854,#4855,#4856));
#4845 = ORIENTED_EDGE('',*,*,#4846,.F.);
#4846 = EDGE_CURVE('',#1357,#4847,#4849,.T.);
#4847 = VERTEX_POINT('',#4848);
#4848 = CARTESIAN_POINT('',(3.5,16.007810593582,-3.2));
#4849 = CIRCLE('',#4850,0.5);
#4850 = AXIS2_PLACEMENT_3D('',#4851,#4852,#4853);
#4851 = CARTESIAN_POINT('',(4.,16.007810593582,-3.2));
#4852 = DIRECTION('',(0.,0.,-1.));
#4853 = DIRECTION('',(-0.788170109312,-0.615457454897,-0.));
#4854 = ORIENTED_EDGE('',*,*,#1356,.T.);
#4855 = ORIENTED_EDGE('',*,*,#1046,.F.);
#4856 = ORIENTED_EDGE('',*,*,#4857,.F.);
#4857 = EDGE_CURVE('',#4847,#1047,#4858,.T.);
#4858 = CIRCLE('',#4859,0.5);
#4859 = AXIS2_PLACEMENT_3D('',#4860,#4861,#4862);
#4860 = CARTESIAN_POINT('',(3.,16.007810593582,-3.2));
#4861 = DIRECTION('',(4.440892098501E-15,1.,0.));
#4862 = DIRECTION('',(1.,-4.440892098501E-15,0.));
#4863 = TOROIDAL_SURFACE('',#4864,1.,0.5);
#4864 = AXIS2_PLACEMENT_3D('',#4865,#4866,#4867);
#4865 = CARTESIAN_POINT('',(4.,16.007810593582,-3.2));
#4866 = DIRECTION('',(0.,0.,-1.));
#4867 = DIRECTION('',(-1.,0.,0.));
#4868 = ADVANCED_FACE('',(#4869),#4880,.F.);
#4869 = FACE_BOUND('',#4870,.F.);
#4870 = EDGE_LOOP('',(#4871,#4872,#4878,#4879));
#4871 = ORIENTED_EDGE('',*,*,#4487,.T.);
#4872 = ORIENTED_EDGE('',*,*,#4873,.F.);
#4873 = EDGE_CURVE('',#4847,#4480,#4874,.T.);
#4874 = LINE('',#4875,#4876);
#4875 = CARTESIAN_POINT('',(3.5,8.003905296791,-3.2));
#4876 = VECTOR('',#4877,1.);
#4877 = DIRECTION('',(2.286797049704E-16,1.,0.));
#4878 = ORIENTED_EDGE('',*,*,#4857,.T.);
#4879 = ORIENTED_EDGE('',*,*,#1055,.F.);
#4880 = CYLINDRICAL_SURFACE('',#4881,0.5);
#4881 = AXIS2_PLACEMENT_3D('',#4882,#4883,#4884);
#4882 = CARTESIAN_POINT('',(3.,8.003905296791,-3.2));
#4883 = DIRECTION('',(2.286797049704E-16,1.,0.));
#4884 = DIRECTION('',(0.707106781187,-1.617009701043E-16,-0.707106781187
    ));
#4885 = ADVANCED_FACE('',(#4886),#4905,.F.);
#4886 = FACE_BOUND('',#4887,.F.);
#4887 = EDGE_LOOP('',(#4888,#4897,#4898,#4899));
#4888 = ORIENTED_EDGE('',*,*,#4889,.F.);
#4889 = EDGE_CURVE('',#596,#4890,#4892,.T.);
#4890 = VERTEX_POINT('',#4891);
#4891 = CARTESIAN_POINT('',(-26.8,3.5,-3.2));
#4892 = ELLIPSE('',#4893,0.707106781187,0.5);
#4893 = AXIS2_PLACEMENT_3D('',#4894,#4895,#4896);
#4894 = CARTESIAN_POINT('',(-26.3,3.,-3.2));
#4895 = DIRECTION('',(0.707106781187,0.707106781187,0.));
#4896 = DIRECTION('',(-0.707106781187,0.707106781187,0.));
#4897 = ORIENTED_EDGE('',*,*,#603,.F.);
#4898 = ORIENTED_EDGE('',*,*,#4698,.T.);
#4899 = ORIENTED_EDGE('',*,*,#4900,.F.);
#4900 = EDGE_CURVE('',#4890,#4699,#4901,.T.);
#4901 = LINE('',#4902,#4903);
#4902 = CARTESIAN_POINT('',(-26.8,1.75,-3.2));
#4903 = VECTOR('',#4904,1.);
#4904 = DIRECTION('',(-6.123233995737E-17,-1.,0.));
#4905 = CYLINDRICAL_SURFACE('',#4906,0.5);
#4906 = AXIS2_PLACEMENT_3D('',#4907,#4908,#4909);
#4907 = CARTESIAN_POINT('',(-26.3,1.75,-3.2));
#4908 = DIRECTION('',(-6.123233995737E-17,-1.,0.));
#4909 = DIRECTION('',(-0.707106781187,4.329780281177E-17,-0.707106781187
    ));
#4910 = ADVANCED_FACE('',(#4911),#4923,.F.);
#4911 = FACE_BOUND('',#4912,.F.);
#4912 = EDGE_LOOP('',(#4913,#4920,#4921,#4922));
#4913 = ORIENTED_EDGE('',*,*,#4914,.F.);
#4914 = EDGE_CURVE('',#4456,#2553,#4915,.T.);
#4915 = CIRCLE('',#4916,0.5);
#4916 = AXIS2_PLACEMENT_3D('',#4917,#4918,#4919);
#4917 = CARTESIAN_POINT('',(-4.,16.007810593582,-3.2));
#4918 = DIRECTION('',(0.,0.,-1.));
#4919 = DIRECTION('',(0.788170109312,-0.615457454897,0.));
#4920 = ORIENTED_EDGE('',*,*,#4455,.T.);
#4921 = ORIENTED_EDGE('',*,*,#1079,.F.);
#4922 = ORIENTED_EDGE('',*,*,#2982,.F.);
#4923 = TOROIDAL_SURFACE('',#4924,1.,0.5);
#4924 = AXIS2_PLACEMENT_3D('',#4925,#4926,#4927);
#4925 = CARTESIAN_POINT('',(-4.,16.007810593582,-3.2));
#4926 = DIRECTION('',(0.,0.,-1.));
#4927 = DIRECTION('',(-1.,0.,0.));
#4928 = ADVANCED_FACE('',(#4929),#4949,.F.);
#4929 = FACE_BOUND('',#4930,.F.);
#4930 = EDGE_LOOP('',(#4931,#4940,#4941,#4942));
#4931 = ORIENTED_EDGE('',*,*,#4932,.F.);
#4932 = EDGE_CURVE('',#2939,#4933,#4935,.T.);
#4933 = VERTEX_POINT('',#4934);
#4934 = CARTESIAN_POINT('',(-16.00781059358,3.5,-3.2));
#4935 = CIRCLE('',#4936,0.5);
#4936 = AXIS2_PLACEMENT_3D('',#4937,#4938,#4939);
#4937 = CARTESIAN_POINT('',(-16.00781059358,4.,-3.2));
#4938 = DIRECTION('',(0.,0.,-1.));
#4939 = DIRECTION('',(0.615457454897,-0.788170109312,0.));
#4940 = ORIENTED_EDGE('',*,*,#2964,.T.);
#4941 = ORIENTED_EDGE('',*,*,#586,.F.);
#4942 = ORIENTED_EDGE('',*,*,#4943,.F.);
#4943 = EDGE_CURVE('',#4933,#587,#4944,.T.);
#4944 = CIRCLE('',#4945,0.5);
#4945 = AXIS2_PLACEMENT_3D('',#4946,#4947,#4948);
#4946 = CARTESIAN_POINT('',(-16.00781059358,3.,-3.2));
#4947 = DIRECTION('',(-1.,4.440892098501E-15,0.));
#4948 = DIRECTION('',(4.440892098501E-15,1.,0.));
#4949 = TOROIDAL_SURFACE('',#4950,1.,0.5);
#4950 = AXIS2_PLACEMENT_3D('',#4951,#4952,#4953);
#4951 = CARTESIAN_POINT('',(-16.00781059358,4.,-3.2));
#4952 = DIRECTION('',(0.,0.,-1.));
#4953 = DIRECTION('',(-1.,0.,0.));
#4954 = ADVANCED_FACE('',(#4955),#4966,.F.);
#4955 = FACE_BOUND('',#4956,.F.);
#4956 = EDGE_LOOP('',(#4957,#4958,#4964,#4965));
#4957 = ORIENTED_EDGE('',*,*,#4889,.T.);
#4958 = ORIENTED_EDGE('',*,*,#4959,.F.);
#4959 = EDGE_CURVE('',#4933,#4890,#4960,.T.);
#4960 = LINE('',#4961,#4962);
#4961 = CARTESIAN_POINT('',(-8.003905296791,3.5,-3.2));
#4962 = VECTOR('',#4963,1.);
#4963 = DIRECTION('',(-1.,2.899120449278E-16,0.));
#4964 = ORIENTED_EDGE('',*,*,#4943,.T.);
#4965 = ORIENTED_EDGE('',*,*,#595,.F.);
#4966 = CYLINDRICAL_SURFACE('',#4967,0.5);
#4967 = AXIS2_PLACEMENT_3D('',#4968,#4969,#4970);
#4968 = CARTESIAN_POINT('',(-8.003905296791,3.,-3.2));
#4969 = DIRECTION('',(-1.,2.899120449278E-16,0.));
#4970 = DIRECTION('',(2.049987729161E-16,0.707106781187,-0.707106781187)
  );
#4971 = ADVANCED_FACE('',(#4972),#4997,.T.);
#4972 = FACE_BOUND('',#4973,.T.);
#4973 = EDGE_LOOP('',(#4974,#4975,#4983,#4991));
#4974 = ORIENTED_EDGE('',*,*,#4537,.F.);
#4975 = ORIENTED_EDGE('',*,*,#4976,.F.);
#4976 = EDGE_CURVE('',#4977,#4538,#4979,.T.);
#4977 = VERTEX_POINT('',#4978);
#4978 = CARTESIAN_POINT('',(26.8,-3.5,-1.7));
#4979 = LINE('',#4980,#4981);
#4980 = CARTESIAN_POINT('',(26.8,-3.5,-1.2));
#4981 = VECTOR('',#4982,1.);
#4982 = DIRECTION('',(0.,0.,-1.));
#4983 = ORIENTED_EDGE('',*,*,#4984,.F.);
#4984 = EDGE_CURVE('',#4985,#4977,#4987,.T.);
#4985 = VERTEX_POINT('',#4986);
#4986 = CARTESIAN_POINT('',(26.8,3.5,-1.7));
#4987 = LINE('',#4988,#4989);
#4988 = CARTESIAN_POINT('',(26.8,8.15,-1.7));
#4989 = VECTOR('',#4990,1.);
#4990 = DIRECTION('',(-1.836970198721E-16,-1.,0.));
#4991 = ORIENTED_EDGE('',*,*,#4992,.F.);
#4992 = EDGE_CURVE('',#4504,#4985,#4993,.T.);
#4993 = LINE('',#4994,#4995);
#4994 = CARTESIAN_POINT('',(26.8,3.5,-1.2));
#4995 = VECTOR('',#4996,1.);
#4996 = DIRECTION('',(0.,0.,1.));
#4997 = PLANE('',#4998);
#4998 = AXIS2_PLACEMENT_3D('',#4999,#5000,#5001);
#4999 = CARTESIAN_POINT('',(26.8,-3.5,-1.2));
#5000 = DIRECTION('',(-1.,1.836970198721E-16,0.));
#5001 = DIRECTION('',(1.836970198721E-16,1.,0.));
#5002 = ADVANCED_FACE('',(#5003),#5021,.T.);
#5003 = FACE_BOUND('',#5004,.T.);
#5004 = EDGE_LOOP('',(#5005,#5006,#5012,#5013,#5020));
#5005 = ORIENTED_EDGE('',*,*,#4657,.F.);
#5006 = ORIENTED_EDGE('',*,*,#5007,.F.);
#5007 = EDGE_CURVE('',#1971,#4631,#5008,.T.);
#5008 = LINE('',#5009,#5010);
#5009 = CARTESIAN_POINT('',(16.007810593582,-3.5,-1.2));
#5010 = VECTOR('',#5011,1.);
#5011 = DIRECTION('',(0.,0.,-1.));
#5012 = ORIENTED_EDGE('',*,*,#1970,.T.);
#5013 = ORIENTED_EDGE('',*,*,#5014,.T.);
#5014 = EDGE_CURVE('',#1963,#4977,#5015,.T.);
#5015 = CIRCLE('',#5016,0.5);
#5016 = AXIS2_PLACEMENT_3D('',#5017,#5018,#5019);
#5017 = CARTESIAN_POINT('',(27.3,-3.5,-1.7));
#5018 = DIRECTION('',(-4.123767248425E-16,-1.,0.));
#5019 = DIRECTION('',(-0.707106781187,2.915943785397E-16,0.707106781187)
  );
#5020 = ORIENTED_EDGE('',*,*,#4976,.T.);
#5021 = PLANE('',#5022);
#5022 = AXIS2_PLACEMENT_3D('',#5023,#5024,#5025);
#5023 = CARTESIAN_POINT('',(16.007810593582,-3.5,-1.2));
#5024 = DIRECTION('',(4.123767248425E-16,1.,0.));
#5025 = DIRECTION('',(1.,-4.123767248425E-16,0.));
#5026 = ADVANCED_FACE('',(#5027),#5033,.T.);
#5027 = FACE_BOUND('',#5028,.T.);
#5028 = EDGE_LOOP('',(#5029,#5030,#5031,#5032));
#5029 = ORIENTED_EDGE('',*,*,#4630,.F.);
#5030 = ORIENTED_EDGE('',*,*,#1919,.F.);
#5031 = ORIENTED_EDGE('',*,*,#1978,.T.);
#5032 = ORIENTED_EDGE('',*,*,#5007,.T.);
#5033 = CYLINDRICAL_SURFACE('',#5034,0.5);
#5034 = AXIS2_PLACEMENT_3D('',#5035,#5036,#5037);
#5035 = CARTESIAN_POINT('',(16.007810593582,-4.,-1.2));
#5036 = DIRECTION('',(0.,0.,-1.));
#5037 = DIRECTION('',(-0.970170339005,0.242424242424,0.));
#5038 = ADVANCED_FACE('',(#5039),#5050,.T.);
#5039 = FACE_BOUND('',#5040,.T.);
#5040 = EDGE_LOOP('',(#5041,#5042,#5048,#5049));
#5041 = ORIENTED_EDGE('',*,*,#4594,.F.);
#5042 = ORIENTED_EDGE('',*,*,#5043,.F.);
#5043 = EDGE_CURVE('',#2434,#4572,#5044,.T.);
#5044 = LINE('',#5045,#5046);
#5045 = CARTESIAN_POINT('',(3.5,-16.00781059358,-1.2));
#5046 = VECTOR('',#5047,1.);
#5047 = DIRECTION('',(0.,0.,-1.));
#5048 = ORIENTED_EDGE('',*,*,#2433,.T.);
#5049 = ORIENTED_EDGE('',*,*,#1596,.T.);
#5050 = CYLINDRICAL_SURFACE('',#5051,0.5);
#5051 = AXIS2_PLACEMENT_3D('',#5052,#5053,#5054);
#5052 = CARTESIAN_POINT('',(4.,-16.00781059358,-1.2));
#5053 = DIRECTION('',(0.,0.,-1.));
#5054 = DIRECTION('',(-1.,1.836970198721E-16,0.));
#5055 = ADVANCED_FACE('',(#5056),#5076,.T.);
#5056 = FACE_BOUND('',#5057,.T.);
#5057 = EDGE_LOOP('',(#5058,#5059,#5067,#5074,#5075));
#5058 = ORIENTED_EDGE('',*,*,#4580,.F.);
#5059 = ORIENTED_EDGE('',*,*,#5060,.F.);
#5060 = EDGE_CURVE('',#5061,#4562,#5063,.T.);
#5061 = VERTEX_POINT('',#5062);
#5062 = CARTESIAN_POINT('',(3.5,-26.8,-1.7));
#5063 = LINE('',#5064,#5065);
#5064 = CARTESIAN_POINT('',(3.5,-26.8,-1.2));
#5065 = VECTOR('',#5066,1.);
#5066 = DIRECTION('',(0.,0.,-1.));
#5067 = ORIENTED_EDGE('',*,*,#5068,.F.);
#5068 = EDGE_CURVE('',#2443,#5061,#5069,.T.);
#5069 = CIRCLE('',#5070,0.5);
#5070 = AXIS2_PLACEMENT_3D('',#5071,#5072,#5073);
#5071 = CARTESIAN_POINT('',(3.5,-27.3,-1.7));
#5072 = DIRECTION('',(-1.,3.085860062556E-18,0.));
#5073 = DIRECTION('',(2.182032576026E-18,0.707106781187,0.707106781187)
  );
#5074 = ORIENTED_EDGE('',*,*,#2442,.F.);
#5075 = ORIENTED_EDGE('',*,*,#5043,.T.);
#5076 = PLANE('',#5077);
#5077 = AXIS2_PLACEMENT_3D('',#5078,#5079,#5080);
#5078 = CARTESIAN_POINT('',(3.5,-36.09999999999,-1.2));
#5079 = DIRECTION('',(-1.,1.406891784602E-16,0.));
#5080 = DIRECTION('',(1.406891784602E-16,1.,0.));
#5081 = ADVANCED_FACE('',(#5082),#5100,.T.);
#5082 = FACE_BOUND('',#5083,.T.);
#5083 = EDGE_LOOP('',(#5084,#5085,#5093,#5099));
#5084 = ORIENTED_EDGE('',*,*,#4684,.F.);
#5085 = ORIENTED_EDGE('',*,*,#5086,.F.);
#5086 = EDGE_CURVE('',#5087,#4674,#5089,.T.);
#5087 = VERTEX_POINT('',#5088);
#5088 = CARTESIAN_POINT('',(-3.5,-26.8,-1.7));
#5089 = LINE('',#5090,#5091);
#5090 = CARTESIAN_POINT('',(-3.5,-26.8,-1.2));
#5091 = VECTOR('',#5092,1.);
#5092 = DIRECTION('',(0.,0.,-1.));
#5093 = ORIENTED_EDGE('',*,*,#5094,.F.);
#5094 = EDGE_CURVE('',#5061,#5087,#5095,.T.);
#5095 = LINE('',#5096,#5097);
#5096 = CARTESIAN_POINT('',(8.149999999999,-26.8,-1.7));
#5097 = VECTOR('',#5098,1.);
#5098 = DIRECTION('',(-1.,1.224646799147E-16,0.));
#5099 = ORIENTED_EDGE('',*,*,#5060,.T.);
#5100 = PLANE('',#5101);
#5101 = AXIS2_PLACEMENT_3D('',#5102,#5103,#5104);
#5102 = CARTESIAN_POINT('',(-3.5,-26.8,-1.2));
#5103 = DIRECTION('',(1.224646799147E-16,1.,0.));
#5104 = DIRECTION('',(1.,-1.224646799147E-16,0.));
#5105 = ADVANCED_FACE('',(#5106),#5124,.T.);
#5106 = FACE_BOUND('',#5107,.T.);
#5107 = EDGE_LOOP('',(#5108,#5109,#5115,#5116,#5123));
#5108 = ORIENTED_EDGE('',*,*,#4794,.F.);
#5109 = ORIENTED_EDGE('',*,*,#5110,.F.);
#5110 = EDGE_CURVE('',#2459,#4768,#5111,.T.);
#5111 = LINE('',#5112,#5113);
#5112 = CARTESIAN_POINT('',(-3.5,-16.00781059358,-1.2));
#5113 = VECTOR('',#5114,1.);
#5114 = DIRECTION('',(0.,0.,-1.));
#5115 = ORIENTED_EDGE('',*,*,#2458,.T.);
#5116 = ORIENTED_EDGE('',*,*,#5117,.T.);
#5117 = EDGE_CURVE('',#2451,#5087,#5118,.T.);
#5118 = CIRCLE('',#5119,0.5);
#5119 = AXIS2_PLACEMENT_3D('',#5120,#5121,#5122);
#5120 = CARTESIAN_POINT('',(-3.5,-27.3,-1.7));
#5121 = DIRECTION('',(-1.,3.511443848852E-16,-2.465190328816E-32));
#5122 = DIRECTION('',(2.482965757279E-16,0.707106781187,0.707106781187)
  );
#5123 = ORIENTED_EDGE('',*,*,#5086,.T.);
#5124 = PLANE('',#5125);
#5125 = AXIS2_PLACEMENT_3D('',#5126,#5127,#5128);
#5126 = CARTESIAN_POINT('',(-3.5,-16.00781059358,-1.2));
#5127 = DIRECTION('',(1.,-3.511443848852E-16,0.));
#5128 = DIRECTION('',(-3.511443848852E-16,-1.,0.));
#5129 = ADVANCED_FACE('',(#5130),#5136,.T.);
#5130 = FACE_BOUND('',#5131,.T.);
#5131 = EDGE_LOOP('',(#5132,#5133,#5134,#5135));
#5132 = ORIENTED_EDGE('',*,*,#4767,.F.);
#5133 = ORIENTED_EDGE('',*,*,#2407,.F.);
#5134 = ORIENTED_EDGE('',*,*,#2466,.T.);
#5135 = ORIENTED_EDGE('',*,*,#5110,.T.);
#5136 = CYLINDRICAL_SURFACE('',#5137,0.5);
#5137 = AXIS2_PLACEMENT_3D('',#5138,#5139,#5140);
#5138 = CARTESIAN_POINT('',(-4.,-16.00781059358,-1.2));
#5139 = DIRECTION('',(0.,0.,-1.));
#5140 = DIRECTION('',(0.242424242424,0.970170339005,0.));
#5141 = ADVANCED_FACE('',(#5142),#5153,.T.);
#5142 = FACE_BOUND('',#5143,.T.);
#5143 = EDGE_LOOP('',(#5144,#5145,#5151,#5152));
#5144 = ORIENTED_EDGE('',*,*,#4731,.F.);
#5145 = ORIENTED_EDGE('',*,*,#5146,.F.);
#5146 = EDGE_CURVE('',#2842,#4709,#5147,.T.);
#5147 = LINE('',#5148,#5149);
#5148 = CARTESIAN_POINT('',(-16.00781059358,-3.5,-1.2));
#5149 = VECTOR('',#5150,1.);
#5150 = DIRECTION('',(0.,0.,-1.));
#5151 = ORIENTED_EDGE('',*,*,#2841,.T.);
#5152 = ORIENTED_EDGE('',*,*,#2084,.T.);
#5153 = CYLINDRICAL_SURFACE('',#5154,0.5);
#5154 = AXIS2_PLACEMENT_3D('',#5155,#5156,#5157);
#5155 = CARTESIAN_POINT('',(-16.00781059358,-4.,-1.2));
#5156 = DIRECTION('',(0.,0.,-1.));
#5157 = DIRECTION('',(1.224646799147E-16,1.,0.));
#5158 = ADVANCED_FACE('',(#5159),#5179,.T.);
#5159 = FACE_BOUND('',#5160,.T.);
#5160 = EDGE_LOOP('',(#5161,#5162,#5170,#5177,#5178));
#5161 = ORIENTED_EDGE('',*,*,#4717,.F.);
#5162 = ORIENTED_EDGE('',*,*,#5163,.F.);
#5163 = EDGE_CURVE('',#5164,#4699,#5166,.T.);
#5164 = VERTEX_POINT('',#5165);
#5165 = CARTESIAN_POINT('',(-26.8,-3.5,-1.7));
#5166 = LINE('',#5167,#5168);
#5167 = CARTESIAN_POINT('',(-26.8,-3.5,-1.2));
#5168 = VECTOR('',#5169,1.);
#5169 = DIRECTION('',(0.,0.,-1.));
#5170 = ORIENTED_EDGE('',*,*,#5171,.F.);
#5171 = EDGE_CURVE('',#2851,#5164,#5172,.T.);
#5172 = CIRCLE('',#5173,0.5);
#5173 = AXIS2_PLACEMENT_3D('',#5174,#5175,#5176);
#5174 = CARTESIAN_POINT('',(-27.3,-3.5,-1.7));
#5175 = DIRECTION('',(-5.814647989481E-17,1.,0.));
#5176 = DIRECTION('',(0.707106781187,4.111577023575E-17,0.707106781187)
  );
#5177 = ORIENTED_EDGE('',*,*,#2850,.F.);
#5178 = ORIENTED_EDGE('',*,*,#5146,.T.);
#5179 = PLANE('',#5180);
#5180 = AXIS2_PLACEMENT_3D('',#5181,#5182,#5183);
#5181 = CARTESIAN_POINT('',(-36.09999999999,-3.5,-1.2));
#5182 = DIRECTION('',(7.945683850284E-17,1.,0.));
#5183 = DIRECTION('',(1.,-7.945683850284E-17,0.));
#5184 = ADVANCED_FACE('',(#5185),#5196,.F.);
#5185 = FACE_BOUND('',#5186,.F.);
#5186 = EDGE_LOOP('',(#5187,#5188,#5189,#5190));
#5187 = ORIENTED_EDGE('',*,*,#1830,.F.);
#5188 = ORIENTED_EDGE('',*,*,#853,.F.);
#5189 = ORIENTED_EDGE('',*,*,#3739,.F.);
#5190 = ORIENTED_EDGE('',*,*,#5191,.F.);
#5191 = EDGE_CURVE('',#1831,#3740,#5192,.T.);
#5192 = LINE('',#5193,#5194);
#5193 = CARTESIAN_POINT('',(5.,-8.385254915624,-3.2));
#5194 = VECTOR('',#5195,1.);
#5195 = DIRECTION('',(-2.688408755023E-16,-1.,0.));
#5196 = CYLINDRICAL_SURFACE('',#5197,0.5);
#5197 = AXIS2_PLACEMENT_3D('',#5198,#5199,#5200);
#5198 = CARTESIAN_POINT('',(5.5,-8.385254915624,-3.2));
#5199 = DIRECTION('',(-2.688408755023E-16,-1.,0.));
#5200 = DIRECTION('',(-0.707106781187,1.900992061278E-16,-0.707106781187
    ));
#5201 = ADVANCED_FACE('',(#5202),#5213,.F.);
#5202 = FACE_BOUND('',#5203,.F.);
#5203 = EDGE_LOOP('',(#5204,#5205,#5211,#5212));
#5204 = ORIENTED_EDGE('',*,*,#1802,.T.);
#5205 = ORIENTED_EDGE('',*,*,#5206,.F.);
#5206 = EDGE_CURVE('',#3907,#1725,#5207,.T.);
#5207 = LINE('',#5208,#5209);
#5208 = CARTESIAN_POINT('',(18.05,-5.,-3.2));
#5209 = VECTOR('',#5210,1.);
#5210 = DIRECTION('',(-1.,1.035739276966E-17,0.));
#5211 = ORIENTED_EDGE('',*,*,#3914,.F.);
#5212 = ORIENTED_EDGE('',*,*,#950,.F.);
#5213 = CYLINDRICAL_SURFACE('',#5214,0.5);
#5214 = AXIS2_PLACEMENT_3D('',#5215,#5216,#5217);
#5215 = CARTESIAN_POINT('',(18.05,-5.5,-3.2));
#5216 = DIRECTION('',(-1.,1.035739276966E-17,0.));
#5217 = DIRECTION('',(7.323782662838E-18,0.707106781187,-0.707106781187)
  );
#5218 = ADVANCED_FACE('',(#5219),#5225,.T.);
#5219 = FACE_BOUND('',#5220,.T.);
#5220 = EDGE_LOOP('',(#5221,#5222,#5223,#5224));
#5221 = ORIENTED_EDGE('',*,*,#5191,.F.);
#5222 = ORIENTED_EDGE('',*,*,#1901,.F.);
#5223 = ORIENTED_EDGE('',*,*,#2492,.F.);
#5224 = ORIENTED_EDGE('',*,*,#3748,.T.);
#5225 = PLANE('',#5226);
#5226 = AXIS2_PLACEMENT_3D('',#5227,#5228,#5229);
#5227 = CARTESIAN_POINT('',(5.,-16.77050983124,-1.2));
#5228 = DIRECTION('',(1.,-2.688408755023E-16,0.));
#5229 = DIRECTION('',(-2.688408755023E-16,-1.,0.));
#5230 = ADVANCED_FACE('',(#5231),#5237,.T.);
#5231 = FACE_BOUND('',#5232,.T.);
#5232 = EDGE_LOOP('',(#5233,#5234,#5235,#5236));
#5233 = ORIENTED_EDGE('',*,*,#5206,.F.);
#5234 = ORIENTED_EDGE('',*,*,#3906,.F.);
#5235 = ORIENTED_EDGE('',*,*,#1988,.F.);
#5236 = ORIENTED_EDGE('',*,*,#1733,.T.);
#5237 = PLANE('',#5238);
#5238 = AXIS2_PLACEMENT_3D('',#5239,#5240,#5241);
#5239 = CARTESIAN_POINT('',(36.099999999999,-5.,-1.2));
#5240 = DIRECTION('',(-1.035739276966E-17,-1.,0.));
#5241 = DIRECTION('',(-1.,1.035739276966E-17,0.));
#5242 = ADVANCED_FACE('',(#5243),#5251,.F.);
#5243 = FACE_BOUND('',#5244,.T.);
#5244 = EDGE_LOOP('',(#5245,#5246,#5247,#5248,#5249,#5250));
#5245 = ORIENTED_EDGE('',*,*,#1122,.T.);
#5246 = ORIENTED_EDGE('',*,*,#4305,.F.);
#5247 = ORIENTED_EDGE('',*,*,#4348,.F.);
#5248 = ORIENTED_EDGE('',*,*,#1443,.F.);
#5249 = ORIENTED_EDGE('',*,*,#4429,.F.);
#5250 = ORIENTED_EDGE('',*,*,#4400,.F.);
#5251 = PLANE('',#5252);
#5252 = AXIS2_PLACEMENT_3D('',#5253,#5254,#5255);
#5253 = CARTESIAN_POINT('',(5.,33.9,-1.2));
#5254 = DIRECTION('',(0.,-1.,0.));
#5255 = DIRECTION('',(-1.,0.,0.));
#5256 = ADVANCED_FACE('',(#5257),#5269,.T.);
#5257 = FACE_BOUND('',#5258,.T.);
#5258 = EDGE_LOOP('',(#5259,#5260,#5261,#5268));
#5259 = ORIENTED_EDGE('',*,*,#5014,.F.);
#5260 = ORIENTED_EDGE('',*,*,#1962,.T.);
#5261 = ORIENTED_EDGE('',*,*,#5262,.F.);
#5262 = EDGE_CURVE('',#4985,#1955,#5263,.T.);
#5263 = CIRCLE('',#5264,0.5);
#5264 = AXIS2_PLACEMENT_3D('',#5265,#5266,#5267);
#5265 = CARTESIAN_POINT('',(27.3,3.5,-1.7));
#5266 = DIRECTION('',(-4.300784141189E-17,1.,-3.08148791102E-33));
#5267 = DIRECTION('',(-0.707106781187,-3.041113630655E-17,0.707106781187
    ));
#5268 = ORIENTED_EDGE('',*,*,#4984,.T.);
#5269 = CYLINDRICAL_SURFACE('',#5270,0.5);
#5270 = AXIS2_PLACEMENT_3D('',#5271,#5272,#5273);
#5271 = CARTESIAN_POINT('',(27.3,8.15,-1.7));
#5272 = DIRECTION('',(1.836970198721E-16,1.,0.));
#5273 = DIRECTION('',(-0.707106781187,1.298934084353E-16,0.707106781187)
  );
#5274 = ADVANCED_FACE('',(#5275),#5309,.T.);
#5275 = FACE_BOUND('',#5276,.T.);
#5276 = EDGE_LOOP('',(#5277,#5287,#5295,#5303));
#5277 = ORIENTED_EDGE('',*,*,#5278,.T.);
#5278 = EDGE_CURVE('',#5279,#5281,#5283,.T.);
#5279 = VERTEX_POINT('',#5280);
#5280 = CARTESIAN_POINT('',(31.05,-0.721687836487,-3.));
#5281 = VERTEX_POINT('',#5282);
#5282 = CARTESIAN_POINT('',(31.05,0.721687836487,-3.));
#5283 = LINE('',#5284,#5285);
#5284 = CARTESIAN_POINT('',(31.05,-0.591784025919,-3.));
#5285 = VECTOR('',#5286,1.);
#5286 = DIRECTION('',(2.059758177319E-15,1.,0.));
#5287 = ORIENTED_EDGE('',*,*,#5288,.T.);
#5288 = EDGE_CURVE('',#5281,#5289,#5291,.T.);
#5289 = VERTEX_POINT('',#5290);
#5290 = CARTESIAN_POINT('',(31.85,1.183568051839,-3.4));
#5291 = LINE('',#5292,#5293);
#5292 = CARTESIAN_POINT('',(31.05,0.721687836487,-3.));
#5293 = VECTOR('',#5294,1.);
#5294 = DIRECTION('',(0.794719414239,0.458831467741,-0.39735970712));
#5295 = ORIENTED_EDGE('',*,*,#5296,.T.);
#5296 = EDGE_CURVE('',#5289,#5297,#5299,.T.);
#5297 = VERTEX_POINT('',#5298);
#5298 = CARTESIAN_POINT('',(31.85,-1.183568051839,-3.4));
#5299 = LINE('',#5300,#5301);
#5300 = CARTESIAN_POINT('',(31.85,-0.591784025919,-3.4));
#5301 = VECTOR('',#5302,1.);
#5302 = DIRECTION('',(-2.059758177319E-15,-1.,0.));
#5303 = ORIENTED_EDGE('',*,*,#5304,.F.);
#5304 = EDGE_CURVE('',#5279,#5297,#5305,.T.);
#5305 = LINE('',#5306,#5307);
#5306 = CARTESIAN_POINT('',(31.05,-0.721687836487,-3.));
#5307 = VECTOR('',#5308,1.);
#5308 = DIRECTION('',(0.794719414239,-0.458831467741,-0.39735970712));
#5309 = PLANE('',#5310);
#5310 = AXIS2_PLACEMENT_3D('',#5311,#5312,#5313);
#5311 = CARTESIAN_POINT('',(31.45,-0.591784025919,-3.2));
#5312 = DIRECTION('',(-0.4472135955,9.211518603395E-16,-0.894427191));
#5313 = DIRECTION('',(-0.894427191,9.860761315263E-32,0.4472135955));
#5314 = ADVANCED_FACE('',(#5315),#5340,.T.);
#5315 = FACE_BOUND('',#5316,.T.);
#5316 = EDGE_LOOP('',(#5317,#5325,#5333,#5339));
#5317 = ORIENTED_EDGE('',*,*,#5318,.T.);
#5318 = EDGE_CURVE('',#5281,#5319,#5321,.T.);
#5319 = VERTEX_POINT('',#5320);
#5320 = CARTESIAN_POINT('',(29.8,1.443375672974,-3.));
#5321 = LINE('',#5322,#5323);
#5322 = CARTESIAN_POINT('',(30.9375,0.786639741771,-3.));
#5323 = VECTOR('',#5324,1.);
#5324 = DIRECTION('',(-0.866025403784,0.5,0.));
#5325 = ORIENTED_EDGE('',*,*,#5326,.T.);
#5326 = EDGE_CURVE('',#5319,#5327,#5329,.T.);
#5327 = VERTEX_POINT('',#5328);
#5328 = CARTESIAN_POINT('',(29.8,2.367136103677,-3.4));
#5329 = LINE('',#5330,#5331);
#5330 = CARTESIAN_POINT('',(29.8,1.443375672974,-3.));
#5331 = VECTOR('',#5332,1.);
#5332 = DIRECTION('',(-4.411578959024E-15,0.917662935482,-0.39735970712)
  );
#5333 = ORIENTED_EDGE('',*,*,#5334,.T.);
#5334 = EDGE_CURVE('',#5327,#5289,#5335,.T.);
#5335 = LINE('',#5336,#5337);
#5336 = CARTESIAN_POINT('',(31.3375,1.479460064798,-3.4));
#5337 = VECTOR('',#5338,1.);
#5338 = DIRECTION('',(0.866025403784,-0.5,0.));
#5339 = ORIENTED_EDGE('',*,*,#5288,.F.);
#5340 = PLANE('',#5341);
#5341 = AXIS2_PLACEMENT_3D('',#5342,#5343,#5344);
#5342 = CARTESIAN_POINT('',(31.1375,1.133049903285,-3.2));
#5343 = DIRECTION('',(-0.22360679775,-0.387298334621,-0.894427191));
#5344 = DIRECTION('',(-0.970142500145,0.,0.242535625036));
#5345 = ADVANCED_FACE('',(#5346),#5371,.T.);
#5346 = FACE_BOUND('',#5347,.T.);
#5347 = EDGE_LOOP('',(#5348,#5356,#5357,#5365));
#5348 = ORIENTED_EDGE('',*,*,#5349,.T.);
#5349 = EDGE_CURVE('',#5350,#5327,#5352,.T.);
#5350 = VERTEX_POINT('',#5351);
#5351 = CARTESIAN_POINT('',(27.75,1.183568051839,-3.4));
#5352 = LINE('',#5353,#5354);
#5353 = CARTESIAN_POINT('',(29.2875,2.071244090718,-3.4));
#5354 = VECTOR('',#5355,1.);
#5355 = DIRECTION('',(0.866025403784,0.5,0.));
#5356 = ORIENTED_EDGE('',*,*,#5326,.F.);
#5357 = ORIENTED_EDGE('',*,*,#5358,.T.);
#5358 = EDGE_CURVE('',#5319,#5359,#5361,.T.);
#5359 = VERTEX_POINT('',#5360);
#5360 = CARTESIAN_POINT('',(28.55,0.721687836487,-3.));
#5361 = LINE('',#5362,#5363);
#5362 = CARTESIAN_POINT('',(29.6875,1.37842376769,-3.));
#5363 = VECTOR('',#5364,1.);
#5364 = DIRECTION('',(-0.866025403784,-0.5,0.));
#5365 = ORIENTED_EDGE('',*,*,#5366,.T.);
#5366 = EDGE_CURVE('',#5359,#5350,#5367,.T.);
#5367 = LINE('',#5368,#5369);
#5368 = CARTESIAN_POINT('',(28.55,0.721687836487,-3.));
#5369 = VECTOR('',#5370,1.);
#5370 = DIRECTION('',(-0.794719414239,0.458831467741,-0.39735970712));
#5371 = PLANE('',#5372);
#5372 = AXIS2_PLACEMENT_3D('',#5373,#5374,#5375);
#5373 = CARTESIAN_POINT('',(29.4875,1.724833929204,-3.2));
#5374 = DIRECTION('',(0.22360679775,-0.387298334621,-0.894427191));
#5375 = DIRECTION('',(-0.970142500145,6.938893903907E-17,-0.242535625036
    ));
#5376 = ADVANCED_FACE('',(#5377),#5402,.T.);
#5377 = FACE_BOUND('',#5378,.T.);
#5378 = EDGE_LOOP('',(#5379,#5387,#5388,#5396));
#5379 = ORIENTED_EDGE('',*,*,#5380,.T.);
#5380 = EDGE_CURVE('',#5381,#5350,#5383,.T.);
#5381 = VERTEX_POINT('',#5382);
#5382 = CARTESIAN_POINT('',(27.75,-1.183568051839,-3.4));
#5383 = LINE('',#5384,#5385);
#5384 = CARTESIAN_POINT('',(27.75,0.591784025919,-3.4));
#5385 = VECTOR('',#5386,1.);
#5386 = DIRECTION('',(3.935819334767E-15,1.,0.));
#5387 = ORIENTED_EDGE('',*,*,#5366,.F.);
#5388 = ORIENTED_EDGE('',*,*,#5389,.T.);
#5389 = EDGE_CURVE('',#5359,#5390,#5392,.T.);
#5390 = VERTEX_POINT('',#5391);
#5391 = CARTESIAN_POINT('',(28.55,-0.721687836487,-3.));
#5392 = LINE('',#5393,#5394);
#5393 = CARTESIAN_POINT('',(28.55,0.591784025919,-3.));
#5394 = VECTOR('',#5395,1.);
#5395 = DIRECTION('',(-3.935819334767E-15,-1.,0.));
#5396 = ORIENTED_EDGE('',*,*,#5397,.T.);
#5397 = EDGE_CURVE('',#5390,#5381,#5398,.T.);
#5398 = LINE('',#5399,#5400);
#5399 = CARTESIAN_POINT('',(28.55,-0.721687836487,-3.));
#5400 = VECTOR('',#5401,1.);
#5401 = DIRECTION('',(-0.794719414239,-0.458831467741,-0.39735970712));
#5402 = PLANE('',#5403);
#5403 = AXIS2_PLACEMENT_3D('',#5404,#5405,#5406);
#5404 = CARTESIAN_POINT('',(28.15,0.591784025919,-3.2));
#5405 = DIRECTION('',(0.4472135955,-1.760151915939E-15,-0.894427191));
#5406 = DIRECTION('',(-0.894427191,-1.972152263053E-31,-0.4472135955));
#5407 = ADVANCED_FACE('',(#5408),#5433,.T.);
#5408 = FACE_BOUND('',#5409,.T.);
#5409 = EDGE_LOOP('',(#5410,#5418,#5419,#5427));
#5410 = ORIENTED_EDGE('',*,*,#5411,.T.);
#5411 = EDGE_CURVE('',#5412,#5381,#5414,.T.);
#5412 = VERTEX_POINT('',#5413);
#5413 = CARTESIAN_POINT('',(29.8,-2.367136103677,-3.4));
#5414 = LINE('',#5415,#5416);
#5415 = CARTESIAN_POINT('',(28.2625,-1.479460064798,-3.4));
#5416 = VECTOR('',#5417,1.);
#5417 = DIRECTION('',(-0.866025403784,0.5,0.));
#5418 = ORIENTED_EDGE('',*,*,#5397,.F.);
#5419 = ORIENTED_EDGE('',*,*,#5420,.T.);
#5420 = EDGE_CURVE('',#5390,#5421,#5423,.T.);
#5421 = VERTEX_POINT('',#5422);
#5422 = CARTESIAN_POINT('',(29.8,-1.443375672974,-3.));
#5423 = LINE('',#5424,#5425);
#5424 = CARTESIAN_POINT('',(28.6625,-0.786639741771,-3.));
#5425 = VECTOR('',#5426,1.);
#5426 = DIRECTION('',(0.866025403784,-0.5,0.));
#5427 = ORIENTED_EDGE('',*,*,#5428,.T.);
#5428 = EDGE_CURVE('',#5421,#5412,#5429,.T.);
#5429 = LINE('',#5430,#5431);
#5430 = CARTESIAN_POINT('',(29.8,-1.443375672974,-3.));
#5431 = VECTOR('',#5432,1.);
#5432 = DIRECTION('',(0.,-0.917662935482,-0.39735970712));
#5433 = PLANE('',#5434);
#5434 = AXIS2_PLACEMENT_3D('',#5435,#5436,#5437);
#5435 = CARTESIAN_POINT('',(28.4625,-1.133049903285,-3.2));
#5436 = DIRECTION('',(0.22360679775,0.387298334621,-0.894427191));
#5437 = DIRECTION('',(-0.970142500145,4.163336342344E-17,-0.242535625036
    ));
#5438 = ADVANCED_FACE('',(#5439),#5455,.T.);
#5439 = FACE_BOUND('',#5440,.T.);
#5440 = EDGE_LOOP('',(#5441,#5447,#5448,#5454));
#5441 = ORIENTED_EDGE('',*,*,#5442,.T.);
#5442 = EDGE_CURVE('',#5297,#5412,#5443,.T.);
#5443 = LINE('',#5444,#5445);
#5444 = CARTESIAN_POINT('',(30.3125,-2.071244090718,-3.4));
#5445 = VECTOR('',#5446,1.);
#5446 = DIRECTION('',(-0.866025403784,-0.5,0.));
#5447 = ORIENTED_EDGE('',*,*,#5428,.F.);
#5448 = ORIENTED_EDGE('',*,*,#5449,.T.);
#5449 = EDGE_CURVE('',#5421,#5279,#5450,.T.);
#5450 = LINE('',#5451,#5452);
#5451 = CARTESIAN_POINT('',(29.9125,-1.37842376769,-3.));
#5452 = VECTOR('',#5453,1.);
#5453 = DIRECTION('',(0.866025403784,0.5,0.));
#5454 = ORIENTED_EDGE('',*,*,#5304,.T.);
#5455 = PLANE('',#5456);
#5456 = AXIS2_PLACEMENT_3D('',#5457,#5458,#5459);
#5457 = CARTESIAN_POINT('',(30.1125,-1.724833929204,-3.2));
#5458 = DIRECTION('',(-0.22360679775,0.387298334621,-0.894427191));
#5459 = DIRECTION('',(-0.970142500145,0.,0.242535625036));
#5460 = ADVANCED_FACE('',(#5461),#5477,.F.);
#5461 = FACE_BOUND('',#5462,.T.);
#5462 = EDGE_LOOP('',(#5463,#5464,#5470,#5471));
#5463 = ORIENTED_EDGE('',*,*,#5411,.F.);
#5464 = ORIENTED_EDGE('',*,*,#5465,.F.);
#5465 = EDGE_CURVE('',#3454,#5412,#5466,.T.);
#5466 = LINE('',#5467,#5468);
#5467 = CARTESIAN_POINT('',(29.8,-2.367136103677,-5.2));
#5468 = VECTOR('',#5469,1.);
#5469 = DIRECTION('',(0.,0.,1.));
#5470 = ORIENTED_EDGE('',*,*,#3495,.F.);
#5471 = ORIENTED_EDGE('',*,*,#5472,.T.);
#5472 = EDGE_CURVE('',#3488,#5381,#5473,.T.);
#5473 = LINE('',#5474,#5475);
#5474 = CARTESIAN_POINT('',(27.75,-1.183568051839,-5.2));
#5475 = VECTOR('',#5476,1.);
#5476 = DIRECTION('',(0.,0.,1.));
#5477 = PLANE('',#5478);
#5478 = AXIS2_PLACEMENT_3D('',#5479,#5480,#5481);
#5479 = CARTESIAN_POINT('',(27.75,-1.183568051839,-5.2));
#5480 = DIRECTION('',(-0.5,-0.866025403784,0.));
#5481 = DIRECTION('',(0.866025403784,-0.5,0.));
#5482 = ADVANCED_FACE('',(#5483),#5494,.F.);
#5483 = FACE_BOUND('',#5484,.T.);
#5484 = EDGE_LOOP('',(#5485,#5486,#5492,#5493));
#5485 = ORIENTED_EDGE('',*,*,#5442,.F.);
#5486 = ORIENTED_EDGE('',*,*,#5487,.F.);
#5487 = EDGE_CURVE('',#3456,#5297,#5488,.T.);
#5488 = LINE('',#5489,#5490);
#5489 = CARTESIAN_POINT('',(31.85,-1.183568051839,-5.2));
#5490 = VECTOR('',#5491,1.);
#5491 = DIRECTION('',(0.,0.,1.));
#5492 = ORIENTED_EDGE('',*,*,#3453,.F.);
#5493 = ORIENTED_EDGE('',*,*,#5465,.T.);
#5494 = PLANE('',#5495);
#5495 = AXIS2_PLACEMENT_3D('',#5496,#5497,#5498);
#5496 = CARTESIAN_POINT('',(29.8,-2.367136103677,-5.2));
#5497 = DIRECTION('',(0.5,-0.866025403784,0.));
#5498 = DIRECTION('',(0.866025403784,0.5,0.));
#5499 = ADVANCED_FACE('',(#5500),#5511,.F.);
#5500 = FACE_BOUND('',#5501,.T.);
#5501 = EDGE_LOOP('',(#5502,#5503,#5509,#5510));
#5502 = ORIENTED_EDGE('',*,*,#5296,.F.);
#5503 = ORIENTED_EDGE('',*,*,#5504,.F.);
#5504 = EDGE_CURVE('',#3464,#5289,#5505,.T.);
#5505 = LINE('',#5506,#5507);
#5506 = CARTESIAN_POINT('',(31.85,1.183568051839,-5.2));
#5507 = VECTOR('',#5508,1.);
#5508 = DIRECTION('',(0.,0.,1.));
#5509 = ORIENTED_EDGE('',*,*,#3463,.F.);
#5510 = ORIENTED_EDGE('',*,*,#5487,.T.);
#5511 = PLANE('',#5512);
#5512 = AXIS2_PLACEMENT_3D('',#5513,#5514,#5515);
#5513 = CARTESIAN_POINT('',(31.85,-1.183568051839,-5.2));
#5514 = DIRECTION('',(1.,-2.059758177319E-15,0.));
#5515 = DIRECTION('',(2.059758177319E-15,1.,0.));
#5516 = ADVANCED_FACE('',(#5517,#5525),#5536,.T.);
#5517 = FACE_BOUND('',#5518,.T.);
#5518 = EDGE_LOOP('',(#5519,#5520,#5521,#5522,#5523,#5524));
#5519 = ORIENTED_EDGE('',*,*,#5278,.F.);
#5520 = ORIENTED_EDGE('',*,*,#5449,.F.);
#5521 = ORIENTED_EDGE('',*,*,#5420,.F.);
#5522 = ORIENTED_EDGE('',*,*,#5389,.F.);
#5523 = ORIENTED_EDGE('',*,*,#5358,.F.);
#5524 = ORIENTED_EDGE('',*,*,#5318,.F.);
#5525 = FACE_BOUND('',#5526,.T.);
#5526 = EDGE_LOOP('',(#5527));
#5527 = ORIENTED_EDGE('',*,*,#5528,.F.);
#5528 = EDGE_CURVE('',#5529,#5529,#5531,.T.);
#5529 = VERTEX_POINT('',#5530);
#5530 = CARTESIAN_POINT('',(29.8,1.1,-3.));
#5531 = CIRCLE('',#5532,1.1);
#5532 = AXIS2_PLACEMENT_3D('',#5533,#5534,#5535);
#5533 = CARTESIAN_POINT('',(29.8,-1.492551349079E-14,-3.));
#5534 = DIRECTION('',(0.,0.,-1.));
#5535 = DIRECTION('',(-1.836970198721E-16,-1.,-0.));
#5536 = PLANE('',#5537);
#5537 = AXIS2_PLACEMENT_3D('',#5538,#5539,#5540);
#5538 = CARTESIAN_POINT('',(29.8,-1.734723475977E-14,-3.));
#5539 = DIRECTION('',(0.,0.,-1.));
#5540 = DIRECTION('',(-1.,0.,0.));
#5541 = ADVANCED_FACE('',(#5542),#5553,.F.);
#5542 = FACE_BOUND('',#5543,.F.);
#5543 = EDGE_LOOP('',(#5544,#5550,#5551,#5552));
#5544 = ORIENTED_EDGE('',*,*,#5545,.T.);
#5545 = EDGE_CURVE('',#2017,#5529,#5546,.T.);
#5546 = LINE('',#5547,#5548);
#5547 = CARTESIAN_POINT('',(29.8,1.1,-1.2));
#5548 = VECTOR('',#5549,1.);
#5549 = DIRECTION('',(0.,0.,-1.));
#5550 = ORIENTED_EDGE('',*,*,#5528,.F.);
#5551 = ORIENTED_EDGE('',*,*,#5545,.F.);
#5552 = ORIENTED_EDGE('',*,*,#2016,.T.);
#5553 = CYLINDRICAL_SURFACE('',#5554,1.1);
#5554 = AXIS2_PLACEMENT_3D('',#5555,#5556,#5557);
#5555 = CARTESIAN_POINT('',(29.8,-1.492551349079E-14,-1.2));
#5556 = DIRECTION('',(0.,0.,-1.));
#5557 = DIRECTION('',(-1.836970198721E-16,-1.,-0.));
#5558 = ADVANCED_FACE('',(#5559),#5570,.F.);
#5559 = FACE_BOUND('',#5560,.T.);
#5560 = EDGE_LOOP('',(#5561,#5562,#5563,#5564));
#5561 = ORIENTED_EDGE('',*,*,#5380,.F.);
#5562 = ORIENTED_EDGE('',*,*,#5472,.F.);
#5563 = ORIENTED_EDGE('',*,*,#3487,.F.);
#5564 = ORIENTED_EDGE('',*,*,#5565,.T.);
#5565 = EDGE_CURVE('',#3480,#5350,#5566,.T.);
#5566 = LINE('',#5567,#5568);
#5567 = CARTESIAN_POINT('',(27.75,1.183568051839,-5.2));
#5568 = VECTOR('',#5569,1.);
#5569 = DIRECTION('',(0.,0.,1.));
#5570 = PLANE('',#5571);
#5571 = AXIS2_PLACEMENT_3D('',#5572,#5573,#5574);
#5572 = CARTESIAN_POINT('',(27.75,1.183568051839,-5.2));
#5573 = DIRECTION('',(-1.,3.935819334767E-15,0.));
#5574 = DIRECTION('',(-3.935819334767E-15,-1.,0.));
#5575 = ADVANCED_FACE('',(#5576),#5587,.F.);
#5576 = FACE_BOUND('',#5577,.T.);
#5577 = EDGE_LOOP('',(#5578,#5579,#5580,#5581));
#5578 = ORIENTED_EDGE('',*,*,#5349,.F.);
#5579 = ORIENTED_EDGE('',*,*,#5565,.F.);
#5580 = ORIENTED_EDGE('',*,*,#3479,.F.);
#5581 = ORIENTED_EDGE('',*,*,#5582,.T.);
#5582 = EDGE_CURVE('',#3472,#5327,#5583,.T.);
#5583 = LINE('',#5584,#5585);
#5584 = CARTESIAN_POINT('',(29.8,2.367136103677,-5.2));
#5585 = VECTOR('',#5586,1.);
#5586 = DIRECTION('',(0.,0.,1.));
#5587 = PLANE('',#5588);
#5588 = AXIS2_PLACEMENT_3D('',#5589,#5590,#5591);
#5589 = CARTESIAN_POINT('',(29.8,2.367136103677,-5.2));
#5590 = DIRECTION('',(-0.5,0.866025403784,0.));
#5591 = DIRECTION('',(-0.866025403784,-0.5,0.));
#5592 = ADVANCED_FACE('',(#5593),#5599,.F.);
#5593 = FACE_BOUND('',#5594,.T.);
#5594 = EDGE_LOOP('',(#5595,#5596,#5597,#5598));
#5595 = ORIENTED_EDGE('',*,*,#5334,.F.);
#5596 = ORIENTED_EDGE('',*,*,#5582,.F.);
#5597 = ORIENTED_EDGE('',*,*,#3471,.F.);
#5598 = ORIENTED_EDGE('',*,*,#5504,.T.);
#5599 = PLANE('',#5600);
#5600 = AXIS2_PLACEMENT_3D('',#5601,#5602,#5603);
#5601 = CARTESIAN_POINT('',(31.85,1.183568051839,-5.2));
#5602 = DIRECTION('',(0.5,0.866025403784,0.));
#5603 = DIRECTION('',(-0.866025403784,0.5,0.));
#5604 = ADVANCED_FACE('',(#5605),#5617,.T.);
#5605 = FACE_BOUND('',#5606,.T.);
#5606 = EDGE_LOOP('',(#5607,#5608,#5609,#5610,#5611));
#5607 = ORIENTED_EDGE('',*,*,#4522,.F.);
#5608 = ORIENTED_EDGE('',*,*,#4992,.T.);
#5609 = ORIENTED_EDGE('',*,*,#5262,.T.);
#5610 = ORIENTED_EDGE('',*,*,#1954,.F.);
#5611 = ORIENTED_EDGE('',*,*,#5612,.T.);
#5612 = EDGE_CURVE('',#1946,#4514,#5613,.T.);
#5613 = LINE('',#5614,#5615);
#5614 = CARTESIAN_POINT('',(16.007810593582,3.5,-1.2));
#5615 = VECTOR('',#5616,1.);
#5616 = DIRECTION('',(0.,0.,-1.));
#5617 = PLANE('',#5618);
#5618 = AXIS2_PLACEMENT_3D('',#5619,#5620,#5621);
#5619 = CARTESIAN_POINT('',(36.099999999998,3.5,-1.2));
#5620 = DIRECTION('',(4.300784141189E-17,-1.,0.));
#5621 = DIRECTION('',(-1.,-4.300784141189E-17,0.));
#5622 = ADVANCED_FACE('',(#5623),#5629,.T.);
#5623 = FACE_BOUND('',#5624,.T.);
#5624 = EDGE_LOOP('',(#5625,#5626,#5627,#5628));
#5625 = ORIENTED_EDGE('',*,*,#5068,.T.);
#5626 = ORIENTED_EDGE('',*,*,#5094,.T.);
#5627 = ORIENTED_EDGE('',*,*,#5117,.F.);
#5628 = ORIENTED_EDGE('',*,*,#2450,.T.);
#5629 = CYLINDRICAL_SURFACE('',#5630,0.5);
#5630 = AXIS2_PLACEMENT_3D('',#5631,#5632,#5633);
#5631 = CARTESIAN_POINT('',(8.149999999999,-27.3,-1.7));
#5632 = DIRECTION('',(1.,-1.224646799147E-16,0.));
#5633 = DIRECTION('',(8.659560562355E-17,0.707106781187,0.707106781187)
  );
#5634 = ADVANCED_FACE('',(#5635),#5669,.T.);
#5635 = FACE_BOUND('',#5636,.T.);
#5636 = EDGE_LOOP('',(#5637,#5647,#5655,#5663));
#5637 = ORIENTED_EDGE('',*,*,#5638,.T.);
#5638 = EDGE_CURVE('',#5639,#5641,#5643,.T.);
#5639 = VERTEX_POINT('',#5640);
#5640 = CARTESIAN_POINT('',(-0.721687836487,-31.05,-3.));
#5641 = VERTEX_POINT('',#5642);
#5642 = CARTESIAN_POINT('',(0.721687836487,-31.05,-3.));
#5643 = LINE('',#5644,#5645);
#5644 = CARTESIAN_POINT('',(-0.591784025919,-31.05,-3.));
#5645 = VECTOR('',#5646,1.);
#5646 = DIRECTION('',(1.,-1.998525837362E-15,0.));
#5647 = ORIENTED_EDGE('',*,*,#5648,.T.);
#5648 = EDGE_CURVE('',#5641,#5649,#5651,.T.);
#5649 = VERTEX_POINT('',#5650);
#5650 = CARTESIAN_POINT('',(1.183568051839,-31.85,-3.4));
#5651 = LINE('',#5652,#5653);
#5652 = CARTESIAN_POINT('',(0.721687836487,-31.05,-3.));
#5653 = VECTOR('',#5654,1.);
#5654 = DIRECTION('',(0.458831467741,-0.794719414239,-0.39735970712));
#5655 = ORIENTED_EDGE('',*,*,#5656,.T.);
#5656 = EDGE_CURVE('',#5649,#5657,#5659,.T.);
#5657 = VERTEX_POINT('',#5658);
#5658 = CARTESIAN_POINT('',(-1.183568051839,-31.85,-3.4));
#5659 = LINE('',#5660,#5661);
#5660 = CARTESIAN_POINT('',(-0.591784025919,-31.85,-3.4));
#5661 = VECTOR('',#5662,1.);
#5662 = DIRECTION('',(-1.,1.998525837362E-15,0.));
#5663 = ORIENTED_EDGE('',*,*,#5664,.F.);
#5664 = EDGE_CURVE('',#5639,#5657,#5665,.T.);
#5665 = LINE('',#5666,#5667);
#5666 = CARTESIAN_POINT('',(-0.721687836487,-31.05,-3.));
#5667 = VECTOR('',#5668,1.);
#5668 = DIRECTION('',(-0.458831467741,-0.794719414239,-0.39735970712));
#5669 = PLANE('',#5670);
#5670 = AXIS2_PLACEMENT_3D('',#5671,#5672,#5673);
#5671 = CARTESIAN_POINT('',(-0.591784025919,-31.45,-3.2));
#5672 = DIRECTION('',(8.937679254263E-16,0.4472135955,-0.894427191));
#5673 = DIRECTION('',(-1.,9.860761315263E-32,-9.992629186811E-16));
#5674 = ADVANCED_FACE('',(#5675),#5700,.T.);
#5675 = FACE_BOUND('',#5676,.T.);
#5676 = EDGE_LOOP('',(#5677,#5685,#5693,#5699));
#5677 = ORIENTED_EDGE('',*,*,#5678,.T.);
#5678 = EDGE_CURVE('',#5641,#5679,#5681,.T.);
#5679 = VERTEX_POINT('',#5680);
#5680 = CARTESIAN_POINT('',(1.443375672974,-29.8,-3.));
#5681 = LINE('',#5682,#5683);
#5682 = CARTESIAN_POINT('',(0.786639741771,-30.9375,-3.));
#5683 = VECTOR('',#5684,1.);
#5684 = DIRECTION('',(0.5,0.866025403784,0.));
#5685 = ORIENTED_EDGE('',*,*,#5686,.T.);
#5686 = EDGE_CURVE('',#5679,#5687,#5689,.T.);
#5687 = VERTEX_POINT('',#5688);
#5688 = CARTESIAN_POINT('',(2.367136103677,-29.8,-3.4));
#5689 = LINE('',#5690,#5691);
#5690 = CARTESIAN_POINT('',(1.443375672974,-29.8,-3.));
#5691 = VECTOR('',#5692,1.);
#5692 = DIRECTION('',(0.917662935482,4.411578959024E-15,-0.39735970712)
  );
#5693 = ORIENTED_EDGE('',*,*,#5694,.T.);
#5694 = EDGE_CURVE('',#5687,#5649,#5695,.T.);
#5695 = LINE('',#5696,#5697);
#5696 = CARTESIAN_POINT('',(1.479460064798,-31.3375,-3.4));
#5697 = VECTOR('',#5698,1.);
#5698 = DIRECTION('',(-0.5,-0.866025403784,0.));
#5699 = ORIENTED_EDGE('',*,*,#5648,.F.);
#5700 = PLANE('',#5701);
#5701 = AXIS2_PLACEMENT_3D('',#5702,#5703,#5704);
#5702 = CARTESIAN_POINT('',(1.133049903285,-31.1375,-3.2));
#5703 = DIRECTION('',(-0.387298334621,0.22360679775,-0.894427191));
#5704 = DIRECTION('',(-0.917662935482,1.249000902703E-16,0.39735970712)
  );
#5705 = ADVANCED_FACE('',(#5706),#5731,.T.);
#5706 = FACE_BOUND('',#5707,.T.);
#5707 = EDGE_LOOP('',(#5708,#5716,#5717,#5725));
#5708 = ORIENTED_EDGE('',*,*,#5709,.T.);
#5709 = EDGE_CURVE('',#5710,#5687,#5712,.T.);
#5710 = VERTEX_POINT('',#5711);
#5711 = CARTESIAN_POINT('',(1.183568051839,-27.75,-3.4));
#5712 = LINE('',#5713,#5714);
#5713 = CARTESIAN_POINT('',(2.071244090718,-29.2875,-3.4));
#5714 = VECTOR('',#5715,1.);
#5715 = DIRECTION('',(0.5,-0.866025403784,0.));
#5716 = ORIENTED_EDGE('',*,*,#5686,.F.);
#5717 = ORIENTED_EDGE('',*,*,#5718,.T.);
#5718 = EDGE_CURVE('',#5679,#5719,#5721,.T.);
#5719 = VERTEX_POINT('',#5720);
#5720 = CARTESIAN_POINT('',(0.721687836487,-28.55,-3.));
#5721 = LINE('',#5722,#5723);
#5722 = CARTESIAN_POINT('',(1.37842376769,-29.6875,-3.));
#5723 = VECTOR('',#5724,1.);
#5724 = DIRECTION('',(-0.5,0.866025403784,0.));
#5725 = ORIENTED_EDGE('',*,*,#5726,.T.);
#5726 = EDGE_CURVE('',#5719,#5710,#5727,.T.);
#5727 = LINE('',#5728,#5729);
#5728 = CARTESIAN_POINT('',(0.721687836487,-28.55,-3.));
#5729 = VECTOR('',#5730,1.);
#5730 = DIRECTION('',(0.458831467741,0.794719414239,-0.39735970712));
#5731 = PLANE('',#5732);
#5732 = AXIS2_PLACEMENT_3D('',#5733,#5734,#5735);
#5733 = CARTESIAN_POINT('',(1.724833929204,-29.4875,-3.2));
#5734 = DIRECTION('',(-0.387298334621,-0.22360679775,-0.894427191));
#5735 = DIRECTION('',(-0.917662935482,6.938893903907E-17,0.39735970712)
  );
#5736 = ADVANCED_FACE('',(#5737),#5762,.T.);
#5737 = FACE_BOUND('',#5738,.T.);
#5738 = EDGE_LOOP('',(#5739,#5747,#5748,#5756));
#5739 = ORIENTED_EDGE('',*,*,#5740,.T.);
#5740 = EDGE_CURVE('',#5741,#5710,#5743,.T.);
#5741 = VERTEX_POINT('',#5742);
#5742 = CARTESIAN_POINT('',(-1.183568051839,-27.75,-3.4));
#5743 = LINE('',#5744,#5745);
#5744 = CARTESIAN_POINT('',(0.591784025919,-27.75,-3.4));
#5745 = VECTOR('',#5746,1.);
#5746 = DIRECTION('',(1.,-3.874586994809E-15,0.));
#5747 = ORIENTED_EDGE('',*,*,#5726,.F.);
#5748 = ORIENTED_EDGE('',*,*,#5749,.T.);
#5749 = EDGE_CURVE('',#5719,#5750,#5752,.T.);
#5750 = VERTEX_POINT('',#5751);
#5751 = CARTESIAN_POINT('',(-0.721687836487,-28.55,-3.));
#5752 = LINE('',#5753,#5754);
#5753 = CARTESIAN_POINT('',(0.591784025919,-28.55,-3.));
#5754 = VECTOR('',#5755,1.);
#5755 = DIRECTION('',(-1.,3.874586994809E-15,0.));
#5756 = ORIENTED_EDGE('',*,*,#5757,.T.);
#5757 = EDGE_CURVE('',#5750,#5741,#5758,.T.);
#5758 = LINE('',#5759,#5760);
#5759 = CARTESIAN_POINT('',(-0.721687836487,-28.55,-3.));
#5760 = VECTOR('',#5761,1.);
#5761 = DIRECTION('',(-0.458831467741,0.794719414239,-0.39735970712));
#5762 = PLANE('',#5763);
#5763 = AXIS2_PLACEMENT_3D('',#5764,#5765,#5766);
#5764 = CARTESIAN_POINT('',(0.591784025919,-28.15,-3.2));
#5765 = DIRECTION('',(-1.732767981026E-15,-0.4472135955,-0.894427191));
#5766 = DIRECTION('',(-1.,1.577721810442E-30,1.937293497405E-15));
#5767 = ADVANCED_FACE('',(#5768),#5793,.T.);
#5768 = FACE_BOUND('',#5769,.T.);
#5769 = EDGE_LOOP('',(#5770,#5778,#5779,#5787));
#5770 = ORIENTED_EDGE('',*,*,#5771,.T.);
#5771 = EDGE_CURVE('',#5772,#5741,#5774,.T.);
#5772 = VERTEX_POINT('',#5773);
#5773 = CARTESIAN_POINT('',(-2.367136103677,-29.8,-3.4));
#5774 = LINE('',#5775,#5776);
#5775 = CARTESIAN_POINT('',(-1.479460064798,-28.2625,-3.4));
#5776 = VECTOR('',#5777,1.);
#5777 = DIRECTION('',(0.5,0.866025403784,0.));
#5778 = ORIENTED_EDGE('',*,*,#5757,.F.);
#5779 = ORIENTED_EDGE('',*,*,#5780,.T.);
#5780 = EDGE_CURVE('',#5750,#5781,#5783,.T.);
#5781 = VERTEX_POINT('',#5782);
#5782 = CARTESIAN_POINT('',(-1.443375672974,-29.8,-3.));
#5783 = LINE('',#5784,#5785);
#5784 = CARTESIAN_POINT('',(-0.786639741771,-28.6625,-3.));
#5785 = VECTOR('',#5786,1.);
#5786 = DIRECTION('',(-0.5,-0.866025403784,0.));
#5787 = ORIENTED_EDGE('',*,*,#5788,.T.);
#5788 = EDGE_CURVE('',#5781,#5772,#5789,.T.);
#5789 = LINE('',#5790,#5791);
#5790 = CARTESIAN_POINT('',(-1.443375672974,-29.8,-3.));
#5791 = VECTOR('',#5792,1.);
#5792 = DIRECTION('',(-0.917662935482,0.,-0.39735970712));
#5793 = PLANE('',#5794);
#5794 = AXIS2_PLACEMENT_3D('',#5795,#5796,#5797);
#5795 = CARTESIAN_POINT('',(-1.133049903285,-28.4625,-3.2));
#5796 = DIRECTION('',(0.387298334621,-0.22360679775,-0.894427191));
#5797 = DIRECTION('',(-0.917662935482,-8.326672684689E-17,-0.39735970712
    ));
#5798 = ADVANCED_FACE('',(#5799),#5815,.T.);
#5799 = FACE_BOUND('',#5800,.T.);
#5800 = EDGE_LOOP('',(#5801,#5807,#5808,#5814));
#5801 = ORIENTED_EDGE('',*,*,#5802,.T.);
#5802 = EDGE_CURVE('',#5657,#5772,#5803,.T.);
#5803 = LINE('',#5804,#5805);
#5804 = CARTESIAN_POINT('',(-2.071244090718,-30.3125,-3.4));
#5805 = VECTOR('',#5806,1.);
#5806 = DIRECTION('',(-0.5,0.866025403784,0.));
#5807 = ORIENTED_EDGE('',*,*,#5788,.F.);
#5808 = ORIENTED_EDGE('',*,*,#5809,.T.);
#5809 = EDGE_CURVE('',#5781,#5639,#5810,.T.);
#5810 = LINE('',#5811,#5812);
#5811 = CARTESIAN_POINT('',(-1.37842376769,-29.9125,-3.));
#5812 = VECTOR('',#5813,1.);
#5813 = DIRECTION('',(0.5,-0.866025403784,0.));
#5814 = ORIENTED_EDGE('',*,*,#5664,.T.);
#5815 = PLANE('',#5816);
#5816 = AXIS2_PLACEMENT_3D('',#5817,#5818,#5819);
#5817 = CARTESIAN_POINT('',(-1.724833929204,-30.1125,-3.2));
#5818 = DIRECTION('',(0.387298334621,0.22360679775,-0.894427191));
#5819 = DIRECTION('',(-0.917662935482,-1.249000902703E-16,-0.39735970712
    ));
#5820 = ADVANCED_FACE('',(#5821),#5837,.F.);
#5821 = FACE_BOUND('',#5822,.T.);
#5822 = EDGE_LOOP('',(#5823,#5824,#5830,#5831));
#5823 = ORIENTED_EDGE('',*,*,#5771,.F.);
#5824 = ORIENTED_EDGE('',*,*,#5825,.F.);
#5825 = EDGE_CURVE('',#3404,#5772,#5826,.T.);
#5826 = LINE('',#5827,#5828);
#5827 = CARTESIAN_POINT('',(-2.367136103677,-29.8,-5.2));
#5828 = VECTOR('',#5829,1.);
#5829 = DIRECTION('',(0.,0.,1.));
#5830 = ORIENTED_EDGE('',*,*,#3445,.F.);
#5831 = ORIENTED_EDGE('',*,*,#5832,.T.);
#5832 = EDGE_CURVE('',#3438,#5741,#5833,.T.);
#5833 = LINE('',#5834,#5835);
#5834 = CARTESIAN_POINT('',(-1.183568051839,-27.75,-5.2));
#5835 = VECTOR('',#5836,1.);
#5836 = DIRECTION('',(0.,0.,1.));
#5837 = PLANE('',#5838);
#5838 = AXIS2_PLACEMENT_3D('',#5839,#5840,#5841);
#5839 = CARTESIAN_POINT('',(-1.183568051839,-27.75,-5.2));
#5840 = DIRECTION('',(-0.866025403784,0.5,0.));
#5841 = DIRECTION('',(-0.5,-0.866025403784,0.));
#5842 = ADVANCED_FACE('',(#5843),#5854,.F.);
#5843 = FACE_BOUND('',#5844,.T.);
#5844 = EDGE_LOOP('',(#5845,#5846,#5852,#5853));
#5845 = ORIENTED_EDGE('',*,*,#5802,.F.);
#5846 = ORIENTED_EDGE('',*,*,#5847,.F.);
#5847 = EDGE_CURVE('',#3406,#5657,#5848,.T.);
#5848 = LINE('',#5849,#5850);
#5849 = CARTESIAN_POINT('',(-1.183568051839,-31.85,-5.2));
#5850 = VECTOR('',#5851,1.);
#5851 = DIRECTION('',(0.,0.,1.));
#5852 = ORIENTED_EDGE('',*,*,#3403,.F.);
#5853 = ORIENTED_EDGE('',*,*,#5825,.T.);
#5854 = PLANE('',#5855);
#5855 = AXIS2_PLACEMENT_3D('',#5856,#5857,#5858);
#5856 = CARTESIAN_POINT('',(-2.367136103677,-29.8,-5.2));
#5857 = DIRECTION('',(-0.866025403784,-0.5,0.));
#5858 = DIRECTION('',(0.5,-0.866025403784,0.));
#5859 = ADVANCED_FACE('',(#5860),#5871,.F.);
#5860 = FACE_BOUND('',#5861,.T.);
#5861 = EDGE_LOOP('',(#5862,#5863,#5869,#5870));
#5862 = ORIENTED_EDGE('',*,*,#5656,.F.);
#5863 = ORIENTED_EDGE('',*,*,#5864,.F.);
#5864 = EDGE_CURVE('',#3414,#5649,#5865,.T.);
#5865 = LINE('',#5866,#5867);
#5866 = CARTESIAN_POINT('',(1.183568051839,-31.85,-5.2));
#5867 = VECTOR('',#5868,1.);
#5868 = DIRECTION('',(0.,0.,1.));
#5869 = ORIENTED_EDGE('',*,*,#3413,.F.);
#5870 = ORIENTED_EDGE('',*,*,#5847,.T.);
#5871 = PLANE('',#5872);
#5872 = AXIS2_PLACEMENT_3D('',#5873,#5874,#5875);
#5873 = CARTESIAN_POINT('',(-1.183568051839,-31.85,-5.2));
#5874 = DIRECTION('',(-1.998525837362E-15,-1.,0.));
#5875 = DIRECTION('',(1.,-1.998525837362E-15,0.));
#5876 = ADVANCED_FACE('',(#5877,#5885),#5896,.T.);
#5877 = FACE_BOUND('',#5878,.T.);
#5878 = EDGE_LOOP('',(#5879,#5880,#5881,#5882,#5883,#5884));
#5879 = ORIENTED_EDGE('',*,*,#5638,.F.);
#5880 = ORIENTED_EDGE('',*,*,#5809,.F.);
#5881 = ORIENTED_EDGE('',*,*,#5780,.F.);
#5882 = ORIENTED_EDGE('',*,*,#5749,.F.);
#5883 = ORIENTED_EDGE('',*,*,#5718,.F.);
#5884 = ORIENTED_EDGE('',*,*,#5678,.F.);
#5885 = FACE_BOUND('',#5886,.T.);
#5886 = EDGE_LOOP('',(#5887));
#5887 = ORIENTED_EDGE('',*,*,#5888,.F.);
#5888 = EDGE_CURVE('',#5889,#5889,#5891,.T.);
#5889 = VERTEX_POINT('',#5890);
#5890 = CARTESIAN_POINT('',(1.1,-29.8,-3.));
#5891 = CIRCLE('',#5892,1.1);
#5892 = AXIS2_PLACEMENT_3D('',#5893,#5894,#5895);
#5893 = CARTESIAN_POINT('',(-1.310078976006E-14,-29.8,-3.));
#5894 = DIRECTION('',(0.,0.,-1.));
#5895 = DIRECTION('',(-1.,1.224646799147E-16,0.));
#5896 = PLANE('',#5897);
#5897 = AXIS2_PLACEMENT_3D('',#5898,#5899,#5900);
#5898 = CARTESIAN_POINT('',(-1.554312234475E-14,-29.8,-3.));
#5899 = DIRECTION('',(0.,0.,-1.));
#5900 = DIRECTION('',(-1.,0.,0.));
#5901 = ADVANCED_FACE('',(#5902),#5913,.F.);
#5902 = FACE_BOUND('',#5903,.F.);
#5903 = EDGE_LOOP('',(#5904,#5910,#5911,#5912));
#5904 = ORIENTED_EDGE('',*,*,#5905,.T.);
#5905 = EDGE_CURVE('',#2502,#5889,#5906,.T.);
#5906 = LINE('',#5907,#5908);
#5907 = CARTESIAN_POINT('',(1.1,-29.8,-1.2));
#5908 = VECTOR('',#5909,1.);
#5909 = DIRECTION('',(0.,0.,-1.));
#5910 = ORIENTED_EDGE('',*,*,#5888,.F.);
#5911 = ORIENTED_EDGE('',*,*,#5905,.F.);
#5912 = ORIENTED_EDGE('',*,*,#2501,.T.);
#5913 = CYLINDRICAL_SURFACE('',#5914,1.1);
#5914 = AXIS2_PLACEMENT_3D('',#5915,#5916,#5917);
#5915 = CARTESIAN_POINT('',(-1.310078976006E-14,-29.8,-1.2));
#5916 = DIRECTION('',(0.,0.,-1.));
#5917 = DIRECTION('',(-1.,1.224646799147E-16,0.));
#5918 = ADVANCED_FACE('',(#5919),#5930,.F.);
#5919 = FACE_BOUND('',#5920,.T.);
#5920 = EDGE_LOOP('',(#5921,#5922,#5923,#5924));
#5921 = ORIENTED_EDGE('',*,*,#5740,.F.);
#5922 = ORIENTED_EDGE('',*,*,#5832,.F.);
#5923 = ORIENTED_EDGE('',*,*,#3437,.F.);
#5924 = ORIENTED_EDGE('',*,*,#5925,.T.);
#5925 = EDGE_CURVE('',#3430,#5710,#5926,.T.);
#5926 = LINE('',#5927,#5928);
#5927 = CARTESIAN_POINT('',(1.183568051839,-27.75,-5.2));
#5928 = VECTOR('',#5929,1.);
#5929 = DIRECTION('',(0.,0.,1.));
#5930 = PLANE('',#5931);
#5931 = AXIS2_PLACEMENT_3D('',#5932,#5933,#5934);
#5932 = CARTESIAN_POINT('',(1.183568051839,-27.75,-5.2));
#5933 = DIRECTION('',(3.874586994809E-15,1.,0.));
#5934 = DIRECTION('',(-1.,3.874586994809E-15,0.));
#5935 = ADVANCED_FACE('',(#5936),#5947,.F.);
#5936 = FACE_BOUND('',#5937,.T.);
#5937 = EDGE_LOOP('',(#5938,#5939,#5940,#5941));
#5938 = ORIENTED_EDGE('',*,*,#5709,.F.);
#5939 = ORIENTED_EDGE('',*,*,#5925,.F.);
#5940 = ORIENTED_EDGE('',*,*,#3429,.F.);
#5941 = ORIENTED_EDGE('',*,*,#5942,.T.);
#5942 = EDGE_CURVE('',#3422,#5687,#5943,.T.);
#5943 = LINE('',#5944,#5945);
#5944 = CARTESIAN_POINT('',(2.367136103677,-29.8,-5.2));
#5945 = VECTOR('',#5946,1.);
#5946 = DIRECTION('',(0.,0.,1.));
#5947 = PLANE('',#5948);
#5948 = AXIS2_PLACEMENT_3D('',#5949,#5950,#5951);
#5949 = CARTESIAN_POINT('',(2.367136103677,-29.8,-5.2));
#5950 = DIRECTION('',(0.866025403784,0.5,0.));
#5951 = DIRECTION('',(-0.5,0.866025403784,0.));
#5952 = ADVANCED_FACE('',(#5953),#5959,.F.);
#5953 = FACE_BOUND('',#5954,.T.);
#5954 = EDGE_LOOP('',(#5955,#5956,#5957,#5958));
#5955 = ORIENTED_EDGE('',*,*,#5694,.F.);
#5956 = ORIENTED_EDGE('',*,*,#5942,.F.);
#5957 = ORIENTED_EDGE('',*,*,#3421,.F.);
#5958 = ORIENTED_EDGE('',*,*,#5864,.T.);
#5959 = PLANE('',#5960);
#5960 = AXIS2_PLACEMENT_3D('',#5961,#5962,#5963);
#5961 = CARTESIAN_POINT('',(1.183568051839,-31.85,-5.2));
#5962 = DIRECTION('',(0.866025403784,-0.5,0.));
#5963 = DIRECTION('',(0.5,0.866025403784,0.));
#5964 = ADVANCED_FACE('',(#5965),#5984,.T.);
#5965 = FACE_BOUND('',#5966,.T.);
#5966 = EDGE_LOOP('',(#5967,#5968,#5976,#5983));
#5967 = ORIENTED_EDGE('',*,*,#5171,.T.);
#5968 = ORIENTED_EDGE('',*,*,#5969,.T.);
#5969 = EDGE_CURVE('',#5164,#5970,#5972,.T.);
#5970 = VERTEX_POINT('',#5971);
#5971 = CARTESIAN_POINT('',(-26.8,3.5,-1.7));
#5972 = LINE('',#5973,#5974);
#5973 = CARTESIAN_POINT('',(-26.8,11.65,-1.7));
#5974 = VECTOR('',#5975,1.);
#5975 = DIRECTION('',(6.123233995737E-17,1.,0.));
#5976 = ORIENTED_EDGE('',*,*,#5977,.F.);
#5977 = EDGE_CURVE('',#2859,#5970,#5978,.T.);
#5978 = CIRCLE('',#5979,0.5);
#5979 = AXIS2_PLACEMENT_3D('',#5980,#5981,#5982);
#5980 = CARTESIAN_POINT('',(-27.3,3.5,-1.7));
#5981 = DIRECTION('',(2.899120449278E-16,1.,0.));
#5982 = DIRECTION('',(0.707106781187,-2.049987729161E-16,0.707106781187)
  );
#5983 = ORIENTED_EDGE('',*,*,#2858,.T.);
#5984 = CYLINDRICAL_SURFACE('',#5985,0.5);
#5985 = AXIS2_PLACEMENT_3D('',#5986,#5987,#5988);
#5986 = CARTESIAN_POINT('',(-27.3,11.65,-1.7));
#5987 = DIRECTION('',(-6.123233995737E-17,-1.,0.));
#5988 = DIRECTION('',(0.707106781187,-4.329780281177E-17,0.707106781187)
  );
#5989 = ADVANCED_FACE('',(#5990),#6001,.T.);
#5990 = FACE_BOUND('',#5991,.T.);
#5991 = EDGE_LOOP('',(#5992,#5993,#5999,#6000));
#5992 = ORIENTED_EDGE('',*,*,#4900,.F.);
#5993 = ORIENTED_EDGE('',*,*,#5994,.F.);
#5994 = EDGE_CURVE('',#5970,#4890,#5995,.T.);
#5995 = LINE('',#5996,#5997);
#5996 = CARTESIAN_POINT('',(-26.8,3.5,-1.2));
#5997 = VECTOR('',#5998,1.);
#5998 = DIRECTION('',(0.,0.,-1.));
#5999 = ORIENTED_EDGE('',*,*,#5969,.F.);
#6000 = ORIENTED_EDGE('',*,*,#5163,.T.);
#6001 = PLANE('',#6002);
#6002 = AXIS2_PLACEMENT_3D('',#6003,#6004,#6005);
#6003 = CARTESIAN_POINT('',(-26.8,3.5,-1.2));
#6004 = DIRECTION('',(1.,-6.123233995737E-17,0.));
#6005 = DIRECTION('',(-6.123233995737E-17,-1.,0.));
#6006 = ADVANCED_FACE('',(#6007),#6041,.T.);
#6007 = FACE_BOUND('',#6008,.T.);
#6008 = EDGE_LOOP('',(#6009,#6019,#6027,#6035));
#6009 = ORIENTED_EDGE('',*,*,#6010,.T.);
#6010 = EDGE_CURVE('',#6011,#6013,#6015,.T.);
#6011 = VERTEX_POINT('',#6012);
#6012 = CARTESIAN_POINT('',(-31.05,0.721687836487,-3.));
#6013 = VERTEX_POINT('',#6014);
#6014 = CARTESIAN_POINT('',(-31.05,-0.721687836487,-3.));
#6015 = LINE('',#6016,#6017);
#6016 = CARTESIAN_POINT('',(-31.05,0.591784025919,-3.));
#6017 = VECTOR('',#6018,1.);
#6018 = DIRECTION('',(-1.937293497405E-15,-1.,0.));
#6019 = ORIENTED_EDGE('',*,*,#6020,.T.);
#6020 = EDGE_CURVE('',#6013,#6021,#6023,.T.);
#6021 = VERTEX_POINT('',#6022);
#6022 = CARTESIAN_POINT('',(-31.85,-1.183568051839,-3.4));
#6023 = LINE('',#6024,#6025);
#6024 = CARTESIAN_POINT('',(-31.05,-0.721687836487,-3.));
#6025 = VECTOR('',#6026,1.);
#6026 = DIRECTION('',(-0.794719414239,-0.458831467741,-0.39735970712));
#6027 = ORIENTED_EDGE('',*,*,#6028,.T.);
#6028 = EDGE_CURVE('',#6021,#6029,#6031,.T.);
#6029 = VERTEX_POINT('',#6030);
#6030 = CARTESIAN_POINT('',(-31.85,1.183568051839,-3.4));
#6031 = LINE('',#6032,#6033);
#6032 = CARTESIAN_POINT('',(-31.85,0.591784025919,-3.4));
#6033 = VECTOR('',#6034,1.);
#6034 = DIRECTION('',(1.937293497405E-15,1.,0.));
#6035 = ORIENTED_EDGE('',*,*,#6036,.F.);
#6036 = EDGE_CURVE('',#6011,#6029,#6037,.T.);
#6037 = LINE('',#6038,#6039);
#6038 = CARTESIAN_POINT('',(-31.05,0.721687836487,-3.));
#6039 = VECTOR('',#6040,1.);
#6040 = DIRECTION('',(-0.794719414239,0.458831467741,-0.39735970712));
#6041 = PLANE('',#6042);
#6042 = AXIS2_PLACEMENT_3D('',#6043,#6044,#6045);
#6043 = CARTESIAN_POINT('',(-31.45,0.591784025919,-3.2));
#6044 = DIRECTION('',(0.4472135955,-8.663839905131E-16,-0.894427191));
#6045 = DIRECTION('',(-0.894427191,9.860761315263E-32,-0.4472135955));
#6046 = ADVANCED_FACE('',(#6047),#6072,.T.);
#6047 = FACE_BOUND('',#6048,.T.);
#6048 = EDGE_LOOP('',(#6049,#6057,#6065,#6071));
#6049 = ORIENTED_EDGE('',*,*,#6050,.T.);
#6050 = EDGE_CURVE('',#6013,#6051,#6053,.T.);
#6051 = VERTEX_POINT('',#6052);
#6052 = CARTESIAN_POINT('',(-29.8,-1.443375672974,-3.));
#6053 = LINE('',#6054,#6055);
#6054 = CARTESIAN_POINT('',(-30.9375,-0.786639741771,-3.));
#6055 = VECTOR('',#6056,1.);
#6056 = DIRECTION('',(0.866025403784,-0.5,0.));
#6057 = ORIENTED_EDGE('',*,*,#6058,.T.);
#6058 = EDGE_CURVE('',#6051,#6059,#6061,.T.);
#6059 = VERTEX_POINT('',#6060);
#6060 = CARTESIAN_POINT('',(-29.8,-2.367136103677,-3.4));
#6061 = LINE('',#6062,#6063);
#6062 = CARTESIAN_POINT('',(-29.8,-1.443375672974,-3.));
#6063 = VECTOR('',#6064,1.);
#6064 = DIRECTION('',(0.,-0.917662935482,-0.39735970712));
#6065 = ORIENTED_EDGE('',*,*,#6066,.T.);
#6066 = EDGE_CURVE('',#6059,#6021,#6067,.T.);
#6067 = LINE('',#6068,#6069);
#6068 = CARTESIAN_POINT('',(-31.3375,-1.479460064798,-3.4));
#6069 = VECTOR('',#6070,1.);
#6070 = DIRECTION('',(-0.866025403784,0.5,0.));
#6071 = ORIENTED_EDGE('',*,*,#6020,.F.);
#6072 = PLANE('',#6073);
#6073 = AXIS2_PLACEMENT_3D('',#6074,#6075,#6076);
#6074 = CARTESIAN_POINT('',(-31.1375,-1.133049903285,-3.2));
#6075 = DIRECTION('',(0.22360679775,0.387298334621,-0.894427191));
#6076 = DIRECTION('',(-0.970142500145,0.,-0.242535625036));
#6077 = ADVANCED_FACE('',(#6078),#6103,.T.);
#6078 = FACE_BOUND('',#6079,.T.);
#6079 = EDGE_LOOP('',(#6080,#6088,#6089,#6097));
#6080 = ORIENTED_EDGE('',*,*,#6081,.T.);
#6081 = EDGE_CURVE('',#6082,#6059,#6084,.T.);
#6082 = VERTEX_POINT('',#6083);
#6083 = CARTESIAN_POINT('',(-27.75,-1.183568051839,-3.4));
#6084 = LINE('',#6085,#6086);
#6085 = CARTESIAN_POINT('',(-29.2875,-2.071244090718,-3.4));
#6086 = VECTOR('',#6087,1.);
#6087 = DIRECTION('',(-0.866025403784,-0.5,0.));
#6088 = ORIENTED_EDGE('',*,*,#6058,.F.);
#6089 = ORIENTED_EDGE('',*,*,#6090,.T.);
#6090 = EDGE_CURVE('',#6051,#6091,#6093,.T.);
#6091 = VERTEX_POINT('',#6092);
#6092 = CARTESIAN_POINT('',(-28.55,-0.721687836487,-3.));
#6093 = LINE('',#6094,#6095);
#6094 = CARTESIAN_POINT('',(-29.6875,-1.37842376769,-3.));
#6095 = VECTOR('',#6096,1.);
#6096 = DIRECTION('',(0.866025403784,0.5,0.));
#6097 = ORIENTED_EDGE('',*,*,#6098,.T.);
#6098 = EDGE_CURVE('',#6091,#6082,#6099,.T.);
#6099 = LINE('',#6100,#6101);
#6100 = CARTESIAN_POINT('',(-28.55,-0.721687836487,-3.));
#6101 = VECTOR('',#6102,1.);
#6102 = DIRECTION('',(0.794719414239,-0.458831467741,-0.39735970712));
#6103 = PLANE('',#6104);
#6104 = AXIS2_PLACEMENT_3D('',#6105,#6106,#6107);
#6105 = CARTESIAN_POINT('',(-29.4875,-1.724833929204,-3.2));
#6106 = DIRECTION('',(-0.22360679775,0.387298334621,-0.894427191));
#6107 = DIRECTION('',(-0.970142500145,6.938893903907E-17,0.242535625036)
  );
#6108 = ADVANCED_FACE('',(#6109),#6134,.T.);
#6109 = FACE_BOUND('',#6110,.T.);
#6110 = EDGE_LOOP('',(#6111,#6119,#6120,#6128));
#6111 = ORIENTED_EDGE('',*,*,#6112,.T.);
#6112 = EDGE_CURVE('',#6113,#6082,#6115,.T.);
#6113 = VERTEX_POINT('',#6114);
#6114 = CARTESIAN_POINT('',(-27.75,1.183568051839,-3.4));
#6115 = LINE('',#6116,#6117);
#6116 = CARTESIAN_POINT('',(-27.75,-0.591784025919,-3.4));
#6117 = VECTOR('',#6118,1.);
#6118 = DIRECTION('',(-3.813354654852E-15,-1.,0.));
#6119 = ORIENTED_EDGE('',*,*,#6098,.F.);
#6120 = ORIENTED_EDGE('',*,*,#6121,.T.);
#6121 = EDGE_CURVE('',#6091,#6122,#6124,.T.);
#6122 = VERTEX_POINT('',#6123);
#6123 = CARTESIAN_POINT('',(-28.55,0.721687836487,-3.));
#6124 = LINE('',#6125,#6126);
#6125 = CARTESIAN_POINT('',(-28.55,-0.591784025919,-3.));
#6126 = VECTOR('',#6127,1.);
#6127 = DIRECTION('',(3.813354654852E-15,1.,0.));
#6128 = ORIENTED_EDGE('',*,*,#6129,.T.);
#6129 = EDGE_CURVE('',#6122,#6113,#6130,.T.);
#6130 = LINE('',#6131,#6132);
#6131 = CARTESIAN_POINT('',(-28.55,0.721687836487,-3.));
#6132 = VECTOR('',#6133,1.);
#6133 = DIRECTION('',(0.794719414239,0.458831467741,-0.39735970712));
#6134 = PLANE('',#6135);
#6135 = AXIS2_PLACEMENT_3D('',#6136,#6137,#6138);
#6136 = CARTESIAN_POINT('',(-28.15,-0.591784025919,-3.2));
#6137 = DIRECTION('',(-0.4472135955,1.705384046113E-15,-0.894427191));
#6138 = DIRECTION('',(-0.894427191,0.,0.4472135955));
#6139 = ADVANCED_FACE('',(#6140),#6165,.T.);
#6140 = FACE_BOUND('',#6141,.T.);
#6141 = EDGE_LOOP('',(#6142,#6150,#6151,#6159));
#6142 = ORIENTED_EDGE('',*,*,#6143,.T.);
#6143 = EDGE_CURVE('',#6144,#6113,#6146,.T.);
#6144 = VERTEX_POINT('',#6145);
#6145 = CARTESIAN_POINT('',(-29.8,2.367136103677,-3.4));
#6146 = LINE('',#6147,#6148);
#6147 = CARTESIAN_POINT('',(-28.2625,1.479460064798,-3.4));
#6148 = VECTOR('',#6149,1.);
#6149 = DIRECTION('',(0.866025403784,-0.5,0.));
#6150 = ORIENTED_EDGE('',*,*,#6129,.F.);
#6151 = ORIENTED_EDGE('',*,*,#6152,.T.);
#6152 = EDGE_CURVE('',#6122,#6153,#6155,.T.);
#6153 = VERTEX_POINT('',#6154);
#6154 = CARTESIAN_POINT('',(-29.8,1.443375672974,-3.));
#6155 = LINE('',#6156,#6157);
#6156 = CARTESIAN_POINT('',(-28.6625,0.786639741771,-3.));
#6157 = VECTOR('',#6158,1.);
#6158 = DIRECTION('',(-0.866025403784,0.5,0.));
#6159 = ORIENTED_EDGE('',*,*,#6160,.T.);
#6160 = EDGE_CURVE('',#6153,#6144,#6161,.T.);
#6161 = LINE('',#6162,#6163);
#6162 = CARTESIAN_POINT('',(-29.8,1.443375672974,-3.));
#6163 = VECTOR('',#6164,1.);
#6164 = DIRECTION('',(0.,0.917662935482,-0.39735970712));
#6165 = PLANE('',#6166);
#6166 = AXIS2_PLACEMENT_3D('',#6167,#6168,#6169);
#6167 = CARTESIAN_POINT('',(-28.4625,1.133049903285,-3.2));
#6168 = DIRECTION('',(-0.22360679775,-0.387298334621,-0.894427191));
#6169 = DIRECTION('',(-0.970142500145,4.163336342344E-17,0.242535625036)
  );
#6170 = ADVANCED_FACE('',(#6171),#6187,.T.);
#6171 = FACE_BOUND('',#6172,.T.);
#6172 = EDGE_LOOP('',(#6173,#6179,#6180,#6186));
#6173 = ORIENTED_EDGE('',*,*,#6174,.T.);
#6174 = EDGE_CURVE('',#6029,#6144,#6175,.T.);
#6175 = LINE('',#6176,#6177);
#6176 = CARTESIAN_POINT('',(-30.3125,2.071244090718,-3.4));
#6177 = VECTOR('',#6178,1.);
#6178 = DIRECTION('',(0.866025403784,0.5,0.));
#6179 = ORIENTED_EDGE('',*,*,#6160,.F.);
#6180 = ORIENTED_EDGE('',*,*,#6181,.T.);
#6181 = EDGE_CURVE('',#6153,#6011,#6182,.T.);
#6182 = LINE('',#6183,#6184);
#6183 = CARTESIAN_POINT('',(-29.9125,1.37842376769,-3.));
#6184 = VECTOR('',#6185,1.);
#6185 = DIRECTION('',(-0.866025403784,-0.5,0.));
#6186 = ORIENTED_EDGE('',*,*,#6036,.T.);
#6187 = PLANE('',#6188);
#6188 = AXIS2_PLACEMENT_3D('',#6189,#6190,#6191);
#6189 = CARTESIAN_POINT('',(-30.1125,1.724833929204,-3.2));
#6190 = DIRECTION('',(0.22360679775,-0.387298334621,-0.894427191));
#6191 = DIRECTION('',(-0.970142500145,0.,-0.242535625036));
#6192 = ADVANCED_FACE('',(#6193),#6209,.F.);
#6193 = FACE_BOUND('',#6194,.T.);
#6194 = EDGE_LOOP('',(#6195,#6196,#6202,#6203));
#6195 = ORIENTED_EDGE('',*,*,#6143,.F.);
#6196 = ORIENTED_EDGE('',*,*,#6197,.F.);
#6197 = EDGE_CURVE('',#3188,#6144,#6198,.T.);
#6198 = LINE('',#6199,#6200);
#6199 = CARTESIAN_POINT('',(-29.8,2.367136103677,-5.2));
#6200 = VECTOR('',#6201,1.);
#6201 = DIRECTION('',(0.,0.,1.));
#6202 = ORIENTED_EDGE('',*,*,#3229,.F.);
#6203 = ORIENTED_EDGE('',*,*,#6204,.T.);
#6204 = EDGE_CURVE('',#3222,#6113,#6205,.T.);
#6205 = LINE('',#6206,#6207);
#6206 = CARTESIAN_POINT('',(-27.75,1.183568051839,-5.2));
#6207 = VECTOR('',#6208,1.);
#6208 = DIRECTION('',(0.,0.,1.));
#6209 = PLANE('',#6210);
#6210 = AXIS2_PLACEMENT_3D('',#6211,#6212,#6213);
#6211 = CARTESIAN_POINT('',(-27.75,1.183568051839,-5.2));
#6212 = DIRECTION('',(0.5,0.866025403784,0.));
#6213 = DIRECTION('',(-0.866025403784,0.5,0.));
#6214 = ADVANCED_FACE('',(#6215),#6226,.F.);
#6215 = FACE_BOUND('',#6216,.T.);
#6216 = EDGE_LOOP('',(#6217,#6218,#6224,#6225));
#6217 = ORIENTED_EDGE('',*,*,#6174,.F.);
#6218 = ORIENTED_EDGE('',*,*,#6219,.F.);
#6219 = EDGE_CURVE('',#3190,#6029,#6220,.T.);
#6220 = LINE('',#6221,#6222);
#6221 = CARTESIAN_POINT('',(-31.85,1.183568051839,-5.2));
#6222 = VECTOR('',#6223,1.);
#6223 = DIRECTION('',(0.,0.,1.));
#6224 = ORIENTED_EDGE('',*,*,#3187,.F.);
#6225 = ORIENTED_EDGE('',*,*,#6197,.T.);
#6226 = PLANE('',#6227);
#6227 = AXIS2_PLACEMENT_3D('',#6228,#6229,#6230);
#6228 = CARTESIAN_POINT('',(-29.8,2.367136103677,-5.2));
#6229 = DIRECTION('',(-0.5,0.866025403784,0.));
#6230 = DIRECTION('',(-0.866025403784,-0.5,0.));
#6231 = ADVANCED_FACE('',(#6232),#6243,.F.);
#6232 = FACE_BOUND('',#6233,.T.);
#6233 = EDGE_LOOP('',(#6234,#6235,#6241,#6242));
#6234 = ORIENTED_EDGE('',*,*,#6028,.F.);
#6235 = ORIENTED_EDGE('',*,*,#6236,.F.);
#6236 = EDGE_CURVE('',#3198,#6021,#6237,.T.);
#6237 = LINE('',#6238,#6239);
#6238 = CARTESIAN_POINT('',(-31.85,-1.183568051839,-5.2));
#6239 = VECTOR('',#6240,1.);
#6240 = DIRECTION('',(0.,0.,1.));
#6241 = ORIENTED_EDGE('',*,*,#3197,.F.);
#6242 = ORIENTED_EDGE('',*,*,#6219,.T.);
#6243 = PLANE('',#6244);
#6244 = AXIS2_PLACEMENT_3D('',#6245,#6246,#6247);
#6245 = CARTESIAN_POINT('',(-31.85,1.183568051839,-5.2));
#6246 = DIRECTION('',(-1.,1.937293497405E-15,0.));
#6247 = DIRECTION('',(-1.937293497405E-15,-1.,0.));
#6248 = ADVANCED_FACE('',(#6249,#6257),#6268,.T.);
#6249 = FACE_BOUND('',#6250,.T.);
#6250 = EDGE_LOOP('',(#6251,#6252,#6253,#6254,#6255,#6256));
#6251 = ORIENTED_EDGE('',*,*,#6010,.F.);
#6252 = ORIENTED_EDGE('',*,*,#6181,.F.);
#6253 = ORIENTED_EDGE('',*,*,#6152,.F.);
#6254 = ORIENTED_EDGE('',*,*,#6121,.F.);
#6255 = ORIENTED_EDGE('',*,*,#6090,.F.);
#6256 = ORIENTED_EDGE('',*,*,#6050,.F.);
#6257 = FACE_BOUND('',#6258,.T.);
#6258 = EDGE_LOOP('',(#6259));
#6259 = ORIENTED_EDGE('',*,*,#6260,.F.);
#6260 = EDGE_CURVE('',#6261,#6261,#6263,.T.);
#6261 = VERTEX_POINT('',#6262);
#6262 = CARTESIAN_POINT('',(-29.8,-1.1,-3.));
#6263 = CIRCLE('',#6264,1.1);
#6264 = AXIS2_PLACEMENT_3D('',#6265,#6266,#6267);
#6265 = CARTESIAN_POINT('',(-29.8,1.127606602933E-14,-3.));
#6266 = DIRECTION('',(0.,0.,-1.));
#6267 = DIRECTION('',(6.123233995737E-17,1.,0.));
#6268 = PLANE('',#6269);
#6269 = AXIS2_PLACEMENT_3D('',#6270,#6271,#6272);
#6270 = CARTESIAN_POINT('',(-29.8,1.387778780781E-14,-3.));
#6271 = DIRECTION('',(0.,0.,-1.));
#6272 = DIRECTION('',(-1.,0.,0.));
#6273 = ADVANCED_FACE('',(#6274),#6285,.F.);
#6274 = FACE_BOUND('',#6275,.F.);
#6275 = EDGE_LOOP('',(#6276,#6282,#6283,#6284));
#6276 = ORIENTED_EDGE('',*,*,#6277,.T.);
#6277 = EDGE_CURVE('',#2921,#6261,#6278,.T.);
#6278 = LINE('',#6279,#6280);
#6279 = CARTESIAN_POINT('',(-29.8,-1.1,-1.2));
#6280 = VECTOR('',#6281,1.);
#6281 = DIRECTION('',(0.,0.,-1.));
#6282 = ORIENTED_EDGE('',*,*,#6260,.F.);
#6283 = ORIENTED_EDGE('',*,*,#6277,.F.);
#6284 = ORIENTED_EDGE('',*,*,#2920,.T.);
#6285 = CYLINDRICAL_SURFACE('',#6286,1.1);
#6286 = AXIS2_PLACEMENT_3D('',#6287,#6288,#6289);
#6287 = CARTESIAN_POINT('',(-29.8,1.127606602933E-14,-1.2));
#6288 = DIRECTION('',(0.,0.,-1.));
#6289 = DIRECTION('',(6.123233995737E-17,1.,0.));
#6290 = ADVANCED_FACE('',(#6291),#6302,.F.);
#6291 = FACE_BOUND('',#6292,.T.);
#6292 = EDGE_LOOP('',(#6293,#6294,#6295,#6296));
#6293 = ORIENTED_EDGE('',*,*,#6112,.F.);
#6294 = ORIENTED_EDGE('',*,*,#6204,.F.);
#6295 = ORIENTED_EDGE('',*,*,#3221,.F.);
#6296 = ORIENTED_EDGE('',*,*,#6297,.T.);
#6297 = EDGE_CURVE('',#3214,#6082,#6298,.T.);
#6298 = LINE('',#6299,#6300);
#6299 = CARTESIAN_POINT('',(-27.75,-1.183568051839,-5.2));
#6300 = VECTOR('',#6301,1.);
#6301 = DIRECTION('',(0.,0.,1.));
#6302 = PLANE('',#6303);
#6303 = AXIS2_PLACEMENT_3D('',#6304,#6305,#6306);
#6304 = CARTESIAN_POINT('',(-27.75,-1.183568051839,-5.2));
#6305 = DIRECTION('',(1.,-3.813354654852E-15,0.));
#6306 = DIRECTION('',(3.813354654852E-15,1.,0.));
#6307 = ADVANCED_FACE('',(#6308),#6319,.F.);
#6308 = FACE_BOUND('',#6309,.T.);
#6309 = EDGE_LOOP('',(#6310,#6311,#6312,#6313));
#6310 = ORIENTED_EDGE('',*,*,#6081,.F.);
#6311 = ORIENTED_EDGE('',*,*,#6297,.F.);
#6312 = ORIENTED_EDGE('',*,*,#3213,.F.);
#6313 = ORIENTED_EDGE('',*,*,#6314,.T.);
#6314 = EDGE_CURVE('',#3206,#6059,#6315,.T.);
#6315 = LINE('',#6316,#6317);
#6316 = CARTESIAN_POINT('',(-29.8,-2.367136103677,-5.2));
#6317 = VECTOR('',#6318,1.);
#6318 = DIRECTION('',(0.,0.,1.));
#6319 = PLANE('',#6320);
#6320 = AXIS2_PLACEMENT_3D('',#6321,#6322,#6323);
#6321 = CARTESIAN_POINT('',(-29.8,-2.367136103677,-5.2));
#6322 = DIRECTION('',(0.5,-0.866025403784,0.));
#6323 = DIRECTION('',(0.866025403784,0.5,0.));
#6324 = ADVANCED_FACE('',(#6325),#6331,.F.);
#6325 = FACE_BOUND('',#6326,.T.);
#6326 = EDGE_LOOP('',(#6327,#6328,#6329,#6330));
#6327 = ORIENTED_EDGE('',*,*,#6066,.F.);
#6328 = ORIENTED_EDGE('',*,*,#6314,.F.);
#6329 = ORIENTED_EDGE('',*,*,#3205,.F.);
#6330 = ORIENTED_EDGE('',*,*,#6236,.T.);
#6331 = PLANE('',#6332);
#6332 = AXIS2_PLACEMENT_3D('',#6333,#6334,#6335);
#6333 = CARTESIAN_POINT('',(-31.85,-1.183568051839,-5.2));
#6334 = DIRECTION('',(-0.5,-0.866025403784,0.));
#6335 = DIRECTION('',(0.866025403784,-0.5,0.));
#6336 = ADVANCED_FACE('',(#6337),#6349,.T.);
#6337 = FACE_BOUND('',#6338,.T.);
#6338 = EDGE_LOOP('',(#6339,#6340,#6346,#6347,#6348));
#6339 = ORIENTED_EDGE('',*,*,#4959,.F.);
#6340 = ORIENTED_EDGE('',*,*,#6341,.F.);
#6341 = EDGE_CURVE('',#2867,#4933,#6342,.T.);
#6342 = LINE('',#6343,#6344);
#6343 = CARTESIAN_POINT('',(-16.00781059358,3.5,-1.2));
#6344 = VECTOR('',#6345,1.);
#6345 = DIRECTION('',(0.,0.,-1.));
#6346 = ORIENTED_EDGE('',*,*,#2866,.T.);
#6347 = ORIENTED_EDGE('',*,*,#5977,.T.);
#6348 = ORIENTED_EDGE('',*,*,#5994,.T.);
#6349 = PLANE('',#6350);
#6350 = AXIS2_PLACEMENT_3D('',#6351,#6352,#6353);
#6351 = CARTESIAN_POINT('',(-16.00781059358,3.5,-1.2));
#6352 = DIRECTION('',(-2.899120449278E-16,-1.,0.));
#6353 = DIRECTION('',(-1.,2.899120449278E-16,0.));
#6354 = ADVANCED_FACE('',(#6355),#6361,.T.);
#6355 = FACE_BOUND('',#6356,.T.);
#6356 = EDGE_LOOP('',(#6357,#6358,#6359,#6360));
#6357 = ORIENTED_EDGE('',*,*,#4932,.F.);
#6358 = ORIENTED_EDGE('',*,*,#2947,.F.);
#6359 = ORIENTED_EDGE('',*,*,#2874,.T.);
#6360 = ORIENTED_EDGE('',*,*,#6341,.T.);
#6361 = CYLINDRICAL_SURFACE('',#6362,0.5);
#6362 = AXIS2_PLACEMENT_3D('',#6363,#6364,#6365);
#6363 = CARTESIAN_POINT('',(-16.00781059358,4.,-1.2));
#6364 = DIRECTION('',(0.,0.,-1.));
#6365 = DIRECTION('',(0.970170339005,-0.242424242424,0.));
#6366 = ADVANCED_FACE('',(#6367),#6378,.T.);
#6367 = FACE_BOUND('',#6368,.T.);
#6368 = EDGE_LOOP('',(#6369,#6370,#6376,#6377));
#6369 = ORIENTED_EDGE('',*,*,#4914,.F.);
#6370 = ORIENTED_EDGE('',*,*,#6371,.F.);
#6371 = EDGE_CURVE('',#1486,#4456,#6372,.T.);
#6372 = LINE('',#6373,#6374);
#6373 = CARTESIAN_POINT('',(-3.5,16.007810593582,-1.2));
#6374 = VECTOR('',#6375,1.);
#6375 = DIRECTION('',(0.,0.,-1.));
#6376 = ORIENTED_EDGE('',*,*,#1485,.T.);
#6377 = ORIENTED_EDGE('',*,*,#2552,.T.);
#6378 = CYLINDRICAL_SURFACE('',#6379,0.5);
#6379 = AXIS2_PLACEMENT_3D('',#6380,#6381,#6382);
#6380 = CARTESIAN_POINT('',(-4.,16.007810593582,-1.2));
#6381 = DIRECTION('',(0.,0.,-1.));
#6382 = DIRECTION('',(1.,-6.123233995737E-17,0.));
#6383 = ADVANCED_FACE('',(#6384),#6404,.T.);
#6384 = FACE_BOUND('',#6385,.T.);
#6385 = EDGE_LOOP('',(#6386,#6387,#6395,#6402,#6403));
#6386 = ORIENTED_EDGE('',*,*,#4464,.F.);
#6387 = ORIENTED_EDGE('',*,*,#6388,.F.);
#6388 = EDGE_CURVE('',#6389,#4446,#6391,.T.);
#6389 = VERTEX_POINT('',#6390);
#6390 = CARTESIAN_POINT('',(-3.5,26.8,-1.7));
#6391 = LINE('',#6392,#6393);
#6392 = CARTESIAN_POINT('',(-3.5,26.8,-1.2));
#6393 = VECTOR('',#6394,1.);
#6394 = DIRECTION('',(0.,0.,-1.));
#6395 = ORIENTED_EDGE('',*,*,#6396,.F.);
#6396 = EDGE_CURVE('',#1495,#6389,#6397,.T.);
#6397 = CIRCLE('',#6398,0.5);
#6398 = AXIS2_PLACEMENT_3D('',#6399,#6400,#6401);
#6399 = CARTESIAN_POINT('',(-3.5,27.3,-1.7));
#6400 = DIRECTION('',(1.,1.193788198522E-16,0.));
#6401 = DIRECTION('',(8.441357304752E-17,-0.707106781187,0.707106781187)
  );
#6402 = ORIENTED_EDGE('',*,*,#1494,.F.);
#6403 = ORIENTED_EDGE('',*,*,#6371,.T.);
#6404 = PLANE('',#6405);
#6405 = AXIS2_PLACEMENT_3D('',#6406,#6407,#6408);
#6406 = CARTESIAN_POINT('',(-3.5,36.099999999998,-1.2));
#6407 = DIRECTION('',(1.,-1.822449854547E-17,0.));
#6408 = DIRECTION('',(-1.822449854547E-17,-1.,0.));
#6409 = ADVANCED_FACE('',(#6410),#6429,.T.);
#6410 = FACE_BOUND('',#6411,.T.);
#6411 = EDGE_LOOP('',(#6412,#6413,#6421,#6428));
#6412 = ORIENTED_EDGE('',*,*,#6396,.T.);
#6413 = ORIENTED_EDGE('',*,*,#6414,.T.);
#6414 = EDGE_CURVE('',#6389,#6415,#6417,.T.);
#6415 = VERTEX_POINT('',#6416);
#6416 = CARTESIAN_POINT('',(3.5,26.8,-1.7));
#6417 = LINE('',#6418,#6419);
#6418 = CARTESIAN_POINT('',(11.649999999999,26.8,-1.7));
#6419 = VECTOR('',#6420,1.);
#6420 = DIRECTION('',(1.,0.,0.));
#6421 = ORIENTED_EDGE('',*,*,#6422,.F.);
#6422 = EDGE_CURVE('',#1503,#6415,#6423,.T.);
#6423 = CIRCLE('',#6424,0.5);
#6424 = AXIS2_PLACEMENT_3D('',#6425,#6426,#6427);
#6425 = CARTESIAN_POINT('',(3.5,27.3,-1.7));
#6426 = DIRECTION('',(1.,-2.286797049704E-16,0.));
#6427 = DIRECTION('',(-1.617009701043E-16,-0.707106781187,0.707106781187
    ));
#6428 = ORIENTED_EDGE('',*,*,#1502,.T.);
#6429 = CYLINDRICAL_SURFACE('',#6430,0.5);
#6430 = AXIS2_PLACEMENT_3D('',#6431,#6432,#6433);
#6431 = CARTESIAN_POINT('',(11.649999999999,27.3,-1.7));
#6432 = DIRECTION('',(-1.,0.,0.));
#6433 = DIRECTION('',(0.,-0.707106781187,0.707106781187));
#6434 = ADVANCED_FACE('',(#6435),#6446,.T.);
#6435 = FACE_BOUND('',#6436,.T.);
#6436 = EDGE_LOOP('',(#6437,#6438,#6444,#6445));
#6437 = ORIENTED_EDGE('',*,*,#4479,.F.);
#6438 = ORIENTED_EDGE('',*,*,#6439,.F.);
#6439 = EDGE_CURVE('',#6415,#4480,#6440,.T.);
#6440 = LINE('',#6441,#6442);
#6441 = CARTESIAN_POINT('',(3.5,26.8,-1.2));
#6442 = VECTOR('',#6443,1.);
#6443 = DIRECTION('',(0.,0.,-1.));
#6444 = ORIENTED_EDGE('',*,*,#6414,.F.);
#6445 = ORIENTED_EDGE('',*,*,#6388,.T.);
#6446 = PLANE('',#6447);
#6447 = AXIS2_PLACEMENT_3D('',#6448,#6449,#6450);
#6448 = CARTESIAN_POINT('',(3.5,26.8,-1.2));
#6449 = DIRECTION('',(0.,-1.,0.));
#6450 = DIRECTION('',(-1.,0.,0.));
#6451 = ADVANCED_FACE('',(#6452),#6486,.T.);
#6452 = FACE_BOUND('',#6453,.T.);
#6453 = EDGE_LOOP('',(#6454,#6464,#6472,#6480));
#6454 = ORIENTED_EDGE('',*,*,#6455,.T.);
#6455 = EDGE_CURVE('',#6456,#6458,#6460,.T.);
#6456 = VERTEX_POINT('',#6457);
#6457 = CARTESIAN_POINT('',(0.721687836487,31.05,-3.));
#6458 = VERTEX_POINT('',#6459);
#6459 = CARTESIAN_POINT('',(-0.721687836487,31.05,-3.));
#6460 = LINE('',#6461,#6462);
#6461 = CARTESIAN_POINT('',(0.591784025919,31.05,-3.));
#6462 = VECTOR('',#6463,1.);
#6463 = DIRECTION('',(-1.,1.876061157447E-15,0.));
#6464 = ORIENTED_EDGE('',*,*,#6465,.T.);
#6465 = EDGE_CURVE('',#6458,#6466,#6468,.T.);
#6466 = VERTEX_POINT('',#6467);
#6467 = CARTESIAN_POINT('',(-1.183568051839,31.85,-3.4));
#6468 = LINE('',#6469,#6470);
#6469 = CARTESIAN_POINT('',(-0.721687836487,31.05,-3.));
#6470 = VECTOR('',#6471,1.);
#6471 = DIRECTION('',(-0.458831467741,0.794719414239,-0.39735970712));
#6472 = ORIENTED_EDGE('',*,*,#6473,.T.);
#6473 = EDGE_CURVE('',#6466,#6474,#6476,.T.);
#6474 = VERTEX_POINT('',#6475);
#6475 = CARTESIAN_POINT('',(1.183568051839,31.85,-3.4));
#6476 = LINE('',#6477,#6478);
#6477 = CARTESIAN_POINT('',(0.591784025919,31.85,-3.4));
#6478 = VECTOR('',#6479,1.);
#6479 = DIRECTION('',(1.,-1.876061157447E-15,0.));
#6480 = ORIENTED_EDGE('',*,*,#6481,.F.);
#6481 = EDGE_CURVE('',#6456,#6474,#6482,.T.);
#6482 = LINE('',#6483,#6484);
#6483 = CARTESIAN_POINT('',(0.721687836487,31.05,-3.));
#6484 = VECTOR('',#6485,1.);
#6485 = DIRECTION('',(0.458831467741,0.794719414239,-0.39735970712));
#6486 = PLANE('',#6487);
#6487 = AXIS2_PLACEMENT_3D('',#6488,#6489,#6490);
#6488 = CARTESIAN_POINT('',(0.591784025919,31.45,-3.2));
#6489 = DIRECTION('',(-8.390000555999E-16,-0.4472135955,-0.894427191));
#6490 = DIRECTION('',(-1.,-1.479114197289E-31,9.380305787237E-16));
#6491 = ADVANCED_FACE('',(#6492),#6517,.T.);
#6492 = FACE_BOUND('',#6493,.T.);
#6493 = EDGE_LOOP('',(#6494,#6502,#6510,#6516));
#6494 = ORIENTED_EDGE('',*,*,#6495,.T.);
#6495 = EDGE_CURVE('',#6458,#6496,#6498,.T.);
#6496 = VERTEX_POINT('',#6497);
#6497 = CARTESIAN_POINT('',(-1.443375672974,29.8,-3.));
#6498 = LINE('',#6499,#6500);
#6499 = CARTESIAN_POINT('',(-0.786639741771,30.9375,-3.));
#6500 = VECTOR('',#6501,1.);
#6501 = DIRECTION('',(-0.5,-0.866025403784,0.));
#6502 = ORIENTED_EDGE('',*,*,#6503,.T.);
#6503 = EDGE_CURVE('',#6496,#6504,#6506,.T.);
#6504 = VERTEX_POINT('',#6505);
#6505 = CARTESIAN_POINT('',(-2.367136103677,29.8,-3.4));
#6506 = LINE('',#6507,#6508);
#6507 = CARTESIAN_POINT('',(-1.443375672974,29.8,-3.));
#6508 = VECTOR('',#6509,1.);
#6509 = DIRECTION('',(-0.917662935482,-4.411578959024E-15,-0.39735970712
    ));
#6510 = ORIENTED_EDGE('',*,*,#6511,.T.);
#6511 = EDGE_CURVE('',#6504,#6466,#6512,.T.);
#6512 = LINE('',#6513,#6514);
#6513 = CARTESIAN_POINT('',(-1.479460064798,31.3375,-3.4));
#6514 = VECTOR('',#6515,1.);
#6515 = DIRECTION('',(0.5,0.866025403784,0.));
#6516 = ORIENTED_EDGE('',*,*,#6465,.F.);
#6517 = PLANE('',#6518);
#6518 = AXIS2_PLACEMENT_3D('',#6519,#6520,#6521);
#6519 = CARTESIAN_POINT('',(-1.133049903285,31.1375,-3.2));
#6520 = DIRECTION('',(0.387298334621,-0.22360679775,-0.894427191));
#6521 = DIRECTION('',(-0.917662935482,1.249000902703E-16,-0.39735970712)
  );
#6522 = ADVANCED_FACE('',(#6523),#6548,.T.);
#6523 = FACE_BOUND('',#6524,.T.);
#6524 = EDGE_LOOP('',(#6525,#6533,#6534,#6542));
#6525 = ORIENTED_EDGE('',*,*,#6526,.T.);
#6526 = EDGE_CURVE('',#6527,#6504,#6529,.T.);
#6527 = VERTEX_POINT('',#6528);
#6528 = CARTESIAN_POINT('',(-1.183568051839,27.75,-3.4));
#6529 = LINE('',#6530,#6531);
#6530 = CARTESIAN_POINT('',(-2.071244090718,29.2875,-3.4));
#6531 = VECTOR('',#6532,1.);
#6532 = DIRECTION('',(-0.5,0.866025403784,0.));
#6533 = ORIENTED_EDGE('',*,*,#6503,.F.);
#6534 = ORIENTED_EDGE('',*,*,#6535,.T.);
#6535 = EDGE_CURVE('',#6496,#6536,#6538,.T.);
#6536 = VERTEX_POINT('',#6537);
#6537 = CARTESIAN_POINT('',(-0.721687836487,28.55,-3.));
#6538 = LINE('',#6539,#6540);
#6539 = CARTESIAN_POINT('',(-1.37842376769,29.6875,-3.));
#6540 = VECTOR('',#6541,1.);
#6541 = DIRECTION('',(0.5,-0.866025403784,0.));
#6542 = ORIENTED_EDGE('',*,*,#6543,.T.);
#6543 = EDGE_CURVE('',#6536,#6527,#6544,.T.);
#6544 = LINE('',#6545,#6546);
#6545 = CARTESIAN_POINT('',(-0.721687836487,28.55,-3.));
#6546 = VECTOR('',#6547,1.);
#6547 = DIRECTION('',(-0.458831467741,-0.794719414239,-0.39735970712));
#6548 = PLANE('',#6549);
#6549 = AXIS2_PLACEMENT_3D('',#6550,#6551,#6552);
#6550 = CARTESIAN_POINT('',(-1.724833929204,29.4875,-3.2));
#6551 = DIRECTION('',(0.387298334621,0.22360679775,-0.894427191));
#6552 = DIRECTION('',(-0.917662935482,6.938893903907E-17,-0.39735970712)
  );
#6553 = ADVANCED_FACE('',(#6554),#6579,.T.);
#6554 = FACE_BOUND('',#6555,.T.);
#6555 = EDGE_LOOP('',(#6556,#6564,#6565,#6573));
#6556 = ORIENTED_EDGE('',*,*,#6557,.T.);
#6557 = EDGE_CURVE('',#6558,#6527,#6560,.T.);
#6558 = VERTEX_POINT('',#6559);
#6559 = CARTESIAN_POINT('',(1.183568051839,27.75,-3.4));
#6560 = LINE('',#6561,#6562);
#6561 = CARTESIAN_POINT('',(-0.591784025919,27.75,-3.4));
#6562 = VECTOR('',#6563,1.);
#6563 = DIRECTION('',(-1.,3.752122314895E-15,0.));
#6564 = ORIENTED_EDGE('',*,*,#6543,.F.);
#6565 = ORIENTED_EDGE('',*,*,#6566,.T.);
#6566 = EDGE_CURVE('',#6536,#6567,#6569,.T.);
#6567 = VERTEX_POINT('',#6568);
#6568 = CARTESIAN_POINT('',(0.721687836487,28.55,-3.));
#6569 = LINE('',#6570,#6571);
#6570 = CARTESIAN_POINT('',(-0.591784025919,28.55,-3.));
#6571 = VECTOR('',#6572,1.);
#6572 = DIRECTION('',(1.,-3.752122314895E-15,0.));
#6573 = ORIENTED_EDGE('',*,*,#6574,.T.);
#6574 = EDGE_CURVE('',#6567,#6558,#6575,.T.);
#6575 = LINE('',#6576,#6577);
#6576 = CARTESIAN_POINT('',(0.721687836487,28.55,-3.));
#6577 = VECTOR('',#6578,1.);
#6578 = DIRECTION('',(0.458831467741,-0.794719414239,-0.39735970712));
#6579 = PLANE('',#6580);
#6580 = AXIS2_PLACEMENT_3D('',#6581,#6582,#6583);
#6581 = CARTESIAN_POINT('',(-0.591784025919,28.15,-3.2));
#6582 = DIRECTION('',(1.6780001112E-15,0.4472135955,-0.894427191));
#6583 = DIRECTION('',(-1.,-5.916456789158E-31,-1.876061157447E-15));
#6584 = ADVANCED_FACE('',(#6585),#6610,.T.);
#6585 = FACE_BOUND('',#6586,.T.);
#6586 = EDGE_LOOP('',(#6587,#6595,#6596,#6604));
#6587 = ORIENTED_EDGE('',*,*,#6588,.T.);
#6588 = EDGE_CURVE('',#6589,#6558,#6591,.T.);
#6589 = VERTEX_POINT('',#6590);
#6590 = CARTESIAN_POINT('',(2.367136103677,29.8,-3.4));
#6591 = LINE('',#6592,#6593);
#6592 = CARTESIAN_POINT('',(1.479460064798,28.2625,-3.4));
#6593 = VECTOR('',#6594,1.);
#6594 = DIRECTION('',(-0.5,-0.866025403784,0.));
#6595 = ORIENTED_EDGE('',*,*,#6574,.F.);
#6596 = ORIENTED_EDGE('',*,*,#6597,.T.);
#6597 = EDGE_CURVE('',#6567,#6598,#6600,.T.);
#6598 = VERTEX_POINT('',#6599);
#6599 = CARTESIAN_POINT('',(1.443375672974,29.8,-3.));
#6600 = LINE('',#6601,#6602);
#6601 = CARTESIAN_POINT('',(0.786639741771,28.6625,-3.));
#6602 = VECTOR('',#6603,1.);
#6603 = DIRECTION('',(0.5,0.866025403784,0.));
#6604 = ORIENTED_EDGE('',*,*,#6605,.T.);
#6605 = EDGE_CURVE('',#6598,#6589,#6606,.T.);
#6606 = LINE('',#6607,#6608);
#6607 = CARTESIAN_POINT('',(1.443375672974,29.8,-3.));
#6608 = VECTOR('',#6609,1.);
#6609 = DIRECTION('',(0.917662935482,0.,-0.39735970712));
#6610 = PLANE('',#6611);
#6611 = AXIS2_PLACEMENT_3D('',#6612,#6613,#6614);
#6612 = CARTESIAN_POINT('',(1.133049903285,28.4625,-3.2));
#6613 = DIRECTION('',(-0.387298334621,0.22360679775,-0.894427191));
#6614 = DIRECTION('',(-0.917662935482,1.52655665886E-16,0.39735970712));
#6615 = ADVANCED_FACE('',(#6616),#6632,.T.);
#6616 = FACE_BOUND('',#6617,.T.);
#6617 = EDGE_LOOP('',(#6618,#6624,#6625,#6631));
#6618 = ORIENTED_EDGE('',*,*,#6619,.T.);
#6619 = EDGE_CURVE('',#6474,#6589,#6620,.T.);
#6620 = LINE('',#6621,#6622);
#6621 = CARTESIAN_POINT('',(2.071244090718,30.3125,-3.4));
#6622 = VECTOR('',#6623,1.);
#6623 = DIRECTION('',(0.5,-0.866025403784,0.));
#6624 = ORIENTED_EDGE('',*,*,#6605,.F.);
#6625 = ORIENTED_EDGE('',*,*,#6626,.T.);
#6626 = EDGE_CURVE('',#6598,#6456,#6627,.T.);
#6627 = LINE('',#6628,#6629);
#6628 = CARTESIAN_POINT('',(1.37842376769,29.9125,-3.));
#6629 = VECTOR('',#6630,1.);
#6630 = DIRECTION('',(-0.5,0.866025403784,0.));
#6631 = ORIENTED_EDGE('',*,*,#6481,.T.);
#6632 = PLANE('',#6633);
#6633 = AXIS2_PLACEMENT_3D('',#6634,#6635,#6636);
#6634 = CARTESIAN_POINT('',(1.724833929204,30.1125,-3.2));
#6635 = DIRECTION('',(-0.387298334621,-0.22360679775,-0.894427191));
#6636 = DIRECTION('',(-0.917662935482,-1.249000902703E-16,0.39735970712)
  );
#6637 = ADVANCED_FACE('',(#6638),#6654,.F.);
#6638 = FACE_BOUND('',#6639,.T.);
#6639 = EDGE_LOOP('',(#6640,#6641,#6647,#6648));
#6640 = ORIENTED_EDGE('',*,*,#6588,.F.);
#6641 = ORIENTED_EDGE('',*,*,#6642,.F.);
#6642 = EDGE_CURVE('',#3284,#6589,#6643,.T.);
#6643 = LINE('',#6644,#6645);
#6644 = CARTESIAN_POINT('',(2.367136103677,29.8,-5.2));
#6645 = VECTOR('',#6646,1.);
#6646 = DIRECTION('',(0.,0.,1.));
#6647 = ORIENTED_EDGE('',*,*,#3325,.F.);
#6648 = ORIENTED_EDGE('',*,*,#6649,.T.);
#6649 = EDGE_CURVE('',#3318,#6558,#6650,.T.);
#6650 = LINE('',#6651,#6652);
#6651 = CARTESIAN_POINT('',(1.183568051839,27.75,-5.2));
#6652 = VECTOR('',#6653,1.);
#6653 = DIRECTION('',(0.,0.,1.));
#6654 = PLANE('',#6655);
#6655 = AXIS2_PLACEMENT_3D('',#6656,#6657,#6658);
#6656 = CARTESIAN_POINT('',(1.183568051839,27.75,-5.2));
#6657 = DIRECTION('',(0.866025403784,-0.5,0.));
#6658 = DIRECTION('',(0.5,0.866025403784,0.));
#6659 = ADVANCED_FACE('',(#6660),#6671,.F.);
#6660 = FACE_BOUND('',#6661,.T.);
#6661 = EDGE_LOOP('',(#6662,#6663,#6669,#6670));
#6662 = ORIENTED_EDGE('',*,*,#6619,.F.);
#6663 = ORIENTED_EDGE('',*,*,#6664,.F.);
#6664 = EDGE_CURVE('',#3286,#6474,#6665,.T.);
#6665 = LINE('',#6666,#6667);
#6666 = CARTESIAN_POINT('',(1.183568051839,31.85,-5.2));
#6667 = VECTOR('',#6668,1.);
#6668 = DIRECTION('',(0.,0.,1.));
#6669 = ORIENTED_EDGE('',*,*,#3283,.F.);
#6670 = ORIENTED_EDGE('',*,*,#6642,.T.);
#6671 = PLANE('',#6672);
#6672 = AXIS2_PLACEMENT_3D('',#6673,#6674,#6675);
#6673 = CARTESIAN_POINT('',(2.367136103677,29.8,-5.2));
#6674 = DIRECTION('',(0.866025403784,0.5,0.));
#6675 = DIRECTION('',(-0.5,0.866025403784,0.));
#6676 = ADVANCED_FACE('',(#6677),#6688,.F.);
#6677 = FACE_BOUND('',#6678,.T.);
#6678 = EDGE_LOOP('',(#6679,#6680,#6686,#6687));
#6679 = ORIENTED_EDGE('',*,*,#6473,.F.);
#6680 = ORIENTED_EDGE('',*,*,#6681,.F.);
#6681 = EDGE_CURVE('',#3294,#6466,#6682,.T.);
#6682 = LINE('',#6683,#6684);
#6683 = CARTESIAN_POINT('',(-1.183568051839,31.85,-5.2));
#6684 = VECTOR('',#6685,1.);
#6685 = DIRECTION('',(0.,0.,1.));
#6686 = ORIENTED_EDGE('',*,*,#3293,.F.);
#6687 = ORIENTED_EDGE('',*,*,#6664,.T.);
#6688 = PLANE('',#6689);
#6689 = AXIS2_PLACEMENT_3D('',#6690,#6691,#6692);
#6690 = CARTESIAN_POINT('',(1.183568051839,31.85,-5.2));
#6691 = DIRECTION('',(1.876061157447E-15,1.,0.));
#6692 = DIRECTION('',(-1.,1.876061157447E-15,0.));
#6693 = ADVANCED_FACE('',(#6694,#6702),#6713,.T.);
#6694 = FACE_BOUND('',#6695,.T.);
#6695 = EDGE_LOOP('',(#6696,#6697,#6698,#6699,#6700,#6701));
#6696 = ORIENTED_EDGE('',*,*,#6455,.F.);
#6697 = ORIENTED_EDGE('',*,*,#6626,.F.);
#6698 = ORIENTED_EDGE('',*,*,#6597,.F.);
#6699 = ORIENTED_EDGE('',*,*,#6566,.F.);
#6700 = ORIENTED_EDGE('',*,*,#6535,.F.);
#6701 = ORIENTED_EDGE('',*,*,#6495,.F.);
#6702 = FACE_BOUND('',#6703,.T.);
#6703 = EDGE_LOOP('',(#6704));
#6704 = ORIENTED_EDGE('',*,*,#6705,.F.);
#6705 = EDGE_CURVE('',#6706,#6706,#6708,.T.);
#6706 = VERTEX_POINT('',#6707);
#6707 = CARTESIAN_POINT('',(-1.1,29.8,-3.));
#6708 = CIRCLE('',#6709,1.1);
#6709 = AXIS2_PLACEMENT_3D('',#6710,#6711,#6712);
#6710 = CARTESIAN_POINT('',(9.451342298605E-15,29.8,-3.));
#6711 = DIRECTION('',(0.,0.,-1.));
#6712 = DIRECTION('',(1.,0.,0.));
#6713 = PLANE('',#6714);
#6714 = AXIS2_PLACEMENT_3D('',#6715,#6716,#6717);
#6715 = CARTESIAN_POINT('',(1.179611963664E-14,29.8,-3.));
#6716 = DIRECTION('',(0.,0.,-1.));
#6717 = DIRECTION('',(-1.,0.,0.));
#6718 = ADVANCED_FACE('',(#6719),#6730,.F.);
#6719 = FACE_BOUND('',#6720,.F.);
#6720 = EDGE_LOOP('',(#6721,#6727,#6728,#6729));
#6721 = ORIENTED_EDGE('',*,*,#6722,.T.);
#6722 = EDGE_CURVE('',#1529,#6706,#6723,.T.);
#6723 = LINE('',#6724,#6725);
#6724 = CARTESIAN_POINT('',(-1.1,29.8,-1.2));
#6725 = VECTOR('',#6726,1.);
#6726 = DIRECTION('',(0.,0.,-1.));
#6727 = ORIENTED_EDGE('',*,*,#6705,.F.);
#6728 = ORIENTED_EDGE('',*,*,#6722,.F.);
#6729 = ORIENTED_EDGE('',*,*,#1528,.T.);
#6730 = CYLINDRICAL_SURFACE('',#6731,1.1);
#6731 = AXIS2_PLACEMENT_3D('',#6732,#6733,#6734);
#6732 = CARTESIAN_POINT('',(9.451342298605E-15,29.8,-1.2));
#6733 = DIRECTION('',(0.,0.,-1.));
#6734 = DIRECTION('',(1.,0.,0.));
#6735 = ADVANCED_FACE('',(#6736),#6747,.F.);
#6736 = FACE_BOUND('',#6737,.T.);
#6737 = EDGE_LOOP('',(#6738,#6739,#6740,#6741));
#6738 = ORIENTED_EDGE('',*,*,#6557,.F.);
#6739 = ORIENTED_EDGE('',*,*,#6649,.F.);
#6740 = ORIENTED_EDGE('',*,*,#3317,.F.);
#6741 = ORIENTED_EDGE('',*,*,#6742,.T.);
#6742 = EDGE_CURVE('',#3310,#6527,#6743,.T.);
#6743 = LINE('',#6744,#6745);
#6744 = CARTESIAN_POINT('',(-1.183568051839,27.75,-5.2));
#6745 = VECTOR('',#6746,1.);
#6746 = DIRECTION('',(0.,0.,1.));
#6747 = PLANE('',#6748);
#6748 = AXIS2_PLACEMENT_3D('',#6749,#6750,#6751);
#6749 = CARTESIAN_POINT('',(-1.183568051839,27.75,-5.2));
#6750 = DIRECTION('',(-3.752122314895E-15,-1.,0.));
#6751 = DIRECTION('',(1.,-3.752122314895E-15,0.));
#6752 = ADVANCED_FACE('',(#6753),#6764,.F.);
#6753 = FACE_BOUND('',#6754,.T.);
#6754 = EDGE_LOOP('',(#6755,#6756,#6757,#6758));
#6755 = ORIENTED_EDGE('',*,*,#6526,.F.);
#6756 = ORIENTED_EDGE('',*,*,#6742,.F.);
#6757 = ORIENTED_EDGE('',*,*,#3309,.F.);
#6758 = ORIENTED_EDGE('',*,*,#6759,.T.);
#6759 = EDGE_CURVE('',#3302,#6504,#6760,.T.);
#6760 = LINE('',#6761,#6762);
#6761 = CARTESIAN_POINT('',(-2.367136103677,29.8,-5.2));
#6762 = VECTOR('',#6763,1.);
#6763 = DIRECTION('',(0.,0.,1.));
#6764 = PLANE('',#6765);
#6765 = AXIS2_PLACEMENT_3D('',#6766,#6767,#6768);
#6766 = CARTESIAN_POINT('',(-2.367136103677,29.8,-5.2));
#6767 = DIRECTION('',(-0.866025403784,-0.5,0.));
#6768 = DIRECTION('',(0.5,-0.866025403784,0.));
#6769 = ADVANCED_FACE('',(#6770),#6776,.F.);
#6770 = FACE_BOUND('',#6771,.T.);
#6771 = EDGE_LOOP('',(#6772,#6773,#6774,#6775));
#6772 = ORIENTED_EDGE('',*,*,#6511,.F.);
#6773 = ORIENTED_EDGE('',*,*,#6759,.F.);
#6774 = ORIENTED_EDGE('',*,*,#3301,.F.);
#6775 = ORIENTED_EDGE('',*,*,#6681,.T.);
#6776 = PLANE('',#6777);
#6777 = AXIS2_PLACEMENT_3D('',#6778,#6779,#6780);
#6778 = CARTESIAN_POINT('',(-1.183568051839,31.85,-5.2));
#6779 = DIRECTION('',(-0.866025403784,0.5,0.));
#6780 = DIRECTION('',(-0.5,-0.866025403784,0.));
#6781 = ADVANCED_FACE('',(#6782),#6788,.T.);
#6782 = FACE_BOUND('',#6783,.T.);
#6783 = EDGE_LOOP('',(#6784,#6785,#6786,#6787));
#6784 = ORIENTED_EDGE('',*,*,#4810,.F.);
#6785 = ORIENTED_EDGE('',*,*,#5612,.F.);
#6786 = ORIENTED_EDGE('',*,*,#1945,.T.);
#6787 = ORIENTED_EDGE('',*,*,#206,.T.);
#6788 = CYLINDRICAL_SURFACE('',#6789,0.5);
#6789 = AXIS2_PLACEMENT_3D('',#6790,#6791,#6792);
#6790 = CARTESIAN_POINT('',(16.007810593582,4.,-1.2));
#6791 = DIRECTION('',(0.,0.,-1.));
#6792 = DIRECTION('',(0.,-1.,0.));
#6793 = ADVANCED_FACE('',(#6794),#6806,.T.);
#6794 = FACE_BOUND('',#6795,.T.);
#6795 = EDGE_LOOP('',(#6796,#6797,#6803,#6804,#6805));
#6796 = ORIENTED_EDGE('',*,*,#4873,.F.);
#6797 = ORIENTED_EDGE('',*,*,#6798,.F.);
#6798 = EDGE_CURVE('',#1511,#4847,#6799,.T.);
#6799 = LINE('',#6800,#6801);
#6800 = CARTESIAN_POINT('',(3.5,16.007810593582,-1.2));
#6801 = VECTOR('',#6802,1.);
#6802 = DIRECTION('',(0.,0.,-1.));
#6803 = ORIENTED_EDGE('',*,*,#1510,.T.);
#6804 = ORIENTED_EDGE('',*,*,#6422,.T.);
#6805 = ORIENTED_EDGE('',*,*,#6439,.T.);
#6806 = PLANE('',#6807);
#6807 = AXIS2_PLACEMENT_3D('',#6808,#6809,#6810);
#6808 = CARTESIAN_POINT('',(3.5,16.007810593582,-1.2));
#6809 = DIRECTION('',(-1.,2.286797049704E-16,0.));
#6810 = DIRECTION('',(2.286797049704E-16,1.,0.));
#6811 = ADVANCED_FACE('',(#6812),#6818,.T.);
#6812 = FACE_BOUND('',#6813,.T.);
#6813 = EDGE_LOOP('',(#6814,#6815,#6816,#6817));
#6814 = ORIENTED_EDGE('',*,*,#4846,.F.);
#6815 = ORIENTED_EDGE('',*,*,#1409,.F.);
#6816 = ORIENTED_EDGE('',*,*,#1518,.T.);
#6817 = ORIENTED_EDGE('',*,*,#6798,.T.);
#6818 = CYLINDRICAL_SURFACE('',#6819,0.5);
#6819 = AXIS2_PLACEMENT_3D('',#6820,#6821,#6822);
#6820 = CARTESIAN_POINT('',(4.,16.007810593582,-1.2));
#6821 = DIRECTION('',(0.,0.,-1.));
#6822 = DIRECTION('',(-0.242424242424,-0.970170339005,-0.));
#6823 = ADVANCED_FACE('',(#6824),#6835,.F.);
#6824 = FACE_BOUND('',#6825,.F.);
#6825 = EDGE_LOOP('',(#6826,#6832,#6833,#6834));
#6826 = ORIENTED_EDGE('',*,*,#6827,.T.);
#6827 = EDGE_CURVE('',#1264,#3334,#6828,.T.);
#6828 = LINE('',#6829,#6830);
#6829 = CARTESIAN_POINT('',(-33.84999999999,32.099999999999,-5.2));
#6830 = VECTOR('',#6831,1.);
#6831 = DIRECTION('',(0.,0.,-1.));
#6832 = ORIENTED_EDGE('',*,*,#3333,.F.);
#6833 = ORIENTED_EDGE('',*,*,#6827,.F.);
#6834 = ORIENTED_EDGE('',*,*,#1263,.T.);
#6835 = CYLINDRICAL_SURFACE('',#6836,1.75);
#6836 = AXIS2_PLACEMENT_3D('',#6837,#6838,#6839);
#6837 = CARTESIAN_POINT('',(-32.09999999999,32.099999999999,-5.2));
#6838 = DIRECTION('',(0.,0.,1.));
#6839 = DIRECTION('',(1.,0.,-0.));
#6840 = ADVANCED_FACE('',(#6841),#6852,.F.);
#6841 = FACE_BOUND('',#6842,.F.);
#6842 = EDGE_LOOP('',(#6843,#6849,#6850,#6851));
#6843 = ORIENTED_EDGE('',*,*,#6844,.T.);
#6844 = EDGE_CURVE('',#1275,#3273,#6845,.T.);
#6845 = LINE('',#6846,#6847);
#6846 = CARTESIAN_POINT('',(30.349999999999,32.099999999998,-5.2));
#6847 = VECTOR('',#6848,1.);
#6848 = DIRECTION('',(0.,0.,-1.));
#6849 = ORIENTED_EDGE('',*,*,#3272,.F.);
#6850 = ORIENTED_EDGE('',*,*,#6844,.F.);
#6851 = ORIENTED_EDGE('',*,*,#1274,.T.);
#6852 = CYLINDRICAL_SURFACE('',#6853,1.75);
#6853 = AXIS2_PLACEMENT_3D('',#6854,#6855,#6856);
#6854 = CARTESIAN_POINT('',(32.099999999999,32.099999999998,-5.2));
#6855 = DIRECTION('',(0.,0.,1.));
#6856 = DIRECTION('',(1.,0.,-0.));
#6857 = ADVANCED_FACE('',(#6858),#6869,.F.);
#6858 = FACE_BOUND('',#6859,.F.);
#6859 = EDGE_LOOP('',(#6860,#6866,#6867,#6868));
#6860 = ORIENTED_EDGE('',*,*,#6861,.T.);
#6861 = EDGE_CURVE('',#1148,#3166,#6862,.T.);
#6862 = LINE('',#6863,#6864);
#6863 = CARTESIAN_POINT('',(30.349999999998,-32.09999999999,-5.2));
#6864 = VECTOR('',#6865,1.);
#6865 = DIRECTION('',(0.,0.,-1.));
#6866 = ORIENTED_EDGE('',*,*,#3165,.F.);
#6867 = ORIENTED_EDGE('',*,*,#6861,.F.);
#6868 = ORIENTED_EDGE('',*,*,#1147,.T.);
#6869 = CYLINDRICAL_SURFACE('',#6870,1.75);
#6870 = AXIS2_PLACEMENT_3D('',#6871,#6872,#6873);
#6871 = CARTESIAN_POINT('',(32.099999999998,-32.09999999999,-5.2));
#6872 = DIRECTION('',(0.,0.,1.));
#6873 = DIRECTION('',(1.,0.,-0.));
#6874 = ADVANCED_FACE('',(#6875),#6891,.T.);
#6875 = FACE_BOUND('',#6876,.T.);
#6876 = EDGE_LOOP('',(#6877,#6878,#6884,#6885));
#6877 = ORIENTED_EDGE('',*,*,#3248,.T.);
#6878 = ORIENTED_EDGE('',*,*,#6879,.T.);
#6879 = EDGE_CURVE('',#3238,#1169,#6880,.T.);
#6880 = LINE('',#6881,#6882);
#6881 = CARTESIAN_POINT('',(12.099999999998,22.099999999999,-5.2));
#6882 = VECTOR('',#6883,1.);
#6883 = DIRECTION('',(0.,0.,1.));
#6884 = ORIENTED_EDGE('',*,*,#1168,.F.);
#6885 = ORIENTED_EDGE('',*,*,#6886,.F.);
#6886 = EDGE_CURVE('',#3249,#1161,#6887,.T.);
#6887 = LINE('',#6888,#6889);
#6888 = CARTESIAN_POINT('',(12.099999999998,14.099999999999,-5.2));
#6889 = VECTOR('',#6890,1.);
#6890 = DIRECTION('',(0.,0.,1.));
#6891 = PLANE('',#6892);
#6892 = AXIS2_PLACEMENT_3D('',#6893,#6894,#6895);
#6893 = CARTESIAN_POINT('',(12.099999999998,14.099999999999,-5.2));
#6894 = DIRECTION('',(1.,1.110223024625E-15,0.));
#6895 = DIRECTION('',(-1.110223024625E-15,1.,0.));
#6896 = ADVANCED_FACE('',(#6897),#6908,.T.);
#6897 = FACE_BOUND('',#6898,.T.);
#6898 = EDGE_LOOP('',(#6899,#6900,#6901,#6902));
#6899 = ORIENTED_EDGE('',*,*,#3256,.T.);
#6900 = ORIENTED_EDGE('',*,*,#6886,.T.);
#6901 = ORIENTED_EDGE('',*,*,#1158,.F.);
#6902 = ORIENTED_EDGE('',*,*,#6903,.F.);
#6903 = EDGE_CURVE('',#3257,#1159,#6904,.T.);
#6904 = LINE('',#6905,#6906);
#6905 = CARTESIAN_POINT('',(32.099999999998,14.099999999999,-5.2));
#6906 = VECTOR('',#6907,1.);
#6907 = DIRECTION('',(0.,0.,1.));
#6908 = PLANE('',#6909);
#6909 = AXIS2_PLACEMENT_3D('',#6910,#6911,#6912);
#6910 = CARTESIAN_POINT('',(32.099999999998,14.099999999999,-5.2));
#6911 = DIRECTION('',(0.,1.,0.));
#6912 = DIRECTION('',(-1.,0.,0.));
#6913 = ADVANCED_FACE('',(#6914),#6925,.T.);
#6914 = FACE_BOUND('',#6915,.T.);
#6915 = EDGE_LOOP('',(#6916,#6917,#6918,#6919));
#6916 = ORIENTED_EDGE('',*,*,#3264,.T.);
#6917 = ORIENTED_EDGE('',*,*,#6903,.T.);
#6918 = ORIENTED_EDGE('',*,*,#1185,.F.);
#6919 = ORIENTED_EDGE('',*,*,#6920,.F.);
#6920 = EDGE_CURVE('',#3240,#1177,#6921,.T.);
#6921 = LINE('',#6922,#6923);
#6922 = CARTESIAN_POINT('',(32.099999999998,22.099999999999,-5.2));
#6923 = VECTOR('',#6924,1.);
#6924 = DIRECTION('',(0.,0.,1.));
#6925 = PLANE('',#6926);
#6926 = AXIS2_PLACEMENT_3D('',#6927,#6928,#6929);
#6927 = CARTESIAN_POINT('',(32.099999999998,22.099999999999,-5.2));
#6928 = DIRECTION('',(-1.,-1.110223024625E-15,0.));
#6929 = DIRECTION('',(1.110223024625E-15,-1.,0.));
#6930 = ADVANCED_FACE('',(#6931),#6937,.F.);
#6931 = FACE_BOUND('',#6932,.F.);
#6932 = EDGE_LOOP('',(#6933,#6934,#6935,#6936));
#6933 = ORIENTED_EDGE('',*,*,#6879,.T.);
#6934 = ORIENTED_EDGE('',*,*,#1176,.T.);
#6935 = ORIENTED_EDGE('',*,*,#6920,.F.);
#6936 = ORIENTED_EDGE('',*,*,#3237,.F.);
#6937 = CYLINDRICAL_SURFACE('',#6938,10.);
#6938 = AXIS2_PLACEMENT_3D('',#6939,#6940,#6941);
#6939 = CARTESIAN_POINT('',(22.099999999998,22.099999999999,-5.2));
#6940 = DIRECTION('',(0.,0.,1.));
#6941 = DIRECTION('',(-1.,0.,0.));
#6942 = ADVANCED_FACE('',(#6943),#6959,.T.);
#6943 = FACE_BOUND('',#6944,.T.);
#6944 = EDGE_LOOP('',(#6945,#6946,#6952,#6953));
#6945 = ORIENTED_EDGE('',*,*,#3354,.T.);
#6946 = ORIENTED_EDGE('',*,*,#6947,.T.);
#6947 = EDGE_CURVE('',#3345,#1223,#6948,.T.);
#6948 = LINE('',#6949,#6950);
#6949 = CARTESIAN_POINT('',(-32.09999999999,14.099999999999,-5.2));
#6950 = VECTOR('',#6951,1.);
#6951 = DIRECTION('',(0.,0.,1.));
#6952 = ORIENTED_EDGE('',*,*,#1222,.F.);
#6953 = ORIENTED_EDGE('',*,*,#6954,.F.);
#6954 = EDGE_CURVE('',#3355,#1215,#6955,.T.);
#6955 = LINE('',#6956,#6957);
#6956 = CARTESIAN_POINT('',(-21.17106781186,14.099999999999,-5.2));
#6957 = VECTOR('',#6958,1.);
#6958 = DIRECTION('',(0.,0.,1.));
#6959 = PLANE('',#6960);
#6960 = AXIS2_PLACEMENT_3D('',#6961,#6962,#6963);
#6961 = CARTESIAN_POINT('',(-21.17106781186,14.099999999999,-5.2));
#6962 = DIRECTION('',(0.,1.,0.));
#6963 = DIRECTION('',(-1.,0.,0.));
#6964 = ADVANCED_FACE('',(#6965),#6976,.T.);
#6965 = FACE_BOUND('',#6966,.T.);
#6966 = EDGE_LOOP('',(#6967,#6968,#6969,#6970));
#6967 = ORIENTED_EDGE('',*,*,#3362,.T.);
#6968 = ORIENTED_EDGE('',*,*,#6954,.T.);
#6969 = ORIENTED_EDGE('',*,*,#1214,.F.);
#6970 = ORIENTED_EDGE('',*,*,#6971,.F.);
#6971 = EDGE_CURVE('',#3363,#1207,#6972,.T.);
#6972 = LINE('',#6973,#6974);
#6973 = CARTESIAN_POINT('',(-16.26345596729,9.192388155425,-5.2));
#6974 = VECTOR('',#6975,1.);
#6975 = DIRECTION('',(0.,0.,1.));
#6976 = PLANE('',#6977);
#6977 = AXIS2_PLACEMENT_3D('',#6978,#6979,#6980);
#6978 = CARTESIAN_POINT('',(-16.26345596729,9.192388155425,-5.2));
#6979 = DIRECTION('',(0.707106781187,0.707106781187,0.));
#6980 = DIRECTION('',(-0.707106781187,0.707106781187,0.));
#6981 = ADVANCED_FACE('',(#6982),#6993,.T.);
#6982 = FACE_BOUND('',#6983,.T.);
#6983 = EDGE_LOOP('',(#6984,#6985,#6986,#6987));
#6984 = ORIENTED_EDGE('',*,*,#3370,.T.);
#6985 = ORIENTED_EDGE('',*,*,#6971,.T.);
#6986 = ORIENTED_EDGE('',*,*,#1204,.F.);
#6987 = ORIENTED_EDGE('',*,*,#6988,.F.);
#6988 = EDGE_CURVE('',#3371,#1205,#6989,.T.);
#6989 = LINE('',#6990,#6991);
#6990 = CARTESIAN_POINT('',(-9.192388155425,16.26345596729,-5.2));
#6991 = VECTOR('',#6992,1.);
#6992 = DIRECTION('',(0.,0.,1.));
#6993 = PLANE('',#6994);
#6994 = AXIS2_PLACEMENT_3D('',#6995,#6996,#6997);
#6995 = CARTESIAN_POINT('',(-9.192388155425,16.26345596729,-5.2));
#6996 = DIRECTION('',(-0.707106781187,0.707106781187,0.));
#6997 = DIRECTION('',(-0.707106781187,-0.707106781187,0.));
#6998 = ADVANCED_FACE('',(#6999),#7010,.T.);
#6999 = FACE_BOUND('',#7000,.T.);
#7000 = EDGE_LOOP('',(#7001,#7002,#7003,#7004));
#7001 = ORIENTED_EDGE('',*,*,#3378,.T.);
#7002 = ORIENTED_EDGE('',*,*,#6988,.T.);
#7003 = ORIENTED_EDGE('',*,*,#1255,.F.);
#7004 = ORIENTED_EDGE('',*,*,#7005,.F.);
#7005 = EDGE_CURVE('',#3379,#1248,#7006,.T.);
#7006 = LINE('',#7007,#7008);
#7007 = CARTESIAN_POINT('',(-12.09999999999,19.171067811863,-5.2));
#7008 = VECTOR('',#7009,1.);
#7009 = DIRECTION('',(0.,0.,1.));
#7010 = PLANE('',#7011);
#7011 = AXIS2_PLACEMENT_3D('',#7012,#7013,#7014);
#7012 = CARTESIAN_POINT('',(-12.09999999999,19.171067811863,-5.2));
#7013 = DIRECTION('',(-0.707106781187,-0.707106781187,0.));
#7014 = DIRECTION('',(0.707106781187,-0.707106781187,0.));
#7015 = ADVANCED_FACE('',(#7016),#7027,.T.);
#7016 = FACE_BOUND('',#7017,.T.);
#7017 = EDGE_LOOP('',(#7018,#7019,#7020,#7021));
#7018 = ORIENTED_EDGE('',*,*,#3386,.T.);
#7019 = ORIENTED_EDGE('',*,*,#7005,.T.);
#7020 = ORIENTED_EDGE('',*,*,#1247,.F.);
#7021 = ORIENTED_EDGE('',*,*,#7022,.F.);
#7022 = EDGE_CURVE('',#3387,#1239,#7023,.T.);
#7023 = LINE('',#7024,#7025);
#7024 = CARTESIAN_POINT('',(-12.09999999999,22.099999999999,-5.2));
#7025 = VECTOR('',#7026,1.);
#7026 = DIRECTION('',(0.,0.,1.));
#7027 = PLANE('',#7028);
#7028 = AXIS2_PLACEMENT_3D('',#7029,#7030,#7031);
#7029 = CARTESIAN_POINT('',(-12.09999999999,22.099999999999,-5.2));
#7030 = DIRECTION('',(-1.,1.665334536938E-15,0.));
#7031 = DIRECTION('',(-1.665334536938E-15,-1.,0.));
#7032 = ADVANCED_FACE('',(#7033),#7044,.F.);
#7033 = FACE_BOUND('',#7034,.F.);
#7034 = EDGE_LOOP('',(#7035,#7041,#7042,#7043));
#7035 = ORIENTED_EDGE('',*,*,#7036,.T.);
#7036 = EDGE_CURVE('',#3347,#1231,#7037,.T.);
#7037 = LINE('',#7038,#7039);
#7038 = CARTESIAN_POINT('',(-32.09999999999,22.099999999999,-5.2));
#7039 = VECTOR('',#7040,1.);
#7040 = DIRECTION('',(0.,0.,1.));
#7041 = ORIENTED_EDGE('',*,*,#1238,.T.);
#7042 = ORIENTED_EDGE('',*,*,#7022,.F.);
#7043 = ORIENTED_EDGE('',*,*,#3394,.F.);
#7044 = CYLINDRICAL_SURFACE('',#7045,10.);
#7045 = AXIS2_PLACEMENT_3D('',#7046,#7047,#7048);
#7046 = CARTESIAN_POINT('',(-22.09999999999,22.099999999999,-5.2));
#7047 = DIRECTION('',(0.,0.,1.));
#7048 = DIRECTION('',(-1.,0.,0.));
#7049 = ADVANCED_FACE('',(#7050),#7056,.T.);
#7050 = FACE_BOUND('',#7051,.T.);
#7051 = EDGE_LOOP('',(#7052,#7053,#7054,#7055));
#7052 = ORIENTED_EDGE('',*,*,#3344,.T.);
#7053 = ORIENTED_EDGE('',*,*,#7036,.T.);
#7054 = ORIENTED_EDGE('',*,*,#1230,.F.);
#7055 = ORIENTED_EDGE('',*,*,#6947,.F.);
#7056 = PLANE('',#7057);
#7057 = AXIS2_PLACEMENT_3D('',#7058,#7059,#7060);
#7058 = CARTESIAN_POINT('',(-32.09999999999,14.099999999999,-5.2));
#7059 = DIRECTION('',(1.,-1.665334536938E-15,0.));
#7060 = DIRECTION('',(1.665334536938E-15,1.,0.));
#7061 = ADVANCED_FACE('',(#7062),#7073,.F.);
#7062 = FACE_BOUND('',#7063,.F.);
#7063 = EDGE_LOOP('',(#7064,#7070,#7071,#7072));
#7064 = ORIENTED_EDGE('',*,*,#7065,.T.);
#7065 = EDGE_CURVE('',#1194,#3177,#7066,.T.);
#7066 = LINE('',#7067,#7068);
#7067 = CARTESIAN_POINT('',(-33.84999999999,-32.09999999999,-5.2));
#7068 = VECTOR('',#7069,1.);
#7069 = DIRECTION('',(0.,0.,-1.));
#7070 = ORIENTED_EDGE('',*,*,#3176,.F.);
#7071 = ORIENTED_EDGE('',*,*,#7065,.F.);
#7072 = ORIENTED_EDGE('',*,*,#1193,.T.);
#7073 = CYLINDRICAL_SURFACE('',#7074,1.75);
#7074 = AXIS2_PLACEMENT_3D('',#7075,#7076,#7077);
#7075 = CARTESIAN_POINT('',(-32.09999999999,-32.09999999999,-5.2));
#7076 = DIRECTION('',(0.,0.,1.));
#7077 = DIRECTION('',(1.,0.,-0.));
#7078 = ( GEOMETRIC_REPRESENTATION_CONTEXT(3) 
GLOBAL_UNCERTAINTY_ASSIGNED_CONTEXT((#7082)) 
GLOBAL_UNIT_ASSIGNED_CONTEXT((#7079,#7080,#7081)) REPRESENTATION_CONTEXT
('Context #1','3D Context with UNIT and UNCERTAINTY') );
#7079 = ( LENGTH_UNIT() NAMED_UNIT(*) SI_UNIT(.MILLI.,.METRE.) );
#7080 = ( NAMED_UNIT(*) PLANE_ANGLE_UNIT() SI_UNIT($,.RADIAN.) );
#7081 = ( NAMED_UNIT(*) SI_UNIT($,.STERADIAN.) SOLID_ANGLE_UNIT() );
#7082 = UNCERTAINTY_MEASURE_WITH_UNIT(LENGTH_MEASURE(2.E-04),#7079,
  'distance_accuracy_value','confusion accuracy');
#7083 = PRODUCT_RELATED_PRODUCT_CATEGORY('part',$,(#7));
#7084 = MECHANICAL_DESIGN_GEOMETRIC_PRESENTATION_REPRESENTATION('',(
    #7085),#7078);
#7085 = STYLED_ITEM('color',(#7086),#15);
#7086 = PRESENTATION_STYLE_ASSIGNMENT((#7087,#7093));
#7087 = SURFACE_STYLE_USAGE(.BOTH.,#7088);
#7088 = SURFACE_SIDE_STYLE('',(#7089));
#7089 = SURFACE_STYLE_FILL_AREA(#7090);
#7090 = FILL_AREA_STYLE('',(#7091));
#7091 = FILL_AREA_STYLE_COLOUR('',#7092);
#7092 = COLOUR_RGB('',0.28235292142,0.28235292142,0.28235292142);
#7093 = CURVE_STYLE('',#7094,POSITIVE_LENGTH_MEASURE(0.1),#7095);
#7094 = DRAUGHTING_PRE_DEFINED_CURVE_FONT('continuous');
#7095 = COLOUR_RGB('',9.803921802644E-02,9.803921802644E-02,
  9.803921802644E-02);
ENDSEC;
END-ISO-10303-21;
