ISO-10303-21;
HEADER;
FILE_DESCRIPTION(('FreeCAD Model'),'2;1');
FILE_NAME('Open CASCADE Shape Model','2025-03-24T22:16:03',(''),(''),
  'Open CASCADE STEP processor 7.8','FreeCAD','Unknown');
FILE_SCHEMA(('AUTOMOTIVE_DESIGN { 1 0 10303 214 1 1 1 1 }'));
ENDSEC;
DATA;
#1 = APPLICATION_PROTOCOL_DEFINITION('international standard',
  'automotive_design',2000,#2);
#2 = APPLICATION_CONTEXT(
  'core data for automotive mechanical design processes');
#3 = SHAPE_DEFINITION_REPRESENTATION(#4,#10);
#4 = PRODUCT_DEFINITION_SHAPE('','',#5);
#5 = PRODUCT_DEFINITION('design','',#6,#9);
#6 = PRODUCT_DEFINITION_FORMATION('','',#7);
#7 = PRODUCT('Enclosure','Enclosure','',(#8));
#8 = PRODUCT_CONTEXT('',#2,'mechanical');
#9 = PRODUCT_DEFINITION_CONTEXT('part definition',#2,'design');
#10 = ADVANCED_BREP_SHAPE_REPRESENTATION('',(#11,#15),#3014);
#11 = AXIS2_PLACEMENT_3D('',#12,#13,#14);
#12 = CARTESIAN_POINT('',(0.,0.,0.));
#13 = DIRECTION('',(0.,0.,1.));
#14 = DIRECTION('',(1.,0.,-0.));
#15 = MANIFOLD_SOLID_BREP('',#16);
#16 = CLOSED_SHELL('',(#17,#57,#486,#517,#541,#565,#582,#685,#716,#740,
    #764,#781,#805,#829,#846,#913,#944,#968,#992,#1009,#1040,#1071,#1088
    ,#1105,#1129,#1153,#1178,#1202,#1226,#1255,#1280,#1362,#1393,#1410,
    #1435,#1459,#1476,#1498,#1529,#1553,#1578,#1602,#1619,#1648,#1673,
    #1704,#1728,#1753,#1777,#1794,#1823,#1839,#1855,#1867,#1883,#1901,
    #1911,#1953,#1984,#2017,#2120,#2144,#2168,#2215,#2247,#2271,#2296,
    #2320,#2352,#2369,#2394,#2411,#2443,#2468,#2493,#2518,#2543,#2568,
    #2593,#2611,#2629,#2662,#2674,#2716,#2757,#2830,#2855,#2879,#2904,
    #2928,#2953,#2970,#2995));
#17 = ADVANCED_FACE('',(#18),#52,.F.);
#18 = FACE_BOUND('',#19,.T.);
#19 = EDGE_LOOP('',(#20,#30,#38,#46));
#20 = ORIENTED_EDGE('',*,*,#21,.F.);
#21 = EDGE_CURVE('',#22,#24,#26,.T.);
#22 = VERTEX_POINT('',#23);
#23 = CARTESIAN_POINT('',(-3.999999999999,-39.2,3.5));
#24 = VERTEX_POINT('',#25);
#25 = CARTESIAN_POINT('',(-3.999999999999,-40.7,3.5));
#26 = LINE('',#27,#28);
#27 = CARTESIAN_POINT('',(-3.999999999999,-20.35,3.5));
#28 = VECTOR('',#29,1.);
#29 = DIRECTION('',(0.,-1.,0.));
#30 = ORIENTED_EDGE('',*,*,#31,.F.);
#31 = EDGE_CURVE('',#32,#22,#34,.T.);
#32 = VERTEX_POINT('',#33);
#33 = CARTESIAN_POINT('',(-3.999999999999,-39.2,0.));
#34 = LINE('',#35,#36);
#35 = CARTESIAN_POINT('',(-3.999999999999,-39.2,0.));
#36 = VECTOR('',#37,1.);
#37 = DIRECTION('',(0.,0.,1.));
#38 = ORIENTED_EDGE('',*,*,#39,.T.);
#39 = EDGE_CURVE('',#32,#40,#42,.T.);
#40 = VERTEX_POINT('',#41);
#41 = CARTESIAN_POINT('',(-3.999999999999,-40.7,0.));
#42 = LINE('',#43,#44);
#43 = CARTESIAN_POINT('',(-3.999999999999,-39.2,0.));
#44 = VECTOR('',#45,1.);
#45 = DIRECTION('',(0.,-1.,0.));
#46 = ORIENTED_EDGE('',*,*,#47,.F.);
#47 = EDGE_CURVE('',#24,#40,#48,.T.);
#48 = LINE('',#49,#50);
#49 = CARTESIAN_POINT('',(-3.999999999999,-40.7,0.));
#50 = VECTOR('',#51,1.);
#51 = DIRECTION('',(0.,0.,-1.));
#52 = PLANE('',#53);
#53 = AXIS2_PLACEMENT_3D('',#54,#55,#56);
#54 = CARTESIAN_POINT('',(-3.999999999999,-40.7,0.));
#55 = DIRECTION('',(1.,0.,0.));
#56 = DIRECTION('',(-0.,1.,0.));
#57 = ADVANCED_FACE('',(#58,#407),#481,.F.);
#58 = FACE_BOUND('',#59,.T.);
#59 = EDGE_LOOP('',(#60,#68,#69,#77,#85,#93,#102,#110,#118,#126,#134,
    #142,#150,#158,#166,#174,#183,#191,#199,#207,#215,#223,#231,#239,
    #247,#255,#263,#271,#279,#287,#296,#304,#312,#320,#328,#336,#344,
    #352,#360,#368,#377,#385,#393,#401));
#60 = ORIENTED_EDGE('',*,*,#61,.T.);
#61 = EDGE_CURVE('',#62,#22,#64,.T.);
#62 = VERTEX_POINT('',#63);
#63 = CARTESIAN_POINT('',(3.999999999999,-39.2,3.5));
#64 = LINE('',#65,#66);
#65 = CARTESIAN_POINT('',(-2.,-39.2,3.5));
#66 = VECTOR('',#67,1.);
#67 = DIRECTION('',(-1.,-2.960594732334E-16,0.));
#68 = ORIENTED_EDGE('',*,*,#21,.T.);
#69 = ORIENTED_EDGE('',*,*,#70,.T.);
#70 = EDGE_CURVE('',#24,#71,#73,.T.);
#71 = VERTEX_POINT('',#72);
#72 = CARTESIAN_POINT('',(-32.69999999999,-40.69999999999,3.5));
#73 = LINE('',#74,#75);
#74 = CARTESIAN_POINT('',(-21.25,-40.7,3.5));
#75 = VECTOR('',#76,1.);
#76 = DIRECTION('',(-1.,2.089831575765E-16,0.));
#77 = ORIENTED_EDGE('',*,*,#78,.T.);
#78 = EDGE_CURVE('',#71,#79,#81,.T.);
#79 = VERTEX_POINT('',#80);
#80 = CARTESIAN_POINT('',(-32.69999999999,-39.19999999999,3.5));
#81 = LINE('',#82,#83);
#82 = CARTESIAN_POINT('',(-32.69999999999,-20.35,3.5));
#83 = VECTOR('',#84,1.);
#84 = DIRECTION('',(1.224646799147E-16,1.,0.));
#85 = ORIENTED_EDGE('',*,*,#86,.T.);
#86 = EDGE_CURVE('',#79,#87,#89,.T.);
#87 = VERTEX_POINT('',#88);
#88 = CARTESIAN_POINT('',(-37.49999999999,-39.19999999999,3.5));
#89 = LINE('',#90,#91);
#90 = CARTESIAN_POINT('',(-16.35,-39.19999999999,3.5));
#91 = VECTOR('',#92,1.);
#92 = DIRECTION('',(-1.,6.456920258353E-16,0.));
#93 = ORIENTED_EDGE('',*,*,#94,.T.);
#94 = EDGE_CURVE('',#87,#95,#97,.T.);
#95 = VERTEX_POINT('',#96);
#96 = CARTESIAN_POINT('',(-39.19999999999,-37.49999999999,3.5));
#97 = CIRCLE('',#98,1.7);
#98 = AXIS2_PLACEMENT_3D('',#99,#100,#101);
#99 = CARTESIAN_POINT('',(-37.49999999999,-37.49999999999,3.5));
#100 = DIRECTION('',(0.,0.,-1.));
#101 = DIRECTION('',(-1.,-5.102114259498E-15,-0.));
#102 = ORIENTED_EDGE('',*,*,#103,.T.);
#103 = EDGE_CURVE('',#95,#104,#106,.T.);
#104 = VERTEX_POINT('',#105);
#105 = CARTESIAN_POINT('',(-39.19999999999,-32.69999999999,3.5));
#106 = LINE('',#107,#108);
#107 = CARTESIAN_POINT('',(-39.19999999999,-18.75,3.5));
#108 = VECTOR('',#109,1.);
#109 = DIRECTION('',(1.224646799147E-16,1.,0.));
#110 = ORIENTED_EDGE('',*,*,#111,.T.);
#111 = EDGE_CURVE('',#104,#112,#114,.T.);
#112 = VERTEX_POINT('',#113);
#113 = CARTESIAN_POINT('',(-40.69999999999,-32.69999999999,3.5));
#114 = LINE('',#115,#116);
#115 = CARTESIAN_POINT('',(-19.6,-32.69999999999,3.5));
#116 = VECTOR('',#117,1.);
#117 = DIRECTION('',(-1.,1.224646799147E-16,0.));
#118 = ORIENTED_EDGE('',*,*,#119,.T.);
#119 = EDGE_CURVE('',#112,#120,#122,.T.);
#120 = VERTEX_POINT('',#121);
#121 = CARTESIAN_POINT('',(-40.69999999999,-5.000000000001,3.5));
#122 = LINE('',#123,#124);
#123 = CARTESIAN_POINT('',(-40.7,21.249999999999,3.5));
#124 = VECTOR('',#125,1.);
#125 = DIRECTION('',(2.089831575765E-16,1.,0.));
#126 = ORIENTED_EDGE('',*,*,#127,.T.);
#127 = EDGE_CURVE('',#120,#128,#130,.T.);
#128 = VERTEX_POINT('',#129);
#129 = CARTESIAN_POINT('',(-39.19999999999,-5.000000000001,3.5));
#130 = LINE('',#131,#132);
#131 = CARTESIAN_POINT('',(-19.6,-5.000000000001,3.5));
#132 = VECTOR('',#133,1.);
#133 = DIRECTION('',(1.,0.,0.));
#134 = ORIENTED_EDGE('',*,*,#135,.T.);
#135 = EDGE_CURVE('',#128,#136,#138,.T.);
#136 = VERTEX_POINT('',#137);
#137 = CARTESIAN_POINT('',(-39.19999999999,4.999999999999,3.5));
#138 = LINE('',#139,#140);
#139 = CARTESIAN_POINT('',(-39.19999999999,2.499999999999,3.5));
#140 = VECTOR('',#141,1.);
#141 = DIRECTION('',(0.,1.,0.));
#142 = ORIENTED_EDGE('',*,*,#143,.T.);
#143 = EDGE_CURVE('',#136,#144,#146,.T.);
#144 = VERTEX_POINT('',#145);
#145 = CARTESIAN_POINT('',(-40.69999999999,4.999999999999,3.5));
#146 = LINE('',#147,#148);
#147 = CARTESIAN_POINT('',(-20.35,4.999999999999,3.5));
#148 = VECTOR('',#149,1.);
#149 = DIRECTION('',(-1.,0.,0.));
#150 = ORIENTED_EDGE('',*,*,#151,.T.);
#151 = EDGE_CURVE('',#144,#152,#154,.T.);
#152 = VERTEX_POINT('',#153);
#153 = CARTESIAN_POINT('',(-40.69999999999,32.699999999998,3.5));
#154 = LINE('',#155,#156);
#155 = CARTESIAN_POINT('',(-40.7,21.249999999999,3.5));
#156 = VECTOR('',#157,1.);
#157 = DIRECTION('',(2.089831575765E-16,1.,0.));
#158 = ORIENTED_EDGE('',*,*,#159,.T.);
#159 = EDGE_CURVE('',#152,#160,#162,.T.);
#160 = VERTEX_POINT('',#161);
#161 = CARTESIAN_POINT('',(-39.19999999999,32.699999999998,3.5));
#162 = LINE('',#163,#164);
#163 = CARTESIAN_POINT('',(-20.35,32.699999999998,3.5));
#164 = VECTOR('',#165,1.);
#165 = DIRECTION('',(1.,-6.123233995737E-17,0.));
#166 = ORIENTED_EDGE('',*,*,#167,.T.);
#167 = EDGE_CURVE('',#160,#168,#170,.T.);
#168 = VERTEX_POINT('',#169);
#169 = CARTESIAN_POINT('',(-39.19999999999,37.499999999999,3.5));
#170 = LINE('',#171,#172);
#171 = CARTESIAN_POINT('',(-39.19999999999,16.349999999999,3.5));
#172 = VECTOR('',#173,1.);
#173 = DIRECTION('',(5.844596858779E-16,1.,0.));
#174 = ORIENTED_EDGE('',*,*,#175,.T.);
#175 = EDGE_CURVE('',#168,#176,#178,.T.);
#176 = VERTEX_POINT('',#177);
#177 = CARTESIAN_POINT('',(-37.49999999999,39.199999999998,3.5));
#178 = CIRCLE('',#179,1.7);
#179 = AXIS2_PLACEMENT_3D('',#180,#181,#182);
#180 = CARTESIAN_POINT('',(-37.49999999999,37.499999999999,3.5));
#181 = DIRECTION('',(0.,0.,-1.));
#182 = DIRECTION('',(-5.163346599455E-15,1.,0.));
#183 = ORIENTED_EDGE('',*,*,#184,.T.);
#184 = EDGE_CURVE('',#176,#185,#187,.T.);
#185 = VERTEX_POINT('',#186);
#186 = CARTESIAN_POINT('',(-32.69999999999,39.199999999998,3.5));
#187 = LINE('',#188,#189);
#188 = CARTESIAN_POINT('',(-18.75,39.199999999998,3.5));
#189 = VECTOR('',#190,1.);
#190 = DIRECTION('',(1.,-6.123233995737E-17,0.));
#191 = ORIENTED_EDGE('',*,*,#192,.T.);
#192 = EDGE_CURVE('',#185,#193,#195,.T.);
#193 = VERTEX_POINT('',#194);
#194 = CARTESIAN_POINT('',(-32.69999999999,40.699999999998,3.5));
#195 = LINE('',#196,#197);
#196 = CARTESIAN_POINT('',(-32.69999999999,19.599999999999,3.5));
#197 = VECTOR('',#198,1.);
#198 = DIRECTION('',(6.123233995737E-17,1.,0.));
#199 = ORIENTED_EDGE('',*,*,#200,.T.);
#200 = EDGE_CURVE('',#193,#201,#203,.T.);
#201 = VERTEX_POINT('',#202);
#202 = CARTESIAN_POINT('',(-13.05,40.699999999999,3.5));
#203 = LINE('',#204,#205);
#204 = CARTESIAN_POINT('',(21.249999999999,40.699999999999,3.5));
#205 = VECTOR('',#206,1.);
#206 = DIRECTION('',(1.,-3.134747363648E-16,0.));
#207 = ORIENTED_EDGE('',*,*,#208,.T.);
#208 = EDGE_CURVE('',#201,#209,#211,.T.);
#209 = VERTEX_POINT('',#210);
#210 = CARTESIAN_POINT('',(-13.05,39.199999999999,3.5));
#211 = LINE('',#212,#213);
#212 = CARTESIAN_POINT('',(-13.05,19.599999999999,3.5));
#213 = VECTOR('',#214,1.);
#214 = DIRECTION('',(0.,-1.,0.));
#215 = ORIENTED_EDGE('',*,*,#216,.T.);
#216 = EDGE_CURVE('',#209,#217,#219,.T.);
#217 = VERTEX_POINT('',#218);
#218 = CARTESIAN_POINT('',(-8.05,39.199999999999,3.5));
#219 = LINE('',#220,#221);
#220 = CARTESIAN_POINT('',(-4.025000000001,39.199999999999,3.5));
#221 = VECTOR('',#222,1.);
#222 = DIRECTION('',(1.,5.232273459206E-16,0.));
#223 = ORIENTED_EDGE('',*,*,#224,.T.);
#224 = EDGE_CURVE('',#217,#225,#227,.T.);
#225 = VERTEX_POINT('',#226);
#226 = CARTESIAN_POINT('',(-8.05,40.699999999999,3.5));
#227 = LINE('',#228,#229);
#228 = CARTESIAN_POINT('',(-8.05,20.349999999999,3.5));
#229 = VECTOR('',#230,1.);
#230 = DIRECTION('',(-7.401486830834E-16,1.,0.));
#231 = ORIENTED_EDGE('',*,*,#232,.T.);
#232 = EDGE_CURVE('',#225,#233,#235,.T.);
#233 = VERTEX_POINT('',#234);
#234 = CARTESIAN_POINT('',(8.05,40.699999999999,3.5));
#235 = LINE('',#236,#237);
#236 = CARTESIAN_POINT('',(21.249999999999,40.699999999999,3.5));
#237 = VECTOR('',#238,1.);
#238 = DIRECTION('',(1.,-3.134747363648E-16,0.));
#239 = ORIENTED_EDGE('',*,*,#240,.T.);
#240 = EDGE_CURVE('',#233,#241,#243,.T.);
#241 = VERTEX_POINT('',#242);
#242 = CARTESIAN_POINT('',(8.05,39.199999999999,3.5));
#243 = LINE('',#244,#245);
#244 = CARTESIAN_POINT('',(8.05,20.349999999999,3.5));
#245 = VECTOR('',#246,1.);
#246 = DIRECTION('',(-7.401486830834E-16,-1.,0.));
#247 = ORIENTED_EDGE('',*,*,#248,.T.);
#248 = EDGE_CURVE('',#241,#249,#251,.T.);
#249 = VERTEX_POINT('',#250);
#250 = CARTESIAN_POINT('',(13.05,39.199999999999,3.5));
#251 = LINE('',#252,#253);
#252 = CARTESIAN_POINT('',(4.024999999999,39.199999999999,3.5));
#253 = VECTOR('',#254,1.);
#254 = DIRECTION('',(1.,-5.232273459206E-16,0.));
#255 = ORIENTED_EDGE('',*,*,#256,.T.);
#256 = EDGE_CURVE('',#249,#257,#259,.T.);
#257 = VERTEX_POINT('',#258);
#258 = CARTESIAN_POINT('',(13.05,40.699999999999,3.5));
#259 = LINE('',#260,#261);
#260 = CARTESIAN_POINT('',(13.05,19.599999999999,3.5));
#261 = VECTOR('',#262,1.);
#262 = DIRECTION('',(0.,1.,0.));
#263 = ORIENTED_EDGE('',*,*,#264,.T.);
#264 = EDGE_CURVE('',#257,#265,#267,.T.);
#265 = VERTEX_POINT('',#266);
#266 = CARTESIAN_POINT('',(32.699999999998,40.699999999999,3.5));
#267 = LINE('',#268,#269);
#268 = CARTESIAN_POINT('',(21.249999999999,40.699999999999,3.5));
#269 = VECTOR('',#270,1.);
#270 = DIRECTION('',(1.,-3.134747363648E-16,0.));
#271 = ORIENTED_EDGE('',*,*,#272,.T.);
#272 = EDGE_CURVE('',#265,#273,#275,.T.);
#273 = VERTEX_POINT('',#274);
#274 = CARTESIAN_POINT('',(32.699999999998,39.199999999999,3.5));
#275 = LINE('',#276,#277);
#276 = CARTESIAN_POINT('',(32.699999999998,20.349999999999,3.5));
#277 = VECTOR('',#278,1.);
#278 = DIRECTION('',(0.,-1.,0.));
#279 = ORIENTED_EDGE('',*,*,#280,.T.);
#280 = EDGE_CURVE('',#273,#281,#283,.T.);
#281 = VERTEX_POINT('',#282);
#282 = CARTESIAN_POINT('',(37.499999999999,39.199999999999,3.5));
#283 = LINE('',#284,#285);
#284 = CARTESIAN_POINT('',(16.349999999998,39.199999999999,3.5));
#285 = VECTOR('',#286,1.);
#286 = DIRECTION('',(1.,-5.232273459206E-16,0.));
#287 = ORIENTED_EDGE('',*,*,#288,.T.);
#288 = EDGE_CURVE('',#281,#289,#291,.T.);
#289 = VERTEX_POINT('',#290);
#290 = CARTESIAN_POINT('',(39.199999999998,37.499999999999,3.5));
#291 = CIRCLE('',#292,1.7);
#292 = AXIS2_PLACEMENT_3D('',#293,#294,#295);
#293 = CARTESIAN_POINT('',(37.499999999999,37.499999999999,3.5));
#294 = DIRECTION('',(0.,0.,-1.));
#295 = DIRECTION('',(1.,5.224578939412E-15,0.));
#296 = ORIENTED_EDGE('',*,*,#297,.T.);
#297 = EDGE_CURVE('',#289,#298,#300,.T.);
#298 = VERTEX_POINT('',#299);
#299 = CARTESIAN_POINT('',(39.199999999998,32.699999999999,3.5));
#300 = LINE('',#301,#302);
#301 = CARTESIAN_POINT('',(39.199999999998,18.749999999999,3.5));
#302 = VECTOR('',#303,1.);
#303 = DIRECTION('',(0.,-1.,0.));
#304 = ORIENTED_EDGE('',*,*,#305,.T.);
#305 = EDGE_CURVE('',#298,#306,#308,.T.);
#306 = VERTEX_POINT('',#307);
#307 = CARTESIAN_POINT('',(40.699999999998,32.699999999999,3.5));
#308 = LINE('',#309,#310);
#309 = CARTESIAN_POINT('',(19.599999999998,32.699999999999,3.5));
#310 = VECTOR('',#311,1.);
#311 = DIRECTION('',(1.,0.,0.));
#312 = ORIENTED_EDGE('',*,*,#313,.T.);
#313 = EDGE_CURVE('',#306,#314,#316,.T.);
#314 = VERTEX_POINT('',#315);
#315 = CARTESIAN_POINT('',(40.699999999998,4.999999999999,3.5));
#316 = LINE('',#317,#318);
#317 = CARTESIAN_POINT('',(40.699999999998,-21.25,3.5));
#318 = VECTOR('',#319,1.);
#319 = DIRECTION('',(0.,-1.,0.));
#320 = ORIENTED_EDGE('',*,*,#321,.T.);
#321 = EDGE_CURVE('',#314,#322,#324,.T.);
#322 = VERTEX_POINT('',#323);
#323 = CARTESIAN_POINT('',(39.199999999998,4.999999999999,3.5));
#324 = LINE('',#325,#326);
#325 = CARTESIAN_POINT('',(20.349999999998,4.999999999999,3.5));
#326 = VECTOR('',#327,1.);
#327 = DIRECTION('',(-1.,0.,0.));
#328 = ORIENTED_EDGE('',*,*,#329,.T.);
#329 = EDGE_CURVE('',#322,#330,#332,.T.);
#330 = VERTEX_POINT('',#331);
#331 = CARTESIAN_POINT('',(39.199999999998,-5.000000000001,3.5));
#332 = LINE('',#333,#334);
#333 = CARTESIAN_POINT('',(39.199999999998,2.499999999999,3.5));
#334 = VECTOR('',#335,1.);
#335 = DIRECTION('',(0.,-1.,0.));
#336 = ORIENTED_EDGE('',*,*,#337,.T.);
#337 = EDGE_CURVE('',#330,#338,#340,.T.);
#338 = VERTEX_POINT('',#339);
#339 = CARTESIAN_POINT('',(40.699999999998,-5.000000000001,3.5));
#340 = LINE('',#341,#342);
#341 = CARTESIAN_POINT('',(19.599999999998,-5.000000000001,3.5));
#342 = VECTOR('',#343,1.);
#343 = DIRECTION('',(1.,0.,0.));
#344 = ORIENTED_EDGE('',*,*,#345,.T.);
#345 = EDGE_CURVE('',#338,#346,#348,.T.);
#346 = VERTEX_POINT('',#347);
#347 = CARTESIAN_POINT('',(40.699999999999,-32.69999999999,3.5));
#348 = LINE('',#349,#350);
#349 = CARTESIAN_POINT('',(40.699999999998,-21.25,3.5));
#350 = VECTOR('',#351,1.);
#351 = DIRECTION('',(0.,-1.,0.));
#352 = ORIENTED_EDGE('',*,*,#353,.T.);
#353 = EDGE_CURVE('',#346,#354,#356,.T.);
#354 = VERTEX_POINT('',#355);
#355 = CARTESIAN_POINT('',(39.199999999999,-32.69999999999,3.5));
#356 = LINE('',#357,#358);
#357 = CARTESIAN_POINT('',(20.349999999999,-32.69999999999,3.5));
#358 = VECTOR('',#359,1.);
#359 = DIRECTION('',(-1.,1.836970198721E-16,0.));
#360 = ORIENTED_EDGE('',*,*,#361,.T.);
#361 = EDGE_CURVE('',#354,#362,#364,.T.);
#362 = VERTEX_POINT('',#363);
#363 = CARTESIAN_POINT('',(39.199999999999,-37.49999999999,3.5));
#364 = LINE('',#365,#366);
#365 = CARTESIAN_POINT('',(39.199999999999,-16.35,3.5));
#366 = VECTOR('',#367,1.);
#367 = DIRECTION('',(-7.069243657927E-16,-1.,0.));
#368 = ORIENTED_EDGE('',*,*,#369,.T.);
#369 = EDGE_CURVE('',#362,#370,#372,.T.);
#370 = VERTEX_POINT('',#371);
#371 = CARTESIAN_POINT('',(37.499999999999,-39.19999999999,3.5));
#372 = CIRCLE('',#373,1.7);
#373 = AXIS2_PLACEMENT_3D('',#374,#375,#376);
#374 = CARTESIAN_POINT('',(37.499999999999,-37.49999999999,3.5));
#375 = DIRECTION('',(0.,0.,-1.));
#376 = DIRECTION('',(5.04088191954E-15,-1.,0.));
#377 = ORIENTED_EDGE('',*,*,#378,.T.);
#378 = EDGE_CURVE('',#370,#379,#381,.T.);
#379 = VERTEX_POINT('',#380);
#380 = CARTESIAN_POINT('',(32.699999999999,-39.19999999999,3.5));
#381 = LINE('',#382,#383);
#382 = CARTESIAN_POINT('',(18.749999999999,-39.19999999999,3.5));
#383 = VECTOR('',#384,1.);
#384 = DIRECTION('',(-1.,1.836970198721E-16,0.));
#385 = ORIENTED_EDGE('',*,*,#386,.T.);
#386 = EDGE_CURVE('',#379,#387,#389,.T.);
#387 = VERTEX_POINT('',#388);
#388 = CARTESIAN_POINT('',(32.699999999999,-40.69999999999,3.5));
#389 = LINE('',#390,#391);
#390 = CARTESIAN_POINT('',(32.699999999999,-19.6,3.5));
#391 = VECTOR('',#392,1.);
#392 = DIRECTION('',(-1.836970198721E-16,-1.,0.));
#393 = ORIENTED_EDGE('',*,*,#394,.T.);
#394 = EDGE_CURVE('',#387,#395,#397,.T.);
#395 = VERTEX_POINT('',#396);
#396 = CARTESIAN_POINT('',(3.999999999999,-40.7,3.5));
#397 = LINE('',#398,#399);
#398 = CARTESIAN_POINT('',(-21.25,-40.7,3.5));
#399 = VECTOR('',#400,1.);
#400 = DIRECTION('',(-1.,2.089831575765E-16,0.));
#401 = ORIENTED_EDGE('',*,*,#402,.T.);
#402 = EDGE_CURVE('',#395,#62,#403,.T.);
#403 = LINE('',#404,#405);
#404 = CARTESIAN_POINT('',(3.999999999999,-20.35,3.5));
#405 = VECTOR('',#406,1.);
#406 = DIRECTION('',(0.,1.,0.));
#407 = FACE_BOUND('',#408,.T.);
#408 = EDGE_LOOP('',(#409,#420,#429,#438,#447,#456,#465,#474));
#409 = ORIENTED_EDGE('',*,*,#410,.T.);
#410 = EDGE_CURVE('',#411,#413,#415,.T.);
#411 = VERTEX_POINT('',#412);
#412 = CARTESIAN_POINT('',(1.567092708028,-28.75733333333,3.5));
#413 = VERTEX_POINT('',#414);
#414 = CARTESIAN_POINT('',(28.757333333333,-1.567092708028,3.5));
#415 = CIRCLE('',#416,28.8);
#416 = AXIS2_PLACEMENT_3D('',#417,#418,#419);
#417 = CARTESIAN_POINT('',(0.,0.,3.5));
#418 = DIRECTION('',(0.,0.,1.));
#419 = DIRECTION('',(1.,0.,-0.));
#420 = ORIENTED_EDGE('',*,*,#421,.T.);
#421 = EDGE_CURVE('',#413,#422,#424,.T.);
#422 = VERTEX_POINT('',#423);
#423 = CARTESIAN_POINT('',(28.757333333333,1.567092708028,3.5));
#424 = CIRCLE('',#425,2.);
#425 = AXIS2_PLACEMENT_3D('',#426,#427,#428);
#426 = CARTESIAN_POINT('',(30.,0.,3.5));
#427 = DIRECTION('',(0.,0.,-1.));
#428 = DIRECTION('',(1.,0.,0.));
#429 = ORIENTED_EDGE('',*,*,#430,.T.);
#430 = EDGE_CURVE('',#422,#431,#433,.T.);
#431 = VERTEX_POINT('',#432);
#432 = CARTESIAN_POINT('',(1.567092708028,28.757333333333,3.5));
#433 = CIRCLE('',#434,28.8);
#434 = AXIS2_PLACEMENT_3D('',#435,#436,#437);
#435 = CARTESIAN_POINT('',(0.,0.,3.5));
#436 = DIRECTION('',(0.,0.,1.));
#437 = DIRECTION('',(1.,0.,-0.));
#438 = ORIENTED_EDGE('',*,*,#439,.T.);
#439 = EDGE_CURVE('',#431,#440,#442,.T.);
#440 = VERTEX_POINT('',#441);
#441 = CARTESIAN_POINT('',(-1.567092708028,28.757333333333,3.5));
#442 = CIRCLE('',#443,2.);
#443 = AXIS2_PLACEMENT_3D('',#444,#445,#446);
#444 = CARTESIAN_POINT('',(1.836970198721E-15,30.,3.5));
#445 = DIRECTION('',(0.,0.,-1.));
#446 = DIRECTION('',(6.123233995737E-17,1.,0.));
#447 = ORIENTED_EDGE('',*,*,#448,.T.);
#448 = EDGE_CURVE('',#440,#449,#451,.T.);
#449 = VERTEX_POINT('',#450);
#450 = CARTESIAN_POINT('',(-28.75733333333,1.567092708028,3.5));
#451 = CIRCLE('',#452,28.8);
#452 = AXIS2_PLACEMENT_3D('',#453,#454,#455);
#453 = CARTESIAN_POINT('',(0.,0.,3.5));
#454 = DIRECTION('',(0.,0.,1.));
#455 = DIRECTION('',(1.,0.,-0.));
#456 = ORIENTED_EDGE('',*,*,#457,.T.);
#457 = EDGE_CURVE('',#449,#458,#460,.T.);
#458 = VERTEX_POINT('',#459);
#459 = CARTESIAN_POINT('',(-28.75733333333,-1.567092708028,3.5));
#460 = CIRCLE('',#461,2.);
#461 = AXIS2_PLACEMENT_3D('',#462,#463,#464);
#462 = CARTESIAN_POINT('',(-30.,3.673940397442E-15,3.5));
#463 = DIRECTION('',(0.,0.,-1.));
#464 = DIRECTION('',(-1.,1.224646799147E-16,0.));
#465 = ORIENTED_EDGE('',*,*,#466,.T.);
#466 = EDGE_CURVE('',#458,#467,#469,.T.);
#467 = VERTEX_POINT('',#468);
#468 = CARTESIAN_POINT('',(-1.567092708028,-28.75733333333,3.5));
#469 = CIRCLE('',#470,28.8);
#470 = AXIS2_PLACEMENT_3D('',#471,#472,#473);
#471 = CARTESIAN_POINT('',(0.,0.,3.5));
#472 = DIRECTION('',(0.,0.,1.));
#473 = DIRECTION('',(1.,0.,-0.));
#474 = ORIENTED_EDGE('',*,*,#475,.T.);
#475 = EDGE_CURVE('',#467,#411,#476,.T.);
#476 = CIRCLE('',#477,2.);
#477 = AXIS2_PLACEMENT_3D('',#478,#479,#480);
#478 = CARTESIAN_POINT('',(-5.510910596163E-15,-30.,3.5));
#479 = DIRECTION('',(0.,0.,-1.));
#480 = DIRECTION('',(-1.836970198721E-16,-1.,-0.));
#481 = PLANE('',#482);
#482 = AXIS2_PLACEMENT_3D('',#483,#484,#485);
#483 = CARTESIAN_POINT('',(-1.492139745096E-12,-6.217248937901E-13,3.5)
  );
#484 = DIRECTION('',(0.,0.,1.));
#485 = DIRECTION('',(1.,0.,-0.));
#486 = ADVANCED_FACE('',(#487),#512,.F.);
#487 = FACE_BOUND('',#488,.T.);
#488 = EDGE_LOOP('',(#489,#490,#498,#506));
#489 = ORIENTED_EDGE('',*,*,#143,.F.);
#490 = ORIENTED_EDGE('',*,*,#491,.F.);
#491 = EDGE_CURVE('',#492,#136,#494,.T.);
#492 = VERTEX_POINT('',#493);
#493 = CARTESIAN_POINT('',(-39.19999999999,4.999999999999,0.));
#494 = LINE('',#495,#496);
#495 = CARTESIAN_POINT('',(-39.19999999999,4.999999999999,0.));
#496 = VECTOR('',#497,1.);
#497 = DIRECTION('',(0.,0.,1.));
#498 = ORIENTED_EDGE('',*,*,#499,.F.);
#499 = EDGE_CURVE('',#500,#492,#502,.T.);
#500 = VERTEX_POINT('',#501);
#501 = CARTESIAN_POINT('',(-40.69999999999,4.999999999999,0.));
#502 = LINE('',#503,#504);
#503 = CARTESIAN_POINT('',(-40.69999999999,4.999999999999,0.));
#504 = VECTOR('',#505,1.);
#505 = DIRECTION('',(1.,0.,0.));
#506 = ORIENTED_EDGE('',*,*,#507,.F.);
#507 = EDGE_CURVE('',#144,#500,#508,.T.);
#508 = LINE('',#509,#510);
#509 = CARTESIAN_POINT('',(-40.7,4.999999999999,0.));
#510 = VECTOR('',#511,1.);
#511 = DIRECTION('',(0.,0.,-1.));
#512 = PLANE('',#513);
#513 = AXIS2_PLACEMENT_3D('',#514,#515,#516);
#514 = CARTESIAN_POINT('',(-40.69999999999,4.999999999999,0.));
#515 = DIRECTION('',(0.,-1.,0.));
#516 = DIRECTION('',(1.,0.,0.));
#517 = ADVANCED_FACE('',(#518),#536,.F.);
#518 = FACE_BOUND('',#519,.T.);
#519 = EDGE_LOOP('',(#520,#521,#529,#535));
#520 = ORIENTED_EDGE('',*,*,#135,.F.);
#521 = ORIENTED_EDGE('',*,*,#522,.F.);
#522 = EDGE_CURVE('',#523,#128,#525,.T.);
#523 = VERTEX_POINT('',#524);
#524 = CARTESIAN_POINT('',(-39.19999999999,-5.000000000001,0.));
#525 = LINE('',#526,#527);
#526 = CARTESIAN_POINT('',(-39.19999999999,-5.000000000001,0.));
#527 = VECTOR('',#528,1.);
#528 = DIRECTION('',(0.,0.,1.));
#529 = ORIENTED_EDGE('',*,*,#530,.F.);
#530 = EDGE_CURVE('',#492,#523,#531,.T.);
#531 = LINE('',#532,#533);
#532 = CARTESIAN_POINT('',(-39.19999999999,37.499999999999,0.));
#533 = VECTOR('',#534,1.);
#534 = DIRECTION('',(0.,-1.,0.));
#535 = ORIENTED_EDGE('',*,*,#491,.T.);
#536 = PLANE('',#537);
#537 = AXIS2_PLACEMENT_3D('',#538,#539,#540);
#538 = CARTESIAN_POINT('',(-39.19999999999,4.999999999999,0.));
#539 = DIRECTION('',(-1.,0.,0.));
#540 = DIRECTION('',(0.,-1.,0.));
#541 = ADVANCED_FACE('',(#542),#560,.F.);
#542 = FACE_BOUND('',#543,.T.);
#543 = EDGE_LOOP('',(#544,#545,#553,#559));
#544 = ORIENTED_EDGE('',*,*,#127,.F.);
#545 = ORIENTED_EDGE('',*,*,#546,.F.);
#546 = EDGE_CURVE('',#547,#120,#549,.T.);
#547 = VERTEX_POINT('',#548);
#548 = CARTESIAN_POINT('',(-40.69999999999,-5.000000000001,0.));
#549 = LINE('',#550,#551);
#550 = CARTESIAN_POINT('',(-40.7,-5.000000000001,0.));
#551 = VECTOR('',#552,1.);
#552 = DIRECTION('',(0.,0.,1.));
#553 = ORIENTED_EDGE('',*,*,#554,.T.);
#554 = EDGE_CURVE('',#547,#523,#555,.T.);
#555 = LINE('',#556,#557);
#556 = CARTESIAN_POINT('',(-40.69999999999,-5.000000000001,0.));
#557 = VECTOR('',#558,1.);
#558 = DIRECTION('',(1.,0.,0.));
#559 = ORIENTED_EDGE('',*,*,#522,.T.);
#560 = PLANE('',#561);
#561 = AXIS2_PLACEMENT_3D('',#562,#563,#564);
#562 = CARTESIAN_POINT('',(-39.19999999999,-5.000000000001,0.));
#563 = DIRECTION('',(0.,1.,0.));
#564 = DIRECTION('',(-1.,0.,0.));
#565 = ADVANCED_FACE('',(#566),#577,.T.);
#566 = FACE_BOUND('',#567,.T.);
#567 = EDGE_LOOP('',(#568,#574,#575,#576));
#568 = ORIENTED_EDGE('',*,*,#569,.F.);
#569 = EDGE_CURVE('',#500,#547,#570,.T.);
#570 = LINE('',#571,#572);
#571 = CARTESIAN_POINT('',(-40.7,21.249999999999,0.));
#572 = VECTOR('',#573,1.);
#573 = DIRECTION('',(-2.089831575765E-16,-1.,0.));
#574 = ORIENTED_EDGE('',*,*,#499,.T.);
#575 = ORIENTED_EDGE('',*,*,#530,.T.);
#576 = ORIENTED_EDGE('',*,*,#554,.F.);
#577 = PLANE('',#578);
#578 = AXIS2_PLACEMENT_3D('',#579,#580,#581);
#579 = CARTESIAN_POINT('',(-39.94999999999,-6.394884621841E-13,0.));
#580 = DIRECTION('',(0.,0.,-1.));
#581 = DIRECTION('',(-1.,0.,0.));
#582 = ADVANCED_FACE('',(#583,#644),#680,.F.);
#583 = FACE_BOUND('',#584,.T.);
#584 = EDGE_LOOP('',(#585,#586,#587,#588,#589,#597,#605,#613,#621,#629,
    #637,#643));
#585 = ORIENTED_EDGE('',*,*,#507,.T.);
#586 = ORIENTED_EDGE('',*,*,#569,.T.);
#587 = ORIENTED_EDGE('',*,*,#546,.T.);
#588 = ORIENTED_EDGE('',*,*,#119,.F.);
#589 = ORIENTED_EDGE('',*,*,#590,.T.);
#590 = EDGE_CURVE('',#112,#591,#593,.T.);
#591 = VERTEX_POINT('',#592);
#592 = CARTESIAN_POINT('',(-40.69999999999,-32.69999999999,0.));
#593 = LINE('',#594,#595);
#594 = CARTESIAN_POINT('',(-40.7,-32.69999999999,0.));
#595 = VECTOR('',#596,1.);
#596 = DIRECTION('',(0.,0.,-1.));
#597 = ORIENTED_EDGE('',*,*,#598,.T.);
#598 = EDGE_CURVE('',#591,#599,#601,.T.);
#599 = VERTEX_POINT('',#600);
#600 = CARTESIAN_POINT('',(-40.69999999999,-37.49999999999,0.));
#601 = LINE('',#602,#603);
#602 = CARTESIAN_POINT('',(-40.7,2.9,0.));
#603 = VECTOR('',#604,1.);
#604 = DIRECTION('',(-2.089831575765E-16,-1.,0.));
#605 = ORIENTED_EDGE('',*,*,#606,.T.);
#606 = EDGE_CURVE('',#599,#607,#609,.T.);
#607 = VERTEX_POINT('',#608);
#608 = CARTESIAN_POINT('',(-40.7,-37.5,-3.7));
#609 = LINE('',#610,#611);
#610 = CARTESIAN_POINT('',(-40.7,-37.5,0.));
#611 = VECTOR('',#612,1.);
#612 = DIRECTION('',(0.,0.,-1.));
#613 = ORIENTED_EDGE('',*,*,#614,.F.);
#614 = EDGE_CURVE('',#615,#607,#617,.T.);
#615 = VERTEX_POINT('',#616);
#616 = CARTESIAN_POINT('',(-40.7,37.499999999999,-3.7));
#617 = LINE('',#618,#619);
#618 = CARTESIAN_POINT('',(-40.7,21.249999999999,-3.7));
#619 = VECTOR('',#620,1.);
#620 = DIRECTION('',(-2.089831575765E-16,-1.,0.));
#621 = ORIENTED_EDGE('',*,*,#622,.T.);
#622 = EDGE_CURVE('',#615,#623,#625,.T.);
#623 = VERTEX_POINT('',#624);
#624 = CARTESIAN_POINT('',(-40.69999999999,37.499999999999,0.));
#625 = LINE('',#626,#627);
#626 = CARTESIAN_POINT('',(-40.7,37.499999999999,0.));
#627 = VECTOR('',#628,1.);
#628 = DIRECTION('',(0.,0.,1.));
#629 = ORIENTED_EDGE('',*,*,#630,.T.);
#630 = EDGE_CURVE('',#623,#631,#633,.T.);
#631 = VERTEX_POINT('',#632);
#632 = CARTESIAN_POINT('',(-40.69999999999,32.699999999998,0.));
#633 = LINE('',#634,#635);
#634 = CARTESIAN_POINT('',(-40.7,39.599999999999,0.));
#635 = VECTOR('',#636,1.);
#636 = DIRECTION('',(-2.089831575765E-16,-1.,0.));
#637 = ORIENTED_EDGE('',*,*,#638,.T.);
#638 = EDGE_CURVE('',#631,#152,#639,.T.);
#639 = LINE('',#640,#641);
#640 = CARTESIAN_POINT('',(-40.7,32.699999999998,0.));
#641 = VECTOR('',#642,1.);
#642 = DIRECTION('',(0.,0.,1.));
#643 = ORIENTED_EDGE('',*,*,#151,.F.);
#644 = FACE_BOUND('',#645,.T.);
#645 = EDGE_LOOP('',(#646,#656,#665,#673));
#646 = ORIENTED_EDGE('',*,*,#647,.T.);
#647 = EDGE_CURVE('',#648,#650,#652,.T.);
#648 = VERTEX_POINT('',#649);
#649 = CARTESIAN_POINT('',(-40.7,-4.500000000001,-1.2));
#650 = VERTEX_POINT('',#651);
#651 = CARTESIAN_POINT('',(-40.7,4.499999999999,-1.2));
#652 = LINE('',#653,#654);
#653 = CARTESIAN_POINT('',(-40.7,21.249999999999,-1.2));
#654 = VECTOR('',#655,1.);
#655 = DIRECTION('',(2.089831575765E-16,1.,0.));
#656 = ORIENTED_EDGE('',*,*,#657,.T.);
#657 = EDGE_CURVE('',#650,#658,#660,.T.);
#658 = VERTEX_POINT('',#659);
#659 = CARTESIAN_POINT('',(-40.7,4.499999999999,-2.2));
#660 = CIRCLE('',#661,0.5);
#661 = AXIS2_PLACEMENT_3D('',#662,#663,#664);
#662 = CARTESIAN_POINT('',(-40.7,4.499999999999,-1.7));
#663 = DIRECTION('',(-1.,2.089831575765E-16,0.));
#664 = DIRECTION('',(0.,0.,1.));
#665 = ORIENTED_EDGE('',*,*,#666,.T.);
#666 = EDGE_CURVE('',#658,#667,#669,.T.);
#667 = VERTEX_POINT('',#668);
#668 = CARTESIAN_POINT('',(-40.7,-4.500000000001,-2.2));
#669 = LINE('',#670,#671);
#670 = CARTESIAN_POINT('',(-40.7,21.249999999999,-2.2));
#671 = VECTOR('',#672,1.);
#672 = DIRECTION('',(-2.089831575765E-16,-1.,0.));
#673 = ORIENTED_EDGE('',*,*,#674,.T.);
#674 = EDGE_CURVE('',#667,#648,#675,.T.);
#675 = CIRCLE('',#676,0.5);
#676 = AXIS2_PLACEMENT_3D('',#677,#678,#679);
#677 = CARTESIAN_POINT('',(-40.7,-4.500000000001,-1.7));
#678 = DIRECTION('',(-1.,2.089831575765E-16,0.));
#679 = DIRECTION('',(0.,0.,1.));
#680 = PLANE('',#681);
#681 = AXIS2_PLACEMENT_3D('',#682,#683,#684);
#682 = CARTESIAN_POINT('',(-40.7,42.499999999999,0.));
#683 = DIRECTION('',(-1.,2.089831575765E-16,0.));
#684 = DIRECTION('',(-2.089831575765E-16,-1.,0.));
#685 = ADVANCED_FACE('',(#686),#711,.F.);
#686 = FACE_BOUND('',#687,.T.);
#687 = EDGE_LOOP('',(#688,#689,#697,#705));
#688 = ORIENTED_EDGE('',*,*,#208,.F.);
#689 = ORIENTED_EDGE('',*,*,#690,.F.);
#690 = EDGE_CURVE('',#691,#201,#693,.T.);
#691 = VERTEX_POINT('',#692);
#692 = CARTESIAN_POINT('',(-13.05,40.699999999999,0.));
#693 = LINE('',#694,#695);
#694 = CARTESIAN_POINT('',(-13.05,40.699999999999,0.));
#695 = VECTOR('',#696,1.);
#696 = DIRECTION('',(0.,0.,1.));
#697 = ORIENTED_EDGE('',*,*,#698,.T.);
#698 = EDGE_CURVE('',#691,#699,#701,.T.);
#699 = VERTEX_POINT('',#700);
#700 = CARTESIAN_POINT('',(-13.05,39.199999999999,0.));
#701 = LINE('',#702,#703);
#702 = CARTESIAN_POINT('',(-13.05,40.699999999999,0.));
#703 = VECTOR('',#704,1.);
#704 = DIRECTION('',(0.,-1.,0.));
#705 = ORIENTED_EDGE('',*,*,#706,.T.);
#706 = EDGE_CURVE('',#699,#209,#707,.T.);
#707 = LINE('',#708,#709);
#708 = CARTESIAN_POINT('',(-13.05,39.199999999999,0.));
#709 = VECTOR('',#710,1.);
#710 = DIRECTION('',(0.,0.,1.));
#711 = PLANE('',#712);
#712 = AXIS2_PLACEMENT_3D('',#713,#714,#715);
#713 = CARTESIAN_POINT('',(-13.05,39.199999999999,0.));
#714 = DIRECTION('',(1.,0.,0.));
#715 = DIRECTION('',(-0.,1.,0.));
#716 = ADVANCED_FACE('',(#717),#735,.F.);
#717 = FACE_BOUND('',#718,.T.);
#718 = EDGE_LOOP('',(#719,#720,#721,#729));
#719 = ORIENTED_EDGE('',*,*,#216,.F.);
#720 = ORIENTED_EDGE('',*,*,#706,.F.);
#721 = ORIENTED_EDGE('',*,*,#722,.F.);
#722 = EDGE_CURVE('',#723,#699,#725,.T.);
#723 = VERTEX_POINT('',#724);
#724 = CARTESIAN_POINT('',(-8.05,39.199999999999,0.));
#725 = LINE('',#726,#727);
#726 = CARTESIAN_POINT('',(-3.55,39.199999999999,0.));
#727 = VECTOR('',#728,1.);
#728 = DIRECTION('',(-1.,-5.232273459206E-16,0.));
#729 = ORIENTED_EDGE('',*,*,#730,.T.);
#730 = EDGE_CURVE('',#723,#217,#731,.T.);
#731 = LINE('',#732,#733);
#732 = CARTESIAN_POINT('',(-8.05,39.199999999999,0.));
#733 = VECTOR('',#734,1.);
#734 = DIRECTION('',(0.,0.,1.));
#735 = PLANE('',#736);
#736 = AXIS2_PLACEMENT_3D('',#737,#738,#739);
#737 = CARTESIAN_POINT('',(-8.05,39.199999999999,0.));
#738 = DIRECTION('',(-5.232273459206E-16,1.,0.));
#739 = DIRECTION('',(-1.,-5.232273459206E-16,0.));
#740 = ADVANCED_FACE('',(#741),#759,.F.);
#741 = FACE_BOUND('',#742,.T.);
#742 = EDGE_LOOP('',(#743,#744,#745,#753));
#743 = ORIENTED_EDGE('',*,*,#224,.F.);
#744 = ORIENTED_EDGE('',*,*,#730,.F.);
#745 = ORIENTED_EDGE('',*,*,#746,.F.);
#746 = EDGE_CURVE('',#747,#723,#749,.T.);
#747 = VERTEX_POINT('',#748);
#748 = CARTESIAN_POINT('',(-8.05,40.699999999999,0.));
#749 = LINE('',#750,#751);
#750 = CARTESIAN_POINT('',(-8.05,40.699999999999,0.));
#751 = VECTOR('',#752,1.);
#752 = DIRECTION('',(7.401486830834E-16,-1.,0.));
#753 = ORIENTED_EDGE('',*,*,#754,.F.);
#754 = EDGE_CURVE('',#225,#747,#755,.T.);
#755 = LINE('',#756,#757);
#756 = CARTESIAN_POINT('',(-8.05,40.699999999999,0.));
#757 = VECTOR('',#758,1.);
#758 = DIRECTION('',(0.,0.,-1.));
#759 = PLANE('',#760);
#760 = AXIS2_PLACEMENT_3D('',#761,#762,#763);
#761 = CARTESIAN_POINT('',(-8.05,40.699999999999,0.));
#762 = DIRECTION('',(-1.,-7.401486830834E-16,0.));
#763 = DIRECTION('',(7.401486830834E-16,-1.,0.));
#764 = ADVANCED_FACE('',(#765),#776,.T.);
#765 = FACE_BOUND('',#766,.T.);
#766 = EDGE_LOOP('',(#767,#768,#769,#770));
#767 = ORIENTED_EDGE('',*,*,#746,.T.);
#768 = ORIENTED_EDGE('',*,*,#722,.T.);
#769 = ORIENTED_EDGE('',*,*,#698,.F.);
#770 = ORIENTED_EDGE('',*,*,#771,.F.);
#771 = EDGE_CURVE('',#747,#691,#772,.T.);
#772 = LINE('',#773,#774);
#773 = CARTESIAN_POINT('',(15.974999999999,40.699999999999,0.));
#774 = VECTOR('',#775,1.);
#775 = DIRECTION('',(-1.,3.134747363648E-16,0.));
#776 = PLANE('',#777);
#777 = AXIS2_PLACEMENT_3D('',#778,#779,#780);
#778 = CARTESIAN_POINT('',(-10.55,39.949999999999,0.));
#779 = DIRECTION('',(0.,0.,-1.));
#780 = DIRECTION('',(-1.,0.,0.));
#781 = ADVANCED_FACE('',(#782),#800,.T.);
#782 = FACE_BOUND('',#783,.T.);
#783 = EDGE_LOOP('',(#784,#785,#793,#799));
#784 = ORIENTED_EDGE('',*,*,#61,.F.);
#785 = ORIENTED_EDGE('',*,*,#786,.F.);
#786 = EDGE_CURVE('',#787,#62,#789,.T.);
#787 = VERTEX_POINT('',#788);
#788 = CARTESIAN_POINT('',(3.999999999999,-39.2,0.));
#789 = LINE('',#790,#791);
#790 = CARTESIAN_POINT('',(3.999999999999,-39.2,0.));
#791 = VECTOR('',#792,1.);
#792 = DIRECTION('',(0.,0.,1.));
#793 = ORIENTED_EDGE('',*,*,#794,.T.);
#794 = EDGE_CURVE('',#787,#32,#795,.T.);
#795 = LINE('',#796,#797);
#796 = CARTESIAN_POINT('',(37.499999999999,-39.2,0.));
#797 = VECTOR('',#798,1.);
#798 = DIRECTION('',(-1.,2.960594732334E-16,0.));
#799 = ORIENTED_EDGE('',*,*,#31,.T.);
#800 = PLANE('',#801);
#801 = AXIS2_PLACEMENT_3D('',#802,#803,#804);
#802 = CARTESIAN_POINT('',(3.999999999999,-39.2,0.));
#803 = DIRECTION('',(2.960594732334E-16,1.,0.));
#804 = DIRECTION('',(-1.,2.960594732334E-16,0.));
#805 = ADVANCED_FACE('',(#806),#824,.T.);
#806 = FACE_BOUND('',#807,.T.);
#807 = EDGE_LOOP('',(#808,#809,#817,#823));
#808 = ORIENTED_EDGE('',*,*,#402,.F.);
#809 = ORIENTED_EDGE('',*,*,#810,.F.);
#810 = EDGE_CURVE('',#811,#395,#813,.T.);
#811 = VERTEX_POINT('',#812);
#812 = CARTESIAN_POINT('',(3.999999999999,-40.7,0.));
#813 = LINE('',#814,#815);
#814 = CARTESIAN_POINT('',(3.999999999999,-40.7,0.));
#815 = VECTOR('',#816,1.);
#816 = DIRECTION('',(0.,0.,1.));
#817 = ORIENTED_EDGE('',*,*,#818,.F.);
#818 = EDGE_CURVE('',#787,#811,#819,.T.);
#819 = LINE('',#820,#821);
#820 = CARTESIAN_POINT('',(3.999999999999,-39.2,0.));
#821 = VECTOR('',#822,1.);
#822 = DIRECTION('',(0.,-1.,0.));
#823 = ORIENTED_EDGE('',*,*,#786,.T.);
#824 = PLANE('',#825);
#825 = AXIS2_PLACEMENT_3D('',#826,#827,#828);
#826 = CARTESIAN_POINT('',(3.999999999999,-40.7,0.));
#827 = DIRECTION('',(1.,0.,0.));
#828 = DIRECTION('',(-0.,1.,0.));
#829 = ADVANCED_FACE('',(#830),#841,.F.);
#830 = FACE_BOUND('',#831,.T.);
#831 = EDGE_LOOP('',(#832,#833,#834,#840));
#832 = ORIENTED_EDGE('',*,*,#794,.F.);
#833 = ORIENTED_EDGE('',*,*,#818,.T.);
#834 = ORIENTED_EDGE('',*,*,#835,.F.);
#835 = EDGE_CURVE('',#40,#811,#836,.T.);
#836 = LINE('',#837,#838);
#837 = CARTESIAN_POINT('',(-22.25,-40.7,0.));
#838 = VECTOR('',#839,1.);
#839 = DIRECTION('',(1.,-2.089831575765E-16,0.));
#840 = ORIENTED_EDGE('',*,*,#39,.F.);
#841 = PLANE('',#842);
#842 = AXIS2_PLACEMENT_3D('',#843,#844,#845);
#843 = CARTESIAN_POINT('',(1.999999999999,-39.95,0.));
#844 = DIRECTION('',(0.,0.,1.));
#845 = DIRECTION('',(1.,0.,-0.));
#846 = ADVANCED_FACE('',(#847),#908,.F.);
#847 = FACE_BOUND('',#848,.T.);
#848 = EDGE_LOOP('',(#849,#850,#851,#852,#860,#868,#876,#884,#892,#900,
    #906,#907));
#849 = ORIENTED_EDGE('',*,*,#835,.T.);
#850 = ORIENTED_EDGE('',*,*,#810,.T.);
#851 = ORIENTED_EDGE('',*,*,#394,.F.);
#852 = ORIENTED_EDGE('',*,*,#853,.T.);
#853 = EDGE_CURVE('',#387,#854,#856,.T.);
#854 = VERTEX_POINT('',#855);
#855 = CARTESIAN_POINT('',(32.699999999999,-40.69999999999,0.));
#856 = LINE('',#857,#858);
#857 = CARTESIAN_POINT('',(32.699999999999,-40.7,0.));
#858 = VECTOR('',#859,1.);
#859 = DIRECTION('',(0.,0.,-1.));
#860 = ORIENTED_EDGE('',*,*,#861,.T.);
#861 = EDGE_CURVE('',#854,#862,#864,.T.);
#862 = VERTEX_POINT('',#863);
#863 = CARTESIAN_POINT('',(37.499999999999,-40.69999999999,0.));
#864 = LINE('',#865,#866);
#865 = CARTESIAN_POINT('',(-2.900000000001,-40.7,0.));
#866 = VECTOR('',#867,1.);
#867 = DIRECTION('',(1.,-2.089831575765E-16,0.));
#868 = ORIENTED_EDGE('',*,*,#869,.T.);
#869 = EDGE_CURVE('',#862,#870,#872,.T.);
#870 = VERTEX_POINT('',#871);
#871 = CARTESIAN_POINT('',(37.499999999999,-40.7,-3.7));
#872 = LINE('',#873,#874);
#873 = CARTESIAN_POINT('',(37.499999999999,-40.7,0.));
#874 = VECTOR('',#875,1.);
#875 = DIRECTION('',(0.,0.,-1.));
#876 = ORIENTED_EDGE('',*,*,#877,.F.);
#877 = EDGE_CURVE('',#878,#870,#880,.T.);
#878 = VERTEX_POINT('',#879);
#879 = CARTESIAN_POINT('',(-37.5,-40.7,-3.7));
#880 = LINE('',#881,#882);
#881 = CARTESIAN_POINT('',(-21.25,-40.7,-3.7));
#882 = VECTOR('',#883,1.);
#883 = DIRECTION('',(1.,-2.089831575765E-16,0.));
#884 = ORIENTED_EDGE('',*,*,#885,.T.);
#885 = EDGE_CURVE('',#878,#886,#888,.T.);
#886 = VERTEX_POINT('',#887);
#887 = CARTESIAN_POINT('',(-37.49999999999,-40.69999999999,0.));
#888 = LINE('',#889,#890);
#889 = CARTESIAN_POINT('',(-37.5,-40.7,0.));
#890 = VECTOR('',#891,1.);
#891 = DIRECTION('',(0.,0.,1.));
#892 = ORIENTED_EDGE('',*,*,#893,.T.);
#893 = EDGE_CURVE('',#886,#894,#896,.T.);
#894 = VERTEX_POINT('',#895);
#895 = CARTESIAN_POINT('',(-32.69999999999,-40.69999999999,0.));
#896 = LINE('',#897,#898);
#897 = CARTESIAN_POINT('',(-39.6,-40.7,0.));
#898 = VECTOR('',#899,1.);
#899 = DIRECTION('',(1.,-2.089831575765E-16,0.));
#900 = ORIENTED_EDGE('',*,*,#901,.T.);
#901 = EDGE_CURVE('',#894,#71,#902,.T.);
#902 = LINE('',#903,#904);
#903 = CARTESIAN_POINT('',(-32.69999999999,-40.7,0.));
#904 = VECTOR('',#905,1.);
#905 = DIRECTION('',(0.,0.,1.));
#906 = ORIENTED_EDGE('',*,*,#70,.F.);
#907 = ORIENTED_EDGE('',*,*,#47,.T.);
#908 = PLANE('',#909);
#909 = AXIS2_PLACEMENT_3D('',#910,#911,#912);
#910 = CARTESIAN_POINT('',(-42.5,-40.7,0.));
#911 = DIRECTION('',(-2.089831575765E-16,-1.,0.));
#912 = DIRECTION('',(1.,-2.089831575765E-16,0.));
#913 = ADVANCED_FACE('',(#914),#939,.T.);
#914 = FACE_BOUND('',#915,.T.);
#915 = EDGE_LOOP('',(#916,#917,#925,#933));
#916 = ORIENTED_EDGE('',*,*,#337,.F.);
#917 = ORIENTED_EDGE('',*,*,#918,.F.);
#918 = EDGE_CURVE('',#919,#330,#921,.T.);
#919 = VERTEX_POINT('',#920);
#920 = CARTESIAN_POINT('',(39.199999999998,-5.000000000001,0.));
#921 = LINE('',#922,#923);
#922 = CARTESIAN_POINT('',(39.199999999998,-5.000000000001,0.));
#923 = VECTOR('',#924,1.);
#924 = DIRECTION('',(0.,0.,1.));
#925 = ORIENTED_EDGE('',*,*,#926,.F.);
#926 = EDGE_CURVE('',#927,#919,#929,.T.);
#927 = VERTEX_POINT('',#928);
#928 = CARTESIAN_POINT('',(40.699999999998,-5.000000000001,0.));
#929 = LINE('',#930,#931);
#930 = CARTESIAN_POINT('',(40.699999999998,-5.000000000001,0.));
#931 = VECTOR('',#932,1.);
#932 = DIRECTION('',(-1.,0.,0.));
#933 = ORIENTED_EDGE('',*,*,#934,.F.);
#934 = EDGE_CURVE('',#338,#927,#935,.T.);
#935 = LINE('',#936,#937);
#936 = CARTESIAN_POINT('',(40.699999999998,-5.000000000001,0.));
#937 = VECTOR('',#938,1.);
#938 = DIRECTION('',(0.,0.,-1.));
#939 = PLANE('',#940);
#940 = AXIS2_PLACEMENT_3D('',#941,#942,#943);
#941 = CARTESIAN_POINT('',(39.199999999998,-5.000000000001,0.));
#942 = DIRECTION('',(0.,-1.,0.));
#943 = DIRECTION('',(1.,0.,0.));
#944 = ADVANCED_FACE('',(#945),#963,.T.);
#945 = FACE_BOUND('',#946,.T.);
#946 = EDGE_LOOP('',(#947,#948,#956,#962));
#947 = ORIENTED_EDGE('',*,*,#329,.F.);
#948 = ORIENTED_EDGE('',*,*,#949,.F.);
#949 = EDGE_CURVE('',#950,#322,#952,.T.);
#950 = VERTEX_POINT('',#951);
#951 = CARTESIAN_POINT('',(39.199999999998,4.999999999999,0.));
#952 = LINE('',#953,#954);
#953 = CARTESIAN_POINT('',(39.199999999998,4.999999999999,0.));
#954 = VECTOR('',#955,1.);
#955 = DIRECTION('',(0.,0.,1.));
#956 = ORIENTED_EDGE('',*,*,#957,.T.);
#957 = EDGE_CURVE('',#950,#919,#958,.T.);
#958 = LINE('',#959,#960);
#959 = CARTESIAN_POINT('',(39.199999999998,37.499999999999,0.));
#960 = VECTOR('',#961,1.);
#961 = DIRECTION('',(0.,-1.,0.));
#962 = ORIENTED_EDGE('',*,*,#918,.T.);
#963 = PLANE('',#964);
#964 = AXIS2_PLACEMENT_3D('',#965,#966,#967);
#965 = CARTESIAN_POINT('',(39.199999999998,4.999999999999,0.));
#966 = DIRECTION('',(-1.,0.,0.));
#967 = DIRECTION('',(0.,-1.,0.));
#968 = ADVANCED_FACE('',(#969),#987,.T.);
#969 = FACE_BOUND('',#970,.T.);
#970 = EDGE_LOOP('',(#971,#972,#980,#986));
#971 = ORIENTED_EDGE('',*,*,#321,.F.);
#972 = ORIENTED_EDGE('',*,*,#973,.F.);
#973 = EDGE_CURVE('',#974,#314,#976,.T.);
#974 = VERTEX_POINT('',#975);
#975 = CARTESIAN_POINT('',(40.699999999998,4.999999999999,0.));
#976 = LINE('',#977,#978);
#977 = CARTESIAN_POINT('',(40.699999999998,4.999999999999,0.));
#978 = VECTOR('',#979,1.);
#979 = DIRECTION('',(0.,0.,1.));
#980 = ORIENTED_EDGE('',*,*,#981,.T.);
#981 = EDGE_CURVE('',#974,#950,#982,.T.);
#982 = LINE('',#983,#984);
#983 = CARTESIAN_POINT('',(40.699999999998,4.999999999999,0.));
#984 = VECTOR('',#985,1.);
#985 = DIRECTION('',(-1.,0.,0.));
#986 = ORIENTED_EDGE('',*,*,#949,.T.);
#987 = PLANE('',#988);
#988 = AXIS2_PLACEMENT_3D('',#989,#990,#991);
#989 = CARTESIAN_POINT('',(40.699999999998,4.999999999999,0.));
#990 = DIRECTION('',(0.,1.,0.));
#991 = DIRECTION('',(-1.,0.,0.));
#992 = ADVANCED_FACE('',(#993),#1004,.F.);
#993 = FACE_BOUND('',#994,.T.);
#994 = EDGE_LOOP('',(#995,#1001,#1002,#1003));
#995 = ORIENTED_EDGE('',*,*,#996,.F.);
#996 = EDGE_CURVE('',#927,#974,#997,.T.);
#997 = LINE('',#998,#999);
#998 = CARTESIAN_POINT('',(40.699999999998,-21.25,0.));
#999 = VECTOR('',#1000,1.);
#1000 = DIRECTION('',(0.,1.,0.));
#1001 = ORIENTED_EDGE('',*,*,#926,.T.);
#1002 = ORIENTED_EDGE('',*,*,#957,.F.);
#1003 = ORIENTED_EDGE('',*,*,#981,.F.);
#1004 = PLANE('',#1005);
#1005 = AXIS2_PLACEMENT_3D('',#1006,#1007,#1008);
#1006 = CARTESIAN_POINT('',(39.949999999998,-6.394884621841E-13,0.));
#1007 = DIRECTION('',(0.,0.,1.));
#1008 = DIRECTION('',(1.,0.,-0.));
#1009 = ADVANCED_FACE('',(#1010),#1035,.T.);
#1010 = FACE_BOUND('',#1011,.T.);
#1011 = EDGE_LOOP('',(#1012,#1013,#1021,#1029));
#1012 = ORIENTED_EDGE('',*,*,#240,.F.);
#1013 = ORIENTED_EDGE('',*,*,#1014,.F.);
#1014 = EDGE_CURVE('',#1015,#233,#1017,.T.);
#1015 = VERTEX_POINT('',#1016);
#1016 = CARTESIAN_POINT('',(8.05,40.699999999999,0.));
#1017 = LINE('',#1018,#1019);
#1018 = CARTESIAN_POINT('',(8.05,40.699999999999,0.));
#1019 = VECTOR('',#1020,1.);
#1020 = DIRECTION('',(0.,0.,1.));
#1021 = ORIENTED_EDGE('',*,*,#1022,.T.);
#1022 = EDGE_CURVE('',#1015,#1023,#1025,.T.);
#1023 = VERTEX_POINT('',#1024);
#1024 = CARTESIAN_POINT('',(8.05,39.199999999999,0.));
#1025 = LINE('',#1026,#1027);
#1026 = CARTESIAN_POINT('',(8.05,40.699999999999,0.));
#1027 = VECTOR('',#1028,1.);
#1028 = DIRECTION('',(-7.401486830834E-16,-1.,0.));
#1029 = ORIENTED_EDGE('',*,*,#1030,.T.);
#1030 = EDGE_CURVE('',#1023,#241,#1031,.T.);
#1031 = LINE('',#1032,#1033);
#1032 = CARTESIAN_POINT('',(8.05,39.199999999999,0.));
#1033 = VECTOR('',#1034,1.);
#1034 = DIRECTION('',(0.,0.,1.));
#1035 = PLANE('',#1036);
#1036 = AXIS2_PLACEMENT_3D('',#1037,#1038,#1039);
#1037 = CARTESIAN_POINT('',(8.05,40.699999999999,0.));
#1038 = DIRECTION('',(-1.,7.401486830834E-16,0.));
#1039 = DIRECTION('',(-7.401486830834E-16,-1.,0.));
#1040 = ADVANCED_FACE('',(#1041),#1066,.T.);
#1041 = FACE_BOUND('',#1042,.T.);
#1042 = EDGE_LOOP('',(#1043,#1044,#1052,#1060));
#1043 = ORIENTED_EDGE('',*,*,#256,.F.);
#1044 = ORIENTED_EDGE('',*,*,#1045,.F.);
#1045 = EDGE_CURVE('',#1046,#249,#1048,.T.);
#1046 = VERTEX_POINT('',#1047);
#1047 = CARTESIAN_POINT('',(13.05,39.199999999999,0.));
#1048 = LINE('',#1049,#1050);
#1049 = CARTESIAN_POINT('',(13.05,39.199999999999,0.));
#1050 = VECTOR('',#1051,1.);
#1051 = DIRECTION('',(0.,0.,1.));
#1052 = ORIENTED_EDGE('',*,*,#1053,.F.);
#1053 = EDGE_CURVE('',#1054,#1046,#1056,.T.);
#1054 = VERTEX_POINT('',#1055);
#1055 = CARTESIAN_POINT('',(13.05,40.699999999999,0.));
#1056 = LINE('',#1057,#1058);
#1057 = CARTESIAN_POINT('',(13.05,40.699999999999,0.));
#1058 = VECTOR('',#1059,1.);
#1059 = DIRECTION('',(0.,-1.,0.));
#1060 = ORIENTED_EDGE('',*,*,#1061,.F.);
#1061 = EDGE_CURVE('',#257,#1054,#1062,.T.);
#1062 = LINE('',#1063,#1064);
#1063 = CARTESIAN_POINT('',(13.05,40.699999999999,0.));
#1064 = VECTOR('',#1065,1.);
#1065 = DIRECTION('',(0.,0.,-1.));
#1066 = PLANE('',#1067);
#1067 = AXIS2_PLACEMENT_3D('',#1068,#1069,#1070);
#1068 = CARTESIAN_POINT('',(13.05,39.199999999999,0.));
#1069 = DIRECTION('',(1.,0.,0.));
#1070 = DIRECTION('',(-0.,1.,0.));
#1071 = ADVANCED_FACE('',(#1072),#1083,.T.);
#1072 = FACE_BOUND('',#1073,.T.);
#1073 = EDGE_LOOP('',(#1074,#1075,#1076,#1082));
#1074 = ORIENTED_EDGE('',*,*,#248,.F.);
#1075 = ORIENTED_EDGE('',*,*,#1030,.F.);
#1076 = ORIENTED_EDGE('',*,*,#1077,.T.);
#1077 = EDGE_CURVE('',#1023,#1046,#1078,.T.);
#1078 = LINE('',#1079,#1080);
#1079 = CARTESIAN_POINT('',(3.55,39.199999999999,0.));
#1080 = VECTOR('',#1081,1.);
#1081 = DIRECTION('',(1.,-5.232273459206E-16,0.));
#1082 = ORIENTED_EDGE('',*,*,#1045,.T.);
#1083 = PLANE('',#1084);
#1084 = AXIS2_PLACEMENT_3D('',#1085,#1086,#1087);
#1085 = CARTESIAN_POINT('',(8.05,39.199999999999,0.));
#1086 = DIRECTION('',(-5.232273459206E-16,-1.,0.));
#1087 = DIRECTION('',(1.,-5.232273459206E-16,0.));
#1088 = ADVANCED_FACE('',(#1089),#1100,.F.);
#1089 = FACE_BOUND('',#1090,.T.);
#1090 = EDGE_LOOP('',(#1091,#1092,#1098,#1099));
#1091 = ORIENTED_EDGE('',*,*,#1022,.F.);
#1092 = ORIENTED_EDGE('',*,*,#1093,.F.);
#1093 = EDGE_CURVE('',#1054,#1015,#1094,.T.);
#1094 = LINE('',#1095,#1096);
#1095 = CARTESIAN_POINT('',(26.524999999999,40.699999999999,0.));
#1096 = VECTOR('',#1097,1.);
#1097 = DIRECTION('',(-1.,3.134747363648E-16,0.));
#1098 = ORIENTED_EDGE('',*,*,#1053,.T.);
#1099 = ORIENTED_EDGE('',*,*,#1077,.F.);
#1100 = PLANE('',#1101);
#1101 = AXIS2_PLACEMENT_3D('',#1102,#1103,#1104);
#1102 = CARTESIAN_POINT('',(10.55,39.949999999999,0.));
#1103 = DIRECTION('',(0.,0.,1.));
#1104 = DIRECTION('',(1.,0.,-0.));
#1105 = ADVANCED_FACE('',(#1106),#1124,.T.);
#1106 = FACE_BOUND('',#1107,.T.);
#1107 = EDGE_LOOP('',(#1108,#1109,#1117,#1123));
#1108 = ORIENTED_EDGE('',*,*,#386,.F.);
#1109 = ORIENTED_EDGE('',*,*,#1110,.F.);
#1110 = EDGE_CURVE('',#1111,#379,#1113,.T.);
#1111 = VERTEX_POINT('',#1112);
#1112 = CARTESIAN_POINT('',(32.699999999999,-39.19999999999,0.));
#1113 = LINE('',#1114,#1115);
#1114 = CARTESIAN_POINT('',(32.699999999999,-39.19999999999,0.));
#1115 = VECTOR('',#1116,1.);
#1116 = DIRECTION('',(0.,0.,1.));
#1117 = ORIENTED_EDGE('',*,*,#1118,.T.);
#1118 = EDGE_CURVE('',#1111,#854,#1119,.T.);
#1119 = LINE('',#1120,#1121);
#1120 = CARTESIAN_POINT('',(32.699999999999,-39.19999999999,0.));
#1121 = VECTOR('',#1122,1.);
#1122 = DIRECTION('',(-1.836970198721E-16,-1.,0.));
#1123 = ORIENTED_EDGE('',*,*,#853,.F.);
#1124 = PLANE('',#1125);
#1125 = AXIS2_PLACEMENT_3D('',#1126,#1127,#1128);
#1126 = CARTESIAN_POINT('',(32.699999999999,-39.19999999999,0.));
#1127 = DIRECTION('',(-1.,1.836970198721E-16,0.));
#1128 = DIRECTION('',(-1.836970198721E-16,-1.,0.));
#1129 = ADVANCED_FACE('',(#1130),#1148,.T.);
#1130 = FACE_BOUND('',#1131,.T.);
#1131 = EDGE_LOOP('',(#1132,#1133,#1141,#1147));
#1132 = ORIENTED_EDGE('',*,*,#378,.F.);
#1133 = ORIENTED_EDGE('',*,*,#1134,.F.);
#1134 = EDGE_CURVE('',#1135,#370,#1137,.T.);
#1135 = VERTEX_POINT('',#1136);
#1136 = CARTESIAN_POINT('',(37.499999999999,-39.19999999999,0.));
#1137 = LINE('',#1138,#1139);
#1138 = CARTESIAN_POINT('',(37.499999999999,-39.19999999999,0.));
#1139 = VECTOR('',#1140,1.);
#1140 = DIRECTION('',(0.,0.,1.));
#1141 = ORIENTED_EDGE('',*,*,#1142,.T.);
#1142 = EDGE_CURVE('',#1135,#1111,#1143,.T.);
#1143 = LINE('',#1144,#1145);
#1144 = CARTESIAN_POINT('',(37.499999999999,-39.19999999999,0.));
#1145 = VECTOR('',#1146,1.);
#1146 = DIRECTION('',(-1.,1.836970198721E-16,0.));
#1147 = ORIENTED_EDGE('',*,*,#1110,.T.);
#1148 = PLANE('',#1149);
#1149 = AXIS2_PLACEMENT_3D('',#1150,#1151,#1152);
#1150 = CARTESIAN_POINT('',(37.499999999999,-39.19999999999,0.));
#1151 = DIRECTION('',(1.836970198721E-16,1.,0.));
#1152 = DIRECTION('',(-1.,1.836970198721E-16,0.));
#1153 = ADVANCED_FACE('',(#1154),#1173,.F.);
#1154 = FACE_BOUND('',#1155,.F.);
#1155 = EDGE_LOOP('',(#1156,#1157,#1166,#1172));
#1156 = ORIENTED_EDGE('',*,*,#1134,.F.);
#1157 = ORIENTED_EDGE('',*,*,#1158,.T.);
#1158 = EDGE_CURVE('',#1135,#1159,#1161,.T.);
#1159 = VERTEX_POINT('',#1160);
#1160 = CARTESIAN_POINT('',(39.199999999999,-37.49999999999,0.));
#1161 = CIRCLE('',#1162,1.7);
#1162 = AXIS2_PLACEMENT_3D('',#1163,#1164,#1165);
#1163 = CARTESIAN_POINT('',(37.499999999999,-37.49999999999,0.));
#1164 = DIRECTION('',(0.,0.,1.));
#1165 = DIRECTION('',(5.04088191954E-15,-1.,0.));
#1166 = ORIENTED_EDGE('',*,*,#1167,.T.);
#1167 = EDGE_CURVE('',#1159,#362,#1168,.T.);
#1168 = LINE('',#1169,#1170);
#1169 = CARTESIAN_POINT('',(39.199999999999,-37.49999999999,0.));
#1170 = VECTOR('',#1171,1.);
#1171 = DIRECTION('',(0.,0.,1.));
#1172 = ORIENTED_EDGE('',*,*,#369,.T.);
#1173 = CYLINDRICAL_SURFACE('',#1174,1.7);
#1174 = AXIS2_PLACEMENT_3D('',#1175,#1176,#1177);
#1175 = CARTESIAN_POINT('',(37.499999999999,-37.49999999999,0.));
#1176 = DIRECTION('',(0.,0.,1.));
#1177 = DIRECTION('',(5.04088191954E-15,-1.,0.));
#1178 = ADVANCED_FACE('',(#1179),#1197,.T.);
#1179 = FACE_BOUND('',#1180,.T.);
#1180 = EDGE_LOOP('',(#1181,#1182,#1190,#1196));
#1181 = ORIENTED_EDGE('',*,*,#361,.F.);
#1182 = ORIENTED_EDGE('',*,*,#1183,.F.);
#1183 = EDGE_CURVE('',#1184,#354,#1186,.T.);
#1184 = VERTEX_POINT('',#1185);
#1185 = CARTESIAN_POINT('',(39.199999999999,-32.69999999999,0.));
#1186 = LINE('',#1187,#1188);
#1187 = CARTESIAN_POINT('',(39.199999999999,-32.69999999999,0.));
#1188 = VECTOR('',#1189,1.);
#1189 = DIRECTION('',(0.,0.,1.));
#1190 = ORIENTED_EDGE('',*,*,#1191,.T.);
#1191 = EDGE_CURVE('',#1184,#1159,#1192,.T.);
#1192 = LINE('',#1193,#1194);
#1193 = CARTESIAN_POINT('',(39.199999999999,-3.55,0.));
#1194 = VECTOR('',#1195,1.);
#1195 = DIRECTION('',(-7.069243657927E-16,-1.,0.));
#1196 = ORIENTED_EDGE('',*,*,#1167,.T.);
#1197 = PLANE('',#1198);
#1198 = AXIS2_PLACEMENT_3D('',#1199,#1200,#1201);
#1199 = CARTESIAN_POINT('',(39.199999999999,-32.69999999999,0.));
#1200 = DIRECTION('',(-1.,7.069243657927E-16,0.));
#1201 = DIRECTION('',(-7.069243657927E-16,-1.,0.));
#1202 = ADVANCED_FACE('',(#1203),#1221,.T.);
#1203 = FACE_BOUND('',#1204,.T.);
#1204 = EDGE_LOOP('',(#1205,#1206,#1214,#1220));
#1205 = ORIENTED_EDGE('',*,*,#353,.F.);
#1206 = ORIENTED_EDGE('',*,*,#1207,.F.);
#1207 = EDGE_CURVE('',#1208,#346,#1210,.T.);
#1208 = VERTEX_POINT('',#1209);
#1209 = CARTESIAN_POINT('',(40.699999999999,-32.69999999999,0.));
#1210 = LINE('',#1211,#1212);
#1211 = CARTESIAN_POINT('',(40.699999999998,-32.69999999999,0.));
#1212 = VECTOR('',#1213,1.);
#1213 = DIRECTION('',(0.,0.,1.));
#1214 = ORIENTED_EDGE('',*,*,#1215,.F.);
#1215 = EDGE_CURVE('',#1184,#1208,#1216,.T.);
#1216 = LINE('',#1217,#1218);
#1217 = CARTESIAN_POINT('',(39.199999999999,-32.69999999999,0.));
#1218 = VECTOR('',#1219,1.);
#1219 = DIRECTION('',(1.,-1.836970198721E-16,0.));
#1220 = ORIENTED_EDGE('',*,*,#1183,.T.);
#1221 = PLANE('',#1222);
#1222 = AXIS2_PLACEMENT_3D('',#1223,#1224,#1225);
#1223 = CARTESIAN_POINT('',(40.699999999999,-32.69999999999,0.));
#1224 = DIRECTION('',(1.836970198721E-16,1.,0.));
#1225 = DIRECTION('',(-1.,1.836970198721E-16,0.));
#1226 = ADVANCED_FACE('',(#1227),#1250,.F.);
#1227 = FACE_BOUND('',#1228,.T.);
#1228 = EDGE_LOOP('',(#1229,#1230,#1231,#1232,#1233,#1241,#1248,#1249));
#1229 = ORIENTED_EDGE('',*,*,#1142,.F.);
#1230 = ORIENTED_EDGE('',*,*,#1158,.T.);
#1231 = ORIENTED_EDGE('',*,*,#1191,.F.);
#1232 = ORIENTED_EDGE('',*,*,#1215,.T.);
#1233 = ORIENTED_EDGE('',*,*,#1234,.F.);
#1234 = EDGE_CURVE('',#1235,#1208,#1237,.T.);
#1235 = VERTEX_POINT('',#1236);
#1236 = CARTESIAN_POINT('',(40.699999999999,-37.49999999999,0.));
#1237 = LINE('',#1238,#1239);
#1238 = CARTESIAN_POINT('',(40.699999999998,-39.6,0.));
#1239 = VECTOR('',#1240,1.);
#1240 = DIRECTION('',(0.,1.,0.));
#1241 = ORIENTED_EDGE('',*,*,#1242,.F.);
#1242 = EDGE_CURVE('',#862,#1235,#1243,.T.);
#1243 = CIRCLE('',#1244,3.2);
#1244 = AXIS2_PLACEMENT_3D('',#1245,#1246,#1247);
#1245 = CARTESIAN_POINT('',(37.499999999999,-37.5,0.));
#1246 = DIRECTION('',(0.,0.,1.));
#1247 = DIRECTION('',(0.707106781187,-0.707106781187,0.));
#1248 = ORIENTED_EDGE('',*,*,#861,.F.);
#1249 = ORIENTED_EDGE('',*,*,#1118,.F.);
#1250 = PLANE('',#1251);
#1251 = AXIS2_PLACEMENT_3D('',#1252,#1253,#1254);
#1252 = CARTESIAN_POINT('',(36.699999999999,-36.69999999999,0.));
#1253 = DIRECTION('',(0.,0.,1.));
#1254 = DIRECTION('',(-1.836970198721E-16,-1.,0.));
#1255 = ADVANCED_FACE('',(#1256),#1275,.F.);
#1256 = FACE_BOUND('',#1257,.F.);
#1257 = EDGE_LOOP('',(#1258,#1259,#1268,#1274));
#1258 = ORIENTED_EDGE('',*,*,#869,.T.);
#1259 = ORIENTED_EDGE('',*,*,#1260,.T.);
#1260 = EDGE_CURVE('',#870,#1261,#1263,.T.);
#1261 = VERTEX_POINT('',#1262);
#1262 = CARTESIAN_POINT('',(40.699999999998,-37.5,-3.7));
#1263 = CIRCLE('',#1264,3.2);
#1264 = AXIS2_PLACEMENT_3D('',#1265,#1266,#1267);
#1265 = CARTESIAN_POINT('',(37.499999999999,-37.5,-3.7));
#1266 = DIRECTION('',(0.,0.,1.));
#1267 = DIRECTION('',(0.707106781187,-0.707106781187,0.));
#1268 = ORIENTED_EDGE('',*,*,#1269,.T.);
#1269 = EDGE_CURVE('',#1261,#1235,#1270,.T.);
#1270 = LINE('',#1271,#1272);
#1271 = CARTESIAN_POINT('',(40.699999999998,-37.5,0.));
#1272 = VECTOR('',#1273,1.);
#1273 = DIRECTION('',(0.,0.,1.));
#1274 = ORIENTED_EDGE('',*,*,#1242,.F.);
#1275 = CYLINDRICAL_SURFACE('',#1276,3.2);
#1276 = AXIS2_PLACEMENT_3D('',#1277,#1278,#1279);
#1277 = CARTESIAN_POINT('',(37.499999999999,-37.5,0.));
#1278 = DIRECTION('',(0.,0.,-1.));
#1279 = DIRECTION('',(0.707106781187,-0.707106781187,0.));
#1280 = ADVANCED_FACE('',(#1281,#1321),#1357,.F.);
#1281 = FACE_BOUND('',#1282,.T.);
#1282 = EDGE_LOOP('',(#1283,#1284,#1285,#1293,#1301,#1309,#1315,#1316,
    #1317,#1318,#1319,#1320));
#1283 = ORIENTED_EDGE('',*,*,#973,.T.);
#1284 = ORIENTED_EDGE('',*,*,#313,.F.);
#1285 = ORIENTED_EDGE('',*,*,#1286,.T.);
#1286 = EDGE_CURVE('',#306,#1287,#1289,.T.);
#1287 = VERTEX_POINT('',#1288);
#1288 = CARTESIAN_POINT('',(40.699999999998,32.699999999999,0.));
#1289 = LINE('',#1290,#1291);
#1290 = CARTESIAN_POINT('',(40.699999999998,32.699999999999,0.));
#1291 = VECTOR('',#1292,1.);
#1292 = DIRECTION('',(0.,0.,-1.));
#1293 = ORIENTED_EDGE('',*,*,#1294,.T.);
#1294 = EDGE_CURVE('',#1287,#1295,#1297,.T.);
#1295 = VERTEX_POINT('',#1296);
#1296 = CARTESIAN_POINT('',(40.699999999998,37.499999999999,0.));
#1297 = LINE('',#1298,#1299);
#1298 = CARTESIAN_POINT('',(40.699999999998,-2.900000000001,0.));
#1299 = VECTOR('',#1300,1.);
#1300 = DIRECTION('',(0.,1.,0.));
#1301 = ORIENTED_EDGE('',*,*,#1302,.T.);
#1302 = EDGE_CURVE('',#1295,#1303,#1305,.T.);
#1303 = VERTEX_POINT('',#1304);
#1304 = CARTESIAN_POINT('',(40.699999999998,37.499999999999,-3.7));
#1305 = LINE('',#1306,#1307);
#1306 = CARTESIAN_POINT('',(40.699999999998,37.499999999999,0.));
#1307 = VECTOR('',#1308,1.);
#1308 = DIRECTION('',(0.,0.,-1.));
#1309 = ORIENTED_EDGE('',*,*,#1310,.F.);
#1310 = EDGE_CURVE('',#1261,#1303,#1311,.T.);
#1311 = LINE('',#1312,#1313);
#1312 = CARTESIAN_POINT('',(40.699999999998,-21.25,-3.7));
#1313 = VECTOR('',#1314,1.);
#1314 = DIRECTION('',(0.,1.,0.));
#1315 = ORIENTED_EDGE('',*,*,#1269,.T.);
#1316 = ORIENTED_EDGE('',*,*,#1234,.T.);
#1317 = ORIENTED_EDGE('',*,*,#1207,.T.);
#1318 = ORIENTED_EDGE('',*,*,#345,.F.);
#1319 = ORIENTED_EDGE('',*,*,#934,.T.);
#1320 = ORIENTED_EDGE('',*,*,#996,.T.);
#1321 = FACE_BOUND('',#1322,.T.);
#1322 = EDGE_LOOP('',(#1323,#1334,#1342,#1351));
#1323 = ORIENTED_EDGE('',*,*,#1324,.T.);
#1324 = EDGE_CURVE('',#1325,#1327,#1329,.T.);
#1325 = VERTEX_POINT('',#1326);
#1326 = CARTESIAN_POINT('',(40.699999999998,-4.500000000001,-1.2));
#1327 = VERTEX_POINT('',#1328);
#1328 = CARTESIAN_POINT('',(40.699999999998,-4.500000000001,-2.2));
#1329 = CIRCLE('',#1330,0.5);
#1330 = AXIS2_PLACEMENT_3D('',#1331,#1332,#1333);
#1331 = CARTESIAN_POINT('',(40.699999999998,-4.500000000001,-1.7));
#1332 = DIRECTION('',(1.,0.,0.));
#1333 = DIRECTION('',(0.,0.,-1.));
#1334 = ORIENTED_EDGE('',*,*,#1335,.T.);
#1335 = EDGE_CURVE('',#1327,#1336,#1338,.T.);
#1336 = VERTEX_POINT('',#1337);
#1337 = CARTESIAN_POINT('',(40.699999999998,4.499999999999,-2.2));
#1338 = LINE('',#1339,#1340);
#1339 = CARTESIAN_POINT('',(40.699999999998,-21.25,-2.2));
#1340 = VECTOR('',#1341,1.);
#1341 = DIRECTION('',(0.,1.,0.));
#1342 = ORIENTED_EDGE('',*,*,#1343,.T.);
#1343 = EDGE_CURVE('',#1336,#1344,#1346,.T.);
#1344 = VERTEX_POINT('',#1345);
#1345 = CARTESIAN_POINT('',(40.699999999998,4.499999999999,-1.2));
#1346 = CIRCLE('',#1347,0.5);
#1347 = AXIS2_PLACEMENT_3D('',#1348,#1349,#1350);
#1348 = CARTESIAN_POINT('',(40.699999999998,4.499999999999,-1.7));
#1349 = DIRECTION('',(1.,0.,0.));
#1350 = DIRECTION('',(0.,0.,-1.));
#1351 = ORIENTED_EDGE('',*,*,#1352,.T.);
#1352 = EDGE_CURVE('',#1344,#1325,#1353,.T.);
#1353 = LINE('',#1354,#1355);
#1354 = CARTESIAN_POINT('',(40.699999999998,-21.25,-1.2));
#1355 = VECTOR('',#1356,1.);
#1356 = DIRECTION('',(0.,-1.,0.));
#1357 = PLANE('',#1358);
#1358 = AXIS2_PLACEMENT_3D('',#1359,#1360,#1361);
#1359 = CARTESIAN_POINT('',(40.699999999998,-42.5,0.));
#1360 = DIRECTION('',(1.,0.,0.));
#1361 = DIRECTION('',(-0.,1.,0.));
#1362 = ADVANCED_FACE('',(#1363),#1388,.T.);
#1363 = FACE_BOUND('',#1364,.T.);
#1364 = EDGE_LOOP('',(#1365,#1366,#1374,#1382));
#1365 = ORIENTED_EDGE('',*,*,#86,.F.);
#1366 = ORIENTED_EDGE('',*,*,#1367,.F.);
#1367 = EDGE_CURVE('',#1368,#79,#1370,.T.);
#1368 = VERTEX_POINT('',#1369);
#1369 = CARTESIAN_POINT('',(-32.69999999999,-39.19999999999,0.));
#1370 = LINE('',#1371,#1372);
#1371 = CARTESIAN_POINT('',(-32.69999999999,-39.19999999999,0.));
#1372 = VECTOR('',#1373,1.);
#1373 = DIRECTION('',(0.,0.,1.));
#1374 = ORIENTED_EDGE('',*,*,#1375,.T.);
#1375 = EDGE_CURVE('',#1368,#1376,#1378,.T.);
#1376 = VERTEX_POINT('',#1377);
#1377 = CARTESIAN_POINT('',(-37.49999999999,-39.19999999999,0.));
#1378 = LINE('',#1379,#1380);
#1379 = CARTESIAN_POINT('',(-3.55,-39.19999999999,0.));
#1380 = VECTOR('',#1381,1.);
#1381 = DIRECTION('',(-1.,6.456920258353E-16,0.));
#1382 = ORIENTED_EDGE('',*,*,#1383,.T.);
#1383 = EDGE_CURVE('',#1376,#87,#1384,.T.);
#1384 = LINE('',#1385,#1386);
#1385 = CARTESIAN_POINT('',(-37.49999999999,-39.19999999999,0.));
#1386 = VECTOR('',#1387,1.);
#1387 = DIRECTION('',(0.,0.,1.));
#1388 = PLANE('',#1389);
#1389 = AXIS2_PLACEMENT_3D('',#1390,#1391,#1392);
#1390 = CARTESIAN_POINT('',(-32.69999999999,-39.19999999999,0.));
#1391 = DIRECTION('',(6.456920258353E-16,1.,0.));
#1392 = DIRECTION('',(-1.,6.456920258353E-16,0.));
#1393 = ADVANCED_FACE('',(#1394),#1405,.T.);
#1394 = FACE_BOUND('',#1395,.T.);
#1395 = EDGE_LOOP('',(#1396,#1397,#1398,#1404));
#1396 = ORIENTED_EDGE('',*,*,#78,.F.);
#1397 = ORIENTED_EDGE('',*,*,#901,.F.);
#1398 = ORIENTED_EDGE('',*,*,#1399,.F.);
#1399 = EDGE_CURVE('',#1368,#894,#1400,.T.);
#1400 = LINE('',#1401,#1402);
#1401 = CARTESIAN_POINT('',(-32.69999999999,-39.19999999999,0.));
#1402 = VECTOR('',#1403,1.);
#1403 = DIRECTION('',(-1.224646799147E-16,-1.,0.));
#1404 = ORIENTED_EDGE('',*,*,#1367,.T.);
#1405 = PLANE('',#1406);
#1406 = AXIS2_PLACEMENT_3D('',#1407,#1408,#1409);
#1407 = CARTESIAN_POINT('',(-32.69999999999,-40.69999999999,0.));
#1408 = DIRECTION('',(1.,-1.224646799147E-16,0.));
#1409 = DIRECTION('',(1.224646799147E-16,1.,0.));
#1410 = ADVANCED_FACE('',(#1411),#1430,.F.);
#1411 = FACE_BOUND('',#1412,.F.);
#1412 = EDGE_LOOP('',(#1413,#1421,#1428,#1429));
#1413 = ORIENTED_EDGE('',*,*,#1414,.F.);
#1414 = EDGE_CURVE('',#1415,#95,#1417,.T.);
#1415 = VERTEX_POINT('',#1416);
#1416 = CARTESIAN_POINT('',(-39.19999999999,-37.49999999999,0.));
#1417 = LINE('',#1418,#1419);
#1418 = CARTESIAN_POINT('',(-39.19999999999,-37.49999999999,0.));
#1419 = VECTOR('',#1420,1.);
#1420 = DIRECTION('',(0.,0.,1.));
#1421 = ORIENTED_EDGE('',*,*,#1422,.T.);
#1422 = EDGE_CURVE('',#1415,#1376,#1423,.T.);
#1423 = CIRCLE('',#1424,1.7);
#1424 = AXIS2_PLACEMENT_3D('',#1425,#1426,#1427);
#1425 = CARTESIAN_POINT('',(-37.49999999999,-37.49999999999,0.));
#1426 = DIRECTION('',(0.,0.,1.));
#1427 = DIRECTION('',(-1.,-5.102114259498E-15,0.));
#1428 = ORIENTED_EDGE('',*,*,#1383,.T.);
#1429 = ORIENTED_EDGE('',*,*,#94,.T.);
#1430 = CYLINDRICAL_SURFACE('',#1431,1.7);
#1431 = AXIS2_PLACEMENT_3D('',#1432,#1433,#1434);
#1432 = CARTESIAN_POINT('',(-37.49999999999,-37.49999999999,0.));
#1433 = DIRECTION('',(0.,0.,1.));
#1434 = DIRECTION('',(-1.,-5.102114259498E-15,0.));
#1435 = ADVANCED_FACE('',(#1436),#1454,.T.);
#1436 = FACE_BOUND('',#1437,.T.);
#1437 = EDGE_LOOP('',(#1438,#1439,#1447,#1453));
#1438 = ORIENTED_EDGE('',*,*,#111,.F.);
#1439 = ORIENTED_EDGE('',*,*,#1440,.F.);
#1440 = EDGE_CURVE('',#1441,#104,#1443,.T.);
#1441 = VERTEX_POINT('',#1442);
#1442 = CARTESIAN_POINT('',(-39.19999999999,-32.69999999999,0.));
#1443 = LINE('',#1444,#1445);
#1444 = CARTESIAN_POINT('',(-39.19999999999,-32.69999999999,0.));
#1445 = VECTOR('',#1446,1.);
#1446 = DIRECTION('',(0.,0.,1.));
#1447 = ORIENTED_EDGE('',*,*,#1448,.T.);
#1448 = EDGE_CURVE('',#1441,#591,#1449,.T.);
#1449 = LINE('',#1450,#1451);
#1450 = CARTESIAN_POINT('',(-39.19999999999,-32.69999999999,0.));
#1451 = VECTOR('',#1452,1.);
#1452 = DIRECTION('',(-1.,1.224646799147E-16,0.));
#1453 = ORIENTED_EDGE('',*,*,#590,.F.);
#1454 = PLANE('',#1455);
#1455 = AXIS2_PLACEMENT_3D('',#1456,#1457,#1458);
#1456 = CARTESIAN_POINT('',(-39.19999999999,-32.69999999999,0.));
#1457 = DIRECTION('',(1.224646799147E-16,1.,0.));
#1458 = DIRECTION('',(-1.,1.224646799147E-16,0.));
#1459 = ADVANCED_FACE('',(#1460),#1471,.T.);
#1460 = FACE_BOUND('',#1461,.T.);
#1461 = EDGE_LOOP('',(#1462,#1463,#1464,#1470));
#1462 = ORIENTED_EDGE('',*,*,#103,.F.);
#1463 = ORIENTED_EDGE('',*,*,#1414,.F.);
#1464 = ORIENTED_EDGE('',*,*,#1465,.T.);
#1465 = EDGE_CURVE('',#1415,#1441,#1466,.T.);
#1466 = LINE('',#1467,#1468);
#1467 = CARTESIAN_POINT('',(-39.19999999999,-37.49999999999,0.));
#1468 = VECTOR('',#1469,1.);
#1469 = DIRECTION('',(1.224646799147E-16,1.,0.));
#1470 = ORIENTED_EDGE('',*,*,#1440,.T.);
#1471 = PLANE('',#1472);
#1472 = AXIS2_PLACEMENT_3D('',#1473,#1474,#1475);
#1473 = CARTESIAN_POINT('',(-39.19999999999,-37.49999999999,0.));
#1474 = DIRECTION('',(1.,-1.224646799147E-16,0.));
#1475 = DIRECTION('',(1.224646799147E-16,1.,0.));
#1476 = ADVANCED_FACE('',(#1477),#1493,.F.);
#1477 = FACE_BOUND('',#1478,.T.);
#1478 = EDGE_LOOP('',(#1479,#1480,#1481,#1482,#1483,#1484,#1491,#1492));
#1479 = ORIENTED_EDGE('',*,*,#1465,.F.);
#1480 = ORIENTED_EDGE('',*,*,#1422,.T.);
#1481 = ORIENTED_EDGE('',*,*,#1375,.F.);
#1482 = ORIENTED_EDGE('',*,*,#1399,.T.);
#1483 = ORIENTED_EDGE('',*,*,#893,.F.);
#1484 = ORIENTED_EDGE('',*,*,#1485,.F.);
#1485 = EDGE_CURVE('',#599,#886,#1486,.T.);
#1486 = CIRCLE('',#1487,3.2);
#1487 = AXIS2_PLACEMENT_3D('',#1488,#1489,#1490);
#1488 = CARTESIAN_POINT('',(-37.5,-37.5,0.));
#1489 = DIRECTION('',(0.,0.,1.));
#1490 = DIRECTION('',(-0.707106781187,-0.707106781187,0.));
#1491 = ORIENTED_EDGE('',*,*,#598,.F.);
#1492 = ORIENTED_EDGE('',*,*,#1448,.F.);
#1493 = PLANE('',#1494);
#1494 = AXIS2_PLACEMENT_3D('',#1495,#1496,#1497);
#1495 = CARTESIAN_POINT('',(-36.69999999999,-36.69999999999,0.));
#1496 = DIRECTION('',(0.,0.,1.));
#1497 = DIRECTION('',(-1.,1.224646799147E-16,0.));
#1498 = ADVANCED_FACE('',(#1499),#1524,.T.);
#1499 = FACE_BOUND('',#1500,.T.);
#1500 = EDGE_LOOP('',(#1501,#1502,#1510,#1518));
#1501 = ORIENTED_EDGE('',*,*,#192,.F.);
#1502 = ORIENTED_EDGE('',*,*,#1503,.F.);
#1503 = EDGE_CURVE('',#1504,#185,#1506,.T.);
#1504 = VERTEX_POINT('',#1505);
#1505 = CARTESIAN_POINT('',(-32.69999999999,39.199999999998,0.));
#1506 = LINE('',#1507,#1508);
#1507 = CARTESIAN_POINT('',(-32.69999999999,39.199999999998,0.));
#1508 = VECTOR('',#1509,1.);
#1509 = DIRECTION('',(0.,0.,1.));
#1510 = ORIENTED_EDGE('',*,*,#1511,.T.);
#1511 = EDGE_CURVE('',#1504,#1512,#1514,.T.);
#1512 = VERTEX_POINT('',#1513);
#1513 = CARTESIAN_POINT('',(-32.69999999999,40.699999999998,0.));
#1514 = LINE('',#1515,#1516);
#1515 = CARTESIAN_POINT('',(-32.69999999999,39.199999999998,0.));
#1516 = VECTOR('',#1517,1.);
#1517 = DIRECTION('',(6.123233995737E-17,1.,0.));
#1518 = ORIENTED_EDGE('',*,*,#1519,.F.);
#1519 = EDGE_CURVE('',#193,#1512,#1520,.T.);
#1520 = LINE('',#1521,#1522);
#1521 = CARTESIAN_POINT('',(-32.69999999999,40.699999999999,0.));
#1522 = VECTOR('',#1523,1.);
#1523 = DIRECTION('',(0.,0.,-1.));
#1524 = PLANE('',#1525);
#1525 = AXIS2_PLACEMENT_3D('',#1526,#1527,#1528);
#1526 = CARTESIAN_POINT('',(-32.69999999999,39.199999999998,0.));
#1527 = DIRECTION('',(1.,-6.123233995737E-17,0.));
#1528 = DIRECTION('',(6.123233995737E-17,1.,0.));
#1529 = ADVANCED_FACE('',(#1530),#1548,.T.);
#1530 = FACE_BOUND('',#1531,.T.);
#1531 = EDGE_LOOP('',(#1532,#1533,#1541,#1547));
#1532 = ORIENTED_EDGE('',*,*,#184,.F.);
#1533 = ORIENTED_EDGE('',*,*,#1534,.F.);
#1534 = EDGE_CURVE('',#1535,#176,#1537,.T.);
#1535 = VERTEX_POINT('',#1536);
#1536 = CARTESIAN_POINT('',(-37.49999999999,39.199999999998,0.));
#1537 = LINE('',#1538,#1539);
#1538 = CARTESIAN_POINT('',(-37.49999999999,39.199999999998,0.));
#1539 = VECTOR('',#1540,1.);
#1540 = DIRECTION('',(0.,0.,1.));
#1541 = ORIENTED_EDGE('',*,*,#1542,.T.);
#1542 = EDGE_CURVE('',#1535,#1504,#1543,.T.);
#1543 = LINE('',#1544,#1545);
#1544 = CARTESIAN_POINT('',(-37.49999999999,39.199999999998,0.));
#1545 = VECTOR('',#1546,1.);
#1546 = DIRECTION('',(1.,-6.123233995737E-17,0.));
#1547 = ORIENTED_EDGE('',*,*,#1503,.T.);
#1548 = PLANE('',#1549);
#1549 = AXIS2_PLACEMENT_3D('',#1550,#1551,#1552);
#1550 = CARTESIAN_POINT('',(-37.49999999999,39.199999999998,0.));
#1551 = DIRECTION('',(-6.123233995737E-17,-1.,0.));
#1552 = DIRECTION('',(1.,-6.123233995737E-17,0.));
#1553 = ADVANCED_FACE('',(#1554),#1573,.F.);
#1554 = FACE_BOUND('',#1555,.F.);
#1555 = EDGE_LOOP('',(#1556,#1557,#1566,#1572));
#1556 = ORIENTED_EDGE('',*,*,#1534,.F.);
#1557 = ORIENTED_EDGE('',*,*,#1558,.T.);
#1558 = EDGE_CURVE('',#1535,#1559,#1561,.T.);
#1559 = VERTEX_POINT('',#1560);
#1560 = CARTESIAN_POINT('',(-39.19999999999,37.499999999999,0.));
#1561 = CIRCLE('',#1562,1.7);
#1562 = AXIS2_PLACEMENT_3D('',#1563,#1564,#1565);
#1563 = CARTESIAN_POINT('',(-37.49999999999,37.499999999999,0.));
#1564 = DIRECTION('',(0.,0.,1.));
#1565 = DIRECTION('',(-5.163346599455E-15,1.,0.));
#1566 = ORIENTED_EDGE('',*,*,#1567,.T.);
#1567 = EDGE_CURVE('',#1559,#168,#1568,.T.);
#1568 = LINE('',#1569,#1570);
#1569 = CARTESIAN_POINT('',(-39.19999999999,37.499999999999,0.));
#1570 = VECTOR('',#1571,1.);
#1571 = DIRECTION('',(0.,0.,1.));
#1572 = ORIENTED_EDGE('',*,*,#175,.T.);
#1573 = CYLINDRICAL_SURFACE('',#1574,1.7);
#1574 = AXIS2_PLACEMENT_3D('',#1575,#1576,#1577);
#1575 = CARTESIAN_POINT('',(-37.49999999999,37.499999999999,0.));
#1576 = DIRECTION('',(0.,0.,1.));
#1577 = DIRECTION('',(-5.163346599455E-15,1.,0.));
#1578 = ADVANCED_FACE('',(#1579),#1597,.T.);
#1579 = FACE_BOUND('',#1580,.T.);
#1580 = EDGE_LOOP('',(#1581,#1582,#1590,#1596));
#1581 = ORIENTED_EDGE('',*,*,#167,.F.);
#1582 = ORIENTED_EDGE('',*,*,#1583,.F.);
#1583 = EDGE_CURVE('',#1584,#160,#1586,.T.);
#1584 = VERTEX_POINT('',#1585);
#1585 = CARTESIAN_POINT('',(-39.19999999999,32.699999999998,0.));
#1586 = LINE('',#1587,#1588);
#1587 = CARTESIAN_POINT('',(-39.19999999999,32.699999999998,0.));
#1588 = VECTOR('',#1589,1.);
#1589 = DIRECTION('',(0.,0.,1.));
#1590 = ORIENTED_EDGE('',*,*,#1591,.T.);
#1591 = EDGE_CURVE('',#1584,#1559,#1592,.T.);
#1592 = LINE('',#1593,#1594);
#1593 = CARTESIAN_POINT('',(-39.19999999999,3.55,0.));
#1594 = VECTOR('',#1595,1.);
#1595 = DIRECTION('',(5.844596858779E-16,1.,0.));
#1596 = ORIENTED_EDGE('',*,*,#1567,.T.);
#1597 = PLANE('',#1598);
#1598 = AXIS2_PLACEMENT_3D('',#1599,#1600,#1601);
#1599 = CARTESIAN_POINT('',(-39.19999999999,32.699999999998,0.));
#1600 = DIRECTION('',(1.,-5.844596858779E-16,0.));
#1601 = DIRECTION('',(5.844596858779E-16,1.,0.));
#1602 = ADVANCED_FACE('',(#1603),#1614,.T.);
#1603 = FACE_BOUND('',#1604,.T.);
#1604 = EDGE_LOOP('',(#1605,#1606,#1607,#1613));
#1605 = ORIENTED_EDGE('',*,*,#159,.F.);
#1606 = ORIENTED_EDGE('',*,*,#638,.F.);
#1607 = ORIENTED_EDGE('',*,*,#1608,.F.);
#1608 = EDGE_CURVE('',#1584,#631,#1609,.T.);
#1609 = LINE('',#1610,#1611);
#1610 = CARTESIAN_POINT('',(-39.19999999999,32.699999999998,0.));
#1611 = VECTOR('',#1612,1.);
#1612 = DIRECTION('',(-1.,6.123233995737E-17,0.));
#1613 = ORIENTED_EDGE('',*,*,#1583,.T.);
#1614 = PLANE('',#1615);
#1615 = AXIS2_PLACEMENT_3D('',#1616,#1617,#1618);
#1616 = CARTESIAN_POINT('',(-40.69999999999,32.699999999998,0.));
#1617 = DIRECTION('',(-6.123233995737E-17,-1.,0.));
#1618 = DIRECTION('',(1.,-6.123233995737E-17,0.));
#1619 = ADVANCED_FACE('',(#1620),#1643,.F.);
#1620 = FACE_BOUND('',#1621,.T.);
#1621 = EDGE_LOOP('',(#1622,#1623,#1624,#1625,#1626,#1627,#1636,#1642));
#1622 = ORIENTED_EDGE('',*,*,#1542,.F.);
#1623 = ORIENTED_EDGE('',*,*,#1558,.T.);
#1624 = ORIENTED_EDGE('',*,*,#1591,.F.);
#1625 = ORIENTED_EDGE('',*,*,#1608,.T.);
#1626 = ORIENTED_EDGE('',*,*,#630,.F.);
#1627 = ORIENTED_EDGE('',*,*,#1628,.F.);
#1628 = EDGE_CURVE('',#1629,#623,#1631,.T.);
#1629 = VERTEX_POINT('',#1630);
#1630 = CARTESIAN_POINT('',(-37.49999999999,40.699999999998,0.));
#1631 = CIRCLE('',#1632,3.2);
#1632 = AXIS2_PLACEMENT_3D('',#1633,#1634,#1635);
#1633 = CARTESIAN_POINT('',(-37.5,37.499999999999,0.));
#1634 = DIRECTION('',(0.,0.,1.));
#1635 = DIRECTION('',(-0.707106781187,0.707106781187,0.));
#1636 = ORIENTED_EDGE('',*,*,#1637,.F.);
#1637 = EDGE_CURVE('',#1512,#1629,#1638,.T.);
#1638 = LINE('',#1639,#1640);
#1639 = CARTESIAN_POINT('',(2.9,40.699999999999,0.));
#1640 = VECTOR('',#1641,1.);
#1641 = DIRECTION('',(-1.,3.134747363648E-16,0.));
#1642 = ORIENTED_EDGE('',*,*,#1511,.F.);
#1643 = PLANE('',#1644);
#1644 = AXIS2_PLACEMENT_3D('',#1645,#1646,#1647);
#1645 = CARTESIAN_POINT('',(-36.69999999999,36.699999999998,0.));
#1646 = DIRECTION('',(0.,0.,1.));
#1647 = DIRECTION('',(6.123233995737E-17,1.,-0.));
#1648 = ADVANCED_FACE('',(#1649),#1668,.F.);
#1649 = FACE_BOUND('',#1650,.F.);
#1650 = EDGE_LOOP('',(#1651,#1659,#1666,#1667));
#1651 = ORIENTED_EDGE('',*,*,#1652,.T.);
#1652 = EDGE_CURVE('',#1629,#1653,#1655,.T.);
#1653 = VERTEX_POINT('',#1654);
#1654 = CARTESIAN_POINT('',(-37.5,40.699999999999,-3.7));
#1655 = LINE('',#1656,#1657);
#1656 = CARTESIAN_POINT('',(-37.5,40.699999999999,0.));
#1657 = VECTOR('',#1658,1.);
#1658 = DIRECTION('',(0.,0.,-1.));
#1659 = ORIENTED_EDGE('',*,*,#1660,.T.);
#1660 = EDGE_CURVE('',#1653,#615,#1661,.T.);
#1661 = CIRCLE('',#1662,3.2);
#1662 = AXIS2_PLACEMENT_3D('',#1663,#1664,#1665);
#1663 = CARTESIAN_POINT('',(-37.5,37.499999999999,-3.7));
#1664 = DIRECTION('',(0.,0.,1.));
#1665 = DIRECTION('',(-0.707106781187,0.707106781187,0.));
#1666 = ORIENTED_EDGE('',*,*,#622,.T.);
#1667 = ORIENTED_EDGE('',*,*,#1628,.F.);
#1668 = CYLINDRICAL_SURFACE('',#1669,3.2);
#1669 = AXIS2_PLACEMENT_3D('',#1670,#1671,#1672);
#1670 = CARTESIAN_POINT('',(-37.5,37.499999999999,0.));
#1671 = DIRECTION('',(0.,0.,1.));
#1672 = DIRECTION('',(-0.707106781187,0.707106781187,0.));
#1673 = ADVANCED_FACE('',(#1674),#1699,.T.);
#1674 = FACE_BOUND('',#1675,.T.);
#1675 = EDGE_LOOP('',(#1676,#1677,#1685,#1693));
#1676 = ORIENTED_EDGE('',*,*,#280,.F.);
#1677 = ORIENTED_EDGE('',*,*,#1678,.F.);
#1678 = EDGE_CURVE('',#1679,#273,#1681,.T.);
#1679 = VERTEX_POINT('',#1680);
#1680 = CARTESIAN_POINT('',(32.699999999998,39.199999999999,0.));
#1681 = LINE('',#1682,#1683);
#1682 = CARTESIAN_POINT('',(32.699999999998,39.199999999999,0.));
#1683 = VECTOR('',#1684,1.);
#1684 = DIRECTION('',(0.,0.,1.));
#1685 = ORIENTED_EDGE('',*,*,#1686,.T.);
#1686 = EDGE_CURVE('',#1679,#1687,#1689,.T.);
#1687 = VERTEX_POINT('',#1688);
#1688 = CARTESIAN_POINT('',(37.499999999999,39.199999999999,0.));
#1689 = LINE('',#1690,#1691);
#1690 = CARTESIAN_POINT('',(3.55,39.199999999999,0.));
#1691 = VECTOR('',#1692,1.);
#1692 = DIRECTION('',(1.,-5.232273459206E-16,0.));
#1693 = ORIENTED_EDGE('',*,*,#1694,.T.);
#1694 = EDGE_CURVE('',#1687,#281,#1695,.T.);
#1695 = LINE('',#1696,#1697);
#1696 = CARTESIAN_POINT('',(37.499999999999,39.199999999999,0.));
#1697 = VECTOR('',#1698,1.);
#1698 = DIRECTION('',(0.,0.,1.));
#1699 = PLANE('',#1700);
#1700 = AXIS2_PLACEMENT_3D('',#1701,#1702,#1703);
#1701 = CARTESIAN_POINT('',(32.699999999998,39.199999999999,0.));
#1702 = DIRECTION('',(-5.232273459206E-16,-1.,0.));
#1703 = DIRECTION('',(1.,-5.232273459206E-16,0.));
#1704 = ADVANCED_FACE('',(#1705),#1723,.T.);
#1705 = FACE_BOUND('',#1706,.T.);
#1706 = EDGE_LOOP('',(#1707,#1708,#1716,#1722));
#1707 = ORIENTED_EDGE('',*,*,#272,.F.);
#1708 = ORIENTED_EDGE('',*,*,#1709,.F.);
#1709 = EDGE_CURVE('',#1710,#265,#1712,.T.);
#1710 = VERTEX_POINT('',#1711);
#1711 = CARTESIAN_POINT('',(32.699999999998,40.699999999999,0.));
#1712 = LINE('',#1713,#1714);
#1713 = CARTESIAN_POINT('',(32.699999999998,40.699999999999,0.));
#1714 = VECTOR('',#1715,1.);
#1715 = DIRECTION('',(0.,0.,1.));
#1716 = ORIENTED_EDGE('',*,*,#1717,.F.);
#1717 = EDGE_CURVE('',#1679,#1710,#1718,.T.);
#1718 = LINE('',#1719,#1720);
#1719 = CARTESIAN_POINT('',(32.699999999998,39.199999999999,0.));
#1720 = VECTOR('',#1721,1.);
#1721 = DIRECTION('',(0.,1.,0.));
#1722 = ORIENTED_EDGE('',*,*,#1678,.T.);
#1723 = PLANE('',#1724);
#1724 = AXIS2_PLACEMENT_3D('',#1725,#1726,#1727);
#1725 = CARTESIAN_POINT('',(32.699999999998,40.699999999999,0.));
#1726 = DIRECTION('',(-1.,0.,0.));
#1727 = DIRECTION('',(0.,-1.,0.));
#1728 = ADVANCED_FACE('',(#1729),#1748,.F.);
#1729 = FACE_BOUND('',#1730,.F.);
#1730 = EDGE_LOOP('',(#1731,#1739,#1746,#1747));
#1731 = ORIENTED_EDGE('',*,*,#1732,.F.);
#1732 = EDGE_CURVE('',#1733,#289,#1735,.T.);
#1733 = VERTEX_POINT('',#1734);
#1734 = CARTESIAN_POINT('',(39.199999999998,37.499999999999,0.));
#1735 = LINE('',#1736,#1737);
#1736 = CARTESIAN_POINT('',(39.199999999998,37.499999999999,0.));
#1737 = VECTOR('',#1738,1.);
#1738 = DIRECTION('',(0.,0.,1.));
#1739 = ORIENTED_EDGE('',*,*,#1740,.T.);
#1740 = EDGE_CURVE('',#1733,#1687,#1741,.T.);
#1741 = CIRCLE('',#1742,1.7);
#1742 = AXIS2_PLACEMENT_3D('',#1743,#1744,#1745);
#1743 = CARTESIAN_POINT('',(37.499999999999,37.499999999999,0.));
#1744 = DIRECTION('',(0.,0.,1.));
#1745 = DIRECTION('',(1.,5.224578939412E-15,-0.));
#1746 = ORIENTED_EDGE('',*,*,#1694,.T.);
#1747 = ORIENTED_EDGE('',*,*,#288,.T.);
#1748 = CYLINDRICAL_SURFACE('',#1749,1.7);
#1749 = AXIS2_PLACEMENT_3D('',#1750,#1751,#1752);
#1750 = CARTESIAN_POINT('',(37.499999999999,37.499999999999,0.));
#1751 = DIRECTION('',(0.,0.,1.));
#1752 = DIRECTION('',(1.,5.224578939412E-15,-0.));
#1753 = ADVANCED_FACE('',(#1754),#1772,.T.);
#1754 = FACE_BOUND('',#1755,.T.);
#1755 = EDGE_LOOP('',(#1756,#1757,#1765,#1771));
#1756 = ORIENTED_EDGE('',*,*,#305,.F.);
#1757 = ORIENTED_EDGE('',*,*,#1758,.F.);
#1758 = EDGE_CURVE('',#1759,#298,#1761,.T.);
#1759 = VERTEX_POINT('',#1760);
#1760 = CARTESIAN_POINT('',(39.199999999998,32.699999999999,0.));
#1761 = LINE('',#1762,#1763);
#1762 = CARTESIAN_POINT('',(39.199999999998,32.699999999999,0.));
#1763 = VECTOR('',#1764,1.);
#1764 = DIRECTION('',(0.,0.,1.));
#1765 = ORIENTED_EDGE('',*,*,#1766,.T.);
#1766 = EDGE_CURVE('',#1759,#1287,#1767,.T.);
#1767 = LINE('',#1768,#1769);
#1768 = CARTESIAN_POINT('',(39.199999999998,32.699999999999,0.));
#1769 = VECTOR('',#1770,1.);
#1770 = DIRECTION('',(1.,0.,0.));
#1771 = ORIENTED_EDGE('',*,*,#1286,.F.);
#1772 = PLANE('',#1773);
#1773 = AXIS2_PLACEMENT_3D('',#1774,#1775,#1776);
#1774 = CARTESIAN_POINT('',(39.199999999998,32.699999999999,0.));
#1775 = DIRECTION('',(0.,-1.,0.));
#1776 = DIRECTION('',(1.,0.,0.));
#1777 = ADVANCED_FACE('',(#1778),#1789,.T.);
#1778 = FACE_BOUND('',#1779,.T.);
#1779 = EDGE_LOOP('',(#1780,#1781,#1782,#1788));
#1780 = ORIENTED_EDGE('',*,*,#297,.F.);
#1781 = ORIENTED_EDGE('',*,*,#1732,.F.);
#1782 = ORIENTED_EDGE('',*,*,#1783,.T.);
#1783 = EDGE_CURVE('',#1733,#1759,#1784,.T.);
#1784 = LINE('',#1785,#1786);
#1785 = CARTESIAN_POINT('',(39.199999999998,37.499999999999,0.));
#1786 = VECTOR('',#1787,1.);
#1787 = DIRECTION('',(0.,-1.,0.));
#1788 = ORIENTED_EDGE('',*,*,#1758,.T.);
#1789 = PLANE('',#1790);
#1790 = AXIS2_PLACEMENT_3D('',#1791,#1792,#1793);
#1791 = CARTESIAN_POINT('',(39.199999999998,37.499999999999,0.));
#1792 = DIRECTION('',(-1.,0.,0.));
#1793 = DIRECTION('',(0.,-1.,0.));
#1794 = ADVANCED_FACE('',(#1795),#1818,.F.);
#1795 = FACE_BOUND('',#1796,.T.);
#1796 = EDGE_LOOP('',(#1797,#1798,#1799,#1800,#1801,#1809,#1816,#1817));
#1797 = ORIENTED_EDGE('',*,*,#1783,.F.);
#1798 = ORIENTED_EDGE('',*,*,#1740,.T.);
#1799 = ORIENTED_EDGE('',*,*,#1686,.F.);
#1800 = ORIENTED_EDGE('',*,*,#1717,.T.);
#1801 = ORIENTED_EDGE('',*,*,#1802,.F.);
#1802 = EDGE_CURVE('',#1803,#1710,#1805,.T.);
#1803 = VERTEX_POINT('',#1804);
#1804 = CARTESIAN_POINT('',(37.499999999999,40.699999999999,0.));
#1805 = LINE('',#1806,#1807);
#1806 = CARTESIAN_POINT('',(39.599999999999,40.699999999999,0.));
#1807 = VECTOR('',#1808,1.);
#1808 = DIRECTION('',(-1.,3.134747363648E-16,0.));
#1809 = ORIENTED_EDGE('',*,*,#1810,.F.);
#1810 = EDGE_CURVE('',#1295,#1803,#1811,.T.);
#1811 = CIRCLE('',#1812,3.2);
#1812 = AXIS2_PLACEMENT_3D('',#1813,#1814,#1815);
#1813 = CARTESIAN_POINT('',(37.499999999999,37.499999999999,0.));
#1814 = DIRECTION('',(0.,0.,1.));
#1815 = DIRECTION('',(0.707106781187,0.707106781187,-0.));
#1816 = ORIENTED_EDGE('',*,*,#1294,.F.);
#1817 = ORIENTED_EDGE('',*,*,#1766,.F.);
#1818 = PLANE('',#1819);
#1819 = AXIS2_PLACEMENT_3D('',#1820,#1821,#1822);
#1820 = CARTESIAN_POINT('',(36.699999999998,36.699999999999,0.));
#1821 = DIRECTION('',(0.,0.,1.));
#1822 = DIRECTION('',(1.,0.,-0.));
#1823 = ADVANCED_FACE('',(#1824),#1834,.T.);
#1824 = FACE_BOUND('',#1825,.T.);
#1825 = EDGE_LOOP('',(#1826,#1827));
#1826 = ORIENTED_EDGE('',*,*,#657,.F.);
#1827 = ORIENTED_EDGE('',*,*,#1828,.T.);
#1828 = EDGE_CURVE('',#650,#658,#1829,.T.);
#1829 = CIRCLE('',#1830,0.5);
#1830 = AXIS2_PLACEMENT_3D('',#1831,#1832,#1833);
#1831 = CARTESIAN_POINT('',(-40.69999999999,4.499999999999,-1.7));
#1832 = DIRECTION('',(0.,1.,0.));
#1833 = DIRECTION('',(0.707106781187,-0.,0.707106781187));
#1834 = SPHERICAL_SURFACE('',#1835,0.5);
#1835 = AXIS2_PLACEMENT_3D('',#1836,#1837,#1838);
#1836 = CARTESIAN_POINT('',(-40.69999999999,4.499999999999,-1.7));
#1837 = DIRECTION('',(0.,0.,1.));
#1838 = DIRECTION('',(1.,0.,-0.));
#1839 = ADVANCED_FACE('',(#1840),#1850,.T.);
#1840 = FACE_BOUND('',#1841,.T.);
#1841 = EDGE_LOOP('',(#1842,#1843));
#1842 = ORIENTED_EDGE('',*,*,#674,.F.);
#1843 = ORIENTED_EDGE('',*,*,#1844,.T.);
#1844 = EDGE_CURVE('',#667,#648,#1845,.T.);
#1845 = CIRCLE('',#1846,0.5);
#1846 = AXIS2_PLACEMENT_3D('',#1847,#1848,#1849);
#1847 = CARTESIAN_POINT('',(-40.69999999999,-4.500000000001,-1.7));
#1848 = DIRECTION('',(0.,-1.,0.));
#1849 = DIRECTION('',(0.707106781187,0.,0.707106781187));
#1850 = SPHERICAL_SURFACE('',#1851,0.5);
#1851 = AXIS2_PLACEMENT_3D('',#1852,#1853,#1854);
#1852 = CARTESIAN_POINT('',(-40.69999999999,-4.500000000001,-1.7));
#1853 = DIRECTION('',(0.,0.,1.));
#1854 = DIRECTION('',(1.,0.,-0.));
#1855 = ADVANCED_FACE('',(#1856),#1862,.T.);
#1856 = FACE_BOUND('',#1857,.T.);
#1857 = EDGE_LOOP('',(#1858,#1859,#1860,#1861));
#1858 = ORIENTED_EDGE('',*,*,#1828,.F.);
#1859 = ORIENTED_EDGE('',*,*,#647,.F.);
#1860 = ORIENTED_EDGE('',*,*,#1844,.F.);
#1861 = ORIENTED_EDGE('',*,*,#666,.F.);
#1862 = CYLINDRICAL_SURFACE('',#1863,0.5);
#1863 = AXIS2_PLACEMENT_3D('',#1864,#1865,#1866);
#1864 = CARTESIAN_POINT('',(-40.69999999999,-2.500000000001,-1.7));
#1865 = DIRECTION('',(0.,-1.,0.));
#1866 = DIRECTION('',(0.707106781187,0.,0.707106781187));
#1867 = ADVANCED_FACE('',(#1868),#1878,.T.);
#1868 = FACE_BOUND('',#1869,.T.);
#1869 = EDGE_LOOP('',(#1870,#1871));
#1870 = ORIENTED_EDGE('',*,*,#1343,.F.);
#1871 = ORIENTED_EDGE('',*,*,#1872,.T.);
#1872 = EDGE_CURVE('',#1336,#1344,#1873,.T.);
#1873 = CIRCLE('',#1874,0.5);
#1874 = AXIS2_PLACEMENT_3D('',#1875,#1876,#1877);
#1875 = CARTESIAN_POINT('',(40.699999999998,4.499999999999,-1.7));
#1876 = DIRECTION('',(0.,1.,0.));
#1877 = DIRECTION('',(-0.707106781187,0.,0.707106781187));
#1878 = SPHERICAL_SURFACE('',#1879,0.5);
#1879 = AXIS2_PLACEMENT_3D('',#1880,#1881,#1882);
#1880 = CARTESIAN_POINT('',(40.699999999998,4.499999999999,-1.7));
#1881 = DIRECTION('',(0.,0.,1.));
#1882 = DIRECTION('',(1.,0.,-0.));
#1883 = ADVANCED_FACE('',(#1884),#1896,.T.);
#1884 = FACE_BOUND('',#1885,.T.);
#1885 = EDGE_LOOP('',(#1886,#1887,#1888,#1895));
#1886 = ORIENTED_EDGE('',*,*,#1872,.F.);
#1887 = ORIENTED_EDGE('',*,*,#1335,.F.);
#1888 = ORIENTED_EDGE('',*,*,#1889,.F.);
#1889 = EDGE_CURVE('',#1325,#1327,#1890,.T.);
#1890 = CIRCLE('',#1891,0.5);
#1891 = AXIS2_PLACEMENT_3D('',#1892,#1893,#1894);
#1892 = CARTESIAN_POINT('',(40.699999999998,-4.500000000001,-1.7));
#1893 = DIRECTION('',(0.,-1.,0.));
#1894 = DIRECTION('',(-0.707106781187,0.,0.707106781187));
#1895 = ORIENTED_EDGE('',*,*,#1352,.F.);
#1896 = CYLINDRICAL_SURFACE('',#1897,0.5);
#1897 = AXIS2_PLACEMENT_3D('',#1898,#1899,#1900);
#1898 = CARTESIAN_POINT('',(40.699999999998,-2.500000000001,-1.7));
#1899 = DIRECTION('',(0.,-1.,0.));
#1900 = DIRECTION('',(-0.707106781187,0.,0.707106781187));
#1901 = ADVANCED_FACE('',(#1902),#1906,.T.);
#1902 = FACE_BOUND('',#1903,.T.);
#1903 = EDGE_LOOP('',(#1904,#1905));
#1904 = ORIENTED_EDGE('',*,*,#1324,.F.);
#1905 = ORIENTED_EDGE('',*,*,#1889,.T.);
#1906 = SPHERICAL_SURFACE('',#1907,0.5);
#1907 = AXIS2_PLACEMENT_3D('',#1908,#1909,#1910);
#1908 = CARTESIAN_POINT('',(40.699999999998,-4.500000000001,-1.7));
#1909 = DIRECTION('',(0.,0.,1.));
#1910 = DIRECTION('',(1.,0.,-0.));
#1911 = ADVANCED_FACE('',(#1912),#1948,.F.);
#1912 = FACE_BOUND('',#1913,.F.);
#1913 = EDGE_LOOP('',(#1914,#1924,#1933,#1941));
#1914 = ORIENTED_EDGE('',*,*,#1915,.F.);
#1915 = EDGE_CURVE('',#1916,#1918,#1920,.T.);
#1916 = VERTEX_POINT('',#1917);
#1917 = CARTESIAN_POINT('',(-5.2,40.699999999999,0.75));
#1918 = VERTEX_POINT('',#1919);
#1919 = CARTESIAN_POINT('',(-5.2,41.249999999999,0.75));
#1920 = LINE('',#1921,#1922);
#1921 = CARTESIAN_POINT('',(-5.2,40.599999999999,0.75));
#1922 = VECTOR('',#1923,1.);
#1923 = DIRECTION('',(0.,1.,0.));
#1924 = ORIENTED_EDGE('',*,*,#1925,.F.);
#1925 = EDGE_CURVE('',#1926,#1916,#1928,.T.);
#1926 = VERTEX_POINT('',#1927);
#1927 = CARTESIAN_POINT('',(-3.7,40.699999999999,2.25));
#1928 = CIRCLE('',#1929,1.5);
#1929 = AXIS2_PLACEMENT_3D('',#1930,#1931,#1932);
#1930 = CARTESIAN_POINT('',(-3.7,40.699999999999,0.75));
#1931 = DIRECTION('',(-3.134747363648E-16,-1.,0.));
#1932 = DIRECTION('',(-0.707106781187,2.216601118142E-16,0.707106781187)
  );
#1933 = ORIENTED_EDGE('',*,*,#1934,.F.);
#1934 = EDGE_CURVE('',#1935,#1926,#1937,.T.);
#1935 = VERTEX_POINT('',#1936);
#1936 = CARTESIAN_POINT('',(-3.7,41.249999999999,2.25));
#1937 = LINE('',#1938,#1939);
#1938 = CARTESIAN_POINT('',(-3.7,40.599999999999,2.25));
#1939 = VECTOR('',#1940,1.);
#1940 = DIRECTION('',(0.,-1.,0.));
#1941 = ORIENTED_EDGE('',*,*,#1942,.T.);
#1942 = EDGE_CURVE('',#1935,#1918,#1943,.T.);
#1943 = CIRCLE('',#1944,1.5);
#1944 = AXIS2_PLACEMENT_3D('',#1945,#1946,#1947);
#1945 = CARTESIAN_POINT('',(-3.7,41.249999999999,0.75));
#1946 = DIRECTION('',(0.,-1.,0.));
#1947 = DIRECTION('',(-0.707106781187,0.,0.707106781187));
#1948 = CYLINDRICAL_SURFACE('',#1949,1.5);
#1949 = AXIS2_PLACEMENT_3D('',#1950,#1951,#1952);
#1950 = CARTESIAN_POINT('',(-3.7,40.599999999999,0.75));
#1951 = DIRECTION('',(0.,1.,0.));
#1952 = DIRECTION('',(-0.707106781187,0.,0.707106781187));
#1953 = ADVANCED_FACE('',(#1954),#1979,.F.);
#1954 = FACE_BOUND('',#1955,.T.);
#1955 = EDGE_LOOP('',(#1956,#1957,#1965,#1973));
#1956 = ORIENTED_EDGE('',*,*,#1934,.F.);
#1957 = ORIENTED_EDGE('',*,*,#1958,.T.);
#1958 = EDGE_CURVE('',#1935,#1959,#1961,.T.);
#1959 = VERTEX_POINT('',#1960);
#1960 = CARTESIAN_POINT('',(3.7,41.249999999999,2.25));
#1961 = LINE('',#1962,#1963);
#1962 = CARTESIAN_POINT('',(-5.2,41.249999999999,2.25));
#1963 = VECTOR('',#1964,1.);
#1964 = DIRECTION('',(1.,5.843279076975E-17,0.));
#1965 = ORIENTED_EDGE('',*,*,#1966,.F.);
#1966 = EDGE_CURVE('',#1967,#1959,#1969,.T.);
#1967 = VERTEX_POINT('',#1968);
#1968 = CARTESIAN_POINT('',(3.7,40.699999999999,2.25));
#1969 = LINE('',#1970,#1971);
#1970 = CARTESIAN_POINT('',(3.7,40.599999999999,2.25));
#1971 = VECTOR('',#1972,1.);
#1972 = DIRECTION('',(0.,1.,0.));
#1973 = ORIENTED_EDGE('',*,*,#1974,.F.);
#1974 = EDGE_CURVE('',#1926,#1967,#1975,.T.);
#1975 = LINE('',#1976,#1977);
#1976 = CARTESIAN_POINT('',(18.649999999999,40.699999999999,2.25));
#1977 = VECTOR('',#1978,1.);
#1978 = DIRECTION('',(1.,-3.134747363648E-16,0.));
#1979 = PLANE('',#1980);
#1980 = AXIS2_PLACEMENT_3D('',#1981,#1982,#1983);
#1981 = CARTESIAN_POINT('',(-5.2,40.599999999999,2.25));
#1982 = DIRECTION('',(0.,0.,1.));
#1983 = DIRECTION('',(1.,5.843279076975E-17,-0.));
#1984 = ADVANCED_FACE('',(#1985),#2012,.F.);
#1985 = FACE_BOUND('',#1986,.F.);
#1986 = EDGE_LOOP('',(#1987,#1988,#1997,#2005));
#1987 = ORIENTED_EDGE('',*,*,#1966,.F.);
#1988 = ORIENTED_EDGE('',*,*,#1989,.F.);
#1989 = EDGE_CURVE('',#1990,#1967,#1992,.T.);
#1990 = VERTEX_POINT('',#1991);
#1991 = CARTESIAN_POINT('',(5.2,40.699999999999,0.75));
#1992 = CIRCLE('',#1993,1.5);
#1993 = AXIS2_PLACEMENT_3D('',#1994,#1995,#1996);
#1994 = CARTESIAN_POINT('',(3.7,40.699999999999,0.75));
#1995 = DIRECTION('',(-3.134747363648E-16,-1.,0.));
#1996 = DIRECTION('',(0.707106781187,-2.216601118142E-16,0.707106781187)
  );
#1997 = ORIENTED_EDGE('',*,*,#1998,.F.);
#1998 = EDGE_CURVE('',#1999,#1990,#2001,.T.);
#1999 = VERTEX_POINT('',#2000);
#2000 = CARTESIAN_POINT('',(5.2,41.249999999999,0.75));
#2001 = LINE('',#2002,#2003);
#2002 = CARTESIAN_POINT('',(5.2,40.599999999999,0.75));
#2003 = VECTOR('',#2004,1.);
#2004 = DIRECTION('',(0.,-1.,0.));
#2005 = ORIENTED_EDGE('',*,*,#2006,.T.);
#2006 = EDGE_CURVE('',#1999,#1959,#2007,.T.);
#2007 = CIRCLE('',#2008,1.5);
#2008 = AXIS2_PLACEMENT_3D('',#2009,#2010,#2011);
#2009 = CARTESIAN_POINT('',(3.7,41.249999999999,0.75));
#2010 = DIRECTION('',(0.,-1.,0.));
#2011 = DIRECTION('',(0.707106781187,0.,0.707106781187));
#2012 = CYLINDRICAL_SURFACE('',#2013,1.5);
#2013 = AXIS2_PLACEMENT_3D('',#2014,#2015,#2016);
#2014 = CARTESIAN_POINT('',(3.7,40.599999999999,0.75));
#2015 = DIRECTION('',(0.,1.,0.));
#2016 = DIRECTION('',(0.707106781187,-0.,0.707106781187));
#2017 = ADVANCED_FACE('',(#2018,#2045),#2115,.F.);
#2018 = FACE_BOUND('',#2019,.T.);
#2019 = EDGE_LOOP('',(#2020,#2021,#2029,#2037,#2043,#2044));
#2020 = ORIENTED_EDGE('',*,*,#1942,.T.);
#2021 = ORIENTED_EDGE('',*,*,#2022,.F.);
#2022 = EDGE_CURVE('',#2023,#1918,#2025,.T.);
#2023 = VERTEX_POINT('',#2024);
#2024 = CARTESIAN_POINT('',(-5.2,41.249999999999,-3.7));
#2025 = LINE('',#2026,#2027);
#2026 = CARTESIAN_POINT('',(-5.2,41.249999999999,-3.7));
#2027 = VECTOR('',#2028,1.);
#2028 = DIRECTION('',(0.,0.,1.));
#2029 = ORIENTED_EDGE('',*,*,#2030,.F.);
#2030 = EDGE_CURVE('',#2031,#2023,#2033,.T.);
#2031 = VERTEX_POINT('',#2032);
#2032 = CARTESIAN_POINT('',(5.2,41.249999999999,-3.7));
#2033 = LINE('',#2034,#2035);
#2034 = CARTESIAN_POINT('',(-7.471800955727E-13,41.249999999999,-3.7));
#2035 = VECTOR('',#2036,1.);
#2036 = DIRECTION('',(-1.,0.,0.));
#2037 = ORIENTED_EDGE('',*,*,#2038,.F.);
#2038 = EDGE_CURVE('',#1999,#2031,#2039,.T.);
#2039 = LINE('',#2040,#2041);
#2040 = CARTESIAN_POINT('',(5.2,41.249999999999,2.25));
#2041 = VECTOR('',#2042,1.);
#2042 = DIRECTION('',(0.,0.,-1.));
#2043 = ORIENTED_EDGE('',*,*,#2006,.T.);
#2044 = ORIENTED_EDGE('',*,*,#1958,.F.);
#2045 = FACE_BOUND('',#2046,.T.);
#2046 = EDGE_LOOP('',(#2047,#2058,#2066,#2075,#2083,#2092,#2100,#2109));
#2047 = ORIENTED_EDGE('',*,*,#2048,.F.);
#2048 = EDGE_CURVE('',#2049,#2051,#2053,.T.);
#2049 = VERTEX_POINT('',#2050);
#2050 = CARTESIAN_POINT('',(4.4,41.249999999999,0.25));
#2051 = VERTEX_POINT('',#2052);
#2052 = CARTESIAN_POINT('',(3.2,41.249999999999,1.45));
#2053 = CIRCLE('',#2054,1.2);
#2054 = AXIS2_PLACEMENT_3D('',#2055,#2056,#2057);
#2055 = CARTESIAN_POINT('',(3.2,41.249999999999,0.25));
#2056 = DIRECTION('',(0.,-1.,0.));
#2057 = DIRECTION('',(0.707106781187,0.,0.707106781187));
#2058 = ORIENTED_EDGE('',*,*,#2059,.F.);
#2059 = EDGE_CURVE('',#2060,#2049,#2062,.T.);
#2060 = VERTEX_POINT('',#2061);
#2061 = CARTESIAN_POINT('',(4.4,41.249999999999,-0.25));
#2062 = LINE('',#2063,#2064);
#2063 = CARTESIAN_POINT('',(4.4,41.249999999999,0.3625));
#2064 = VECTOR('',#2065,1.);
#2065 = DIRECTION('',(0.,0.,1.));
#2066 = ORIENTED_EDGE('',*,*,#2067,.F.);
#2067 = EDGE_CURVE('',#2068,#2060,#2070,.T.);
#2068 = VERTEX_POINT('',#2069);
#2069 = CARTESIAN_POINT('',(3.2,41.249999999999,-1.45));
#2070 = CIRCLE('',#2071,1.2);
#2071 = AXIS2_PLACEMENT_3D('',#2072,#2073,#2074);
#2072 = CARTESIAN_POINT('',(3.2,41.249999999999,-0.25));
#2073 = DIRECTION('',(0.,-1.,0.));
#2074 = DIRECTION('',(0.707106781187,0.,-0.707106781187));
#2075 = ORIENTED_EDGE('',*,*,#2076,.F.);
#2076 = EDGE_CURVE('',#2077,#2068,#2079,.T.);
#2077 = VERTEX_POINT('',#2078);
#2078 = CARTESIAN_POINT('',(-3.2,41.249999999999,-1.45));
#2079 = LINE('',#2080,#2081);
#2080 = CARTESIAN_POINT('',(2.2,41.249999999999,-1.45));
#2081 = VECTOR('',#2082,1.);
#2082 = DIRECTION('',(1.,0.,0.));
#2083 = ORIENTED_EDGE('',*,*,#2084,.F.);
#2084 = EDGE_CURVE('',#2085,#2077,#2087,.T.);
#2085 = VERTEX_POINT('',#2086);
#2086 = CARTESIAN_POINT('',(-4.4,41.249999999999,-0.25));
#2087 = CIRCLE('',#2088,1.2);
#2088 = AXIS2_PLACEMENT_3D('',#2089,#2090,#2091);
#2089 = CARTESIAN_POINT('',(-3.2,41.249999999999,-0.25));
#2090 = DIRECTION('',(0.,-1.,0.));
#2091 = DIRECTION('',(-0.707106781187,-0.,-0.707106781187));
#2092 = ORIENTED_EDGE('',*,*,#2093,.F.);
#2093 = EDGE_CURVE('',#2094,#2085,#2096,.T.);
#2094 = VERTEX_POINT('',#2095);
#2095 = CARTESIAN_POINT('',(-4.4,41.249999999999,0.25));
#2096 = LINE('',#2097,#2098);
#2097 = CARTESIAN_POINT('',(-4.4,41.249999999999,-1.0875));
#2098 = VECTOR('',#2099,1.);
#2099 = DIRECTION('',(0.,0.,-1.));
#2100 = ORIENTED_EDGE('',*,*,#2101,.F.);
#2101 = EDGE_CURVE('',#2102,#2094,#2104,.T.);
#2102 = VERTEX_POINT('',#2103);
#2103 = CARTESIAN_POINT('',(-3.2,41.249999999999,1.45));
#2104 = CIRCLE('',#2105,1.2);
#2105 = AXIS2_PLACEMENT_3D('',#2106,#2107,#2108);
#2106 = CARTESIAN_POINT('',(-3.2,41.249999999999,0.25));
#2107 = DIRECTION('',(0.,-1.,0.));
#2108 = DIRECTION('',(-0.707106781187,0.,0.707106781187));
#2109 = ORIENTED_EDGE('',*,*,#2110,.F.);
#2110 = EDGE_CURVE('',#2051,#2102,#2111,.T.);
#2111 = LINE('',#2112,#2113);
#2112 = CARTESIAN_POINT('',(-2.2,41.249999999999,1.45));
#2113 = VECTOR('',#2114,1.);
#2114 = DIRECTION('',(-1.,0.,0.));
#2115 = PLANE('',#2116);
#2116 = AXIS2_PLACEMENT_3D('',#2117,#2118,#2119);
#2117 = CARTESIAN_POINT('',(-2.22044604925E-15,41.249999999999,-0.725));
#2118 = DIRECTION('',(0.,1.,0.));
#2119 = DIRECTION('',(0.,-0.,1.));
#2120 = ADVANCED_FACE('',(#2121),#2139,.F.);
#2121 = FACE_BOUND('',#2122,.T.);
#2122 = EDGE_LOOP('',(#2123,#2124,#2125,#2133));
#2123 = ORIENTED_EDGE('',*,*,#1998,.F.);
#2124 = ORIENTED_EDGE('',*,*,#2038,.T.);
#2125 = ORIENTED_EDGE('',*,*,#2126,.F.);
#2126 = EDGE_CURVE('',#2127,#2031,#2129,.T.);
#2127 = VERTEX_POINT('',#2128);
#2128 = CARTESIAN_POINT('',(5.2,40.699999999999,-3.7));
#2129 = LINE('',#2130,#2131);
#2130 = CARTESIAN_POINT('',(5.2,20.299999999999,-3.7));
#2131 = VECTOR('',#2132,1.);
#2132 = DIRECTION('',(0.,1.,0.));
#2133 = ORIENTED_EDGE('',*,*,#2134,.F.);
#2134 = EDGE_CURVE('',#1990,#2127,#2135,.T.);
#2135 = LINE('',#2136,#2137);
#2136 = CARTESIAN_POINT('',(5.2,40.699999999999,1.125));
#2137 = VECTOR('',#2138,1.);
#2138 = DIRECTION('',(0.,0.,-1.));
#2139 = PLANE('',#2140);
#2140 = AXIS2_PLACEMENT_3D('',#2141,#2142,#2143);
#2141 = CARTESIAN_POINT('',(5.2,40.599999999999,2.25));
#2142 = DIRECTION('',(1.,0.,0.));
#2143 = DIRECTION('',(0.,0.,-1.));
#2144 = ADVANCED_FACE('',(#2145),#2163,.F.);
#2145 = FACE_BOUND('',#2146,.T.);
#2146 = EDGE_LOOP('',(#2147,#2148,#2156,#2162));
#2147 = ORIENTED_EDGE('',*,*,#1915,.F.);
#2148 = ORIENTED_EDGE('',*,*,#2149,.F.);
#2149 = EDGE_CURVE('',#2150,#1916,#2152,.T.);
#2150 = VERTEX_POINT('',#2151);
#2151 = CARTESIAN_POINT('',(-5.2,40.699999999999,-3.7));
#2152 = LINE('',#2153,#2154);
#2153 = CARTESIAN_POINT('',(-5.2,40.699999999999,-1.85));
#2154 = VECTOR('',#2155,1.);
#2155 = DIRECTION('',(0.,0.,1.));
#2156 = ORIENTED_EDGE('',*,*,#2157,.F.);
#2157 = EDGE_CURVE('',#2023,#2150,#2158,.T.);
#2158 = LINE('',#2159,#2160);
#2159 = CARTESIAN_POINT('',(-5.2,20.299999999999,-3.7));
#2160 = VECTOR('',#2161,1.);
#2161 = DIRECTION('',(0.,-1.,0.));
#2162 = ORIENTED_EDGE('',*,*,#2022,.T.);
#2163 = PLANE('',#2164);
#2164 = AXIS2_PLACEMENT_3D('',#2165,#2166,#2167);
#2165 = CARTESIAN_POINT('',(-5.2,40.599999999999,-3.7));
#2166 = DIRECTION('',(-1.,0.,0.));
#2167 = DIRECTION('',(0.,0.,1.));
#2168 = ADVANCED_FACE('',(#2169),#2210,.F.);
#2169 = FACE_BOUND('',#2170,.T.);
#2170 = EDGE_LOOP('',(#2171,#2172,#2173,#2174,#2175,#2176,#2182,#2183,
    #2184,#2185,#2186,#2187,#2195,#2201,#2202,#2203,#2204,#2205,#2206,
    #2207,#2208,#2209));
#2171 = ORIENTED_EDGE('',*,*,#690,.T.);
#2172 = ORIENTED_EDGE('',*,*,#200,.F.);
#2173 = ORIENTED_EDGE('',*,*,#1519,.T.);
#2174 = ORIENTED_EDGE('',*,*,#1637,.T.);
#2175 = ORIENTED_EDGE('',*,*,#1652,.T.);
#2176 = ORIENTED_EDGE('',*,*,#2177,.F.);
#2177 = EDGE_CURVE('',#2150,#1653,#2178,.T.);
#2178 = LINE('',#2179,#2180);
#2179 = CARTESIAN_POINT('',(21.249999999999,40.699999999999,-3.7));
#2180 = VECTOR('',#2181,1.);
#2181 = DIRECTION('',(-1.,3.134747363648E-16,0.));
#2182 = ORIENTED_EDGE('',*,*,#2149,.T.);
#2183 = ORIENTED_EDGE('',*,*,#1925,.F.);
#2184 = ORIENTED_EDGE('',*,*,#1974,.T.);
#2185 = ORIENTED_EDGE('',*,*,#1989,.F.);
#2186 = ORIENTED_EDGE('',*,*,#2134,.T.);
#2187 = ORIENTED_EDGE('',*,*,#2188,.F.);
#2188 = EDGE_CURVE('',#2189,#2127,#2191,.T.);
#2189 = VERTEX_POINT('',#2190);
#2190 = CARTESIAN_POINT('',(37.499999999999,40.699999999999,-3.7));
#2191 = LINE('',#2192,#2193);
#2192 = CARTESIAN_POINT('',(21.249999999999,40.699999999999,-3.7));
#2193 = VECTOR('',#2194,1.);
#2194 = DIRECTION('',(-1.,3.134747363648E-16,0.));
#2195 = ORIENTED_EDGE('',*,*,#2196,.T.);
#2196 = EDGE_CURVE('',#2189,#1803,#2197,.T.);
#2197 = LINE('',#2198,#2199);
#2198 = CARTESIAN_POINT('',(37.499999999999,40.699999999999,0.));
#2199 = VECTOR('',#2200,1.);
#2200 = DIRECTION('',(0.,0.,1.));
#2201 = ORIENTED_EDGE('',*,*,#1802,.T.);
#2202 = ORIENTED_EDGE('',*,*,#1709,.T.);
#2203 = ORIENTED_EDGE('',*,*,#264,.F.);
#2204 = ORIENTED_EDGE('',*,*,#1061,.T.);
#2205 = ORIENTED_EDGE('',*,*,#1093,.T.);
#2206 = ORIENTED_EDGE('',*,*,#1014,.T.);
#2207 = ORIENTED_EDGE('',*,*,#232,.F.);
#2208 = ORIENTED_EDGE('',*,*,#754,.T.);
#2209 = ORIENTED_EDGE('',*,*,#771,.T.);
#2210 = PLANE('',#2211);
#2211 = AXIS2_PLACEMENT_3D('',#2212,#2213,#2214);
#2212 = CARTESIAN_POINT('',(42.499999999999,40.699999999999,0.));
#2213 = DIRECTION('',(3.134747363648E-16,1.,0.));
#2214 = DIRECTION('',(-1.,3.134747363648E-16,0.));
#2215 = ADVANCED_FACE('',(#2216),#2242,.F.);
#2216 = FACE_BOUND('',#2217,.F.);
#2217 = EDGE_LOOP('',(#2218,#2226,#2235,#2241));
#2218 = ORIENTED_EDGE('',*,*,#2219,.F.);
#2219 = EDGE_CURVE('',#2220,#2085,#2222,.T.);
#2220 = VERTEX_POINT('',#2221);
#2221 = CARTESIAN_POINT('',(-4.4,42.499999999999,-0.25));
#2222 = LINE('',#2223,#2224);
#2223 = CARTESIAN_POINT('',(-4.4,40.599999999999,-0.25));
#2224 = VECTOR('',#2225,1.);
#2225 = DIRECTION('',(0.,-1.,0.));
#2226 = ORIENTED_EDGE('',*,*,#2227,.F.);
#2227 = EDGE_CURVE('',#2228,#2220,#2230,.T.);
#2228 = VERTEX_POINT('',#2229);
#2229 = CARTESIAN_POINT('',(-3.2,42.499999999999,-1.45));
#2230 = CIRCLE('',#2231,1.2);
#2231 = AXIS2_PLACEMENT_3D('',#2232,#2233,#2234);
#2232 = CARTESIAN_POINT('',(-3.2,42.499999999999,-0.25));
#2233 = DIRECTION('',(3.134747363648E-16,1.,0.));
#2234 = DIRECTION('',(-0.707106781187,2.216601118142E-16,-0.707106781187
    ));
#2235 = ORIENTED_EDGE('',*,*,#2236,.F.);
#2236 = EDGE_CURVE('',#2077,#2228,#2237,.T.);
#2237 = LINE('',#2238,#2239);
#2238 = CARTESIAN_POINT('',(-3.2,40.599999999999,-1.45));
#2239 = VECTOR('',#2240,1.);
#2240 = DIRECTION('',(0.,1.,0.));
#2241 = ORIENTED_EDGE('',*,*,#2084,.F.);
#2242 = CYLINDRICAL_SURFACE('',#2243,1.2);
#2243 = AXIS2_PLACEMENT_3D('',#2244,#2245,#2246);
#2244 = CARTESIAN_POINT('',(-3.2,40.599999999999,-0.25));
#2245 = DIRECTION('',(0.,1.,0.));
#2246 = DIRECTION('',(-0.707106781187,0.,-0.707106781187));
#2247 = ADVANCED_FACE('',(#2248),#2266,.F.);
#2248 = FACE_BOUND('',#2249,.T.);
#2249 = EDGE_LOOP('',(#2250,#2251,#2259,#2265));
#2250 = ORIENTED_EDGE('',*,*,#2076,.T.);
#2251 = ORIENTED_EDGE('',*,*,#2252,.F.);
#2252 = EDGE_CURVE('',#2253,#2068,#2255,.T.);
#2253 = VERTEX_POINT('',#2254);
#2254 = CARTESIAN_POINT('',(3.2,42.499999999999,-1.45));
#2255 = LINE('',#2256,#2257);
#2256 = CARTESIAN_POINT('',(3.2,40.599999999999,-1.45));
#2257 = VECTOR('',#2258,1.);
#2258 = DIRECTION('',(0.,-1.,0.));
#2259 = ORIENTED_EDGE('',*,*,#2260,.F.);
#2260 = EDGE_CURVE('',#2228,#2253,#2261,.T.);
#2261 = LINE('',#2262,#2263);
#2262 = CARTESIAN_POINT('',(23.449999999999,42.499999999999,-1.45));
#2263 = VECTOR('',#2264,1.);
#2264 = DIRECTION('',(1.,-3.134747363648E-16,0.));
#2265 = ORIENTED_EDGE('',*,*,#2236,.F.);
#2266 = PLANE('',#2267);
#2267 = AXIS2_PLACEMENT_3D('',#2268,#2269,#2270);
#2268 = CARTESIAN_POINT('',(4.4,40.599999999999,-1.45));
#2269 = DIRECTION('',(0.,0.,-1.));
#2270 = DIRECTION('',(-1.,-5.843279076975E-17,-0.));
#2271 = ADVANCED_FACE('',(#2272),#2291,.F.);
#2272 = FACE_BOUND('',#2273,.F.);
#2273 = EDGE_LOOP('',(#2274,#2275,#2284,#2290));
#2274 = ORIENTED_EDGE('',*,*,#2252,.F.);
#2275 = ORIENTED_EDGE('',*,*,#2276,.F.);
#2276 = EDGE_CURVE('',#2277,#2253,#2279,.T.);
#2277 = VERTEX_POINT('',#2278);
#2278 = CARTESIAN_POINT('',(4.4,42.499999999999,-0.25));
#2279 = CIRCLE('',#2280,1.2);
#2280 = AXIS2_PLACEMENT_3D('',#2281,#2282,#2283);
#2281 = CARTESIAN_POINT('',(3.2,42.499999999999,-0.25));
#2282 = DIRECTION('',(3.134747363648E-16,1.,0.));
#2283 = DIRECTION('',(0.707106781187,-2.216601118142E-16,-0.707106781187
    ));
#2284 = ORIENTED_EDGE('',*,*,#2285,.F.);
#2285 = EDGE_CURVE('',#2060,#2277,#2286,.T.);
#2286 = LINE('',#2287,#2288);
#2287 = CARTESIAN_POINT('',(4.4,40.599999999999,-0.25));
#2288 = VECTOR('',#2289,1.);
#2289 = DIRECTION('',(0.,1.,0.));
#2290 = ORIENTED_EDGE('',*,*,#2067,.F.);
#2291 = CYLINDRICAL_SURFACE('',#2292,1.2);
#2292 = AXIS2_PLACEMENT_3D('',#2293,#2294,#2295);
#2293 = CARTESIAN_POINT('',(3.2,40.599999999999,-0.25));
#2294 = DIRECTION('',(0.,1.,0.));
#2295 = DIRECTION('',(0.707106781187,0.,-0.707106781187));
#2296 = ADVANCED_FACE('',(#2297),#2315,.F.);
#2297 = FACE_BOUND('',#2298,.T.);
#2298 = EDGE_LOOP('',(#2299,#2300,#2308,#2314));
#2299 = ORIENTED_EDGE('',*,*,#2059,.T.);
#2300 = ORIENTED_EDGE('',*,*,#2301,.F.);
#2301 = EDGE_CURVE('',#2302,#2049,#2304,.T.);
#2302 = VERTEX_POINT('',#2303);
#2303 = CARTESIAN_POINT('',(4.4,42.499999999999,0.25));
#2304 = LINE('',#2305,#2306);
#2305 = CARTESIAN_POINT('',(4.4,40.599999999999,0.25));
#2306 = VECTOR('',#2307,1.);
#2307 = DIRECTION('',(0.,-1.,0.));
#2308 = ORIENTED_EDGE('',*,*,#2309,.F.);
#2309 = EDGE_CURVE('',#2277,#2302,#2310,.T.);
#2310 = LINE('',#2311,#2312);
#2311 = CARTESIAN_POINT('',(4.4,42.499999999999,0.725));
#2312 = VECTOR('',#2313,1.);
#2313 = DIRECTION('',(0.,0.,1.));
#2314 = ORIENTED_EDGE('',*,*,#2285,.F.);
#2315 = PLANE('',#2316);
#2316 = AXIS2_PLACEMENT_3D('',#2317,#2318,#2319);
#2317 = CARTESIAN_POINT('',(4.4,40.599999999999,1.45));
#2318 = DIRECTION('',(1.,0.,0.));
#2319 = DIRECTION('',(0.,0.,-1.));
#2320 = ADVANCED_FACE('',(#2321),#2347,.F.);
#2321 = FACE_BOUND('',#2322,.F.);
#2322 = EDGE_LOOP('',(#2323,#2331,#2340,#2346));
#2323 = ORIENTED_EDGE('',*,*,#2324,.F.);
#2324 = EDGE_CURVE('',#2325,#2102,#2327,.T.);
#2325 = VERTEX_POINT('',#2326);
#2326 = CARTESIAN_POINT('',(-3.2,42.499999999999,1.45));
#2327 = LINE('',#2328,#2329);
#2328 = CARTESIAN_POINT('',(-3.2,40.599999999999,1.45));
#2329 = VECTOR('',#2330,1.);
#2330 = DIRECTION('',(0.,-1.,0.));
#2331 = ORIENTED_EDGE('',*,*,#2332,.F.);
#2332 = EDGE_CURVE('',#2333,#2325,#2335,.T.);
#2333 = VERTEX_POINT('',#2334);
#2334 = CARTESIAN_POINT('',(-4.4,42.499999999999,0.25));
#2335 = CIRCLE('',#2336,1.2);
#2336 = AXIS2_PLACEMENT_3D('',#2337,#2338,#2339);
#2337 = CARTESIAN_POINT('',(-3.2,42.499999999999,0.25));
#2338 = DIRECTION('',(3.134747363648E-16,1.,0.));
#2339 = DIRECTION('',(-0.707106781187,2.216601118142E-16,0.707106781187)
  );
#2340 = ORIENTED_EDGE('',*,*,#2341,.F.);
#2341 = EDGE_CURVE('',#2094,#2333,#2342,.T.);
#2342 = LINE('',#2343,#2344);
#2343 = CARTESIAN_POINT('',(-4.4,40.599999999999,0.25));
#2344 = VECTOR('',#2345,1.);
#2345 = DIRECTION('',(0.,1.,0.));
#2346 = ORIENTED_EDGE('',*,*,#2101,.F.);
#2347 = CYLINDRICAL_SURFACE('',#2348,1.2);
#2348 = AXIS2_PLACEMENT_3D('',#2349,#2350,#2351);
#2349 = CARTESIAN_POINT('',(-3.2,40.599999999999,0.25));
#2350 = DIRECTION('',(0.,1.,0.));
#2351 = DIRECTION('',(-0.707106781187,0.,0.707106781187));
#2352 = ADVANCED_FACE('',(#2353),#2364,.F.);
#2353 = FACE_BOUND('',#2354,.T.);
#2354 = EDGE_LOOP('',(#2355,#2356,#2357,#2363));
#2355 = ORIENTED_EDGE('',*,*,#2093,.T.);
#2356 = ORIENTED_EDGE('',*,*,#2219,.F.);
#2357 = ORIENTED_EDGE('',*,*,#2358,.F.);
#2358 = EDGE_CURVE('',#2333,#2220,#2359,.T.);
#2359 = LINE('',#2360,#2361);
#2360 = CARTESIAN_POINT('',(-4.4,42.499999999999,-0.725));
#2361 = VECTOR('',#2362,1.);
#2362 = DIRECTION('',(0.,0.,-1.));
#2363 = ORIENTED_EDGE('',*,*,#2341,.F.);
#2364 = PLANE('',#2365);
#2365 = AXIS2_PLACEMENT_3D('',#2366,#2367,#2368);
#2366 = CARTESIAN_POINT('',(-4.4,40.599999999999,-1.45));
#2367 = DIRECTION('',(-1.,0.,0.));
#2368 = DIRECTION('',(0.,0.,1.));
#2369 = ADVANCED_FACE('',(#2370),#2389,.F.);
#2370 = FACE_BOUND('',#2371,.F.);
#2371 = EDGE_LOOP('',(#2372,#2373,#2382,#2388));
#2372 = ORIENTED_EDGE('',*,*,#2301,.F.);
#2373 = ORIENTED_EDGE('',*,*,#2374,.F.);
#2374 = EDGE_CURVE('',#2375,#2302,#2377,.T.);
#2375 = VERTEX_POINT('',#2376);
#2376 = CARTESIAN_POINT('',(3.2,42.499999999999,1.45));
#2377 = CIRCLE('',#2378,1.2);
#2378 = AXIS2_PLACEMENT_3D('',#2379,#2380,#2381);
#2379 = CARTESIAN_POINT('',(3.2,42.499999999999,0.25));
#2380 = DIRECTION('',(3.134747363648E-16,1.,0.));
#2381 = DIRECTION('',(0.707106781187,-2.216601118142E-16,0.707106781187)
  );
#2382 = ORIENTED_EDGE('',*,*,#2383,.F.);
#2383 = EDGE_CURVE('',#2051,#2375,#2384,.T.);
#2384 = LINE('',#2385,#2386);
#2385 = CARTESIAN_POINT('',(3.2,40.599999999999,1.45));
#2386 = VECTOR('',#2387,1.);
#2387 = DIRECTION('',(0.,1.,0.));
#2388 = ORIENTED_EDGE('',*,*,#2048,.F.);
#2389 = CYLINDRICAL_SURFACE('',#2390,1.2);
#2390 = AXIS2_PLACEMENT_3D('',#2391,#2392,#2393);
#2391 = CARTESIAN_POINT('',(3.2,40.599999999999,0.25));
#2392 = DIRECTION('',(0.,1.,0.));
#2393 = DIRECTION('',(0.707106781187,-0.,0.707106781187));
#2394 = ADVANCED_FACE('',(#2395),#2406,.F.);
#2395 = FACE_BOUND('',#2396,.T.);
#2396 = EDGE_LOOP('',(#2397,#2398,#2399,#2405));
#2397 = ORIENTED_EDGE('',*,*,#2110,.T.);
#2398 = ORIENTED_EDGE('',*,*,#2324,.F.);
#2399 = ORIENTED_EDGE('',*,*,#2400,.F.);
#2400 = EDGE_CURVE('',#2375,#2325,#2401,.T.);
#2401 = LINE('',#2402,#2403);
#2402 = CARTESIAN_POINT('',(19.049999999999,42.499999999999,1.45));
#2403 = VECTOR('',#2404,1.);
#2404 = DIRECTION('',(-1.,3.134747363648E-16,0.));
#2405 = ORIENTED_EDGE('',*,*,#2383,.F.);
#2406 = PLANE('',#2407);
#2407 = AXIS2_PLACEMENT_3D('',#2408,#2409,#2410);
#2408 = CARTESIAN_POINT('',(-4.4,40.599999999999,1.45));
#2409 = DIRECTION('',(0.,0.,1.));
#2410 = DIRECTION('',(1.,5.843279076975E-17,-0.));
#2411 = ADVANCED_FACE('',(#2412),#2438,.F.);
#2412 = FACE_BOUND('',#2413,.F.);
#2413 = EDGE_LOOP('',(#2414,#2415,#2423,#2432));
#2414 = ORIENTED_EDGE('',*,*,#475,.T.);
#2415 = ORIENTED_EDGE('',*,*,#2416,.T.);
#2416 = EDGE_CURVE('',#411,#2417,#2419,.T.);
#2417 = VERTEX_POINT('',#2418);
#2418 = CARTESIAN_POINT('',(1.567092708028,-28.75733333333,0.));
#2419 = LINE('',#2420,#2421);
#2420 = CARTESIAN_POINT('',(1.567092708028,-28.75733333333,3.5));
#2421 = VECTOR('',#2422,1.);
#2422 = DIRECTION('',(0.,0.,-1.));
#2423 = ORIENTED_EDGE('',*,*,#2424,.T.);
#2424 = EDGE_CURVE('',#2417,#2425,#2427,.T.);
#2425 = VERTEX_POINT('',#2426);
#2426 = CARTESIAN_POINT('',(-1.567092708028,-28.75733333333,0.));
#2427 = CIRCLE('',#2428,2.);
#2428 = AXIS2_PLACEMENT_3D('',#2429,#2430,#2431);
#2429 = CARTESIAN_POINT('',(-5.510910596163E-15,-30.,0.));
#2430 = DIRECTION('',(0.,0.,1.));
#2431 = DIRECTION('',(-1.836970198721E-16,-1.,0.));
#2432 = ORIENTED_EDGE('',*,*,#2433,.T.);
#2433 = EDGE_CURVE('',#2425,#467,#2434,.T.);
#2434 = LINE('',#2435,#2436);
#2435 = CARTESIAN_POINT('',(-1.567092708028,-28.75733333333,3.5));
#2436 = VECTOR('',#2437,1.);
#2437 = DIRECTION('',(0.,0.,1.));
#2438 = CYLINDRICAL_SURFACE('',#2439,2.);
#2439 = AXIS2_PLACEMENT_3D('',#2440,#2441,#2442);
#2440 = CARTESIAN_POINT('',(-5.510910596163E-15,-30.,3.5));
#2441 = DIRECTION('',(0.,0.,-1.));
#2442 = DIRECTION('',(6.123233995737E-17,1.,0.));
#2443 = ADVANCED_FACE('',(#2444),#2463,.T.);
#2444 = FACE_BOUND('',#2445,.T.);
#2445 = EDGE_LOOP('',(#2446,#2447,#2456,#2462));
#2446 = ORIENTED_EDGE('',*,*,#2416,.T.);
#2447 = ORIENTED_EDGE('',*,*,#2448,.T.);
#2448 = EDGE_CURVE('',#2417,#2449,#2451,.T.);
#2449 = VERTEX_POINT('',#2450);
#2450 = CARTESIAN_POINT('',(28.757333333333,-1.567092708028,0.));
#2451 = CIRCLE('',#2452,28.8);
#2452 = AXIS2_PLACEMENT_3D('',#2453,#2454,#2455);
#2453 = CARTESIAN_POINT('',(0.,0.,0.));
#2454 = DIRECTION('',(0.,0.,1.));
#2455 = DIRECTION('',(1.,0.,-0.));
#2456 = ORIENTED_EDGE('',*,*,#2457,.T.);
#2457 = EDGE_CURVE('',#2449,#413,#2458,.T.);
#2458 = LINE('',#2459,#2460);
#2459 = CARTESIAN_POINT('',(28.757333333333,-1.567092708028,3.5));
#2460 = VECTOR('',#2461,1.);
#2461 = DIRECTION('',(0.,0.,1.));
#2462 = ORIENTED_EDGE('',*,*,#410,.F.);
#2463 = CYLINDRICAL_SURFACE('',#2464,28.8);
#2464 = AXIS2_PLACEMENT_3D('',#2465,#2466,#2467);
#2465 = CARTESIAN_POINT('',(0.,0.,0.));
#2466 = DIRECTION('',(0.,0.,1.));
#2467 = DIRECTION('',(1.,0.,-0.));
#2468 = ADVANCED_FACE('',(#2469),#2488,.T.);
#2469 = FACE_BOUND('',#2470,.T.);
#2470 = EDGE_LOOP('',(#2471,#2472,#2473,#2481));
#2471 = ORIENTED_EDGE('',*,*,#2433,.T.);
#2472 = ORIENTED_EDGE('',*,*,#466,.F.);
#2473 = ORIENTED_EDGE('',*,*,#2474,.T.);
#2474 = EDGE_CURVE('',#458,#2475,#2477,.T.);
#2475 = VERTEX_POINT('',#2476);
#2476 = CARTESIAN_POINT('',(-28.75733333333,-1.567092708028,0.));
#2477 = LINE('',#2478,#2479);
#2478 = CARTESIAN_POINT('',(-28.75733333333,-1.567092708028,3.5));
#2479 = VECTOR('',#2480,1.);
#2480 = DIRECTION('',(0.,0.,-1.));
#2481 = ORIENTED_EDGE('',*,*,#2482,.T.);
#2482 = EDGE_CURVE('',#2475,#2425,#2483,.T.);
#2483 = CIRCLE('',#2484,28.8);
#2484 = AXIS2_PLACEMENT_3D('',#2485,#2486,#2487);
#2485 = CARTESIAN_POINT('',(0.,0.,0.));
#2486 = DIRECTION('',(0.,0.,1.));
#2487 = DIRECTION('',(1.,0.,-0.));
#2488 = CYLINDRICAL_SURFACE('',#2489,28.8);
#2489 = AXIS2_PLACEMENT_3D('',#2490,#2491,#2492);
#2490 = CARTESIAN_POINT('',(0.,0.,0.));
#2491 = DIRECTION('',(0.,0.,1.));
#2492 = DIRECTION('',(1.,0.,-0.));
#2493 = ADVANCED_FACE('',(#2494),#2513,.F.);
#2494 = FACE_BOUND('',#2495,.F.);
#2495 = EDGE_LOOP('',(#2496,#2497,#2498,#2507));
#2496 = ORIENTED_EDGE('',*,*,#457,.T.);
#2497 = ORIENTED_EDGE('',*,*,#2474,.T.);
#2498 = ORIENTED_EDGE('',*,*,#2499,.T.);
#2499 = EDGE_CURVE('',#2475,#2500,#2502,.T.);
#2500 = VERTEX_POINT('',#2501);
#2501 = CARTESIAN_POINT('',(-28.75733333333,1.567092708028,0.));
#2502 = CIRCLE('',#2503,2.);
#2503 = AXIS2_PLACEMENT_3D('',#2504,#2505,#2506);
#2504 = CARTESIAN_POINT('',(-30.,3.673940397442E-15,0.));
#2505 = DIRECTION('',(0.,0.,1.));
#2506 = DIRECTION('',(-1.,1.224646799147E-16,0.));
#2507 = ORIENTED_EDGE('',*,*,#2508,.T.);
#2508 = EDGE_CURVE('',#2500,#449,#2509,.T.);
#2509 = LINE('',#2510,#2511);
#2510 = CARTESIAN_POINT('',(-28.75733333333,1.567092708028,3.5));
#2511 = VECTOR('',#2512,1.);
#2512 = DIRECTION('',(0.,0.,1.));
#2513 = CYLINDRICAL_SURFACE('',#2514,2.);
#2514 = AXIS2_PLACEMENT_3D('',#2515,#2516,#2517);
#2515 = CARTESIAN_POINT('',(-30.,3.673940397442E-15,3.5));
#2516 = DIRECTION('',(0.,0.,-1.));
#2517 = DIRECTION('',(1.,0.,0.));
#2518 = ADVANCED_FACE('',(#2519),#2538,.T.);
#2519 = FACE_BOUND('',#2520,.T.);
#2520 = EDGE_LOOP('',(#2521,#2522,#2523,#2531));
#2521 = ORIENTED_EDGE('',*,*,#2508,.T.);
#2522 = ORIENTED_EDGE('',*,*,#448,.F.);
#2523 = ORIENTED_EDGE('',*,*,#2524,.T.);
#2524 = EDGE_CURVE('',#440,#2525,#2527,.T.);
#2525 = VERTEX_POINT('',#2526);
#2526 = CARTESIAN_POINT('',(-1.567092708028,28.757333333333,0.));
#2527 = LINE('',#2528,#2529);
#2528 = CARTESIAN_POINT('',(-1.567092708028,28.757333333333,3.5));
#2529 = VECTOR('',#2530,1.);
#2530 = DIRECTION('',(0.,0.,-1.));
#2531 = ORIENTED_EDGE('',*,*,#2532,.T.);
#2532 = EDGE_CURVE('',#2525,#2500,#2533,.T.);
#2533 = CIRCLE('',#2534,28.8);
#2534 = AXIS2_PLACEMENT_3D('',#2535,#2536,#2537);
#2535 = CARTESIAN_POINT('',(0.,0.,0.));
#2536 = DIRECTION('',(0.,0.,1.));
#2537 = DIRECTION('',(1.,0.,-0.));
#2538 = CYLINDRICAL_SURFACE('',#2539,28.8);
#2539 = AXIS2_PLACEMENT_3D('',#2540,#2541,#2542);
#2540 = CARTESIAN_POINT('',(0.,0.,0.));
#2541 = DIRECTION('',(0.,0.,1.));
#2542 = DIRECTION('',(1.,0.,-0.));
#2543 = ADVANCED_FACE('',(#2544),#2563,.F.);
#2544 = FACE_BOUND('',#2545,.F.);
#2545 = EDGE_LOOP('',(#2546,#2547,#2548,#2557));
#2546 = ORIENTED_EDGE('',*,*,#439,.T.);
#2547 = ORIENTED_EDGE('',*,*,#2524,.T.);
#2548 = ORIENTED_EDGE('',*,*,#2549,.T.);
#2549 = EDGE_CURVE('',#2525,#2550,#2552,.T.);
#2550 = VERTEX_POINT('',#2551);
#2551 = CARTESIAN_POINT('',(1.567092708028,28.757333333333,0.));
#2552 = CIRCLE('',#2553,2.);
#2553 = AXIS2_PLACEMENT_3D('',#2554,#2555,#2556);
#2554 = CARTESIAN_POINT('',(1.836970198721E-15,30.,0.));
#2555 = DIRECTION('',(0.,0.,1.));
#2556 = DIRECTION('',(6.123233995737E-17,1.,-0.));
#2557 = ORIENTED_EDGE('',*,*,#2558,.T.);
#2558 = EDGE_CURVE('',#2550,#431,#2559,.T.);
#2559 = LINE('',#2560,#2561);
#2560 = CARTESIAN_POINT('',(1.567092708028,28.757333333333,3.5));
#2561 = VECTOR('',#2562,1.);
#2562 = DIRECTION('',(0.,0.,1.));
#2563 = CYLINDRICAL_SURFACE('',#2564,2.);
#2564 = AXIS2_PLACEMENT_3D('',#2565,#2566,#2567);
#2565 = CARTESIAN_POINT('',(1.836970198721E-15,30.,3.5));
#2566 = DIRECTION('',(0.,0.,-1.));
#2567 = DIRECTION('',(6.123233995737E-17,-1.,0.));
#2568 = ADVANCED_FACE('',(#2569),#2588,.F.);
#2569 = FACE_BOUND('',#2570,.F.);
#2570 = EDGE_LOOP('',(#2571,#2572,#2580,#2587));
#2571 = ORIENTED_EDGE('',*,*,#421,.T.);
#2572 = ORIENTED_EDGE('',*,*,#2573,.T.);
#2573 = EDGE_CURVE('',#422,#2574,#2576,.T.);
#2574 = VERTEX_POINT('',#2575);
#2575 = CARTESIAN_POINT('',(28.757333333333,1.567092708028,0.));
#2576 = LINE('',#2577,#2578);
#2577 = CARTESIAN_POINT('',(28.757333333333,1.567092708028,3.5));
#2578 = VECTOR('',#2579,1.);
#2579 = DIRECTION('',(0.,0.,-1.));
#2580 = ORIENTED_EDGE('',*,*,#2581,.T.);
#2581 = EDGE_CURVE('',#2574,#2449,#2582,.T.);
#2582 = CIRCLE('',#2583,2.);
#2583 = AXIS2_PLACEMENT_3D('',#2584,#2585,#2586);
#2584 = CARTESIAN_POINT('',(30.,0.,0.));
#2585 = DIRECTION('',(0.,0.,1.));
#2586 = DIRECTION('',(1.,0.,-0.));
#2587 = ORIENTED_EDGE('',*,*,#2457,.T.);
#2588 = CYLINDRICAL_SURFACE('',#2589,2.);
#2589 = AXIS2_PLACEMENT_3D('',#2590,#2591,#2592);
#2590 = CARTESIAN_POINT('',(30.,0.,3.5));
#2591 = DIRECTION('',(0.,0.,-1.));
#2592 = DIRECTION('',(-1.,-1.224646799147E-16,-0.));
#2593 = ADVANCED_FACE('',(#2594),#2606,.F.);
#2594 = FACE_BOUND('',#2595,.F.);
#2595 = EDGE_LOOP('',(#2596,#2597,#2604,#2605));
#2596 = ORIENTED_EDGE('',*,*,#1302,.T.);
#2597 = ORIENTED_EDGE('',*,*,#2598,.T.);
#2598 = EDGE_CURVE('',#1303,#2189,#2599,.T.);
#2599 = CIRCLE('',#2600,3.2);
#2600 = AXIS2_PLACEMENT_3D('',#2601,#2602,#2603);
#2601 = CARTESIAN_POINT('',(37.499999999999,37.499999999999,-3.7));
#2602 = DIRECTION('',(0.,0.,1.));
#2603 = DIRECTION('',(0.707106781187,0.707106781187,-0.));
#2604 = ORIENTED_EDGE('',*,*,#2196,.T.);
#2605 = ORIENTED_EDGE('',*,*,#1810,.F.);
#2606 = CYLINDRICAL_SURFACE('',#2607,3.2);
#2607 = AXIS2_PLACEMENT_3D('',#2608,#2609,#2610);
#2608 = CARTESIAN_POINT('',(37.499999999999,37.499999999999,0.));
#2609 = DIRECTION('',(0.,0.,1.));
#2610 = DIRECTION('',(0.707106781187,0.707106781187,-0.));
#2611 = ADVANCED_FACE('',(#2612),#2624,.F.);
#2612 = FACE_BOUND('',#2613,.F.);
#2613 = EDGE_LOOP('',(#2614,#2615,#2622,#2623));
#2614 = ORIENTED_EDGE('',*,*,#606,.T.);
#2615 = ORIENTED_EDGE('',*,*,#2616,.T.);
#2616 = EDGE_CURVE('',#607,#878,#2617,.T.);
#2617 = CIRCLE('',#2618,3.2);
#2618 = AXIS2_PLACEMENT_3D('',#2619,#2620,#2621);
#2619 = CARTESIAN_POINT('',(-37.5,-37.5,-3.7));
#2620 = DIRECTION('',(0.,0.,1.));
#2621 = DIRECTION('',(-0.707106781187,-0.707106781187,0.));
#2622 = ORIENTED_EDGE('',*,*,#885,.T.);
#2623 = ORIENTED_EDGE('',*,*,#1485,.F.);
#2624 = CYLINDRICAL_SURFACE('',#2625,3.2);
#2625 = AXIS2_PLACEMENT_3D('',#2626,#2627,#2628);
#2626 = CARTESIAN_POINT('',(-37.5,-37.5,0.));
#2627 = DIRECTION('',(0.,0.,1.));
#2628 = DIRECTION('',(-0.707106781187,-0.707106781187,0.));
#2629 = ADVANCED_FACE('',(#2630,#2646),#2657,.F.);
#2630 = FACE_BOUND('',#2631,.T.);
#2631 = EDGE_LOOP('',(#2632,#2633,#2634,#2635,#2636,#2637,#2644,#2645));
#2632 = ORIENTED_EDGE('',*,*,#2424,.T.);
#2633 = ORIENTED_EDGE('',*,*,#2482,.F.);
#2634 = ORIENTED_EDGE('',*,*,#2499,.T.);
#2635 = ORIENTED_EDGE('',*,*,#2532,.F.);
#2636 = ORIENTED_EDGE('',*,*,#2549,.T.);
#2637 = ORIENTED_EDGE('',*,*,#2638,.F.);
#2638 = EDGE_CURVE('',#2574,#2550,#2639,.T.);
#2639 = CIRCLE('',#2640,28.8);
#2640 = AXIS2_PLACEMENT_3D('',#2641,#2642,#2643);
#2641 = CARTESIAN_POINT('',(0.,0.,0.));
#2642 = DIRECTION('',(0.,0.,1.));
#2643 = DIRECTION('',(1.,0.,-0.));
#2644 = ORIENTED_EDGE('',*,*,#2581,.T.);
#2645 = ORIENTED_EDGE('',*,*,#2448,.F.);
#2646 = FACE_BOUND('',#2647,.T.);
#2647 = EDGE_LOOP('',(#2648));
#2648 = ORIENTED_EDGE('',*,*,#2649,.F.);
#2649 = EDGE_CURVE('',#2650,#2650,#2652,.T.);
#2650 = VERTEX_POINT('',#2651);
#2651 = CARTESIAN_POINT('',(-27.,-3.306546357698E-15,0.));
#2652 = CIRCLE('',#2653,27.);
#2653 = AXIS2_PLACEMENT_3D('',#2654,#2655,#2656);
#2654 = CARTESIAN_POINT('',(0.,0.,0.));
#2655 = DIRECTION('',(0.,0.,-1.));
#2656 = DIRECTION('',(1.,0.,0.));
#2657 = PLANE('',#2658);
#2658 = AXIS2_PLACEMENT_3D('',#2659,#2660,#2661);
#2659 = CARTESIAN_POINT('',(-1.492139745096E-12,-6.217248937901E-13,0.)
  );
#2660 = DIRECTION('',(0.,0.,1.));
#2661 = DIRECTION('',(1.,0.,-0.));
#2662 = ADVANCED_FACE('',(#2663),#2669,.T.);
#2663 = FACE_BOUND('',#2664,.T.);
#2664 = EDGE_LOOP('',(#2665,#2666,#2667,#2668));
#2665 = ORIENTED_EDGE('',*,*,#2558,.T.);
#2666 = ORIENTED_EDGE('',*,*,#430,.F.);
#2667 = ORIENTED_EDGE('',*,*,#2573,.T.);
#2668 = ORIENTED_EDGE('',*,*,#2638,.T.);
#2669 = CYLINDRICAL_SURFACE('',#2670,28.8);
#2670 = AXIS2_PLACEMENT_3D('',#2671,#2672,#2673);
#2671 = CARTESIAN_POINT('',(0.,0.,0.));
#2672 = DIRECTION('',(0.,0.,1.));
#2673 = DIRECTION('',(1.,0.,-0.));
#2674 = ADVANCED_FACE('',(#2675),#2711,.T.);
#2675 = FACE_BOUND('',#2676,.T.);
#2676 = EDGE_LOOP('',(#2677,#2688,#2696,#2705));
#2677 = ORIENTED_EDGE('',*,*,#2678,.T.);
#2678 = EDGE_CURVE('',#2679,#2681,#2683,.T.);
#2679 = VERTEX_POINT('',#2680);
#2680 = CARTESIAN_POINT('',(37.499999999999,42.499999999999,5.3));
#2681 = VERTEX_POINT('',#2682);
#2682 = CARTESIAN_POINT('',(42.499999999999,37.499999999999,5.3));
#2683 = CIRCLE('',#2684,5.);
#2684 = AXIS2_PLACEMENT_3D('',#2685,#2686,#2687);
#2685 = CARTESIAN_POINT('',(37.499999999999,37.499999999999,5.3));
#2686 = DIRECTION('',(0.,0.,-1.));
#2687 = DIRECTION('',(0.707106781187,0.707106781187,0.));
#2688 = ORIENTED_EDGE('',*,*,#2689,.T.);
#2689 = EDGE_CURVE('',#2681,#2690,#2692,.T.);
#2690 = VERTEX_POINT('',#2691);
#2691 = CARTESIAN_POINT('',(42.499999999999,37.499999999999,-3.7));
#2692 = LINE('',#2693,#2694);
#2693 = CARTESIAN_POINT('',(42.499999999999,37.499999999999,0.));
#2694 = VECTOR('',#2695,1.);
#2695 = DIRECTION('',(0.,0.,-1.));
#2696 = ORIENTED_EDGE('',*,*,#2697,.T.);
#2697 = EDGE_CURVE('',#2690,#2698,#2700,.T.);
#2698 = VERTEX_POINT('',#2699);
#2699 = CARTESIAN_POINT('',(37.499999999999,42.499999999999,-3.7));
#2700 = CIRCLE('',#2701,5.);
#2701 = AXIS2_PLACEMENT_3D('',#2702,#2703,#2704);
#2702 = CARTESIAN_POINT('',(37.499999999999,37.499999999999,-3.7));
#2703 = DIRECTION('',(0.,0.,1.));
#2704 = DIRECTION('',(0.707106781187,0.707106781187,-0.));
#2705 = ORIENTED_EDGE('',*,*,#2706,.T.);
#2706 = EDGE_CURVE('',#2698,#2679,#2707,.T.);
#2707 = LINE('',#2708,#2709);
#2708 = CARTESIAN_POINT('',(37.499999999999,42.499999999999,0.));
#2709 = VECTOR('',#2710,1.);
#2710 = DIRECTION('',(0.,0.,1.));
#2711 = CYLINDRICAL_SURFACE('',#2712,5.);
#2712 = AXIS2_PLACEMENT_3D('',#2713,#2714,#2715);
#2713 = CARTESIAN_POINT('',(37.499999999999,37.499999999999,0.));
#2714 = DIRECTION('',(0.,0.,1.));
#2715 = DIRECTION('',(0.707106781187,0.707106781187,-0.));
#2716 = ADVANCED_FACE('',(#2717,#2742),#2752,.T.);
#2717 = FACE_BOUND('',#2718,.T.);
#2718 = EDGE_LOOP('',(#2719,#2720,#2728,#2736));
#2719 = ORIENTED_EDGE('',*,*,#2706,.F.);
#2720 = ORIENTED_EDGE('',*,*,#2721,.F.);
#2721 = EDGE_CURVE('',#2722,#2698,#2724,.T.);
#2722 = VERTEX_POINT('',#2723);
#2723 = CARTESIAN_POINT('',(-37.5,42.499999999999,-3.7));
#2724 = LINE('',#2725,#2726);
#2725 = CARTESIAN_POINT('',(42.499999999999,42.499999999999,-3.7));
#2726 = VECTOR('',#2727,1.);
#2727 = DIRECTION('',(1.,-3.134747363648E-16,0.));
#2728 = ORIENTED_EDGE('',*,*,#2729,.F.);
#2729 = EDGE_CURVE('',#2730,#2722,#2732,.T.);
#2730 = VERTEX_POINT('',#2731);
#2731 = CARTESIAN_POINT('',(-37.5,42.499999999999,5.3));
#2732 = LINE('',#2733,#2734);
#2733 = CARTESIAN_POINT('',(-37.5,42.499999999999,0.));
#2734 = VECTOR('',#2735,1.);
#2735 = DIRECTION('',(0.,0.,-1.));
#2736 = ORIENTED_EDGE('',*,*,#2737,.F.);
#2737 = EDGE_CURVE('',#2679,#2730,#2738,.T.);
#2738 = LINE('',#2739,#2740);
#2739 = CARTESIAN_POINT('',(42.499999999999,42.499999999999,5.3));
#2740 = VECTOR('',#2741,1.);
#2741 = DIRECTION('',(-1.,3.134747363648E-16,0.));
#2742 = FACE_BOUND('',#2743,.T.);
#2743 = EDGE_LOOP('',(#2744,#2745,#2746,#2747,#2748,#2749,#2750,#2751));
#2744 = ORIENTED_EDGE('',*,*,#2400,.T.);
#2745 = ORIENTED_EDGE('',*,*,#2332,.F.);
#2746 = ORIENTED_EDGE('',*,*,#2358,.T.);
#2747 = ORIENTED_EDGE('',*,*,#2227,.F.);
#2748 = ORIENTED_EDGE('',*,*,#2260,.T.);
#2749 = ORIENTED_EDGE('',*,*,#2276,.F.);
#2750 = ORIENTED_EDGE('',*,*,#2309,.T.);
#2751 = ORIENTED_EDGE('',*,*,#2374,.F.);
#2752 = PLANE('',#2753);
#2753 = AXIS2_PLACEMENT_3D('',#2754,#2755,#2756);
#2754 = CARTESIAN_POINT('',(42.499999999999,42.499999999999,0.));
#2755 = DIRECTION('',(3.134747363648E-16,1.,0.));
#2756 = DIRECTION('',(-1.,3.134747363648E-16,0.));
#2757 = ADVANCED_FACE('',(#2758,#2811),#2825,.T.);
#2758 = FACE_BOUND('',#2759,.T.);
#2759 = EDGE_LOOP('',(#2760,#2761,#2769,#2778,#2786,#2795,#2803,#2810));
#2760 = ORIENTED_EDGE('',*,*,#2697,.F.);
#2761 = ORIENTED_EDGE('',*,*,#2762,.T.);
#2762 = EDGE_CURVE('',#2690,#2763,#2765,.T.);
#2763 = VERTEX_POINT('',#2764);
#2764 = CARTESIAN_POINT('',(42.499999999999,-37.5,-3.7));
#2765 = LINE('',#2766,#2767);
#2766 = CARTESIAN_POINT('',(42.499999999999,-42.5,-3.7));
#2767 = VECTOR('',#2768,1.);
#2768 = DIRECTION('',(0.,-1.,0.));
#2769 = ORIENTED_EDGE('',*,*,#2770,.F.);
#2770 = EDGE_CURVE('',#2771,#2763,#2773,.T.);
#2771 = VERTEX_POINT('',#2772);
#2772 = CARTESIAN_POINT('',(37.499999999999,-42.5,-3.7));
#2773 = CIRCLE('',#2774,5.);
#2774 = AXIS2_PLACEMENT_3D('',#2775,#2776,#2777);
#2775 = CARTESIAN_POINT('',(37.499999999999,-37.5,-3.7));
#2776 = DIRECTION('',(0.,0.,1.));
#2777 = DIRECTION('',(0.707106781187,-0.707106781187,0.));
#2778 = ORIENTED_EDGE('',*,*,#2779,.T.);
#2779 = EDGE_CURVE('',#2771,#2780,#2782,.T.);
#2780 = VERTEX_POINT('',#2781);
#2781 = CARTESIAN_POINT('',(-37.5,-42.5,-3.7));
#2782 = LINE('',#2783,#2784);
#2783 = CARTESIAN_POINT('',(-42.5,-42.5,-3.7));
#2784 = VECTOR('',#2785,1.);
#2785 = DIRECTION('',(-1.,2.089831575765E-16,0.));
#2786 = ORIENTED_EDGE('',*,*,#2787,.F.);
#2787 = EDGE_CURVE('',#2788,#2780,#2790,.T.);
#2788 = VERTEX_POINT('',#2789);
#2789 = CARTESIAN_POINT('',(-42.5,-37.5,-3.7));
#2790 = CIRCLE('',#2791,5.);
#2791 = AXIS2_PLACEMENT_3D('',#2792,#2793,#2794);
#2792 = CARTESIAN_POINT('',(-37.5,-37.5,-3.7));
#2793 = DIRECTION('',(0.,0.,1.));
#2794 = DIRECTION('',(-0.707106781187,-0.707106781187,0.));
#2795 = ORIENTED_EDGE('',*,*,#2796,.T.);
#2796 = EDGE_CURVE('',#2788,#2797,#2799,.T.);
#2797 = VERTEX_POINT('',#2798);
#2798 = CARTESIAN_POINT('',(-42.5,37.499999999999,-3.7));
#2799 = LINE('',#2800,#2801);
#2800 = CARTESIAN_POINT('',(-42.5,42.499999999999,-3.7));
#2801 = VECTOR('',#2802,1.);
#2802 = DIRECTION('',(2.089831575765E-16,1.,0.));
#2803 = ORIENTED_EDGE('',*,*,#2804,.F.);
#2804 = EDGE_CURVE('',#2722,#2797,#2805,.T.);
#2805 = CIRCLE('',#2806,5.);
#2806 = AXIS2_PLACEMENT_3D('',#2807,#2808,#2809);
#2807 = CARTESIAN_POINT('',(-37.5,37.499999999999,-3.7));
#2808 = DIRECTION('',(0.,0.,1.));
#2809 = DIRECTION('',(-0.707106781187,0.707106781187,0.));
#2810 = ORIENTED_EDGE('',*,*,#2721,.T.);
#2811 = FACE_BOUND('',#2812,.T.);
#2812 = EDGE_LOOP('',(#2813,#2814,#2815,#2816,#2817,#2818,#2819,#2820,
    #2821,#2822,#2823,#2824));
#2813 = ORIENTED_EDGE('',*,*,#2157,.T.);
#2814 = ORIENTED_EDGE('',*,*,#2177,.T.);
#2815 = ORIENTED_EDGE('',*,*,#1660,.T.);
#2816 = ORIENTED_EDGE('',*,*,#614,.T.);
#2817 = ORIENTED_EDGE('',*,*,#2616,.T.);
#2818 = ORIENTED_EDGE('',*,*,#877,.T.);
#2819 = ORIENTED_EDGE('',*,*,#1260,.T.);
#2820 = ORIENTED_EDGE('',*,*,#1310,.T.);
#2821 = ORIENTED_EDGE('',*,*,#2598,.T.);
#2822 = ORIENTED_EDGE('',*,*,#2188,.T.);
#2823 = ORIENTED_EDGE('',*,*,#2126,.T.);
#2824 = ORIENTED_EDGE('',*,*,#2030,.T.);
#2825 = PLANE('',#2826);
#2826 = AXIS2_PLACEMENT_3D('',#2827,#2828,#2829);
#2827 = CARTESIAN_POINT('',(-1.492139745096E-12,-6.217248937901E-13,-3.7
    ));
#2828 = DIRECTION('',(0.,0.,-1.));
#2829 = DIRECTION('',(-1.,0.,0.));
#2830 = ADVANCED_FACE('',(#2831),#2850,.T.);
#2831 = FACE_BOUND('',#2832,.T.);
#2832 = EDGE_LOOP('',(#2833,#2842,#2843,#2844));
#2833 = ORIENTED_EDGE('',*,*,#2834,.T.);
#2834 = EDGE_CURVE('',#2835,#2730,#2837,.T.);
#2835 = VERTEX_POINT('',#2836);
#2836 = CARTESIAN_POINT('',(-42.5,37.499999999999,5.3));
#2837 = CIRCLE('',#2838,5.);
#2838 = AXIS2_PLACEMENT_3D('',#2839,#2840,#2841);
#2839 = CARTESIAN_POINT('',(-37.5,37.499999999999,5.3));
#2840 = DIRECTION('',(0.,0.,-1.));
#2841 = DIRECTION('',(-0.707106781187,0.707106781187,0.));
#2842 = ORIENTED_EDGE('',*,*,#2729,.T.);
#2843 = ORIENTED_EDGE('',*,*,#2804,.T.);
#2844 = ORIENTED_EDGE('',*,*,#2845,.T.);
#2845 = EDGE_CURVE('',#2797,#2835,#2846,.T.);
#2846 = LINE('',#2847,#2848);
#2847 = CARTESIAN_POINT('',(-42.5,37.499999999999,0.));
#2848 = VECTOR('',#2849,1.);
#2849 = DIRECTION('',(0.,0.,1.));
#2850 = CYLINDRICAL_SURFACE('',#2851,5.);
#2851 = AXIS2_PLACEMENT_3D('',#2852,#2853,#2854);
#2852 = CARTESIAN_POINT('',(-37.5,37.499999999999,0.));
#2853 = DIRECTION('',(0.,0.,1.));
#2854 = DIRECTION('',(-0.707106781187,0.707106781187,0.));
#2855 = ADVANCED_FACE('',(#2856),#2874,.T.);
#2856 = FACE_BOUND('',#2857,.T.);
#2857 = EDGE_LOOP('',(#2858,#2859,#2860,#2868));
#2858 = ORIENTED_EDGE('',*,*,#2845,.F.);
#2859 = ORIENTED_EDGE('',*,*,#2796,.F.);
#2860 = ORIENTED_EDGE('',*,*,#2861,.F.);
#2861 = EDGE_CURVE('',#2862,#2788,#2864,.T.);
#2862 = VERTEX_POINT('',#2863);
#2863 = CARTESIAN_POINT('',(-42.5,-37.5,5.3));
#2864 = LINE('',#2865,#2866);
#2865 = CARTESIAN_POINT('',(-42.5,-37.5,0.));
#2866 = VECTOR('',#2867,1.);
#2867 = DIRECTION('',(0.,0.,-1.));
#2868 = ORIENTED_EDGE('',*,*,#2869,.F.);
#2869 = EDGE_CURVE('',#2835,#2862,#2870,.T.);
#2870 = LINE('',#2871,#2872);
#2871 = CARTESIAN_POINT('',(-42.5,42.499999999999,5.3));
#2872 = VECTOR('',#2873,1.);
#2873 = DIRECTION('',(-2.089831575765E-16,-1.,0.));
#2874 = PLANE('',#2875);
#2875 = AXIS2_PLACEMENT_3D('',#2876,#2877,#2878);
#2876 = CARTESIAN_POINT('',(-42.5,42.499999999999,0.));
#2877 = DIRECTION('',(-1.,2.089831575765E-16,0.));
#2878 = DIRECTION('',(-2.089831575765E-16,-1.,0.));
#2879 = ADVANCED_FACE('',(#2880),#2899,.T.);
#2880 = FACE_BOUND('',#2881,.T.);
#2881 = EDGE_LOOP('',(#2882,#2891,#2892,#2893));
#2882 = ORIENTED_EDGE('',*,*,#2883,.T.);
#2883 = EDGE_CURVE('',#2884,#2862,#2886,.T.);
#2884 = VERTEX_POINT('',#2885);
#2885 = CARTESIAN_POINT('',(-37.5,-42.5,5.3));
#2886 = CIRCLE('',#2887,5.);
#2887 = AXIS2_PLACEMENT_3D('',#2888,#2889,#2890);
#2888 = CARTESIAN_POINT('',(-37.5,-37.5,5.3));
#2889 = DIRECTION('',(0.,0.,-1.));
#2890 = DIRECTION('',(-0.707106781187,-0.707106781187,-0.));
#2891 = ORIENTED_EDGE('',*,*,#2861,.T.);
#2892 = ORIENTED_EDGE('',*,*,#2787,.T.);
#2893 = ORIENTED_EDGE('',*,*,#2894,.T.);
#2894 = EDGE_CURVE('',#2780,#2884,#2895,.T.);
#2895 = LINE('',#2896,#2897);
#2896 = CARTESIAN_POINT('',(-37.5,-42.5,0.));
#2897 = VECTOR('',#2898,1.);
#2898 = DIRECTION('',(0.,0.,1.));
#2899 = CYLINDRICAL_SURFACE('',#2900,5.);
#2900 = AXIS2_PLACEMENT_3D('',#2901,#2902,#2903);
#2901 = CARTESIAN_POINT('',(-37.5,-37.5,0.));
#2902 = DIRECTION('',(0.,0.,1.));
#2903 = DIRECTION('',(-0.707106781187,-0.707106781187,0.));
#2904 = ADVANCED_FACE('',(#2905),#2923,.T.);
#2905 = FACE_BOUND('',#2906,.T.);
#2906 = EDGE_LOOP('',(#2907,#2908,#2909,#2917));
#2907 = ORIENTED_EDGE('',*,*,#2894,.F.);
#2908 = ORIENTED_EDGE('',*,*,#2779,.F.);
#2909 = ORIENTED_EDGE('',*,*,#2910,.F.);
#2910 = EDGE_CURVE('',#2911,#2771,#2913,.T.);
#2911 = VERTEX_POINT('',#2912);
#2912 = CARTESIAN_POINT('',(37.499999999999,-42.5,5.3));
#2913 = LINE('',#2914,#2915);
#2914 = CARTESIAN_POINT('',(37.499999999999,-42.5,0.));
#2915 = VECTOR('',#2916,1.);
#2916 = DIRECTION('',(0.,0.,-1.));
#2917 = ORIENTED_EDGE('',*,*,#2918,.F.);
#2918 = EDGE_CURVE('',#2884,#2911,#2919,.T.);
#2919 = LINE('',#2920,#2921);
#2920 = CARTESIAN_POINT('',(-42.5,-42.5,5.3));
#2921 = VECTOR('',#2922,1.);
#2922 = DIRECTION('',(1.,-2.089831575765E-16,0.));
#2923 = PLANE('',#2924);
#2924 = AXIS2_PLACEMENT_3D('',#2925,#2926,#2927);
#2925 = CARTESIAN_POINT('',(-42.5,-42.5,0.));
#2926 = DIRECTION('',(-2.089831575765E-16,-1.,0.));
#2927 = DIRECTION('',(1.,-2.089831575765E-16,0.));
#2928 = ADVANCED_FACE('',(#2929),#2948,.T.);
#2929 = FACE_BOUND('',#2930,.T.);
#2930 = EDGE_LOOP('',(#2931,#2932,#2940,#2947));
#2931 = ORIENTED_EDGE('',*,*,#2770,.T.);
#2932 = ORIENTED_EDGE('',*,*,#2933,.T.);
#2933 = EDGE_CURVE('',#2763,#2934,#2936,.T.);
#2934 = VERTEX_POINT('',#2935);
#2935 = CARTESIAN_POINT('',(42.499999999999,-37.5,5.3));
#2936 = LINE('',#2937,#2938);
#2937 = CARTESIAN_POINT('',(42.499999999999,-37.5,0.));
#2938 = VECTOR('',#2939,1.);
#2939 = DIRECTION('',(0.,0.,1.));
#2940 = ORIENTED_EDGE('',*,*,#2941,.T.);
#2941 = EDGE_CURVE('',#2934,#2911,#2942,.T.);
#2942 = CIRCLE('',#2943,5.);
#2943 = AXIS2_PLACEMENT_3D('',#2944,#2945,#2946);
#2944 = CARTESIAN_POINT('',(37.499999999999,-37.5,5.3));
#2945 = DIRECTION('',(0.,0.,-1.));
#2946 = DIRECTION('',(0.707106781187,-0.707106781187,0.));
#2947 = ORIENTED_EDGE('',*,*,#2910,.T.);
#2948 = CYLINDRICAL_SURFACE('',#2949,5.);
#2949 = AXIS2_PLACEMENT_3D('',#2950,#2951,#2952);
#2950 = CARTESIAN_POINT('',(37.499999999999,-37.5,0.));
#2951 = DIRECTION('',(0.,0.,-1.));
#2952 = DIRECTION('',(0.707106781187,-0.707106781187,0.));
#2953 = ADVANCED_FACE('',(#2954),#2965,.T.);
#2954 = FACE_BOUND('',#2955,.T.);
#2955 = EDGE_LOOP('',(#2956,#2957,#2963,#2964));
#2956 = ORIENTED_EDGE('',*,*,#2689,.F.);
#2957 = ORIENTED_EDGE('',*,*,#2958,.F.);
#2958 = EDGE_CURVE('',#2934,#2681,#2959,.T.);
#2959 = LINE('',#2960,#2961);
#2960 = CARTESIAN_POINT('',(42.499999999999,-42.5,5.3));
#2961 = VECTOR('',#2962,1.);
#2962 = DIRECTION('',(0.,1.,0.));
#2963 = ORIENTED_EDGE('',*,*,#2933,.F.);
#2964 = ORIENTED_EDGE('',*,*,#2762,.F.);
#2965 = PLANE('',#2966);
#2966 = AXIS2_PLACEMENT_3D('',#2967,#2968,#2969);
#2967 = CARTESIAN_POINT('',(42.499999999999,-42.5,0.));
#2968 = DIRECTION('',(1.,0.,0.));
#2969 = DIRECTION('',(-0.,1.,0.));
#2970 = ADVANCED_FACE('',(#2971),#2990,.F.);
#2971 = FACE_BOUND('',#2972,.F.);
#2972 = EDGE_LOOP('',(#2973,#2981,#2982,#2983));
#2973 = ORIENTED_EDGE('',*,*,#2974,.T.);
#2974 = EDGE_CURVE('',#2975,#2650,#2977,.T.);
#2975 = VERTEX_POINT('',#2976);
#2976 = CARTESIAN_POINT('',(-27.,-3.306546357698E-15,5.3));
#2977 = LINE('',#2978,#2979);
#2978 = CARTESIAN_POINT('',(-27.,-3.306546357698E-15,0.));
#2979 = VECTOR('',#2980,1.);
#2980 = DIRECTION('',(0.,0.,-1.));
#2981 = ORIENTED_EDGE('',*,*,#2649,.F.);
#2982 = ORIENTED_EDGE('',*,*,#2974,.F.);
#2983 = ORIENTED_EDGE('',*,*,#2984,.T.);
#2984 = EDGE_CURVE('',#2975,#2975,#2985,.T.);
#2985 = CIRCLE('',#2986,27.);
#2986 = AXIS2_PLACEMENT_3D('',#2987,#2988,#2989);
#2987 = CARTESIAN_POINT('',(0.,0.,5.3));
#2988 = DIRECTION('',(0.,0.,-1.));
#2989 = DIRECTION('',(1.,0.,0.));
#2990 = CYLINDRICAL_SURFACE('',#2991,27.);
#2991 = AXIS2_PLACEMENT_3D('',#2992,#2993,#2994);
#2992 = CARTESIAN_POINT('',(0.,0.,0.));
#2993 = DIRECTION('',(0.,0.,1.));
#2994 = DIRECTION('',(1.,0.,-0.));
#2995 = ADVANCED_FACE('',(#2996,#3006),#3009,.T.);
#2996 = FACE_BOUND('',#2997,.T.);
#2997 = EDGE_LOOP('',(#2998,#2999,#3000,#3001,#3002,#3003,#3004,#3005));
#2998 = ORIENTED_EDGE('',*,*,#2678,.F.);
#2999 = ORIENTED_EDGE('',*,*,#2737,.T.);
#3000 = ORIENTED_EDGE('',*,*,#2834,.F.);
#3001 = ORIENTED_EDGE('',*,*,#2869,.T.);
#3002 = ORIENTED_EDGE('',*,*,#2883,.F.);
#3003 = ORIENTED_EDGE('',*,*,#2918,.T.);
#3004 = ORIENTED_EDGE('',*,*,#2941,.F.);
#3005 = ORIENTED_EDGE('',*,*,#2958,.T.);
#3006 = FACE_BOUND('',#3007,.T.);
#3007 = EDGE_LOOP('',(#3008));
#3008 = ORIENTED_EDGE('',*,*,#2984,.T.);
#3009 = PLANE('',#3010);
#3010 = AXIS2_PLACEMENT_3D('',#3011,#3012,#3013);
#3011 = CARTESIAN_POINT('',(-1.492139745096E-12,-6.217248937901E-13,5.3)
  );
#3012 = DIRECTION('',(0.,0.,1.));
#3013 = DIRECTION('',(1.,0.,-0.));
#3014 = ( GEOMETRIC_REPRESENTATION_CONTEXT(3) 
GLOBAL_UNCERTAINTY_ASSIGNED_CONTEXT((#3018)) 
GLOBAL_UNIT_ASSIGNED_CONTEXT((#3015,#3016,#3017)) REPRESENTATION_CONTEXT
('Context #1','3D Context with UNIT and UNCERTAINTY') );
#3015 = ( LENGTH_UNIT() NAMED_UNIT(*) SI_UNIT(.MILLI.,.METRE.) );
#3016 = ( NAMED_UNIT(*) PLANE_ANGLE_UNIT() SI_UNIT($,.RADIAN.) );
#3017 = ( NAMED_UNIT(*) SI_UNIT($,.STERADIAN.) SOLID_ANGLE_UNIT() );
#3018 = UNCERTAINTY_MEASURE_WITH_UNIT(LENGTH_MEASURE(1.E-07),#3015,
  'distance_accuracy_value','confusion accuracy');
#3019 = PRODUCT_RELATED_PRODUCT_CATEGORY('part',$,(#7));
#3020 = MECHANICAL_DESIGN_GEOMETRIC_PRESENTATION_REPRESENTATION('',(
    #3021),#3014);
#3021 = STYLED_ITEM('color',(#3022),#15);
#3022 = PRESENTATION_STYLE_ASSIGNMENT((#3023,#3029));
#3023 = SURFACE_STYLE_USAGE(.BOTH.,#3024);
#3024 = SURFACE_SIDE_STYLE('',(#3025));
#3025 = SURFACE_STYLE_FILL_AREA(#3026);
#3026 = FILL_AREA_STYLE('',(#3027));
#3027 = FILL_AREA_STYLE_COLOUR('',#3028);
#3028 = COLOUR_RGB('',0.28235292142,0.28235292142,0.28235292142);
#3029 = CURVE_STYLE('',#3030,POSITIVE_LENGTH_MEASURE(0.1),#3031);
#3030 = DRAUGHTING_PRE_DEFINED_CURVE_FONT('continuous');
#3031 = COLOUR_RGB('',9.803921802644E-02,9.803921802644E-02,
  9.803921802644E-02);
ENDSEC;
END-ISO-10303-21;
