ISO-10303-21;
HEADER;
FILE_DESCRIPTION(('FreeCAD Model'),'2;1');
FILE_NAME('Open CASCADE Shape Model','2025-04-20T00:31:38',(''),(''),
  'Open CASCADE STEP processor 7.8','FreeCAD','Unknown');
FILE_SCHEMA(('AUTOMOTIVE_DESIGN { 1 0 10303 214 1 1 1 1 }'));
ENDSEC;
DATA;
#1 = APPLICATION_PROTOCOL_DEFINITION('international standard',
  'automotive_design',2000,#2);
#2 = APPLICATION_CONTEXT(
  'core data for automotive mechanical design processes');
#3 = SHAPE_DEFINITION_REPRESENTATION(#4,#10);
#4 = PRODUCT_DEFINITION_SHAPE('','',#5);
#5 = PRODUCT_DEFINITION('design','',#6,#9);
#6 = PRODUCT_DEFINITION_FORMATION('','',#7);
#7 = PRODUCT('Body001','Body001','',(#8));
#8 = PRODUCT_CONTEXT('',#2,'mechanical');
#9 = PRODUCT_DEFINITION_CONTEXT('part definition',#2,'design');
#10 = ADVANCED_BREP_SHAPE_REPRESENTATION('',(#11,#15),#8068);
#11 = AXIS2_PLACEMENT_3D('',#12,#13,#14);
#12 = CARTESIAN_POINT('',(0.,0.,0.));
#13 = DIRECTION('',(0.,0.,1.));
#14 = DIRECTION('',(1.,0.,-0.));
#15 = MANIFOLD_SOLID_BREP('',#16);
#16 = CLOSED_SHELL('',(#17,#115,#205,#252,#277,#316,#1089,#1115,#1140,
    #1185,#1216,#1248,#1401,#1457,#1514,#1567,#1593,#1634,#1660,#1685,
    #1733,#1759,#1807,#1832,#1858,#1884,#1951,#1977,#2018,#2044,#2069,
    #2117,#2143,#2191,#2216,#2242,#2283,#2335,#2392,#2459,#2485,#2526,
    #2552,#2577,#2625,#2651,#2699,#2724,#2750,#2791,#2835,#2892,#2959,
    #2985,#3026,#3052,#3077,#3125,#3151,#3199,#3224,#3250,#3291,#3335,
    #3392,#3459,#3485,#3526,#3552,#3577,#3625,#3652,#3679,#3727,#3752,
    #3778,#3811,#3828,#3870,#3896,#3969,#4027,#4045,#4063,#4081,#4099,
    #4117,#4185,#4274,#4291,#4316,#4334,#4359,#4383,#4407,#4432,#4456,
    #4481,#4505,#4523,#4541,#4558,#4599,#4617,#4642,#4673,#4697,#4722,
    #4746,#4771,#4795,#4813,#4831,#4864,#4930,#5019,#5036,#5077,#5095,
    #5120,#5151,#5175,#5200,#5224,#5249,#5273,#5291,#5309,#5342,#5408,
    #5514,#5531,#5572,#5590,#5615,#5646,#5670,#5695,#5719,#5744,#5768,
    #5786,#5804,#5837,#5903,#6003,#6044,#6062,#6087,#6118,#6142,#6167,
    #6191,#6211,#6236,#6260,#6278,#6309,#6327,#6339,#6363,#6387,#6411,
    #6438,#6449,#6487,#6505,#6537,#6572,#6598,#6648,#6659,#6670,#6681,
    #6692,#6703,#6738,#6749,#6807,#6825,#6842,#6860,#6877,#6895,#6912,
    #6930,#6941,#6952,#6990,#7008,#7040,#7058,#7093,#7104,#7162,#7180,
    #7197,#7215,#7232,#7250,#7267,#7285,#7296,#7307,#7345,#7363,#7395,
    #7413,#7448,#7459,#7517,#7535,#7552,#7570,#7587,#7605,#7622,#7640,
    #7651,#7662,#7700,#7718,#7750,#7768,#7779,#7797,#7814,#7832,#7849,
    #7867,#7892,#7909,#7927,#7938,#7963,#7975,#7987,#7999,#8011,#8031,
    #8051));
#17 = ADVANCED_FACE('',(#18),#110,.F.);
#18 = FACE_BOUND('',#19,.F.);
#19 = EDGE_LOOP('',(#20,#30,#67,#75));
#20 = ORIENTED_EDGE('',*,*,#21,.F.);
#21 = EDGE_CURVE('',#22,#24,#26,.T.);
#22 = VERTEX_POINT('',#23);
#23 = CARTESIAN_POINT('',(5.784794705791,20.392621814053,9.432693368431)
  );
#24 = VERTEX_POINT('',#25);
#25 = CARTESIAN_POINT('',(5.784794705791,20.392621814053,10.022369592358
    ));
#26 = LINE('',#27,#28);
#27 = CARTESIAN_POINT('',(5.784794705791,20.392621814053,1.8));
#28 = VECTOR('',#29,1.);
#29 = DIRECTION('',(0.,0.,1.));
#30 = ORIENTED_EDGE('',*,*,#31,.T.);
#31 = EDGE_CURVE('',#22,#32,#34,.T.);
#32 = VERTEX_POINT('',#33);
#33 = CARTESIAN_POINT('',(5.838072570736,20.375310786359,9.538781480394)
  );
#34 = B_SPLINE_CURVE_WITH_KNOTS('',7,(#35,#36,#37,#38,#39,#40,#41,#42,
    #43,#44,#45,#46,#47,#48,#49,#50,#51,#52,#53,#54,#55,#56,#57,#58,#59,
    #60,#61,#62,#63,#64,#65,#66),.UNSPECIFIED.,.F.,.F.,(8,6,6,6,6,8),(0.
    ,0.269942604703,0.537912101097,0.736737055811,0.939247110431,1.),
  .UNSPECIFIED.);
#35 = CARTESIAN_POINT('',(5.784794705791,20.392621814053,9.432693368431)
  );
#36 = CARTESIAN_POINT('',(5.784794705791,20.392621814053,9.437199894603)
  );
#37 = CARTESIAN_POINT('',(5.785074409524,20.392530932801,9.441770101937)
  );
#38 = CARTESIAN_POINT('',(5.785622776348,20.392352757619,9.446386560033)
  );
#39 = CARTESIAN_POINT('',(5.786427425148,20.392091311375,9.451029655748)
  );
#40 = CARTESIAN_POINT('',(5.787474318773,20.391751155017,9.455678457415)
  );
#41 = CARTESIAN_POINT('',(5.788747448482,20.391337490098,9.46031157906)
  );
#42 = CARTESIAN_POINT('',(5.791698762596,20.390378550013,9.469470912955)
  );
#43 = CARTESIAN_POINT('',(5.793373979322,20.389834239103,9.473998061213)
  );
#44 = CARTESIAN_POINT('',(5.795236417062,20.389229096398,9.478467685796)
  );
#45 = CARTESIAN_POINT('',(5.797266920349,20.388569345887,9.482866439317)
  );
#46 = CARTESIAN_POINT('',(5.799444716497,20.387861737024,9.487170884596)
  );
#47 = CARTESIAN_POINT('',(5.801751080546,20.387112353918,9.491383432241)
  );
#48 = CARTESIAN_POINT('',(5.805966728192,20.385742606966,9.498544718448)
  );
#49 = CARTESIAN_POINT('',(5.807824409522,20.385139009712,9.501539172584)
  );
#50 = CARTESIAN_POINT('',(5.809741665975,20.384516055328,9.504462151361)
  );
#51 = CARTESIAN_POINT('',(5.8117028333,20.383878833436,9.507326095879));
#52 = CARTESIAN_POINT('',(5.813705793504,20.383228032215,9.510122815235)
  );
#53 = CARTESIAN_POINT('',(5.815743150136,20.382566054917,9.512858255299)
  );
#54 = CARTESIAN_POINT('',(5.819919495546,20.381209078035,9.518261983491)
  );
#55 = CARTESIAN_POINT('',(5.822059557939,20.380513729613,9.520928222649)
  );
#56 = CARTESIAN_POINT('',(5.824228820004,20.379808893641,9.523538328908)
  );
#57 = CARTESIAN_POINT('',(5.826425513329,20.379095144713,9.526098609576)
  );
#58 = CARTESIAN_POINT('',(5.828649846583,20.378372415028,9.528617977135)
  );
#59 = CARTESIAN_POINT('',(5.830904234812,20.37763991989,9.531108547949)
  );
#60 = CARTESIAN_POINT('',(5.83388031548,20.376672932663,9.534329547322)
  );
#61 = CARTESIAN_POINT('',(5.83457024683,20.376448760378,9.535071702001)
  );
#62 = CARTESIAN_POINT('',(5.83526345462,20.376223523514,9.535813127287)
  );
#63 = CARTESIAN_POINT('',(5.835960095484,20.375997171176,9.536554288328)
  );
#64 = CARTESIAN_POINT('',(5.836660350864,20.375769644411,9.537295693134)
  );
#65 = CARTESIAN_POINT('',(5.837364427004,20.375540876205,9.538037892577)
  );
#66 = CARTESIAN_POINT('',(5.83807255495,20.375310791488,9.538781480394)
  );
#67 = ORIENTED_EDGE('',*,*,#68,.T.);
#68 = EDGE_CURVE('',#32,#69,#71,.T.);
#69 = VERTEX_POINT('',#70);
#70 = CARTESIAN_POINT('',(5.838072570736,20.375310786359,9.916281480394)
  );
#71 = LINE('',#72,#73);
#72 = CARTESIAN_POINT('',(5.838072570736,20.375310786359,20.25));
#73 = VECTOR('',#74,1.);
#74 = DIRECTION('',(0.,0.,1.));
#75 = ORIENTED_EDGE('',*,*,#76,.F.);
#76 = EDGE_CURVE('',#24,#69,#77,.T.);
#77 = B_SPLINE_CURVE_WITH_KNOTS('',6,(#78,#79,#80,#81,#82,#83,#84,#85,
    #86,#87,#88,#89,#90,#91,#92,#93,#94,#95,#96,#97,#98,#99,#100,#101,
    #102,#103,#104,#105,#106,#107,#108,#109),.UNSPECIFIED.,.F.,.F.,(7,5,
    5,5,5,5,7),(0.,0.344980095789,0.549166837029,0.66686075038,
    0.803604080154,0.940687737745,1.),.UNSPECIFIED.);
#78 = CARTESIAN_POINT('',(5.784794705791,20.392621814053,10.022369592358
    ));
#79 = CARTESIAN_POINT('',(5.784794705791,20.392621814053,10.015650497227
    ));
#80 = CARTESIAN_POINT('',(5.785435317122,20.392413666814,10.008782863946
    ));
#81 = CARTESIAN_POINT('',(5.786674415641,20.392011059299,10.001830140934
    ));
#82 = CARTESIAN_POINT('',(5.788464784745,20.391429333114,9.994861657928)
  );
#83 = CARTESIAN_POINT('',(5.79074177005,20.39068949574,9.987968564718));
#84 = CARTESIAN_POINT('',(5.795027627298,20.389296936305,9.977234149862)
  );
#85 = CARTESIAN_POINT('',(5.796766657878,20.388731891017,9.97329539498)
  );
#86 = CARTESIAN_POINT('',(5.798636586391,20.388124314413,9.969424914942)
  );
#87 = CARTESIAN_POINT('',(5.800621879287,20.387479253648,9.965635660576)
  );
#88 = CARTESIAN_POINT('',(5.80270805916,20.386801412718,9.961937241073)
  );
#89 = CARTESIAN_POINT('',(5.806137737655,20.385687042623,9.956259410698)
  );
#90 = CARTESIAN_POINT('',(5.807421614595,20.385269885717,9.954215501426)
  );
#91 = CARTESIAN_POINT('',(5.808733135583,20.384843746717,9.952205801816)
  );
#92 = CARTESIAN_POINT('',(5.810068988871,20.384409701672,9.950227301754)
  );
#93 = CARTESIAN_POINT('',(5.811426089136,20.383968753066,9.948276040393)
  );
#94 = CARTESIAN_POINT('',(5.814402611738,20.383001622246,9.94411484937)
  );
#95 = CARTESIAN_POINT('',(5.816028733944,20.382473263113,9.94191442406)
  );
#96 = CARTESIAN_POINT('',(5.817678022781,20.381937376685,9.93974986445)
  );
#97 = CARTESIAN_POINT('',(5.819348111759,20.381394731882,9.937620153627)
  );
#98 = CARTESIAN_POINT('',(5.821037537804,20.380845804085,9.935523334002)
  );
#99 = CARTESIAN_POINT('',(5.824458196091,20.379734364833,9.931384536683)
  );
#100 = CARTESIAN_POINT('',(5.826189540577,20.379171816909,9.929342515478
    ));
#101 = CARTESIAN_POINT('',(5.827939139542,20.378603337744,9.927327605029
    ));
#102 = CARTESIAN_POINT('',(5.829707337174,20.378028815507,9.925335098557
    ));
#103 = CARTESIAN_POINT('',(5.831495457019,20.37744782015,9.923358421174)
  );
#104 = CARTESIAN_POINT('',(5.834089087574,20.376605098498,9.920537072652
    ));
#105 = CARTESIAN_POINT('',(5.834876540466,20.376349239543,9.919686373823
    ));
#106 = CARTESIAN_POINT('',(5.835668352424,20.376091964242,9.918836326416
    ));
#107 = CARTESIAN_POINT('',(5.836464762576,20.375833194898,9.917986120617
    ));
#108 = CARTESIAN_POINT('',(5.837266057403,20.375572838426,9.917134843772
    ));
#109 = CARTESIAN_POINT('',(5.838072570736,20.375310786359,9.916281480394
    ));
#110 = PLANE('',#111);
#111 = AXIS2_PLACEMENT_3D('',#112,#113,#114);
#112 = CARTESIAN_POINT('',(7.306485131923,19.898194623033,1.8));
#113 = DIRECTION('',(-0.309016994375,-0.951056516295,0.));
#114 = DIRECTION('',(-0.951056516295,0.309016994375,0.));
#115 = ADVANCED_FACE('',(#116),#200,.T.);
#116 = FACE_BOUND('',#117,.T.);
#117 = EDGE_LOOP('',(#118,#128,#136,#144,#152,#158,#159,#167,#175));
#118 = ORIENTED_EDGE('',*,*,#119,.T.);
#119 = EDGE_CURVE('',#120,#122,#124,.T.);
#120 = VERTEX_POINT('',#121);
#121 = CARTESIAN_POINT('',(6.187640991501,21.632455195597,5.861331631507
    ));
#122 = VERTEX_POINT('',#123);
#123 = CARTESIAN_POINT('',(6.187640862118,21.632454797397,1.8));
#124 = LINE('',#125,#126);
#125 = CARTESIAN_POINT('',(6.187640862119,21.632454797397,18.75));
#126 = VECTOR('',#127,1.);
#127 = DIRECTION('',(0.,0.,-1.));
#128 = ORIENTED_EDGE('',*,*,#129,.T.);
#129 = EDGE_CURVE('',#122,#130,#132,.T.);
#130 = VERTEX_POINT('',#131);
#131 = CARTESIAN_POINT('',(6.19203716037,21.645985212151,1.8));
#132 = LINE('',#133,#134);
#133 = CARTESIAN_POINT('',(5.784794705791,20.392621814053,1.8));
#134 = VECTOR('',#135,1.);
#135 = DIRECTION('',(0.309016994375,0.951056516295,0.));
#136 = ORIENTED_EDGE('',*,*,#137,.T.);
#137 = EDGE_CURVE('',#130,#138,#140,.T.);
#138 = VERTEX_POINT('',#139);
#139 = CARTESIAN_POINT('',(6.1920371604,21.645985212141,19.65));
#140 = LINE('',#141,#142);
#141 = CARTESIAN_POINT('',(6.19203716037,21.645985212151,1.8));
#142 = VECTOR('',#143,1.);
#143 = DIRECTION('',(0.,0.,1.));
#144 = ORIENTED_EDGE('',*,*,#145,.F.);
#145 = EDGE_CURVE('',#146,#138,#148,.T.);
#146 = VERTEX_POINT('',#147);
#147 = CARTESIAN_POINT('',(5.784794705821,20.392621814043,19.65));
#148 = LINE('',#149,#150);
#149 = CARTESIAN_POINT('',(5.784794705821,20.392621814043,19.65));
#150 = VECTOR('',#151,1.);
#151 = DIRECTION('',(0.309016994375,0.951056516295,0.));
#152 = ORIENTED_EDGE('',*,*,#153,.F.);
#153 = EDGE_CURVE('',#24,#146,#154,.T.);
#154 = LINE('',#155,#156);
#155 = CARTESIAN_POINT('',(5.784794705791,20.392621814053,20.25));
#156 = VECTOR('',#157,1.);
#157 = DIRECTION('',(0.,0.,1.));
#158 = ORIENTED_EDGE('',*,*,#21,.F.);
#159 = ORIENTED_EDGE('',*,*,#160,.F.);
#160 = EDGE_CURVE('',#161,#22,#163,.T.);
#161 = VERTEX_POINT('',#162);
#162 = CARTESIAN_POINT('',(5.784794705791,20.392621814053,6.1));
#163 = LINE('',#164,#165);
#164 = CARTESIAN_POINT('',(5.784794705791,20.392621814053,20.25));
#165 = VECTOR('',#166,1.);
#166 = DIRECTION('',(0.,0.,1.));
#167 = ORIENTED_EDGE('',*,*,#168,.F.);
#168 = EDGE_CURVE('',#169,#161,#171,.T.);
#169 = VERTEX_POINT('',#170);
#170 = CARTESIAN_POINT('',(6.097591880793,21.355312530031,6.1));
#171 = LINE('',#172,#173);
#172 = CARTESIAN_POINT('',(6.055746607689,21.226526021892,6.1));
#173 = VECTOR('',#174,1.);
#174 = DIRECTION('',(-0.309016994375,-0.951056516295,0.));
#175 = ORIENTED_EDGE('',*,*,#176,.F.);
#176 = EDGE_CURVE('',#120,#169,#177,.T.);
#177 = B_SPLINE_CURVE_WITH_KNOTS('',6,(#178,#179,#180,#181,#182,#183,
    #184,#185,#186,#187,#188,#189,#190,#191,#192,#193,#194,#195,#196,
    #197,#198,#199),.UNSPECIFIED.,.F.,.F.,(7,5,5,5,7),(0.,0.102448607942
    ,0.376647804067,0.789267758039,1.),.UNSPECIFIED.);
#178 = CARTESIAN_POINT('',(6.232761405828,21.77132155196,5.808182983052)
  );
#179 = CARTESIAN_POINT('',(6.229865173918,21.762407866692,5.810026193715
    ));
#180 = CARTESIAN_POINT('',(6.226980260248,21.753529015384,5.812106697516
    ));
#181 = CARTESIAN_POINT('',(6.224109424042,21.744693490055,5.814417467027
    ));
#182 = CARTESIAN_POINT('',(6.221255198896,21.735909088309,5.816950835375
    ));
#183 = CARTESIAN_POINT('',(6.218419892775,21.727182913338,5.819698496241
    ));
#184 = CARTESIAN_POINT('',(6.208073225035,21.695339144372,5.830555098972
    ));
#185 = CARTESIAN_POINT('',(6.200690509896,21.672617483528,5.839930769638
    ));
#186 = CARTESIAN_POINT('',(6.193498964991,21.650484184166,5.850606700804
    ));
#187 = CARTESIAN_POINT('',(6.186523442137,21.629015732318,5.862388442298
    ));
#188 = CARTESIAN_POINT('',(6.179774413284,21.608244357325,5.875081044858
    ));
#189 = CARTESIAN_POINT('',(6.163432598119,21.557949421822,5.908721132914
    ));
#190 = CARTESIAN_POINT('',(6.154123634043,21.529299376336,5.930602397606
    ));
#191 = CARTESIAN_POINT('',(6.145315408485,21.502190445547,5.953566864617
    ));
#192 = CARTESIAN_POINT('',(6.136929900354,21.476382505219,5.977160533217
    ));
#193 = CARTESIAN_POINT('',(6.128871056571,21.451579934381,6.001133005209
    ));
#194 = CARTESIAN_POINT('',(6.117029563469,21.415135566006,6.037685183093
    ));
#195 = CARTESIAN_POINT('',(6.113083983827,21.402992320496,6.050100095562
    ));
#196 = CARTESIAN_POINT('',(6.109181847602,21.390982780077,6.062552470146
    ));
#197 = CARTESIAN_POINT('',(6.105308814338,21.379062809362,6.075027503644
    ));
#198 = CARTESIAN_POINT('',(6.101450376158,21.367187757695,6.0875136225)
  );
#199 = CARTESIAN_POINT('',(6.097591884534,21.355312541545,6.1));
#200 = PLANE('',#201);
#201 = AXIS2_PLACEMENT_3D('',#202,#203,#204);
#202 = CARTESIAN_POINT('',(6.031514709625,21.151947908146,
    11.185840318782));
#203 = DIRECTION('',(0.951056516295,-0.309016994375,0.));
#204 = DIRECTION('',(0.309016994375,0.951056516295,0.));
#205 = ADVANCED_FACE('',(#206),#226,.T.);
#206 = FACE_BOUND('',#207,.T.);
#207 = EDGE_LOOP('',(#208,#217,#225));
#208 = ORIENTED_EDGE('',*,*,#209,.F.);
#209 = EDGE_CURVE('',#210,#32,#212,.T.);
#210 = VERTEX_POINT('',#211);
#211 = CARTESIAN_POINT('',(5.764945594995,20.345588500493,9.538781480394
    ));
#212 = CIRCLE('',#213,6.125E-02);
#213 = AXIS2_PLACEMENT_3D('',#214,#215,#216);
#214 = CARTESIAN_POINT('',(5.819145279831,20.317058574736,9.538781480394
    ));
#215 = DIRECTION('',(-8.567074764804E-15,-1.627528778611E-14,-1.));
#216 = DIRECTION('',(-0.884892813643,0.465794706241,-1.489369389057E-27)
  );
#217 = ORIENTED_EDGE('',*,*,#218,.T.);
#218 = EDGE_CURVE('',#210,#22,#219,.T.);
#219 = B_SPLINE_CURVE_WITH_KNOTS('',3,(#220,#221,#222,#223,#224),
  .UNSPECIFIED.,.F.,.F.,(4,1,4),(-1.284078553442E-02,-5.503193800464E-03
    ,-1.870407886739E-16),.UNSPECIFIED.);
#220 = CARTESIAN_POINT('',(5.764945594995,20.345588500493,9.538781480394
    ));
#221 = CARTESIAN_POINT('',(5.764945594995,20.345588500493,9.514322841281
    ));
#222 = CARTESIAN_POINT('',(5.770428081292,20.355348094037,9.471684995045
    ));
#223 = CARTESIAN_POINT('',(5.780717900713,20.380074698182,9.441865358098
    ));
#224 = CARTESIAN_POINT('',(5.784794705791,20.392621814053,9.432693368431
    ));
#225 = ORIENTED_EDGE('',*,*,#31,.T.);
#226 = B_SPLINE_SURFACE_WITH_KNOTS('',3,3,(
    (#227,#228,#229,#230,#231)
    ,(#232,#233,#234,#235,#236)
    ,(#237,#238,#239,#240,#241)
    ,(#242,#243,#244,#245,#246)
    ,(#247,#248,#249,#250,#251
    )),.UNSPECIFIED.,.F.,.F.,.F.,(4,1,4),(4,1,4),(0.,0.571428571429,1.),
  (1.870407886739E-16,5.503193800464E-03,1.284078553442E-02),
  .UNSPECIFIED.);
#227 = CARTESIAN_POINT('',(5.784794705791,20.392621814053,9.432693368431
    ));
#228 = CARTESIAN_POINT('',(5.780717900713,20.380074698182,9.441865358098
    ));
#229 = CARTESIAN_POINT('',(5.770428081292,20.355348094037,9.471684995045
    ));
#230 = CARTESIAN_POINT('',(5.764945594995,20.345588500493,9.514322841281
    ));
#231 = CARTESIAN_POINT('',(5.764945594995,20.345588500493,9.538781480394
    ));
#232 = CARTESIAN_POINT('',(5.787626221889,20.401336324533,9.448564112868
    ));
#233 = CARTESIAN_POINT('',(5.784644115565,20.390814507943,9.456131056975
    ));
#234 = CARTESIAN_POINT('',(5.7769791441,20.369240928451,9.480840933056)
  );
#235 = CARTESIAN_POINT('',(5.772555874498,20.360046117875,9.517641960515
    ));
#236 = CARTESIAN_POINT('',(5.772555874498,20.360046117875,9.538781480394
    ));
#237 = CARTESIAN_POINT('',(5.807157260091,20.411670431838,9.476040921421
    ));
#238 = CARTESIAN_POINT('',(5.80537924306,20.404126101398,9.480879440129)
  );
#239 = CARTESIAN_POINT('',(5.800108261457,20.387532417565,9.496810425777
    ));
#240 = CARTESIAN_POINT('',(5.796466491949,20.37955271167,9.52338247611)
  );
#241 = CARTESIAN_POINT('',(5.796466491949,20.37955271167,9.538781480394)
  );
#242 = CARTESIAN_POINT('',(5.839438797146,20.407067903106,9.485737424413
    ));
#243 = CARTESIAN_POINT('',(5.837306869747,20.399889295571,9.490055495106
    ));
#244 = CARTESIAN_POINT('',(5.830698958195,20.385305090556,9.504191244871
    ));
#245 = CARTESIAN_POINT('',(5.826418607389,20.379097388589,9.526137461461
    ));
#246 = CARTESIAN_POINT('',(5.826418607389,20.379097388589,9.538781480394
    ));
#247 = CARTESIAN_POINT('',(5.852510562866,20.402820628959,9.485737424413
    ));
#248 = CARTESIAN_POINT('',(5.850055986476,20.395266219611,9.490323419246
    ));
#249 = CARTESIAN_POINT('',(5.842632249669,20.38077787733,9.505233237719)
  );
#250 = CARTESIAN_POINT('',(5.838072570736,20.375310786359,9.526552160838
    ));
#251 = CARTESIAN_POINT('',(5.838072570736,20.375310786359,9.538781480394
    ));
#252 = ADVANCED_FACE('',(#253),#272,.F.);
#253 = FACE_BOUND('',#254,.F.);
#254 = EDGE_LOOP('',(#255,#263,#270,#271));
#255 = ORIENTED_EDGE('',*,*,#256,.F.);
#256 = EDGE_CURVE('',#257,#210,#259,.T.);
#257 = VERTEX_POINT('',#258);
#258 = CARTESIAN_POINT('',(5.764945594995,20.345588500493,9.916281480394
    ));
#259 = LINE('',#260,#261);
#260 = CARTESIAN_POINT('',(5.764945594995,20.345588500493,20.25));
#261 = VECTOR('',#262,1.);
#262 = DIRECTION('',(0.,0.,-1.));
#263 = ORIENTED_EDGE('',*,*,#264,.F.);
#264 = EDGE_CURVE('',#69,#257,#265,.T.);
#265 = CIRCLE('',#266,6.125E-02);
#266 = AXIS2_PLACEMENT_3D('',#267,#268,#269);
#267 = CARTESIAN_POINT('',(5.819145279831,20.317058574736,9.916281480394
    ));
#268 = DIRECTION('',(8.567074764804E-15,1.627528778611E-14,1.));
#269 = DIRECTION('',(0.309016994375,0.951056516295,-1.812609019796E-14)
  );
#270 = ORIENTED_EDGE('',*,*,#68,.F.);
#271 = ORIENTED_EDGE('',*,*,#209,.F.);
#272 = CYLINDRICAL_SURFACE('',#273,6.125E-02);
#273 = AXIS2_PLACEMENT_3D('',#274,#275,#276);
#274 = CARTESIAN_POINT('',(5.819145279831,20.317058574736,20.25));
#275 = DIRECTION('',(0.,0.,1.));
#276 = DIRECTION('',(-0.376534189522,0.926402722428,0.));
#277 = ADVANCED_FACE('',(#278),#290,.T.);
#278 = FACE_BOUND('',#279,.T.);
#279 = EDGE_LOOP('',(#280,#281,#289));
#280 = ORIENTED_EDGE('',*,*,#76,.F.);
#281 = ORIENTED_EDGE('',*,*,#282,.T.);
#282 = EDGE_CURVE('',#24,#257,#283,.T.);
#283 = B_SPLINE_CURVE_WITH_KNOTS('',3,(#284,#285,#286,#287,#288),
  .UNSPECIFIED.,.F.,.F.,(4,1,4),(-1.284076087656E-02,-5.503183232812E-03
    ,0.),.UNSPECIFIED.);
#284 = CARTESIAN_POINT('',(5.784794705791,20.392621814053,
    10.022369592358));
#285 = CARTESIAN_POINT('',(5.779358976126,20.37589235835,10.010140296285
    ));
#286 = CARTESIAN_POINT('',(5.768942652415,20.352814395159,9.977395607432
    ));
#287 = CARTESIAN_POINT('',(5.764945594995,20.345588500493,9.934625424504
    ));
#288 = CARTESIAN_POINT('',(5.764945594995,20.345588500493,9.916281480394
    ));
#289 = ORIENTED_EDGE('',*,*,#264,.F.);
#290 = B_SPLINE_SURFACE_WITH_KNOTS('',3,3,(
    (#291,#292,#293,#294,#295)
    ,(#296,#297,#298,#299,#300)
    ,(#301,#302,#303,#304,#305)
    ,(#306,#307,#308,#309,#310)
    ,(#311,#312,#313,#314,#315
    )),.UNSPECIFIED.,.F.,.F.,.F.,(4,1,4),(4,1,4),(0.,0.571428571429,1.),
  (0.,5.503183232812E-03,1.284076087656E-02),.UNSPECIFIED.);
#291 = CARTESIAN_POINT('',(5.764945594995,20.345588500493,9.916281480394
    ));
#292 = CARTESIAN_POINT('',(5.764945594995,20.345588500493,9.934625424504
    ));
#293 = CARTESIAN_POINT('',(5.768942652415,20.352814395159,9.977395607432
    ));
#294 = CARTESIAN_POINT('',(5.779358976126,20.37589235835,10.010140296285
    ));
#295 = CARTESIAN_POINT('',(5.784794705791,20.392621814053,
    10.022369592358));
#296 = CARTESIAN_POINT('',(5.772555874498,20.360046117875,9.916281480394
    ));
#297 = CARTESIAN_POINT('',(5.772555874498,20.360046117875,9.932136089858
    ));
#298 = CARTESIAN_POINT('',(5.775795151499,20.366843853286,9.96912871658)
  );
#299 = CARTESIAN_POINT('',(5.783650087758,20.387307262685,9.996409608486
    ));
#300 = CARTESIAN_POINT('',(5.787626221889,20.401336324533,
    10.006498847921));
#301 = CARTESIAN_POINT('',(5.796466533604,20.379552579945,9.916281480394
    ));
#302 = CARTESIAN_POINT('',(5.796466533604,20.379552579945,9.92783071143)
  );
#303 = CARTESIAN_POINT('',(5.799160653133,20.385442843386,9.954751429965
    ));
#304 = CARTESIAN_POINT('',(5.804786680254,20.401611223296,9.972570835957
    ));
#305 = CARTESIAN_POINT('',(5.807157365076,20.411670311233,9.979022181846
    ));
#306 = CARTESIAN_POINT('',(5.826418607389,20.379097388589,9.916281480394
    ));
#307 = CARTESIAN_POINT('',(5.826418607389,20.379097388589,9.925764476385
    ));
#308 = CARTESIAN_POINT('',(5.829537707173,20.383696139332,9.947885946963
    ));
#309 = CARTESIAN_POINT('',(5.83659623274,20.397496444772,9.963568119841)
  );
#310 = CARTESIAN_POINT('',(5.839438797146,20.407067903106,9.969325536376
    ));
#311 = CARTESIAN_POINT('',(5.838072570736,20.375310786359,9.916281480394
    ));
#312 = CARTESIAN_POINT('',(5.838072570736,20.375310786359,9.925453452449
    ));
#313 = CARTESIAN_POINT('',(5.841377281318,20.379369550829,9.946838543913
    ));
#314 = CARTESIAN_POINT('',(5.849237800631,20.392748102504,9.96321088834)
  );
#315 = CARTESIAN_POINT('',(5.852510562866,20.402820628959,9.969325536376
    ));
#316 = ADVANCED_FACE('',(#317),#1084,.F.);
#317 = FACE_BOUND('',#318,.F.);
#318 = EDGE_LOOP('',(#319,#336,#344,#353,#361,#376,#385,#400,#408,#418,
    #427,#437,#445,#460,#469,#482,#483,#492,#500,#515,#524,#539,#547,
    #557,#566,#576,#584,#599,#608,#623,#631,#640,#648,#663,#672,#687,
    #695,#705,#714,#724,#732,#747,#756,#771,#779,#788,#796,#811,#820,
    #835,#843,#853,#862,#872,#880,#895,#904,#919,#927,#936,#944,#959,
    #968,#983,#991,#1001,#1010,#1018,#1027,#1034,#1035,#1044,#1054,#1062
    ,#1077));
#319 = ORIENTED_EDGE('',*,*,#320,.F.);
#320 = EDGE_CURVE('',#321,#323,#325,.T.);
#321 = VERTEX_POINT('',#322);
#322 = CARTESIAN_POINT('',(22.4857736987,0.800000000032,5.861331631507)
  );
#323 = VERTEX_POINT('',#324);
#324 = CARTESIAN_POINT('',(22.476431958169,1.029566136676,5.8));
#325 = B_SPLINE_CURVE_WITH_KNOTS('',3,(#326,#327,#328,#329,#330,#331,
    #332,#333,#334,#335),.UNSPECIFIED.,.F.,.F.,(4,2,2,2,4),(
    -2.465996968769E-04,0.,2.812087323338E-02,4.519512244231E-02,
    5.61949409937E-02),.UNSPECIFIED.);
#326 = CARTESIAN_POINT('',(22.494292555878,0.506756756789,6.1));
#327 = CARTESIAN_POINT('',(22.494279421008,0.507339797126,6.099420712697
    ));
#328 = CARTESIAN_POINT('',(22.494266263552,0.507922833252,6.098841429071
    ));
#329 = CARTESIAN_POINT('',(22.492750066034,0.574993307853,6.032204247858
    ));
#330 = CARTESIAN_POINT('',(22.490954671719,0.642552996862,5.965347344956
    ));
#331 = CARTESIAN_POINT('',(22.48700192833,0.766110574766,5.878120513882)
  );
#332 = CARTESIAN_POINT('',(22.484978226127,0.824908943226,5.84358479777)
  );
#333 = CARTESIAN_POINT('',(22.480491765133,0.937789541133,5.807842876179
    ));
#334 = CARTESIAN_POINT('',(22.478541791018,0.983506429805,5.8));
#335 = CARTESIAN_POINT('',(22.476431958169,1.029566136677,5.8));
#336 = ORIENTED_EDGE('',*,*,#337,.T.);
#337 = EDGE_CURVE('',#321,#338,#340,.T.);
#338 = VERTEX_POINT('',#339);
#339 = CARTESIAN_POINT('',(22.485773280009,0.800000000031,1.8));
#340 = LINE('',#341,#342);
#341 = CARTESIAN_POINT('',(22.485773280009,0.800000000032,18.75));
#342 = VECTOR('',#343,1.);
#343 = DIRECTION('',(0.,0.,-1.));
#344 = ORIENTED_EDGE('',*,*,#345,.T.);
#345 = EDGE_CURVE('',#338,#346,#348,.T.);
#346 = VERTEX_POINT('',#347);
#347 = CARTESIAN_POINT('',(7.709331288251,21.138027606378,1.8));
#348 = CIRCLE('',#349,22.5);
#349 = AXIS2_PLACEMENT_3D('',#350,#351,#352);
#350 = CARTESIAN_POINT('',(4.440892098501E-15,-4.815648849472E-16,1.8));
#351 = DIRECTION('',(0.,0.,1.));
#352 = DIRECTION('',(-1.,0.,0.));
#353 = ORIENTED_EDGE('',*,*,#354,.F.);
#354 = EDGE_CURVE('',#355,#346,#357,.T.);
#355 = VERTEX_POINT('',#356);
#356 = CARTESIAN_POINT('',(7.709331417634,21.138028004577,5.861331631507
    ));
#357 = LINE('',#358,#359);
#358 = CARTESIAN_POINT('',(7.709331288251,21.138027606378,18.75));
#359 = VECTOR('',#360,1.);
#360 = DIRECTION('',(0.,0.,-1.));
#361 = ORIENTED_EDGE('',*,*,#362,.F.);
#362 = EDGE_CURVE('',#363,#355,#365,.T.);
#363 = VERTEX_POINT('',#364);
#364 = CARTESIAN_POINT('',(7.924775031229,21.058203643816,5.8));
#365 = B_SPLINE_CURVE_WITH_KNOTS('',3,(#366,#367,#368,#369,#370,#371,
    #372,#373,#374,#375),.UNSPECIFIED.,.F.,.F.,(4,2,2,2,4),(
    0.140828929629,0.15245922343,0.170512115286,0.20024478915,
    0.200505522042),.UNSPECIFIED.);
#366 = CARTESIAN_POINT('',(7.924775031229,21.058203643816,5.8));
#367 = CARTESIAN_POINT('',(7.881621621076,21.074443446273,5.8));
#368 = CARTESIAN_POINT('',(7.83874485134,21.090425277392,5.807842876179)
  );
#369 = CARTESIAN_POINT('',(7.732775415829,21.129574178444,5.843584797771
    ));
#370 = CARTESIAN_POINT('',(7.67748020273,21.149668528707,5.878120513882)
  );
#371 = CARTESIAN_POINT('',(7.561191428032,21.191609202412,5.965347344938
    ));
#372 = CARTESIAN_POINT('',(7.497493096777,21.214193835567,6.032204306883
    ));
#373 = CARTESIAN_POINT('',(7.434173874648,21.236361720917,6.098841426045
    ));
#374 = CARTESIAN_POINT('',(7.433623434467,21.236554404485,6.099420715724
    ));
#375 = CARTESIAN_POINT('',(7.433072991929,21.236747064856,6.1));
#376 = ORIENTED_EDGE('',*,*,#377,.F.);
#377 = EDGE_CURVE('',#378,#363,#380,.T.);
#378 = VERTEX_POINT('',#379);
#379 = CARTESIAN_POINT('',(8.933528994653,20.650473595095,5.8));
#380 = CIRCLE('',#381,22.5);
#381 = AXIS2_PLACEMENT_3D('',#382,#383,#384);
#382 = CARTESIAN_POINT('',(4.440892098501E-15,-4.815648849472E-16,5.8));
#383 = DIRECTION('',(0.,0.,1.));
#384 = DIRECTION('',(-1.,0.,0.));
#385 = ORIENTED_EDGE('',*,*,#386,.F.);
#386 = EDGE_CURVE('',#387,#378,#389,.T.);
#387 = VERTEX_POINT('',#388);
#388 = CARTESIAN_POINT('',(9.411195845016,20.437206090039,6.1));
#389 = B_SPLINE_CURVE_WITH_KNOTS('',3,(#390,#391,#392,#393,#394,#395,
    #396,#397,#398,#399),.UNSPECIFIED.,.F.,.F.,(4,2,2,2,4),(
    -2.465990998011E-04,0.,2.812086150891E-02,4.519510360173E-02,
    5.619491756868E-02),.UNSPECIFIED.);
#390 = CARTESIAN_POINT('',(9.411195845016,20.437206090039,6.1));
#391 = CARTESIAN_POINT('',(9.41066612457,20.437450022739,6.0994207141));
#392 = CARTESIAN_POINT('',(9.410136394155,20.437693935068,6.098841427668
    ));
#393 = CARTESIAN_POINT('',(9.349197202732,20.465750279379,6.032204275392
    ));
#394 = CARTESIAN_POINT('',(9.287695854453,20.493770324522,5.965347344947
    ));
#395 = CARTESIAN_POINT('',(9.174924679394,20.544413797063,5.878120513882
    ));
#396 = CARTESIAN_POINT('',(9.12119674366,20.568385706162,5.84358479777)
  );
#397 = CARTESIAN_POINT('',(9.017786539237,20.613866332118,5.807842876179
    ));
#398 = CARTESIAN_POINT('',(8.975846866204,20.632166609022,5.8));
#399 = CARTESIAN_POINT('',(8.933528994652,20.650473595095,5.8));
#400 = ORIENTED_EDGE('',*,*,#401,.T.);
#401 = EDGE_CURVE('',#387,#402,#404,.T.);
#402 = VERTEX_POINT('',#403);
#403 = CARTESIAN_POINT('',(9.411195845016,20.437206090039,21.45));
#404 = LINE('',#405,#406);
#405 = CARTESIAN_POINT('',(9.411195845016,20.437206090039,18.75));
#406 = VECTOR('',#407,1.);
#407 = DIRECTION('',(0.,0.,1.));
#408 = ORIENTED_EDGE('',*,*,#409,.T.);
#409 = EDGE_CURVE('',#402,#410,#412,.T.);
#410 = VERTEX_POINT('',#411);
#411 = CARTESIAN_POINT('',(8.852426575173,20.68537028267,22.05));
#412 = B_SPLINE_CURVE_WITH_KNOTS('',3,(#413,#414,#415,#416,#417),
  .UNSPECIFIED.,.F.,.F.,(4,1,4),(-9.449075994511E-02,-4.724537997256E-02
    ,0.),.UNSPECIFIED.);
#413 = CARTESIAN_POINT('',(9.411195845016,20.437206090039,21.45));
#414 = CARTESIAN_POINT('',(9.411195845016,20.437206090039,
    21.607484599908));
#415 = CARTESIAN_POINT('',(9.289828180591,20.493692129837,
    21.920490532242));
#416 = CARTESIAN_POINT('',(8.999166541971,20.62257204585,22.05));
#417 = CARTESIAN_POINT('',(8.852426575173,20.68537028267,22.05));
#418 = ORIENTED_EDGE('',*,*,#419,.T.);
#419 = EDGE_CURVE('',#410,#420,#422,.T.);
#420 = VERTEX_POINT('',#421);
#421 = CARTESIAN_POINT('',(4.996792049591,21.938141881507,22.05));
#422 = CIRCLE('',#423,22.5);
#423 = AXIS2_PLACEMENT_3D('',#424,#425,#426);
#424 = CARTESIAN_POINT('',(4.440892098501E-15,-4.815648849472E-16,22.05)
  );
#425 = DIRECTION('',(0.,-0.,1.));
#426 = DIRECTION('',(0.309016994375,0.951056516295,0.));
#427 = ORIENTED_EDGE('',*,*,#428,.T.);
#428 = EDGE_CURVE('',#420,#429,#431,.T.);
#429 = VERTEX_POINT('',#430);
#430 = CARTESIAN_POINT('',(4.398870961778,22.065809168522,21.45));
#431 = B_SPLINE_CURVE_WITH_KNOTS('',3,(#432,#433,#434,#435,#436),
  .UNSPECIFIED.,.F.,.F.,(4,1,4),(-9.449077581674E-02,-4.724538790837E-02
    ,0.),.QUASI_UNIFORM_KNOTS.);
#432 = CARTESIAN_POINT('',(4.996792049591,21.938141881507,22.05));
#433 = CARTESIAN_POINT('',(4.841165019083,21.973588635063,22.05));
#434 = CARTESIAN_POINT('',(4.530272908855,22.04016682459,21.920501341439
    ));
#435 = CARTESIAN_POINT('',(4.398870961778,22.065809168522,
    21.607484626361));
#436 = CARTESIAN_POINT('',(4.398870961778,22.065809168522,21.45));
#437 = ORIENTED_EDGE('',*,*,#438,.T.);
#438 = EDGE_CURVE('',#429,#439,#441,.T.);
#439 = VERTEX_POINT('',#440);
#440 = CARTESIAN_POINT('',(4.398870961778,22.065809168522,6.1));
#441 = LINE('',#442,#443);
#442 = CARTESIAN_POINT('',(4.398870961778,22.065809168522,18.75));
#443 = VECTOR('',#444,1.);
#444 = DIRECTION('',(0.,0.,-1.));
#445 = ORIENTED_EDGE('',*,*,#446,.F.);
#446 = EDGE_CURVE('',#447,#439,#449,.T.);
#447 = VERTEX_POINT('',#448);
#448 = CARTESIAN_POINT('',(4.910667055636,21.957580674307,5.8));
#449 = B_SPLINE_CURVE_WITH_KNOTS('',3,(#450,#451,#452,#453,#454,#455,
    #456,#457,#458,#459),.UNSPECIFIED.,.F.,.F.,(4,2,2,2,4),(
    0.140828825084,0.152459110252,0.170511988707,0.200244640494,
    0.200505372451),.UNSPECIFIED.);
#450 = CARTESIAN_POINT('',(4.910667055636,21.957580674307,5.8));
#451 = CARTESIAN_POINT('',(4.865670601958,21.967643832265,5.8));
#452 = CARTESIAN_POINT('',(4.820984060859,21.977490118542,5.807842876179
    ));
#453 = CARTESIAN_POINT('',(4.710590606887,22.001478512326,5.843584797771
    ));
#454 = CARTESIAN_POINT('',(4.653033459167,22.013665318737,5.878120513882
    ));
#455 = CARTESIAN_POINT('',(4.532032175815,22.038979122374,5.965347344926
    ));
#456 = CARTESIAN_POINT('',(4.465806701368,22.052460028988,6.032204345422
    ));
#457 = CARTESIAN_POINT('',(4.400014827207,22.065581113138,6.09884142406)
  );
#458 = CARTESIAN_POINT('',(4.399442891101,22.065695153066,6.09942071771)
  );
#459 = CARTESIAN_POINT('',(4.398870961778,22.065809168522,6.1));
#460 = ORIENTED_EDGE('',*,*,#461,.F.);
#461 = EDGE_CURVE('',#462,#447,#464,.T.);
#462 = VERTEX_POINT('',#463);
#463 = CARTESIAN_POINT('',(5.966423864744,21.694510509947,5.8));
#464 = CIRCLE('',#465,22.5);
#465 = AXIS2_PLACEMENT_3D('',#466,#467,#468);
#466 = CARTESIAN_POINT('',(4.440892098501E-15,-4.815648849472E-16,5.8));
#467 = DIRECTION('',(0.,0.,1.));
#468 = DIRECTION('',(-1.,0.,0.));
#469 = ORIENTED_EDGE('',*,*,#470,.F.);
#470 = EDGE_CURVE('',#120,#462,#471,.T.);
#471 = B_SPLINE_CURVE_WITH_KNOTS('',3,(#472,#473,#474,#475,#476,#477,
    #478,#479,#480,#481),.UNSPECIFIED.,.F.,.F.,(4,2,2,2,4),(
    -2.465979247538E-04,0.,2.812083876195E-02,4.519506704852E-02,
    5.6194872121E-02),.UNSPECIFIED.);
#472 = CARTESIAN_POINT('',(6.469164360488,21.54993996458,6.1));
#473 = CARTESIAN_POINT('',(6.468605801291,21.550107640743,6.09942071686)
  );
#474 = CARTESIAN_POINT('',(6.468047227078,21.55027529774,6.098841424908)
  );
#475 = CARTESIAN_POINT('',(6.403790966475,21.569559200039,6.032204328811
    ));
#476 = CARTESIAN_POINT('',(6.338982998514,21.588728794063,5.965347344931
    ));
#477 = CARTESIAN_POINT('',(6.220251294062,21.623150903053,5.878120513882
    ));
#478 = CARTESIAN_POINT('',(6.163705364218,21.639395942982,5.84358479777)
  );
#479 = CARTESIAN_POINT('',(6.054963143324,21.670011088106,5.807842876179
    ));
#480 = CARTESIAN_POINT('',(6.010881223308,21.682283848047,5.8));
#481 = CARTESIAN_POINT('',(5.966423864743,21.694510509947,5.8));
#482 = ORIENTED_EDGE('',*,*,#119,.T.);
#483 = ORIENTED_EDGE('',*,*,#484,.T.);
#484 = EDGE_CURVE('',#122,#485,#487,.T.);
#485 = VERTEX_POINT('',#486);
#486 = CARTESIAN_POINT('',(-17.72114451333,13.864019515907,1.8));
#487 = CIRCLE('',#488,22.5);
#488 = AXIS2_PLACEMENT_3D('',#489,#490,#491);
#489 = CARTESIAN_POINT('',(4.440892098501E-15,-4.815648849472E-16,1.8));
#490 = DIRECTION('',(0.,0.,1.));
#491 = DIRECTION('',(-1.,0.,0.));
#492 = ORIENTED_EDGE('',*,*,#493,.F.);
#493 = EDGE_CURVE('',#494,#485,#496,.T.);
#494 = VERTEX_POINT('',#495);
#495 = CARTESIAN_POINT('',(-17.72114485206,13.864019762007,
    5.861331631507));
#496 = LINE('',#497,#498);
#497 = CARTESIAN_POINT('',(-17.72114451333,13.864019515907,18.75));
#498 = VECTOR('',#499,1.);
#499 = DIRECTION('',(0.,0.,-1.));
#500 = ORIENTED_EDGE('',*,*,#501,.F.);
#501 = EDGE_CURVE('',#502,#494,#504,.T.);
#502 = VERTEX_POINT('',#503);
#503 = CARTESIAN_POINT('',(-17.57865163567,14.044251730571,5.8));
#504 = B_SPLINE_CURVE_WITH_KNOTS('',3,(#505,#506,#507,#508,#509,#510,
    #511,#512,#513,#514),.UNSPECIFIED.,.F.,.F.,(4,2,2,2,4),(
    0.140828929156,0.152459222918,0.170512114714,0.200244788478,
    0.200505521362),.UNSPECIFIED.);
#505 = CARTESIAN_POINT('',(-17.57865163567,14.044251730571,5.8));
#506 = CARTESIAN_POINT('',(-17.60743174272,14.008228773589,5.8));
#507 = CARTESIAN_POINT('',(-17.63588101786,13.972389199751,
    5.807842876179));
#508 = CARTESIAN_POINT('',(-17.70586019177,13.883703953316,
    5.843584797771));
#509 = CARTESIAN_POINT('',(-17.74205821508,13.837324576301,
    5.878120513882));
#510 = CARTESIAN_POINT('',(-17.81788137375,13.739687760283,
    5.965347344938));
#511 = CARTESIAN_POINT('',(-17.85904450325,13.686086082584,
    6.032204307056));
#512 = CARTESIAN_POINT('',(-17.89969413066,13.632716177226,
    6.098841426027));
#513 = CARTESIAN_POINT('',(-17.90004747901,13.632252219974,
    6.099420715741));
#514 = CARTESIAN_POINT('',(-17.900400806,13.631788253354,6.1));
#515 = ORIENTED_EDGE('',*,*,#516,.F.);
#516 = EDGE_CURVE('',#517,#502,#519,.T.);
#517 = VERTEX_POINT('',#518);
#518 = CARTESIAN_POINT('',(-16.8791551981,14.877638246652,5.8));
#519 = CIRCLE('',#520,22.5);
#520 = AXIS2_PLACEMENT_3D('',#521,#522,#523);
#521 = CARTESIAN_POINT('',(4.440892098501E-15,-4.815648849472E-16,5.8));
#522 = DIRECTION('',(0.,0.,1.));
#523 = DIRECTION('',(-1.,0.,0.));
#524 = ORIENTED_EDGE('',*,*,#525,.F.);
#525 = EDGE_CURVE('',#526,#517,#528,.T.);
#526 = VERTEX_POINT('',#527);
#527 = CARTESIAN_POINT('',(-16.52871857329,15.266023133898,6.1));
#528 = B_SPLINE_CURVE_WITH_KNOTS('',3,(#529,#530,#531,#532,#533,#534,
    #535,#536,#537,#538),.UNSPECIFIED.,.F.,.F.,(4,2,2,2,4),(
    -2.465983262923E-04,0.,2.812084656572E-02,4.519507958856E-02,
    5.619488771223E-02),.UNSPECIFIED.);
#529 = CARTESIAN_POINT('',(-16.52871857329,15.266023133898,6.1));
#530 = CARTESIAN_POINT('',(-16.52911425846,15.26559472051,6.099420715917
    ));
#531 = CARTESIAN_POINT('',(-16.52950993105,15.265166287313,
    6.098841425852));
#532 = CARTESIAN_POINT('',(-16.57502432068,15.215879586718,
    6.032204310485));
#533 = CARTESIAN_POINT('',(-16.62067795299,15.166046972828,
    5.965347344937));
#534 = CARTESIAN_POINT('',(-16.70369096711,15.074444905619,
    5.878120513882));
#535 = CARTESIAN_POINT('',(-16.74309245268,15.030754329531,
    5.843584797771));
#536 = CARTESIAN_POINT('',(-16.81830260892,14.946459667098,
    5.807842876179));
#537 = CARTESIAN_POINT('',(-16.84866727823,14.912227764334,5.8));
#538 = CARTESIAN_POINT('',(-16.8791551981,14.877638246651,5.8));
#539 = ORIENTED_EDGE('',*,*,#540,.T.);
#540 = EDGE_CURVE('',#526,#541,#543,.T.);
#541 = VERTEX_POINT('',#542);
#542 = CARTESIAN_POINT('',(-16.52871857329,15.266023133898,21.45));
#543 = LINE('',#544,#545);
#544 = CARTESIAN_POINT('',(-16.52871857329,15.266023133898,18.75));
#545 = VECTOR('',#546,1.);
#546 = DIRECTION('',(0.,0.,1.));
#547 = ORIENTED_EDGE('',*,*,#548,.T.);
#548 = EDGE_CURVE('',#541,#549,#551,.T.);
#549 = VERTEX_POINT('',#550);
#550 = CARTESIAN_POINT('',(-16.93740594612,14.811288931626,22.05));
#551 = B_SPLINE_CURVE_WITH_KNOTS('',3,(#552,#553,#554,#555,#556),
  .UNSPECIFIED.,.F.,.F.,(4,1,4),(-9.449076054367E-02,-4.724538027184E-02
    ,0.),.UNSPECIFIED.);
#552 = CARTESIAN_POINT('',(-16.52871857329,15.266023133898,21.45));
#553 = CARTESIAN_POINT('',(-16.52871857329,15.266023133898,
    21.607484600906));
#554 = CARTESIAN_POINT('',(-16.61994465421,15.168050779001,
    21.920490535775));
#555 = CARTESIAN_POINT('',(-16.83233612962,14.931441211618,22.05));
#556 = CARTESIAN_POINT('',(-16.93740594612,14.811288931626,22.05));
#557 = ORIENTED_EDGE('',*,*,#558,.T.);
#558 = EDGE_CURVE('',#549,#559,#561,.T.);
#559 = VERTEX_POINT('',#560);
#560 = CARTESIAN_POINT('',(-19.32031913113,11.53149030573,22.05));
#561 = CIRCLE('',#562,22.5);
#562 = AXIS2_PLACEMENT_3D('',#563,#564,#565);
#563 = CARTESIAN_POINT('',(4.440892098501E-15,-4.815648849472E-16,22.05)
  );
#564 = DIRECTION('',(0.,0.,1.));
#565 = DIRECTION('',(-0.809016994375,0.587785252292,0.));
#566 = ORIENTED_EDGE('',*,*,#567,.T.);
#567 = EDGE_CURVE('',#559,#568,#570,.T.);
#568 = VERTEX_POINT('',#569);
#569 = CARTESIAN_POINT('',(-19.62650571379,11.002284920248,21.45));
#570 = B_SPLINE_CURVE_WITH_KNOTS('',3,(#571,#572,#573,#574,#575),
  .UNSPECIFIED.,.F.,.F.,(4,1,4),(-9.449077488792E-02,-4.724538744396E-02
    ,-1.385323355014E-16),.UNSPECIFIED.);
#571 = CARTESIAN_POINT('',(-19.32031913113,11.53149030573,22.05));
#572 = CARTESIAN_POINT('',(-19.40212239349,11.394433854845,22.05));
#573 = CARTESIAN_POINT('',(-19.56151297956,11.119331646721,
    21.920501379132));
#574 = CARTESIAN_POINT('',(-19.62650571379,11.002284920248,
    21.607484624813));
#575 = CARTESIAN_POINT('',(-19.62650571379,11.002284920248,21.45));
#576 = ORIENTED_EDGE('',*,*,#577,.T.);
#577 = EDGE_CURVE('',#568,#578,#580,.T.);
#578 = VERTEX_POINT('',#579);
#579 = CARTESIAN_POINT('',(-19.62650571379,11.002284920248,6.1));
#580 = LINE('',#581,#582);
#581 = CARTESIAN_POINT('',(-19.62650571379,11.002284920248,18.75));
#582 = VECTOR('',#583,1.);
#583 = DIRECTION('',(0.,0.,-1.));
#584 = ORIENTED_EDGE('',*,*,#585,.F.);
#585 = EDGE_CURVE('',#586,#578,#588,.T.);
#586 = VERTEX_POINT('',#587);
#587 = CARTESIAN_POINT('',(-19.36542060846,11.455587486338,5.8));
#588 = B_SPLINE_CURVE_WITH_KNOTS('',3,(#589,#590,#591,#592,#593,#594,
    #595,#596,#597,#598),.UNSPECIFIED.,.F.,.F.,(4,2,2,2,4),(
    0.140828863244,0.152459151563,0.17051203491,0.200244694755,
    0.200505427045),.UNSPECIFIED.);
#589 = CARTESIAN_POINT('',(-19.36542060846,11.455587486338,5.8));
#590 = CARTESIAN_POINT('',(-19.38889590929,11.415903002683,5.8));
#591 = CARTESIAN_POINT('',(-19.41206918463,11.376446246372,
    5.807842876179));
#592 = CARTESIAN_POINT('',(-19.4689969562,11.278868653962,5.843584797771
    ));
#593 = CARTESIAN_POINT('',(-19.49837343464,11.227894483852,
    5.878120513882));
#594 = CARTESIAN_POINT('',(-19.55983974544,11.120637820351,5.96534734493
    ));
#595 = CARTESIAN_POINT('',(-19.59312563966,11.061819492942,
    6.032204331355));
#596 = CARTESIAN_POINT('',(-19.62593534672,11.00330232731,6.098841424764
    ));
#597 = CARTESIAN_POINT('',(-19.62622054242,11.002793625263,
    6.099420717004));
#598 = CARTESIAN_POINT('',(-19.62650571379,11.002284920248,6.1));
#599 = ORIENTED_EDGE('',*,*,#600,.F.);
#600 = EDGE_CURVE('',#601,#586,#603,.T.);
#601 = VERTEX_POINT('',#602);
#602 = CARTESIAN_POINT('',(-18.78897921846,12.378378727763,5.8));
#603 = CIRCLE('',#604,22.5);
#604 = AXIS2_PLACEMENT_3D('',#605,#606,#607);
#605 = CARTESIAN_POINT('',(4.440892098501E-15,-4.815648849472E-16,5.8));
#606 = DIRECTION('',(0.,0.,1.));
#607 = DIRECTION('',(-1.,0.,0.));
#608 = ORIENTED_EDGE('',*,*,#609,.F.);
#609 = EDGE_CURVE('',#610,#601,#612,.T.);
#610 = VERTEX_POINT('',#611);
#611 = CARTESIAN_POINT('',(-18.66160125577,12.569592570956,
    5.861331631507));
#612 = B_SPLINE_CURVE_WITH_KNOTS('',3,(#613,#614,#615,#616,#617,#618,
    #619,#620,#621,#622),.UNSPECIFIED.,.F.,.F.,(4,2,2,2,4),(
    -2.465983682528E-04,0.,2.812084653403E-02,4.519507953754E-02,
    5.619488764872E-02),.UNSPECIFIED.);
#613 = CARTESIAN_POINT('',(-18.49612910228,12.811838596841,6.1));
#614 = CARTESIAN_POINT('',(-18.49646117667,12.811359189399,
    6.099420715818));
#615 = CARTESIAN_POINT('',(-18.49679323568,12.810879764341,
    6.098841425951));
#616 = CARTESIAN_POINT('',(-18.53498960421,12.755727466533,6.03220431056
    ));
#617 = CARTESIAN_POINT('',(-18.57324772452,12.700015171745,
    5.965347344937));
#618 = CARTESIAN_POINT('',(-18.64267521003,12.597731627189,
    5.878120513882));
#619 = CARTESIAN_POINT('',(-18.67559881439,12.548973245553,
    5.843584797771));
#620 = CARTESIAN_POINT('',(-18.73831874193,12.455013847904,
    5.807842876179));
#621 = CARTESIAN_POINT('',(-18.76361289267,12.416881942011,5.8));
#622 = CARTESIAN_POINT('',(-18.78897921846,12.378378727763,5.8));
#623 = ORIENTED_EDGE('',*,*,#624,.T.);
#624 = EDGE_CURVE('',#610,#625,#627,.T.);
#625 = VERTEX_POINT('',#626);
#626 = CARTESIAN_POINT('',(-18.66160091704,12.569592324855,1.8));
#627 = LINE('',#628,#629);
#628 = CARTESIAN_POINT('',(-18.66160091704,12.569592324856,18.75));
#629 = VECTOR('',#630,1.);
#630 = DIRECTION('',(0.,0.,-1.));
#631 = ORIENTED_EDGE('',*,*,#632,.T.);
#632 = EDGE_CURVE('',#625,#633,#635,.T.);
#633 = VERTEX_POINT('',#634);
#634 = CARTESIAN_POINT('',(-18.66160091704,-12.56959232485,1.8));
#635 = CIRCLE('',#636,22.5);
#636 = AXIS2_PLACEMENT_3D('',#637,#638,#639);
#637 = CARTESIAN_POINT('',(4.440892098501E-15,-4.815648849472E-16,1.8));
#638 = DIRECTION('',(0.,0.,1.));
#639 = DIRECTION('',(-1.,0.,0.));
#640 = ORIENTED_EDGE('',*,*,#641,.F.);
#641 = EDGE_CURVE('',#642,#633,#644,.T.);
#642 = VERTEX_POINT('',#643);
#643 = CARTESIAN_POINT('',(-18.66160125577,-12.56959257095,
    5.861331631507));
#644 = LINE('',#645,#646);
#645 = CARTESIAN_POINT('',(-18.66160091704,-12.56959232485,18.75));
#646 = VECTOR('',#647,1.);
#647 = DIRECTION('',(0.,0.,-1.));
#648 = ORIENTED_EDGE('',*,*,#649,.F.);
#649 = EDGE_CURVE('',#650,#642,#652,.T.);
#650 = VERTEX_POINT('',#651);
#651 = CARTESIAN_POINT('',(-18.78897921846,-12.37837872776,5.8));
#652 = B_SPLINE_CURVE_WITH_KNOTS('',3,(#653,#654,#655,#656,#657,#658,
    #659,#660,#661,#662),.UNSPECIFIED.,.F.,.F.,(4,2,2,2,4),(
    0.140828961262,0.152459257676,0.170512153587,0.200244834131,
    0.200505567295),.UNSPECIFIED.);
#653 = CARTESIAN_POINT('',(-18.78897921846,-12.37837872776,5.8));
#654 = CARTESIAN_POINT('',(-18.76361289267,-12.41688194201,5.8));
#655 = CARTESIAN_POINT('',(-18.73831874193,-12.4550138479,5.807842876179
    ));
#656 = CARTESIAN_POINT('',(-18.6755988144,-12.54897324555,5.843584797771
    ));
#657 = CARTESIAN_POINT('',(-18.64267521003,-12.59773162718,
    5.878120513882));
#658 = CARTESIAN_POINT('',(-18.57324772452,-12.70001517175,
    5.965347344941));
#659 = CARTESIAN_POINT('',(-18.53498961301,-12.75572745383,6.03220429522
    ));
#660 = CARTESIAN_POINT('',(-18.4967932353,-12.81087976489,6.098841426621
    ));
#661 = CARTESIAN_POINT('',(-18.49646117706,-12.81135918884,
    6.099420715148));
#662 = CARTESIAN_POINT('',(-18.49612910228,-12.81183859684,6.1));
#663 = ORIENTED_EDGE('',*,*,#664,.F.);
#664 = EDGE_CURVE('',#665,#650,#667,.T.);
#665 = VERTEX_POINT('',#666);
#666 = CARTESIAN_POINT('',(-19.36542060846,-11.45558748633,5.8));
#667 = CIRCLE('',#668,22.5);
#668 = AXIS2_PLACEMENT_3D('',#669,#670,#671);
#669 = CARTESIAN_POINT('',(4.440892098501E-15,-4.815648849472E-16,5.8));
#670 = DIRECTION('',(0.,0.,1.));
#671 = DIRECTION('',(-1.,0.,0.));
#672 = ORIENTED_EDGE('',*,*,#673,.F.);
#673 = EDGE_CURVE('',#674,#665,#676,.T.);
#674 = VERTEX_POINT('',#675);
#675 = CARTESIAN_POINT('',(-19.62650571379,-11.00228492024,6.1));
#676 = B_SPLINE_CURVE_WITH_KNOTS('',3,(#677,#678,#679,#680,#681,#682,
    #683,#684,#685,#686),.UNSPECIFIED.,.F.,.F.,(4,2,2,2,4),(
    -2.465978727739E-04,0.,2.812083767978E-02,4.519506530941E-02,
    5.619486995864E-02),.UNSPECIFIED.);
#677 = CARTESIAN_POINT('',(-19.62650571379,-11.00228492024,6.1));
#678 = CARTESIAN_POINT('',(-19.62622054241,-11.00279362528,
    6.099420716982));
#679 = CARTESIAN_POINT('',(-19.62593534673,-11.00330232729,
    6.098841424787));
#680 = CARTESIAN_POINT('',(-19.59312563966,-11.06181949294,
    6.032204331353));
#681 = CARTESIAN_POINT('',(-19.55983974544,-11.12063782035,5.96534734493
    ));
#682 = CARTESIAN_POINT('',(-19.49837343464,-11.22789448385,
    5.878120513882));
#683 = CARTESIAN_POINT('',(-19.4689969562,-11.27886865396,5.843584797771
    ));
#684 = CARTESIAN_POINT('',(-19.41206918463,-11.37644624637,
    5.807842876179));
#685 = CARTESIAN_POINT('',(-19.38889590929,-11.41590300268,5.8));
#686 = CARTESIAN_POINT('',(-19.36542060846,-11.45558748633,5.8));
#687 = ORIENTED_EDGE('',*,*,#688,.T.);
#688 = EDGE_CURVE('',#674,#689,#691,.T.);
#689 = VERTEX_POINT('',#690);
#690 = CARTESIAN_POINT('',(-19.62650571379,-11.00228492024,21.45));
#691 = LINE('',#692,#693);
#692 = CARTESIAN_POINT('',(-19.62650571379,-11.00228492024,18.75));
#693 = VECTOR('',#694,1.);
#694 = DIRECTION('',(0.,0.,1.));
#695 = ORIENTED_EDGE('',*,*,#696,.T.);
#696 = EDGE_CURVE('',#689,#697,#699,.T.);
#697 = VERTEX_POINT('',#698);
#698 = CARTESIAN_POINT('',(-19.32031913113,-11.53149030573,22.05));
#699 = B_SPLINE_CURVE_WITH_KNOTS('',3,(#700,#701,#702,#703,#704),
  .UNSPECIFIED.,.F.,.F.,(4,1,4),(-9.449076052534E-02,-4.724538026267E-02
    ,0.),.QUASI_UNIFORM_KNOTS.);
#700 = CARTESIAN_POINT('',(-19.62650571379,-11.00228492024,21.45));
#701 = CARTESIAN_POINT('',(-19.62650571379,-11.00228492024,
    21.607484600876));
#702 = CARTESIAN_POINT('',(-19.5615188676,-11.11932121667,
    21.920490518535));
#703 = CARTESIAN_POINT('',(-19.40212238105,-11.39443387567,22.05));
#704 = CARTESIAN_POINT('',(-19.32031913113,-11.53149030573,22.05));
#705 = ORIENTED_EDGE('',*,*,#706,.T.);
#706 = EDGE_CURVE('',#697,#707,#709,.T.);
#707 = VERTEX_POINT('',#708);
#708 = CARTESIAN_POINT('',(-16.93740594612,-14.81128893162,22.05));
#709 = CIRCLE('',#710,22.5);
#710 = AXIS2_PLACEMENT_3D('',#711,#712,#713);
#711 = CARTESIAN_POINT('',(4.440892098501E-15,-4.815648849472E-16,22.05)
  );
#712 = DIRECTION('',(0.,0.,1.));
#713 = DIRECTION('',(-0.809016994375,-0.587785252292,0.));
#714 = ORIENTED_EDGE('',*,*,#715,.T.);
#715 = EDGE_CURVE('',#707,#716,#718,.T.);
#716 = VERTEX_POINT('',#717);
#717 = CARTESIAN_POINT('',(-16.52871857329,-15.26602313389,21.45));
#718 = B_SPLINE_CURVE_WITH_KNOTS('',3,(#719,#720,#721,#722,#723),
  .UNSPECIFIED.,.F.,.F.,(4,1,4),(-9.449077486131E-02,-4.724538743065E-02
    ,0.),.UNSPECIFIED.);
#719 = CARTESIAN_POINT('',(-16.93740594612,-14.81128893162,22.05));
#720 = CARTESIAN_POINT('',(-16.8323361137,-14.93144122982,22.05));
#721 = CARTESIAN_POINT('',(-16.61995275442,-15.1680419559,
    21.920501396664));
#722 = CARTESIAN_POINT('',(-16.52871857329,-15.26602313389,
    21.607484624769));
#723 = CARTESIAN_POINT('',(-16.52871857329,-15.26602313389,21.45));
#724 = ORIENTED_EDGE('',*,*,#725,.T.);
#725 = EDGE_CURVE('',#716,#726,#728,.T.);
#726 = VERTEX_POINT('',#727);
#727 = CARTESIAN_POINT('',(-16.52871857329,-15.26602313389,6.1));
#728 = LINE('',#729,#730);
#729 = CARTESIAN_POINT('',(-16.52871857329,-15.26602313389,18.75));
#730 = VECTOR('',#731,1.);
#731 = DIRECTION('',(0.,0.,-1.));
#732 = ORIENTED_EDGE('',*,*,#733,.F.);
#733 = EDGE_CURVE('',#734,#726,#736,.T.);
#734 = VERTEX_POINT('',#735);
#735 = CARTESIAN_POINT('',(-16.8791551981,-14.87763824665,5.8));
#736 = B_SPLINE_CURVE_WITH_KNOTS('',3,(#737,#738,#739,#740,#741,#742,
    #743,#744,#745,#746),.UNSPECIFIED.,.F.,.F.,(4,2,2,2,4),(
    0.140828916193,0.152459208885,0.170512099019,0.200244770046,
    0.200505502812),.UNSPECIFIED.);
#737 = CARTESIAN_POINT('',(-16.8791551981,-14.87763824665,5.8));
#738 = CARTESIAN_POINT('',(-16.84866727823,-14.91222776433,5.8));
#739 = CARTESIAN_POINT('',(-16.81830260892,-14.94645966709,
    5.807842876179));
#740 = CARTESIAN_POINT('',(-16.74309245268,-15.03075432953,
    5.843584797771));
#741 = CARTESIAN_POINT('',(-16.70369096711,-15.07444490561,
    5.878120513882));
#742 = CARTESIAN_POINT('',(-16.62067795299,-15.16604697282,
    5.965347344936));
#743 = CARTESIAN_POINT('',(-16.57502431976,-15.21587958771,
    6.032204311835));
#744 = CARTESIAN_POINT('',(-16.5295099311,-15.26516628725,6.098841425777
    ));
#745 = CARTESIAN_POINT('',(-16.52911425841,-15.26559472056,
    6.099420715992));
#746 = CARTESIAN_POINT('',(-16.52871857329,-15.26602313389,6.1));
#747 = ORIENTED_EDGE('',*,*,#748,.F.);
#748 = EDGE_CURVE('',#749,#734,#751,.T.);
#749 = VERTEX_POINT('',#750);
#750 = CARTESIAN_POINT('',(-17.57865163567,-14.04425173057,5.8));
#751 = CIRCLE('',#752,22.5);
#752 = AXIS2_PLACEMENT_3D('',#753,#754,#755);
#753 = CARTESIAN_POINT('',(4.440892098501E-15,-4.815648849472E-16,5.8));
#754 = DIRECTION('',(0.,0.,1.));
#755 = DIRECTION('',(-1.,0.,0.));
#756 = ORIENTED_EDGE('',*,*,#757,.F.);
#757 = EDGE_CURVE('',#758,#749,#760,.T.);
#758 = VERTEX_POINT('',#759);
#759 = CARTESIAN_POINT('',(-17.72114485206,-13.864019762,5.861331631507)
  );
#760 = B_SPLINE_CURVE_WITH_KNOTS('',3,(#761,#762,#763,#764,#765,#766,
    #767,#768,#769,#770),.UNSPECIFIED.,.F.,.F.,(4,2,2,2,4),(
    -2.465979357661E-04,0.,2.812083885461E-02,4.519506719715E-02,
    5.61948723056E-02),.UNSPECIFIED.);
#761 = CARTESIAN_POINT('',(-17.900400806,-13.63178825335,6.1));
#762 = CARTESIAN_POINT('',(-17.90004747968,-13.63225221909,
    6.099420716834));
#763 = CARTESIAN_POINT('',(-17.89969412999,-13.6327161781,6.098841424935
    ));
#764 = CARTESIAN_POINT('',(-17.8590445164,-13.68608606532,6.032204328594
    ));
#765 = CARTESIAN_POINT('',(-17.81788137374,-13.73968776029,
    5.965347344931));
#766 = CARTESIAN_POINT('',(-17.74205821508,-13.8373245763,5.878120513882
    ));
#767 = CARTESIAN_POINT('',(-17.70586019177,-13.88370395331,
    5.843584797771));
#768 = CARTESIAN_POINT('',(-17.63588101786,-13.97238919975,
    5.807842876179));
#769 = CARTESIAN_POINT('',(-17.60743174272,-14.00822877359,5.8));
#770 = CARTESIAN_POINT('',(-17.57865163567,-14.04425173057,5.8));
#771 = ORIENTED_EDGE('',*,*,#772,.T.);
#772 = EDGE_CURVE('',#758,#773,#775,.T.);
#773 = VERTEX_POINT('',#774);
#774 = CARTESIAN_POINT('',(-17.72114451333,-13.8640195159,1.8));
#775 = LINE('',#776,#777);
#776 = CARTESIAN_POINT('',(-17.72114451333,-13.8640195159,18.75));
#777 = VECTOR('',#778,1.);
#778 = DIRECTION('',(0.,0.,-1.));
#779 = ORIENTED_EDGE('',*,*,#780,.T.);
#780 = EDGE_CURVE('',#773,#781,#783,.T.);
#781 = VERTEX_POINT('',#782);
#782 = CARTESIAN_POINT('',(6.187640862118,-21.63245479739,1.8));
#783 = CIRCLE('',#784,22.5);
#784 = AXIS2_PLACEMENT_3D('',#785,#786,#787);
#785 = CARTESIAN_POINT('',(4.440892098501E-15,-4.815648849472E-16,1.8));
#786 = DIRECTION('',(0.,0.,1.));
#787 = DIRECTION('',(-1.,0.,0.));
#788 = ORIENTED_EDGE('',*,*,#789,.F.);
#789 = EDGE_CURVE('',#790,#781,#792,.T.);
#790 = VERTEX_POINT('',#791);
#791 = CARTESIAN_POINT('',(6.187640991501,-21.63245519559,5.861331631507
    ));
#792 = LINE('',#793,#794);
#793 = CARTESIAN_POINT('',(6.187640862119,-21.63245479739,18.75));
#794 = VECTOR('',#795,1.);
#795 = DIRECTION('',(0.,0.,-1.));
#796 = ORIENTED_EDGE('',*,*,#797,.F.);
#797 = EDGE_CURVE('',#798,#790,#800,.T.);
#798 = VERTEX_POINT('',#799);
#799 = CARTESIAN_POINT('',(5.966423864744,-21.69451050994,5.8));
#800 = B_SPLINE_CURVE_WITH_KNOTS('',3,(#801,#802,#803,#804,#805,#806,
    #807,#808,#809,#810),.UNSPECIFIED.,.F.,.F.,(4,2,2,2,4),(
    0.140828891198,0.152459181826,0.170512068756,0.200244734504,
    0.200505467054),.UNSPECIFIED.);
#801 = CARTESIAN_POINT('',(5.966423864744,-21.69451050994,5.8));
#802 = CARTESIAN_POINT('',(6.010881223308,-21.68228384804,5.8));
#803 = CARTESIAN_POINT('',(6.054963143324,-21.6700110881,5.807842876179)
  );
#804 = CARTESIAN_POINT('',(6.163705364219,-21.63939594298,5.843584797771
    ));
#805 = CARTESIAN_POINT('',(6.220251294063,-21.62315090305,5.878120513882
    ));
#806 = CARTESIAN_POINT('',(6.338982998517,-21.58872879406,5.965347344933
    ));
#807 = CARTESIAN_POINT('',(6.403790958986,-21.56955920228,6.032204321049
    ));
#808 = CARTESIAN_POINT('',(6.468047227472,-21.55027529762,6.098841425317
    ));
#809 = CARTESIAN_POINT('',(6.468605800897,-21.55010764086,6.099420716452
    ));
#810 = CARTESIAN_POINT('',(6.469164360488,-21.54993996458,6.1));
#811 = ORIENTED_EDGE('',*,*,#812,.F.);
#812 = EDGE_CURVE('',#813,#798,#815,.T.);
#813 = VERTEX_POINT('',#814);
#814 = CARTESIAN_POINT('',(4.910667055636,-21.9575806743,5.8));
#815 = CIRCLE('',#816,22.5);
#816 = AXIS2_PLACEMENT_3D('',#817,#818,#819);
#817 = CARTESIAN_POINT('',(4.440892098501E-15,-4.815648849472E-16,5.8));
#818 = DIRECTION('',(0.,0.,1.));
#819 = DIRECTION('',(-1.,0.,0.));
#820 = ORIENTED_EDGE('',*,*,#821,.F.);
#821 = EDGE_CURVE('',#822,#813,#824,.T.);
#822 = VERTEX_POINT('',#823);
#823 = CARTESIAN_POINT('',(4.398870961778,-22.06580916852,6.1));
#824 = B_SPLINE_CURVE_WITH_KNOTS('',3,(#825,#826,#827,#828,#829,#830,
    #831,#832,#833,#834),.UNSPECIFIED.,.F.,.F.,(4,2,2,2,4),(
    -2.465976224948E-04,0.,2.812083282121E-02,4.519505750186E-02,
    5.619486025122E-02),.UNSPECIFIED.);
#825 = CARTESIAN_POINT('',(4.398870961778,-22.06580916852,6.1));
#826 = CARTESIAN_POINT('',(4.399442891238,-22.06569515303,6.09942071757)
  );
#827 = CARTESIAN_POINT('',(4.400014827069,-22.06558111316,6.098841424199
    ));
#828 = CARTESIAN_POINT('',(4.465806703994,-22.05246002846,6.032204342763
    ));
#829 = CARTESIAN_POINT('',(4.532032175814,-22.03897912237,5.965347344927
    ));
#830 = CARTESIAN_POINT('',(4.653033459167,-22.01366531873,5.878120513882
    ));
#831 = CARTESIAN_POINT('',(4.710590606887,-22.00147851232,5.843584797771
    ));
#832 = CARTESIAN_POINT('',(4.820984060859,-21.97749011854,5.807842876179
    ));
#833 = CARTESIAN_POINT('',(4.865670601958,-21.96764383226,5.8));
#834 = CARTESIAN_POINT('',(4.910667055637,-21.9575806743,5.8));
#835 = ORIENTED_EDGE('',*,*,#836,.T.);
#836 = EDGE_CURVE('',#822,#837,#839,.T.);
#837 = VERTEX_POINT('',#838);
#838 = CARTESIAN_POINT('',(4.398870961778,-22.06580916852,21.45));
#839 = LINE('',#840,#841);
#840 = CARTESIAN_POINT('',(4.398870961778,-22.06580916852,18.75));
#841 = VECTOR('',#842,1.);
#842 = DIRECTION('',(0.,0.,1.));
#843 = ORIENTED_EDGE('',*,*,#844,.T.);
#844 = EDGE_CURVE('',#837,#845,#847,.T.);
#845 = VERTEX_POINT('',#846);
#846 = CARTESIAN_POINT('',(4.996792049591,-21.9381418815,22.05));
#847 = B_SPLINE_CURVE_WITH_KNOTS('',3,(#848,#849,#850,#851,#852),
  .UNSPECIFIED.,.F.,.F.,(4,1,4),(-9.449075988535E-02,-4.724537994267E-02
    ,-3.423187659261E-18),.UNSPECIFIED.);
#848 = CARTESIAN_POINT('',(4.398870961778,-22.06580916852,21.45));
#849 = CARTESIAN_POINT('',(4.398870961778,-22.06580916852,
    21.607484599809));
#850 = CARTESIAN_POINT('',(4.530261171347,-22.04016920111,
    21.920490486674));
#851 = CARTESIAN_POINT('',(4.841165045323,-21.97358862908,22.05));
#852 = CARTESIAN_POINT('',(4.996792049591,-21.9381418815,22.05));
#853 = ORIENTED_EDGE('',*,*,#854,.T.);
#854 = EDGE_CURVE('',#845,#855,#857,.T.);
#855 = VERTEX_POINT('',#856);
#856 = CARTESIAN_POINT('',(8.852426575173,-20.68537028267,22.05));
#857 = CIRCLE('',#858,22.5);
#858 = AXIS2_PLACEMENT_3D('',#859,#860,#861);
#859 = CARTESIAN_POINT('',(4.440892098501E-15,-4.815648849472E-16,22.05)
  );
#860 = DIRECTION('',(-0.,0.,1.));
#861 = DIRECTION('',(0.309016994375,-0.951056516295,0.));
#862 = ORIENTED_EDGE('',*,*,#863,.T.);
#863 = EDGE_CURVE('',#855,#864,#866,.T.);
#864 = VERTEX_POINT('',#865);
#865 = CARTESIAN_POINT('',(9.411195845016,-20.43720609003,21.45));
#866 = B_SPLINE_CURVE_WITH_KNOTS('',3,(#867,#868,#869,#870,#871),
  .UNSPECIFIED.,.F.,.F.,(4,1,4),(-9.449077573004E-02,-4.724538786502E-02
    ,0.),.QUASI_UNIFORM_KNOTS.);
#867 = CARTESIAN_POINT('',(8.852426575173,-20.68537028267,22.05));
#868 = CARTESIAN_POINT('',(8.999166566485,-20.62257203535,22.05));
#869 = CARTESIAN_POINT('',(9.28981728739,-20.49369710653,21.920501387976
    ));
#870 = CARTESIAN_POINT('',(9.411195845016,-20.43720609003,
    21.607484626217));
#871 = CARTESIAN_POINT('',(9.411195845016,-20.43720609003,21.45));
#872 = ORIENTED_EDGE('',*,*,#873,.T.);
#873 = EDGE_CURVE('',#864,#874,#876,.T.);
#874 = VERTEX_POINT('',#875);
#875 = CARTESIAN_POINT('',(9.411195845016,-20.43720609003,6.1));
#876 = LINE('',#877,#878);
#877 = CARTESIAN_POINT('',(9.411195845016,-20.43720609003,18.75));
#878 = VECTOR('',#879,1.);
#879 = DIRECTION('',(0.,0.,-1.));
#880 = ORIENTED_EDGE('',*,*,#881,.F.);
#881 = EDGE_CURVE('',#882,#874,#884,.T.);
#882 = VERTEX_POINT('',#883);
#883 = CARTESIAN_POINT('',(8.933528994653,-20.65047359509,5.8));
#884 = B_SPLINE_CURVE_WITH_KNOTS('',3,(#885,#886,#887,#888,#889,#890,
    #891,#892,#893,#894),.UNSPECIFIED.,.F.,.F.,(4,2,2,2,4),(
    0.140828748354,0.152459027185,0.170511895805,0.200244531389,
    0.200505262669),.UNSPECIFIED.);
#885 = CARTESIAN_POINT('',(8.933528994653,-20.65047359509,5.8));
#886 = CARTESIAN_POINT('',(8.975846866204,-20.63216660902,5.8));
#887 = CARTESIAN_POINT('',(9.017786539237,-20.61386633211,5.807842876179
    ));
#888 = CARTESIAN_POINT('',(9.121196743661,-20.56838570616,5.843584797771
    ));
#889 = CARTESIAN_POINT('',(9.174924679395,-20.54441379706,5.878120513882
    ));
#890 = CARTESIAN_POINT('',(9.287695854414,-20.49377032453,5.965347344917
    ));
#891 = CARTESIAN_POINT('',(9.349197292689,-20.46575023796,6.032204373709
    ));
#892 = CARTESIAN_POINT('',(9.410136389539,-20.43769393719,6.098841422623
    ));
#893 = CARTESIAN_POINT('',(9.410666129185,-20.43745002061,6.099420719147
    ));
#894 = CARTESIAN_POINT('',(9.411195845016,-20.43720609003,6.1));
#895 = ORIENTED_EDGE('',*,*,#896,.F.);
#896 = EDGE_CURVE('',#897,#882,#899,.T.);
#897 = VERTEX_POINT('',#898);
#898 = CARTESIAN_POINT('',(7.924775031229,-21.05820364381,5.8));
#899 = CIRCLE('',#900,22.5);
#900 = AXIS2_PLACEMENT_3D('',#901,#902,#903);
#901 = CARTESIAN_POINT('',(4.440892098501E-15,-4.815648849472E-16,5.8));
#902 = DIRECTION('',(0.,0.,1.));
#903 = DIRECTION('',(-1.,0.,0.));
#904 = ORIENTED_EDGE('',*,*,#905,.F.);
#905 = EDGE_CURVE('',#906,#897,#908,.T.);
#906 = VERTEX_POINT('',#907);
#907 = CARTESIAN_POINT('',(7.709331417634,-21.13802800457,5.861331631507
    ));
#908 = B_SPLINE_CURVE_WITH_KNOTS('',3,(#909,#910,#911,#912,#913,#914,
    #915,#916,#917,#918),.UNSPECIFIED.,.F.,.F.,(4,2,2,2,4),(
    -2.465995123535E-04,0.,2.812086990338E-02,4.519511709113E-02,
    5.619493434036E-02),.UNSPECIFIED.);
#909 = CARTESIAN_POINT('',(7.433072991929,-21.23674706485,6.1));
#910 = CARTESIAN_POINT('',(7.433623436931,-21.23655440362,6.099420713131
    ));
#911 = CARTESIAN_POINT('',(7.434173872184,-21.23636172177,6.098841428638
    ));
#912 = CARTESIAN_POINT('',(7.497493145458,-21.21419381852,6.032204255678
    ));
#913 = CARTESIAN_POINT('',(7.561191428011,-21.19160920241,5.965347344953
    ));
#914 = CARTESIAN_POINT('',(7.67748020273,-21.1496685287,5.878120513882)
  );
#915 = CARTESIAN_POINT('',(7.732775415829,-21.12957417844,5.843584797771
    ));
#916 = CARTESIAN_POINT('',(7.83874485134,-21.09042527739,5.807842876179)
  );
#917 = CARTESIAN_POINT('',(7.881621621076,-21.07444344627,5.8));
#918 = CARTESIAN_POINT('',(7.92477503123,-21.05820364381,5.8));
#919 = ORIENTED_EDGE('',*,*,#920,.T.);
#920 = EDGE_CURVE('',#906,#921,#923,.T.);
#921 = VERTEX_POINT('',#922);
#922 = CARTESIAN_POINT('',(7.709331288251,-21.13802760637,1.8));
#923 = LINE('',#924,#925);
#924 = CARTESIAN_POINT('',(7.709331288251,-21.13802760637,18.75));
#925 = VECTOR('',#926,1.);
#926 = DIRECTION('',(0.,0.,-1.));
#927 = ORIENTED_EDGE('',*,*,#928,.T.);
#928 = EDGE_CURVE('',#921,#929,#931,.T.);
#929 = VERTEX_POINT('',#930);
#930 = CARTESIAN_POINT('',(22.485773280009,-0.800000000031,1.8));
#931 = CIRCLE('',#932,22.5);
#932 = AXIS2_PLACEMENT_3D('',#933,#934,#935);
#933 = CARTESIAN_POINT('',(4.440892098501E-15,-4.815648849472E-16,1.8));
#934 = DIRECTION('',(0.,0.,1.));
#935 = DIRECTION('',(-1.,0.,0.));
#936 = ORIENTED_EDGE('',*,*,#937,.F.);
#937 = EDGE_CURVE('',#938,#929,#940,.T.);
#938 = VERTEX_POINT('',#939);
#939 = CARTESIAN_POINT('',(22.4857736987,-0.800000000032,5.861331631507)
  );
#940 = LINE('',#941,#942);
#941 = CARTESIAN_POINT('',(22.485773280009,-0.800000000032,18.75));
#942 = VECTOR('',#943,1.);
#943 = DIRECTION('',(0.,0.,-1.));
#944 = ORIENTED_EDGE('',*,*,#945,.F.);
#945 = EDGE_CURVE('',#946,#938,#948,.T.);
#946 = VERTEX_POINT('',#947);
#947 = CARTESIAN_POINT('',(22.476431958169,-1.029566136676,5.8));
#948 = B_SPLINE_CURVE_WITH_KNOTS('',3,(#949,#950,#951,#952,#953,#954,
    #955,#956,#957,#958),.UNSPECIFIED.,.F.,.F.,(4,2,2,2,4),(
    0.14082893966,0.15245923429,0.170512127432,0.200244803414,
    0.20050553639),.UNSPECIFIED.);
#949 = CARTESIAN_POINT('',(22.476431958169,-1.029566136676,5.8));
#950 = CARTESIAN_POINT('',(22.478541791018,-0.983506429805,5.8));
#951 = CARTESIAN_POINT('',(22.480491765133,-0.937789541133,
    5.807842876179));
#952 = CARTESIAN_POINT('',(22.484978226127,-0.824908943226,
    5.843584797771));
#953 = CARTESIAN_POINT('',(22.48700192833,-0.766110574766,5.878120513882
    ));
#954 = CARTESIAN_POINT('',(22.490954671718,-0.642552996886,
    5.965347344939));
#955 = CARTESIAN_POINT('',(22.492750067293,-0.574993252138,
    6.032204303184));
#956 = CARTESIAN_POINT('',(22.494266263487,-0.507922836121,
    6.098841426221));
#957 = CARTESIAN_POINT('',(22.494279421072,-0.507339794258,
    6.099420715548));
#958 = CARTESIAN_POINT('',(22.494292555878,-0.506756756789,6.1));
#959 = ORIENTED_EDGE('',*,*,#960,.F.);
#960 = EDGE_CURVE('',#961,#946,#963,.T.);
#961 = VERTEX_POINT('',#962);
#962 = CARTESIAN_POINT('',(22.400379756285,-2.114943681101,5.8));
#963 = CIRCLE('',#964,22.5);
#964 = AXIS2_PLACEMENT_3D('',#965,#966,#967);
#965 = CARTESIAN_POINT('',(4.440892098501E-15,-4.815648849472E-16,5.8));
#966 = DIRECTION('',(0.,0.,1.));
#967 = DIRECTION('',(-1.,0.,0.));
#968 = ORIENTED_EDGE('',*,*,#969,.F.);
#969 = EDGE_CURVE('',#970,#961,#972,.T.);
#970 = VERTEX_POINT('',#971);
#971 = CARTESIAN_POINT('',(22.3451574803,-2.635135135167,6.1));
#972 = B_SPLINE_CURVE_WITH_KNOTS('',3,(#973,#974,#975,#976,#977,#978,
    #979,#980,#981,#982),.UNSPECIFIED.,.F.,.F.,(4,2,2,2,4),(
    -2.465982521289E-04,0.,2.812084509961E-02,4.519507723264E-02,
    5.619488478308E-02),.UNSPECIFIED.);
#973 = CARTESIAN_POINT('',(22.3451574803,-2.635135135167,6.1));
#974 = CARTESIAN_POINT('',(22.345225781229,-2.634555963726,
    6.099420716091));
#975 = CARTESIAN_POINT('',(22.345294060407,-2.633976783126,
    6.098841425677));
#976 = CARTESIAN_POINT('',(22.353145978936,-2.567350321375,
    6.032204313928));
#977 = CARTESIAN_POINT('',(22.360789668206,-2.500200354634,
    5.965347344935));
#978 = CARTESIAN_POINT('',(22.374106263203,-2.377298900092,
    5.878120513882));
#979 = CARTESIAN_POINT('',(22.380302058346,-2.318792869405,
    5.843584797771));
#980 = CARTESIAN_POINT('',(22.391601193468,-2.206389634302,
    5.807842876179));
#981 = CARTESIAN_POINT('',(22.396045719362,-2.160847538408,5.8));
#982 = CARTESIAN_POINT('',(22.400379756285,-2.1149436811,5.8));
#983 = ORIENTED_EDGE('',*,*,#984,.T.);
#984 = EDGE_CURVE('',#970,#985,#987,.T.);
#985 = VERTEX_POINT('',#986);
#986 = CARTESIAN_POINT('',(22.3451574803,-2.635135135167,21.45));
#987 = LINE('',#988,#989);
#988 = CARTESIAN_POINT('',(22.3451574803,-2.635135135167,18.75));
#989 = VECTOR('',#990,1.);
#990 = DIRECTION('',(0.,0.,1.));
#991 = ORIENTED_EDGE('',*,*,#992,.T.);
#992 = EDGE_CURVE('',#985,#993,#995,.T.);
#993 = VERTEX_POINT('',#994);
#994 = CARTESIAN_POINT('',(22.408506452496,-2.027027027059,22.05));
#995 = B_SPLINE_CURVE_WITH_KNOTS('',3,(#996,#997,#998,#999,#1000),
  .UNSPECIFIED.,.F.,.F.,(4,1,4),(-9.449075818131E-02,-4.724537909066E-02
    ,0.),.UNSPECIFIED.);
#996 = CARTESIAN_POINT('',(22.3451574803,-2.635135135167,21.45));
#997 = CARTESIAN_POINT('',(22.3451574803,-2.635135135167,21.607484596969
    ));
#998 = CARTESIAN_POINT('',(22.361374228477,-2.502252451563,
    21.920490519949));
#999 = CARTESIAN_POINT('',(22.39412692392,-2.185990748111,22.05));
#1000 = CARTESIAN_POINT('',(22.408506452496,-2.027027027059,22.05));
#1001 = ORIENTED_EDGE('',*,*,#1002,.T.);
#1002 = EDGE_CURVE('',#993,#1003,#1005,.T.);
#1003 = VERTEX_POINT('',#1004);
#1004 = CARTESIAN_POINT('',(22.5,-3.237020183029E-15,22.05));
#1005 = CIRCLE('',#1006,22.5);
#1006 = AXIS2_PLACEMENT_3D('',#1007,#1008,#1009);
#1007 = CARTESIAN_POINT('',(4.440892098501E-15,-4.815648849472E-16,22.05
    ));
#1008 = DIRECTION('',(0.,-0.,1.));
#1009 = DIRECTION('',(1.,1.224646799147E-16,0.));
#1010 = ORIENTED_EDGE('',*,*,#1011,.T.);
#1011 = EDGE_CURVE('',#1003,#1012,#1014,.T.);
#1012 = VERTEX_POINT('',#1013);
#1013 = CARTESIAN_POINT('',(22.5,-3.237020183029E-15,25.35));
#1014 = LINE('',#1015,#1016);
#1015 = CARTESIAN_POINT('',(22.5,-3.237020183029E-15,18.75));
#1016 = VECTOR('',#1017,1.);
#1017 = DIRECTION('',(0.,0.,1.));
#1018 = ORIENTED_EDGE('',*,*,#1019,.T.);
#1019 = EDGE_CURVE('',#1012,#1020,#1022,.T.);
#1020 = VERTEX_POINT('',#1021);
#1021 = CARTESIAN_POINT('',(-22.5,-3.237020183029E-15,25.35));
#1022 = CIRCLE('',#1023,22.5);
#1023 = AXIS2_PLACEMENT_3D('',#1024,#1025,#1026);
#1024 = CARTESIAN_POINT('',(4.440892098501E-15,-4.815648849472E-16,25.35
    ));
#1025 = DIRECTION('',(0.,0.,-1.));
#1026 = DIRECTION('',(-1.,0.,0.));
#1027 = ORIENTED_EDGE('',*,*,#1028,.T.);
#1028 = EDGE_CURVE('',#1020,#1012,#1029,.T.);
#1029 = CIRCLE('',#1030,22.5);
#1030 = AXIS2_PLACEMENT_3D('',#1031,#1032,#1033);
#1031 = CARTESIAN_POINT('',(4.440892098501E-15,-4.815648849472E-16,25.35
    ));
#1032 = DIRECTION('',(0.,0.,-1.));
#1033 = DIRECTION('',(-1.,0.,0.));
#1034 = ORIENTED_EDGE('',*,*,#1011,.F.);
#1035 = ORIENTED_EDGE('',*,*,#1036,.T.);
#1036 = EDGE_CURVE('',#1003,#1037,#1039,.T.);
#1037 = VERTEX_POINT('',#1038);
#1038 = CARTESIAN_POINT('',(22.408506452496,2.027027027059,22.05));
#1039 = CIRCLE('',#1040,22.5);
#1040 = AXIS2_PLACEMENT_3D('',#1041,#1042,#1043);
#1041 = CARTESIAN_POINT('',(4.440892098501E-15,-4.815648849472E-16,22.05
    ));
#1042 = DIRECTION('',(0.,-0.,1.));
#1043 = DIRECTION('',(1.,1.224646799147E-16,0.));
#1044 = ORIENTED_EDGE('',*,*,#1045,.T.);
#1045 = EDGE_CURVE('',#1037,#1046,#1048,.T.);
#1046 = VERTEX_POINT('',#1047);
#1047 = CARTESIAN_POINT('',(22.3451574803,2.635135135167,21.45));
#1048 = B_SPLINE_CURVE_WITH_KNOTS('',3,(#1049,#1050,#1051,#1052,#1053),
  .UNSPECIFIED.,.F.,.F.,(4,1,4),(-9.449077828529E-02,-4.724538914265E-02
    ,0.),.UNSPECIFIED.);
#1049 = CARTESIAN_POINT('',(22.408506452496,2.027027027059,22.05));
#1050 = CARTESIAN_POINT('',(22.39412692086,2.185990781932,22.05));
#1051 = CARTESIAN_POINT('',(22.361375594869,2.502240557335,
    21.920501360369));
#1052 = CARTESIAN_POINT('',(22.3451574803,2.635135135167,21.607484630476
    ));
#1053 = CARTESIAN_POINT('',(22.3451574803,2.635135135167,21.45));
#1054 = ORIENTED_EDGE('',*,*,#1055,.T.);
#1055 = EDGE_CURVE('',#1046,#1056,#1058,.T.);
#1056 = VERTEX_POINT('',#1057);
#1057 = CARTESIAN_POINT('',(22.3451574803,2.635135135167,6.1));
#1058 = LINE('',#1059,#1060);
#1059 = CARTESIAN_POINT('',(22.3451574803,2.635135135167,18.75));
#1060 = VECTOR('',#1061,1.);
#1061 = DIRECTION('',(0.,0.,-1.));
#1062 = ORIENTED_EDGE('',*,*,#1063,.F.);
#1063 = EDGE_CURVE('',#1064,#1056,#1066,.T.);
#1064 = VERTEX_POINT('',#1065);
#1065 = CARTESIAN_POINT('',(22.400379756285,2.114943681101,5.8));
#1066 = B_SPLINE_CURVE_WITH_KNOTS('',3,(#1067,#1068,#1069,#1070,#1071,
    #1072,#1073,#1074,#1075,#1076),.UNSPECIFIED.,.F.,.F.,(4,2,2,2,4),(
    0.140828903897,0.152459195574,0.170512084131,0.200244752561,
    0.200505485222),.UNSPECIFIED.);
#1067 = CARTESIAN_POINT('',(22.400379756285,2.114943681101,5.8));
#1068 = CARTESIAN_POINT('',(22.396045719362,2.160847538408,5.8));
#1069 = CARTESIAN_POINT('',(22.391601193468,2.206389634302,
    5.807842876179));
#1070 = CARTESIAN_POINT('',(22.380302058346,2.318792869405,
    5.843584797771));
#1071 = CARTESIAN_POINT('',(22.374106263203,2.377298900092,
    5.878120513882));
#1072 = CARTESIAN_POINT('',(22.360789668207,2.500200354633,
    5.965347344935));
#1073 = CARTESIAN_POINT('',(22.353145978648,2.567350323815,
    6.032204316367));
#1074 = CARTESIAN_POINT('',(22.345294060422,2.633976783001,
    6.098841425553));
#1075 = CARTESIAN_POINT('',(22.345225781214,2.634555963851,
    6.099420716216));
#1076 = CARTESIAN_POINT('',(22.3451574803,2.635135135167,6.1));
#1077 = ORIENTED_EDGE('',*,*,#1078,.F.);
#1078 = EDGE_CURVE('',#323,#1064,#1079,.T.);
#1079 = CIRCLE('',#1080,22.5);
#1080 = AXIS2_PLACEMENT_3D('',#1081,#1082,#1083);
#1081 = CARTESIAN_POINT('',(4.440892098501E-15,-4.815648849472E-16,5.8)
  );
#1082 = DIRECTION('',(0.,0.,1.));
#1083 = DIRECTION('',(-1.,0.,0.));
#1084 = CYLINDRICAL_SURFACE('',#1085,22.5);
#1085 = AXIS2_PLACEMENT_3D('',#1086,#1087,#1088);
#1086 = CARTESIAN_POINT('',(4.440892098501E-15,-4.815648849472E-16,18.75
    ));
#1087 = DIRECTION('',(0.,0.,-1.));
#1088 = DIRECTION('',(-1.,0.,0.));
#1089 = ADVANCED_FACE('',(#1090),#1110,.T.);
#1090 = FACE_BOUND('',#1091,.T.);
#1091 = EDGE_LOOP('',(#1092,#1101,#1108,#1109));
#1092 = ORIENTED_EDGE('',*,*,#1093,.F.);
#1093 = EDGE_CURVE('',#1094,#169,#1096,.T.);
#1094 = VERTEX_POINT('',#1095);
#1095 = CARTESIAN_POINT('',(5.812274925904,21.448017628344,5.8));
#1096 = CIRCLE('',#1097,0.3);
#1097 = AXIS2_PLACEMENT_3D('',#1098,#1099,#1100);
#1098 = CARTESIAN_POINT('',(5.812274925904,21.448017628344,6.1));
#1099 = DIRECTION('',(-0.309016994375,-0.951056516295,-0.));
#1100 = DIRECTION('',(0.,0.,-1.));
#1101 = ORIENTED_EDGE('',*,*,#1102,.T.);
#1102 = EDGE_CURVE('',#1094,#462,#1103,.T.);
#1103 = CIRCLE('',#1104,0.6);
#1104 = AXIS2_PLACEMENT_3D('',#1105,#1106,#1107);
#1105 = CARTESIAN_POINT('',(6.382908835681,21.262607431719,5.8));
#1106 = DIRECTION('',(0.,0.,-1.));
#1107 = DIRECTION('',(-0.463996202167,0.885837188412,0.));
#1108 = ORIENTED_EDGE('',*,*,#470,.F.);
#1109 = ORIENTED_EDGE('',*,*,#176,.T.);
#1110 = TOROIDAL_SURFACE('',#1111,0.6,0.3);
#1111 = AXIS2_PLACEMENT_3D('',#1112,#1113,#1114);
#1112 = CARTESIAN_POINT('',(6.382908835681,21.262607431719,6.1));
#1113 = DIRECTION('',(0.,0.,-1.));
#1114 = DIRECTION('',(-1.,0.,0.));
#1115 = ADVANCED_FACE('',(#1116),#1135,.T.);
#1116 = FACE_BOUND('',#1117,.T.);
#1117 = EDGE_LOOP('',(#1118,#1119,#1120,#1129));
#1118 = ORIENTED_EDGE('',*,*,#1093,.T.);
#1119 = ORIENTED_EDGE('',*,*,#168,.T.);
#1120 = ORIENTED_EDGE('',*,*,#1121,.F.);
#1121 = EDGE_CURVE('',#1122,#161,#1124,.T.);
#1122 = VERTEX_POINT('',#1123);
#1123 = CARTESIAN_POINT('',(5.499477750902,20.485326912365,5.8));
#1124 = CIRCLE('',#1125,0.3);
#1125 = AXIS2_PLACEMENT_3D('',#1126,#1127,#1128);
#1126 = CARTESIAN_POINT('',(5.499477750902,20.485326912365,6.1));
#1127 = DIRECTION('',(-0.309016994375,-0.951056516295,0.));
#1128 = DIRECTION('',(0.951056516295,-0.309016994375,0.));
#1129 = ORIENTED_EDGE('',*,*,#1130,.T.);
#1130 = EDGE_CURVE('',#1122,#1094,#1131,.T.);
#1131 = LINE('',#1132,#1133);
#1132 = CARTESIAN_POINT('',(5.7704296528,21.319231120204,5.8));
#1133 = VECTOR('',#1134,1.);
#1134 = DIRECTION('',(0.309016994375,0.951056516295,0.));
#1135 = CYLINDRICAL_SURFACE('',#1136,0.3);
#1136 = AXIS2_PLACEMENT_3D('',#1137,#1138,#1139);
#1137 = CARTESIAN_POINT('',(5.7704296528,21.319231120204,6.1));
#1138 = DIRECTION('',(0.309016994375,0.951056516295,0.));
#1139 = DIRECTION('',(0.672498511964,-0.218508012224,-0.707106781187));
#1140 = ADVANCED_FACE('',(#1141),#1180,.T.);
#1141 = FACE_BOUND('',#1142,.T.);
#1142 = EDGE_LOOP('',(#1143,#1144,#1145,#1146,#1147,#1155,#1164,#1172,
    #1179));
#1143 = ORIENTED_EDGE('',*,*,#218,.F.);
#1144 = ORIENTED_EDGE('',*,*,#256,.F.);
#1145 = ORIENTED_EDGE('',*,*,#282,.F.);
#1146 = ORIENTED_EDGE('',*,*,#153,.T.);
#1147 = ORIENTED_EDGE('',*,*,#1148,.T.);
#1148 = EDGE_CURVE('',#146,#1149,#1151,.T.);
#1149 = VERTEX_POINT('',#1150);
#1150 = CARTESIAN_POINT('',(5.784794705791,20.392621814053,19.95));
#1151 = LINE('',#1152,#1153);
#1152 = CARTESIAN_POINT('',(5.784794705791,20.392621814053,20.25));
#1153 = VECTOR('',#1154,1.);
#1154 = DIRECTION('',(0.,0.,1.));
#1155 = ORIENTED_EDGE('',*,*,#1156,.T.);
#1156 = EDGE_CURVE('',#1149,#1157,#1159,.T.);
#1157 = VERTEX_POINT('',#1158);
#1158 = CARTESIAN_POINT('',(5.40677265259,20.200009957477,19.95));
#1159 = CIRCLE('',#1160,0.3);
#1160 = AXIS2_PLACEMENT_3D('',#1161,#1162,#1163);
#1161 = CARTESIAN_POINT('',(5.499477750902,20.485326912365,19.95));
#1162 = DIRECTION('',(0.,0.,-1.));
#1163 = DIRECTION('',(0.951056516295,-0.309016994375,0.));
#1164 = ORIENTED_EDGE('',*,*,#1165,.T.);
#1165 = EDGE_CURVE('',#1157,#1166,#1168,.T.);
#1166 = VERTEX_POINT('',#1167);
#1167 = CARTESIAN_POINT('',(5.40677265259,20.200009957477,6.1));
#1168 = LINE('',#1169,#1170);
#1169 = CARTESIAN_POINT('',(5.40677265259,20.200009957477,20.25));
#1170 = VECTOR('',#1171,1.);
#1171 = DIRECTION('',(0.,0.,-1.));
#1172 = ORIENTED_EDGE('',*,*,#1173,.F.);
#1173 = EDGE_CURVE('',#161,#1166,#1174,.T.);
#1174 = CIRCLE('',#1175,0.3);
#1175 = AXIS2_PLACEMENT_3D('',#1176,#1177,#1178);
#1176 = CARTESIAN_POINT('',(5.499477750902,20.485326912365,6.1));
#1177 = DIRECTION('',(0.,0.,-1.));
#1178 = DIRECTION('',(-0.309016994375,-0.951056516295,-0.));
#1179 = ORIENTED_EDGE('',*,*,#160,.T.);
#1180 = CYLINDRICAL_SURFACE('',#1181,0.3);
#1181 = AXIS2_PLACEMENT_3D('',#1182,#1183,#1184);
#1182 = CARTESIAN_POINT('',(5.499477750902,20.485326912365,20.25));
#1183 = DIRECTION('',(0.,0.,-1.));
#1184 = DIRECTION('',(0.45399049974,-0.891006524188,0.));
#1185 = ADVANCED_FACE('',(#1186),#1211,.F.);
#1186 = FACE_BOUND('',#1187,.T.);
#1187 = EDGE_LOOP('',(#1188,#1189,#1197,#1205));
#1188 = ORIENTED_EDGE('',*,*,#145,.T.);
#1189 = ORIENTED_EDGE('',*,*,#1190,.T.);
#1190 = EDGE_CURVE('',#138,#1191,#1193,.T.);
#1191 = VERTEX_POINT('',#1192);
#1192 = CARTESIAN_POINT('',(7.713727586472,21.151558021141,19.65));
#1193 = LINE('',#1194,#1195);
#1194 = CARTESIAN_POINT('',(6.1920371604,21.645985212141,19.65));
#1195 = VECTOR('',#1196,1.);
#1196 = DIRECTION('',(0.951056516295,-0.309016994375,0.));
#1197 = ORIENTED_EDGE('',*,*,#1198,.T.);
#1198 = EDGE_CURVE('',#1191,#1199,#1201,.T.);
#1199 = VERTEX_POINT('',#1200);
#1200 = CARTESIAN_POINT('',(7.306485131893,19.898194623043,19.65));
#1201 = LINE('',#1202,#1203);
#1202 = CARTESIAN_POINT('',(7.713727586472,21.151558021141,19.65));
#1203 = VECTOR('',#1204,1.);
#1204 = DIRECTION('',(-0.309016994375,-0.951056516295,0.));
#1205 = ORIENTED_EDGE('',*,*,#1206,.T.);
#1206 = EDGE_CURVE('',#1199,#146,#1207,.T.);
#1207 = LINE('',#1208,#1209);
#1208 = CARTESIAN_POINT('',(7.306485131893,19.898194623043,19.65));
#1209 = VECTOR('',#1210,1.);
#1210 = DIRECTION('',(-0.951056516295,0.309016994375,0.));
#1211 = PLANE('',#1212);
#1212 = AXIS2_PLACEMENT_3D('',#1213,#1214,#1215);
#1213 = CARTESIAN_POINT('',(6.749261146147,20.772089917592,19.65));
#1214 = DIRECTION('',(0.,0.,1.));
#1215 = DIRECTION('',(0.309016994375,0.951056516295,0.));
#1216 = ADVANCED_FACE('',(#1217),#1243,.F.);
#1217 = FACE_BOUND('',#1218,.F.);
#1218 = EDGE_LOOP('',(#1219,#1227,#1228,#1229,#1237));
#1219 = ORIENTED_EDGE('',*,*,#1220,.F.);
#1220 = EDGE_CURVE('',#130,#1221,#1223,.T.);
#1221 = VERTEX_POINT('',#1222);
#1222 = CARTESIAN_POINT('',(6.952882491643,21.398771578233,1.8));
#1223 = LINE('',#1224,#1225);
#1224 = CARTESIAN_POINT('',(6.19203716037,21.645985212151,1.8));
#1225 = VECTOR('',#1226,1.);
#1226 = DIRECTION('',(0.951056516295,-0.309016994375,0.));
#1227 = ORIENTED_EDGE('',*,*,#137,.T.);
#1228 = ORIENTED_EDGE('',*,*,#1190,.T.);
#1229 = ORIENTED_EDGE('',*,*,#1230,.F.);
#1230 = EDGE_CURVE('',#1231,#1191,#1233,.T.);
#1231 = VERTEX_POINT('',#1232);
#1232 = CARTESIAN_POINT('',(7.713727586503,21.151558021131,1.8));
#1233 = LINE('',#1234,#1235);
#1234 = CARTESIAN_POINT('',(7.713727586503,21.151558021131,1.8));
#1235 = VECTOR('',#1236,1.);
#1236 = DIRECTION('',(0.,0.,1.));
#1237 = ORIENTED_EDGE('',*,*,#1238,.F.);
#1238 = EDGE_CURVE('',#1221,#1231,#1239,.T.);
#1239 = LINE('',#1240,#1241);
#1240 = CARTESIAN_POINT('',(6.19203716037,21.645985212151,1.8));
#1241 = VECTOR('',#1242,1.);
#1242 = DIRECTION('',(0.951056516295,-0.309016994375,0.));
#1243 = PLANE('',#1244);
#1244 = AXIS2_PLACEMENT_3D('',#1245,#1246,#1247);
#1245 = CARTESIAN_POINT('',(6.19203716037,21.645985212151,1.8));
#1246 = DIRECTION('',(0.309016994375,0.951056516295,0.));
#1247 = DIRECTION('',(0.951056516295,-0.309016994375,0.));
#1248 = ADVANCED_FACE('',(#1249,#1260),#1396,.T.);
#1249 = FACE_BOUND('',#1250,.T.);
#1250 = EDGE_LOOP('',(#1251));
#1251 = ORIENTED_EDGE('',*,*,#1252,.F.);
#1252 = EDGE_CURVE('',#1253,#1253,#1255,.T.);
#1253 = VERTEX_POINT('',#1254);
#1254 = CARTESIAN_POINT('',(-25.5,-3.122849337826E-15,1.8));
#1255 = CIRCLE('',#1256,25.5);
#1256 = AXIS2_PLACEMENT_3D('',#1257,#1258,#1259);
#1257 = CARTESIAN_POINT('',(0.,0.,1.8));
#1258 = DIRECTION('',(0.,0.,1.));
#1259 = DIRECTION('',(1.,0.,0.));
#1260 = FACE_BOUND('',#1261,.T.);
#1261 = EDGE_LOOP('',(#1262,#1272,#1280,#1286,#1287,#1293,#1294,#1295,
    #1296,#1297,#1305,#1313,#1321,#1327,#1328,#1336,#1344,#1352,#1358,
    #1359,#1367,#1375,#1383,#1389,#1390));
#1262 = ORIENTED_EDGE('',*,*,#1263,.F.);
#1263 = EDGE_CURVE('',#1264,#1266,#1268,.T.);
#1264 = VERTEX_POINT('',#1265);
#1265 = CARTESIAN_POINT('',(22.5,2.273890413134E-15,1.8));
#1266 = VERTEX_POINT('',#1267);
#1267 = CARTESIAN_POINT('',(22.5,-0.800000000032,1.8));
#1268 = LINE('',#1269,#1270);
#1269 = CARTESIAN_POINT('',(22.5,0.800000000032,1.8));
#1270 = VECTOR('',#1271,1.);
#1271 = DIRECTION('',(0.,-1.,0.));
#1272 = ORIENTED_EDGE('',*,*,#1273,.F.);
#1273 = EDGE_CURVE('',#1274,#1264,#1276,.T.);
#1274 = VERTEX_POINT('',#1275);
#1275 = CARTESIAN_POINT('',(22.5,0.800000000032,1.8));
#1276 = LINE('',#1277,#1278);
#1277 = CARTESIAN_POINT('',(22.5,0.800000000032,1.8));
#1278 = VECTOR('',#1279,1.);
#1279 = DIRECTION('',(0.,-1.,0.));
#1280 = ORIENTED_EDGE('',*,*,#1281,.F.);
#1281 = EDGE_CURVE('',#338,#1274,#1282,.T.);
#1282 = LINE('',#1283,#1284);
#1283 = CARTESIAN_POINT('',(21.182135733657,0.800000000032,1.8));
#1284 = VECTOR('',#1285,1.);
#1285 = DIRECTION('',(1.,0.,0.));
#1286 = ORIENTED_EDGE('',*,*,#345,.T.);
#1287 = ORIENTED_EDGE('',*,*,#1288,.F.);
#1288 = EDGE_CURVE('',#1231,#346,#1289,.T.);
#1289 = LINE('',#1290,#1291);
#1290 = CARTESIAN_POINT('',(7.713727586503,21.151558021131,1.8));
#1291 = VECTOR('',#1292,1.);
#1292 = DIRECTION('',(-0.309016994375,-0.951056516295,0.));
#1293 = ORIENTED_EDGE('',*,*,#1238,.F.);
#1294 = ORIENTED_EDGE('',*,*,#1220,.F.);
#1295 = ORIENTED_EDGE('',*,*,#129,.F.);
#1296 = ORIENTED_EDGE('',*,*,#484,.T.);
#1297 = ORIENTED_EDGE('',*,*,#1298,.F.);
#1298 = EDGE_CURVE('',#1299,#485,#1301,.T.);
#1299 = VERTEX_POINT('',#1300);
#1300 = CARTESIAN_POINT('',(-17.73265417158,13.872381772106,1.8));
#1301 = LINE('',#1302,#1303);
#1302 = CARTESIAN_POINT('',(-17.73265417158,13.872381772106,1.8));
#1303 = VECTOR('',#1304,1.);
#1304 = DIRECTION('',(0.809016994375,-0.587785252292,0.));
#1305 = ORIENTED_EDGE('',*,*,#1306,.F.);
#1306 = EDGE_CURVE('',#1307,#1299,#1309,.T.);
#1307 = VERTEX_POINT('',#1308);
#1308 = CARTESIAN_POINT('',(-18.20288241439,13.225168120205,1.8));
#1309 = LINE('',#1310,#1311);
#1310 = CARTESIAN_POINT('',(-18.67311057528,12.577954581055,1.8));
#1311 = VECTOR('',#1312,1.);
#1312 = DIRECTION('',(0.587785252292,0.809016994375,0.));
#1313 = ORIENTED_EDGE('',*,*,#1314,.F.);
#1314 = EDGE_CURVE('',#1315,#1307,#1317,.T.);
#1315 = VERTEX_POINT('',#1316);
#1316 = CARTESIAN_POINT('',(-18.67311057528,12.577954581055,1.8));
#1317 = LINE('',#1318,#1319);
#1318 = CARTESIAN_POINT('',(-18.67311057528,12.577954581055,1.8));
#1319 = VECTOR('',#1320,1.);
#1320 = DIRECTION('',(0.587785252292,0.809016994375,0.));
#1321 = ORIENTED_EDGE('',*,*,#1322,.F.);
#1322 = EDGE_CURVE('',#625,#1315,#1323,.T.);
#1323 = LINE('',#1324,#1325);
#1324 = CARTESIAN_POINT('',(-17.60693598753,11.803333400776,1.8));
#1325 = VECTOR('',#1326,1.);
#1326 = DIRECTION('',(-0.809016994375,0.587785252292,0.));
#1327 = ORIENTED_EDGE('',*,*,#632,.T.);
#1328 = ORIENTED_EDGE('',*,*,#1329,.F.);
#1329 = EDGE_CURVE('',#1330,#633,#1332,.T.);
#1330 = VERTEX_POINT('',#1331);
#1331 = CARTESIAN_POINT('',(-18.67311057528,-12.57795458105,1.8));
#1332 = LINE('',#1333,#1334);
#1333 = CARTESIAN_POINT('',(-18.67311057528,-12.57795458105,1.8));
#1334 = VECTOR('',#1335,1.);
#1335 = DIRECTION('',(0.809016994375,0.587785252292,0.));
#1336 = ORIENTED_EDGE('',*,*,#1337,.F.);
#1337 = EDGE_CURVE('',#1338,#1330,#1340,.T.);
#1338 = VERTEX_POINT('',#1339);
#1339 = CARTESIAN_POINT('',(-18.20288243377,-13.22516809353,1.8));
#1340 = LINE('',#1341,#1342);
#1341 = CARTESIAN_POINT('',(-17.73265417158,-13.8723817721,1.8));
#1342 = VECTOR('',#1343,1.);
#1343 = DIRECTION('',(-0.587785252292,0.809016994375,0.));
#1344 = ORIENTED_EDGE('',*,*,#1345,.F.);
#1345 = EDGE_CURVE('',#1346,#1338,#1348,.T.);
#1346 = VERTEX_POINT('',#1347);
#1347 = CARTESIAN_POINT('',(-17.73265417158,-13.8723817721,1.8));
#1348 = LINE('',#1349,#1350);
#1349 = CARTESIAN_POINT('',(-17.73265417158,-13.8723817721,1.8));
#1350 = VECTOR('',#1351,1.);
#1351 = DIRECTION('',(-0.587785252292,0.809016994375,0.));
#1352 = ORIENTED_EDGE('',*,*,#1353,.F.);
#1353 = EDGE_CURVE('',#773,#1346,#1354,.T.);
#1354 = LINE('',#1355,#1356);
#1355 = CARTESIAN_POINT('',(-16.66647958383,-13.09776059182,1.8));
#1356 = VECTOR('',#1357,1.);
#1357 = DIRECTION('',(-0.809016994375,-0.587785252292,0.));
#1358 = ORIENTED_EDGE('',*,*,#780,.T.);
#1359 = ORIENTED_EDGE('',*,*,#1360,.F.);
#1360 = EDGE_CURVE('',#1361,#781,#1363,.T.);
#1361 = VERTEX_POINT('',#1362);
#1362 = CARTESIAN_POINT('',(6.19203716037,-21.64598521215,1.8));
#1363 = LINE('',#1364,#1365);
#1364 = CARTESIAN_POINT('',(6.19203716037,-21.64598521215,1.8));
#1365 = VECTOR('',#1366,1.);
#1366 = DIRECTION('',(-0.309016994375,0.951056516295,0.));
#1367 = ORIENTED_EDGE('',*,*,#1368,.F.);
#1368 = EDGE_CURVE('',#1369,#1361,#1371,.T.);
#1369 = VERTEX_POINT('',#1370);
#1370 = CARTESIAN_POINT('',(6.952882839302,-21.39877146527,1.8));
#1371 = LINE('',#1372,#1373);
#1372 = CARTESIAN_POINT('',(7.713727586503,-21.15155802113,1.8));
#1373 = VECTOR('',#1374,1.);
#1374 = DIRECTION('',(-0.951056516295,-0.309016994375,0.));
#1375 = ORIENTED_EDGE('',*,*,#1376,.F.);
#1376 = EDGE_CURVE('',#1377,#1369,#1379,.T.);
#1377 = VERTEX_POINT('',#1378);
#1378 = CARTESIAN_POINT('',(7.713727586503,-21.15155802113,1.8));
#1379 = LINE('',#1380,#1381);
#1380 = CARTESIAN_POINT('',(7.713727586503,-21.15155802113,1.8));
#1381 = VECTOR('',#1382,1.);
#1382 = DIRECTION('',(-0.951056516295,-0.309016994375,0.));
#1383 = ORIENTED_EDGE('',*,*,#1384,.F.);
#1384 = EDGE_CURVE('',#921,#1377,#1385,.T.);
#1385 = LINE('',#1386,#1387);
#1386 = CARTESIAN_POINT('',(7.306485131923,-19.89819462303,1.8));
#1387 = VECTOR('',#1388,1.);
#1388 = DIRECTION('',(0.309016994375,-0.951056516295,0.));
#1389 = ORIENTED_EDGE('',*,*,#928,.T.);
#1390 = ORIENTED_EDGE('',*,*,#1391,.F.);
#1391 = EDGE_CURVE('',#1266,#929,#1392,.T.);
#1392 = LINE('',#1393,#1394);
#1393 = CARTESIAN_POINT('',(22.5,-0.800000000032,1.8));
#1394 = VECTOR('',#1395,1.);
#1395 = DIRECTION('',(-1.,0.,0.));
#1396 = PLANE('',#1397);
#1397 = AXIS2_PLACEMENT_3D('',#1398,#1399,#1400);
#1398 = CARTESIAN_POINT('',(4.440892098501E-15,0.,1.8));
#1399 = DIRECTION('',(0.,0.,-1.));
#1400 = DIRECTION('',(-1.,0.,0.));
#1401 = ADVANCED_FACE('',(#1402),#1452,.T.);
#1402 = FACE_BOUND('',#1403,.T.);
#1403 = EDGE_LOOP('',(#1404,#1415,#1422,#1423));
#1404 = ORIENTED_EDGE('',*,*,#1405,.F.);
#1405 = EDGE_CURVE('',#1406,#1408,#1410,.T.);
#1406 = VERTEX_POINT('',#1407);
#1407 = CARTESIAN_POINT('',(22.194368655133,1.100000000032,5.8));
#1408 = VERTEX_POINT('',#1409);
#1409 = CARTESIAN_POINT('',(22.194368655133,0.800000000032,6.1));
#1410 = CIRCLE('',#1411,0.3);
#1411 = AXIS2_PLACEMENT_3D('',#1412,#1413,#1414);
#1412 = CARTESIAN_POINT('',(22.194368655133,1.100000000032,6.1));
#1413 = DIRECTION('',(-1.,0.,0.));
#1414 = DIRECTION('',(0.,0.,-1.));
#1415 = ORIENTED_EDGE('',*,*,#1416,.T.);
#1416 = EDGE_CURVE('',#1406,#323,#1417,.T.);
#1417 = CIRCLE('',#1418,0.6);
#1418 = AXIS2_PLACEMENT_3D('',#1419,#1420,#1421);
#1419 = CARTESIAN_POINT('',(22.194368655133,0.500000000032,5.8));
#1420 = DIRECTION('',(0.,0.,-1.));
#1421 = DIRECTION('',(0.699098518621,0.715025357076,0.));
#1422 = ORIENTED_EDGE('',*,*,#320,.F.);
#1423 = ORIENTED_EDGE('',*,*,#1424,.T.);
#1424 = EDGE_CURVE('',#321,#1408,#1425,.T.);
#1425 = B_SPLINE_CURVE_WITH_KNOTS('',7,(#1426,#1427,#1428,#1429,#1430,
    #1431,#1432,#1433,#1434,#1435,#1436,#1437,#1438,#1439,#1440,#1441,
    #1442,#1443,#1444,#1445,#1446,#1447,#1448,#1449,#1450,#1451),
  .UNSPECIFIED.,.F.,.F.,(8,6,6,6,8),(0.,0.102448614709,0.376647828945,
    0.789267810171,1.),.UNSPECIFIED.);
#1426 = CARTESIAN_POINT('',(22.631786426634,0.800000000032,
    5.808182983052));
#1427 = CARTESIAN_POINT('',(22.623752938059,0.800000000032,
    5.809762877906));
#1428 = CARTESIAN_POINT('',(22.615745611335,0.800000000032,
    5.811512267859));
#1429 = CARTESIAN_POINT('',(22.607769548771,0.800000000032,
    5.813427137237));
#1430 = CARTESIAN_POINT('',(22.599829539751,0.800000000032,
    5.815503196319));
#1431 = CARTESIAN_POINT('',(22.591930060739,0.800000000032,
    5.817735881336));
#1432 = CARTESIAN_POINT('',(22.584075275279,0.800000000032,
    5.820120354473));
#1433 = CARTESIAN_POINT('',(22.555375972298,0.800000000032,
    5.829426013956));
#1434 = CARTESIAN_POINT('',(22.53482881817,0.800000000032,5.837252006591
    ));
#1435 = CARTESIAN_POINT('',(22.514704354055,0.800000000032,
    5.846031301733));
#1436 = CARTESIAN_POINT('',(22.495056242208,0.800000000032,
    5.855656018587));
#1437 = CARTESIAN_POINT('',(22.475917142662,0.800000000032,
    5.866014900172));
#1438 = CARTESIAN_POINT('',(22.457300831182,0.800000000032,
    5.876999637901));
#1439 = CARTESIAN_POINT('',(22.411972352824,0.800000000032,
    5.905833999092));
#1440 = CARTESIAN_POINT('',(22.385916234552,0.800000000032,
    5.924350607694));
#1441 = CARTESIAN_POINT('',(22.361021242015,0.800000000032,
    5.943724950184));
#1442 = CARTESIAN_POINT('',(22.337175488727,0.800000000032,
    5.963678436874));
#1443 = CARTESIAN_POINT('',(22.314218027304,0.800000000032,
    5.984009810929));
#1444 = CARTESIAN_POINT('',(22.291966573008,0.800000000032,
    6.004589468518));
#1445 = CARTESIAN_POINT('',(22.259120967947,0.800000000032,
    6.035919903385));
#1446 = CARTESIAN_POINT('',(22.248150218148,0.800000000032,
    6.046552992484));
#1447 = CARTESIAN_POINT('',(22.237286347108,0.800000000032,
    6.057215657257));
#1448 = CARTESIAN_POINT('',(22.226503252875,0.800000000032,
    6.067899023303));
#1449 = CARTESIAN_POINT('',(22.215773575532,0.800000000032,
    6.078594821881));
#1450 = CARTESIAN_POINT('',(22.205071357193,0.800000000032,
    6.089297457861));
#1451 = CARTESIAN_POINT('',(22.194368655133,0.800000000032,6.09999994437
    ));
#1452 = TOROIDAL_SURFACE('',#1453,0.6,0.3);
#1453 = AXIS2_PLACEMENT_3D('',#1454,#1455,#1456);
#1454 = CARTESIAN_POINT('',(22.194368655133,0.500000000032,6.1));
#1455 = DIRECTION('',(0.,0.,-1.));
#1456 = DIRECTION('',(-1.,0.,0.));
#1457 = ADVANCED_FACE('',(#1458),#1509,.T.);
#1458 = FACE_BOUND('',#1459,.T.);
#1459 = EDGE_LOOP('',(#1460,#1461,#1462,#1470,#1478,#1486,#1494,#1502,
    #1508));
#1460 = ORIENTED_EDGE('',*,*,#337,.T.);
#1461 = ORIENTED_EDGE('',*,*,#1281,.T.);
#1462 = ORIENTED_EDGE('',*,*,#1463,.T.);
#1463 = EDGE_CURVE('',#1274,#1464,#1466,.T.);
#1464 = VERTEX_POINT('',#1465);
#1465 = CARTESIAN_POINT('',(22.5,0.8,19.65));
#1466 = LINE('',#1467,#1468);
#1467 = CARTESIAN_POINT('',(22.5,0.800000000032,1.8));
#1468 = VECTOR('',#1469,1.);
#1469 = DIRECTION('',(0.,0.,1.));
#1470 = ORIENTED_EDGE('',*,*,#1471,.F.);
#1471 = EDGE_CURVE('',#1472,#1464,#1474,.T.);
#1472 = VERTEX_POINT('',#1473);
#1473 = CARTESIAN_POINT('',(21.182135733657,0.8,19.65));
#1474 = LINE('',#1475,#1476);
#1475 = CARTESIAN_POINT('',(21.182135733657,0.8,19.65));
#1476 = VECTOR('',#1477,1.);
#1477 = DIRECTION('',(1.,0.,0.));
#1478 = ORIENTED_EDGE('',*,*,#1479,.F.);
#1479 = EDGE_CURVE('',#1480,#1472,#1482,.T.);
#1480 = VERTEX_POINT('',#1481);
#1481 = CARTESIAN_POINT('',(21.182135733657,0.800000000032,
    10.022369592358));
#1482 = LINE('',#1483,#1484);
#1483 = CARTESIAN_POINT('',(21.182135733657,0.800000000032,20.25));
#1484 = VECTOR('',#1485,1.);
#1485 = DIRECTION('',(0.,0.,1.));
#1486 = ORIENTED_EDGE('',*,*,#1487,.F.);
#1487 = EDGE_CURVE('',#1488,#1480,#1490,.T.);
#1488 = VERTEX_POINT('',#1489);
#1489 = CARTESIAN_POINT('',(21.182135733657,0.800000000032,
    9.432693368431));
#1490 = LINE('',#1491,#1492);
#1491 = CARTESIAN_POINT('',(21.182135733657,0.800000000032,1.8));
#1492 = VECTOR('',#1493,1.);
#1493 = DIRECTION('',(0.,0.,1.));
#1494 = ORIENTED_EDGE('',*,*,#1495,.F.);
#1495 = EDGE_CURVE('',#1496,#1488,#1498,.T.);
#1496 = VERTEX_POINT('',#1497);
#1497 = CARTESIAN_POINT('',(21.182135733657,0.800000000032,6.1));
#1498 = LINE('',#1499,#1500);
#1499 = CARTESIAN_POINT('',(21.182135733657,0.800000000032,20.25));
#1500 = VECTOR('',#1501,1.);
#1501 = DIRECTION('',(0.,0.,1.));
#1502 = ORIENTED_EDGE('',*,*,#1503,.F.);
#1503 = EDGE_CURVE('',#1408,#1496,#1504,.T.);
#1504 = LINE('',#1505,#1506);
#1505 = CARTESIAN_POINT('',(22.084863893421,0.800000000032,6.1));
#1506 = VECTOR('',#1507,1.);
#1507 = DIRECTION('',(-1.,0.,0.));
#1508 = ORIENTED_EDGE('',*,*,#1424,.F.);
#1509 = PLANE('',#1510);
#1510 = AXIS2_PLACEMENT_3D('',#1511,#1512,#1513);
#1511 = CARTESIAN_POINT('',(21.980538368489,0.800000000032,
    11.185839666646));
#1512 = DIRECTION('',(-0.,-1.,-0.));
#1513 = DIRECTION('',(0.,0.,-1.));
#1514 = ADVANCED_FACE('',(#1515),#1562,.T.);
#1515 = FACE_BOUND('',#1516,.T.);
#1516 = EDGE_LOOP('',(#1517,#1518,#1519,#1520,#1547,#1555,#1561));
#1517 = ORIENTED_EDGE('',*,*,#1230,.F.);
#1518 = ORIENTED_EDGE('',*,*,#1288,.T.);
#1519 = ORIENTED_EDGE('',*,*,#354,.F.);
#1520 = ORIENTED_EDGE('',*,*,#1521,.T.);
#1521 = EDGE_CURVE('',#355,#1522,#1524,.T.);
#1522 = VERTEX_POINT('',#1523);
#1523 = CARTESIAN_POINT('',(7.619282306925,20.860885339012,6.1));
#1524 = B_SPLINE_CURVE_WITH_KNOTS('',6,(#1525,#1526,#1527,#1528,#1529,
    #1530,#1531,#1532,#1533,#1534,#1535,#1536,#1537,#1538,#1539,#1540,
    #1541,#1542,#1543,#1544,#1545,#1546),.UNSPECIFIED.,.F.,.F.,(7,5,5,5,
    7),(0.,0.102448609983,0.376647811567,0.789267773754,1.),
  .UNSPECIFIED.);
#1525 = CARTESIAN_POINT('',(7.75445183196,21.276894360941,5.808182983052
    ));
#1526 = CARTESIAN_POINT('',(7.751555600051,21.267980675673,
    5.810026193715));
#1527 = CARTESIAN_POINT('',(7.748670686381,21.259101824364,
    5.812106697516));
#1528 = CARTESIAN_POINT('',(7.745799850175,21.250266299035,
    5.814417467027));
#1529 = CARTESIAN_POINT('',(7.742945625028,21.241481897289,
    5.816950835375));
#1530 = CARTESIAN_POINT('',(7.740110318907,21.232755722318,
    5.819698496241));
#1531 = CARTESIAN_POINT('',(7.729763651168,21.200911953353,
    5.830555098972));
#1532 = CARTESIAN_POINT('',(7.722380936028,21.178190292508,
    5.839930769638));
#1533 = CARTESIAN_POINT('',(7.715189391123,21.156056993146,
    5.850606700804));
#1534 = CARTESIAN_POINT('',(7.70821386827,21.134588541298,5.862388442298
    ));
#1535 = CARTESIAN_POINT('',(7.701464839417,21.113817166305,
    5.875081044858));
#1536 = CARTESIAN_POINT('',(7.685123024251,21.063522230802,
    5.908721132914));
#1537 = CARTESIAN_POINT('',(7.675814060175,21.034872185317,
    5.930602397606));
#1538 = CARTESIAN_POINT('',(7.667005834618,21.007763254527,
    5.953566864617));
#1539 = CARTESIAN_POINT('',(7.658620326486,20.9819553142,5.977160533217)
  );
#1540 = CARTESIAN_POINT('',(7.650561482704,20.957152743361,6.00113300521
    ));
#1541 = CARTESIAN_POINT('',(7.63871998998,20.920708376151,6.037685181926
    ));
#1542 = CARTESIAN_POINT('',(7.634774409895,20.908565129277,
    6.050100090273));
#1543 = CARTESIAN_POINT('',(7.630872275964,20.896555595919,
    6.062552470063));
#1544 = CARTESIAN_POINT('',(7.626999242949,20.884635625971,
    6.075027502093));
#1545 = CARTESIAN_POINT('',(7.623140801269,20.872760563533,6.08751360684
    ));
#1546 = CARTESIAN_POINT('',(7.619282315185,20.860885364433,6.1));
#1547 = ORIENTED_EDGE('',*,*,#1548,.F.);
#1548 = EDGE_CURVE('',#1549,#1522,#1551,.T.);
#1549 = VERTEX_POINT('',#1550);
#1550 = CARTESIAN_POINT('',(7.306485131923,19.898194623033,6.1));
#1551 = LINE('',#1552,#1553);
#1552 = CARTESIAN_POINT('',(7.329661406501,19.969523861756,6.1));
#1553 = VECTOR('',#1554,1.);
#1554 = DIRECTION('',(0.309016994375,0.951056516295,0.));
#1555 = ORIENTED_EDGE('',*,*,#1556,.F.);
#1556 = EDGE_CURVE('',#1199,#1549,#1557,.T.);
#1557 = LINE('',#1558,#1559);
#1558 = CARTESIAN_POINT('',(7.306485131923,19.898194623033,20.25));
#1559 = VECTOR('',#1560,1.);
#1560 = DIRECTION('',(0.,0.,-1.));
#1561 = ORIENTED_EDGE('',*,*,#1198,.F.);
#1562 = PLANE('',#1563);
#1563 = AXIS2_PLACEMENT_3D('',#1564,#1565,#1566);
#1564 = CARTESIAN_POINT('',(7.553205135741,20.657520717074,
    11.185840320118));
#1565 = DIRECTION('',(-0.951056516295,0.309016994375,0.));
#1566 = DIRECTION('',(-0.309016994375,-0.951056516295,0.));
#1567 = ADVANCED_FACE('',(#1568),#1588,.T.);
#1568 = FACE_BOUND('',#1569,.T.);
#1569 = EDGE_LOOP('',(#1570,#1571,#1580,#1587));
#1570 = ORIENTED_EDGE('',*,*,#362,.F.);
#1571 = ORIENTED_EDGE('',*,*,#1572,.T.);
#1572 = EDGE_CURVE('',#363,#1573,#1575,.T.);
#1573 = VERTEX_POINT('',#1574);
#1574 = CARTESIAN_POINT('',(7.904599261814,20.768180240699,5.8));
#1575 = CIRCLE('',#1576,0.6);
#1576 = AXIS2_PLACEMENT_3D('',#1577,#1578,#1579);
#1577 = CARTESIAN_POINT('',(7.333965352037,20.953590437324,5.8));
#1578 = DIRECTION('',(0.,0.,-1.));
#1579 = DIRECTION('',(0.89606284816,0.443927214921,0.));
#1580 = ORIENTED_EDGE('',*,*,#1581,.T.);
#1581 = EDGE_CURVE('',#1573,#1522,#1582,.T.);
#1582 = CIRCLE('',#1583,0.3);
#1583 = AXIS2_PLACEMENT_3D('',#1584,#1585,#1586);
#1584 = CARTESIAN_POINT('',(7.904599261814,20.768180240699,6.1));
#1585 = DIRECTION('',(0.309016994375,0.951056516295,0.));
#1586 = DIRECTION('',(0.,0.,-1.));
#1587 = ORIENTED_EDGE('',*,*,#1521,.F.);
#1588 = TOROIDAL_SURFACE('',#1589,0.6,0.3);
#1589 = AXIS2_PLACEMENT_3D('',#1590,#1591,#1592);
#1590 = CARTESIAN_POINT('',(7.333965352037,20.953590437324,6.1));
#1591 = DIRECTION('',(0.,0.,-1.));
#1592 = DIRECTION('',(0.89606284816,0.443927214921,0.));
#1593 = ADVANCED_FACE('',(#1594),#1629,.T.);
#1594 = FACE_BOUND('',#1595,.T.);
#1595 = EDGE_LOOP('',(#1596,#1605,#1613,#1621,#1627,#1628));
#1596 = ORIENTED_EDGE('',*,*,#1597,.F.);
#1597 = EDGE_CURVE('',#1598,#378,#1600,.T.);
#1598 = VERTEX_POINT('',#1599);
#1599 = CARTESIAN_POINT('',(8.715079323972,20.350120205464,5.8));
#1600 = CIRCLE('',#1601,0.6);
#1601 = AXIS2_PLACEMENT_3D('',#1602,#1603,#1604);
#1602 = CARTESIAN_POINT('',(9.285713233749,20.164710008839,5.8));
#1603 = DIRECTION('',(0.,0.,-1.));
#1604 = DIRECTION('',(-0.400942691003,0.916103137497,0.));
#1605 = ORIENTED_EDGE('',*,*,#1606,.F.);
#1606 = EDGE_CURVE('',#1607,#1598,#1609,.T.);
#1607 = VERTEX_POINT('',#1608);
#1608 = CARTESIAN_POINT('',(8.447752951477,19.527374229783,5.8));
#1609 = LINE('',#1610,#1611);
#1610 = CARTESIAN_POINT('',(8.702691971837,20.311995855727,5.8));
#1611 = VECTOR('',#1612,1.);
#1612 = DIRECTION('',(0.309016994375,0.951056516295,0.));
#1613 = ORIENTED_EDGE('',*,*,#1614,.F.);
#1614 = EDGE_CURVE('',#1615,#1607,#1617,.T.);
#1615 = VERTEX_POINT('',#1616);
#1616 = CARTESIAN_POINT('',(7.591802086812,19.805489524721,5.8));
#1617 = LINE('',#1618,#1619);
#1618 = CARTESIAN_POINT('',(6.165217312324,20.269015016298,5.8));
#1619 = VECTOR('',#1620,1.);
#1620 = DIRECTION('',(0.951056516295,-0.309016994375,0.));
#1621 = ORIENTED_EDGE('',*,*,#1622,.F.);
#1622 = EDGE_CURVE('',#1573,#1615,#1623,.T.);
#1623 = LINE('',#1624,#1625);
#1624 = CARTESIAN_POINT('',(7.61497836139,19.876818763443,5.8));
#1625 = VECTOR('',#1626,1.);
#1626 = DIRECTION('',(-0.309016994375,-0.951056516295,0.));
#1627 = ORIENTED_EDGE('',*,*,#1572,.F.);
#1628 = ORIENTED_EDGE('',*,*,#377,.F.);
#1629 = PLANE('',#1630);
#1630 = AXIS2_PLACEMENT_3D('',#1631,#1632,#1633);
#1631 = CARTESIAN_POINT('',(6.684697566326,20.573383650876,5.8));
#1632 = DIRECTION('',(0.,0.,-1.));
#1633 = DIRECTION('',(-1.,0.,0.));
#1634 = ADVANCED_FACE('',(#1635),#1655,.T.);
#1635 = FACE_BOUND('',#1636,.T.);
#1636 = EDGE_LOOP('',(#1637,#1638,#1647,#1654));
#1637 = ORIENTED_EDGE('',*,*,#386,.F.);
#1638 = ORIENTED_EDGE('',*,*,#1639,.T.);
#1639 = EDGE_CURVE('',#387,#1640,#1642,.T.);
#1640 = VERTEX_POINT('',#1641);
#1641 = CARTESIAN_POINT('',(9.000396278861,20.257415107151,6.1));
#1642 = CIRCLE('',#1643,0.3);
#1643 = AXIS2_PLACEMENT_3D('',#1644,#1645,#1646);
#1644 = CARTESIAN_POINT('',(9.285713233749,20.164710008839,6.1));
#1645 = DIRECTION('',(0.,0.,1.));
#1646 = DIRECTION('',(-0.400942691003,0.916103137497,0.));
#1647 = ORIENTED_EDGE('',*,*,#1648,.F.);
#1648 = EDGE_CURVE('',#1598,#1640,#1649,.T.);
#1649 = CIRCLE('',#1650,0.3);
#1650 = AXIS2_PLACEMENT_3D('',#1651,#1652,#1653);
#1651 = CARTESIAN_POINT('',(8.715079323972,20.350120205464,6.1));
#1652 = DIRECTION('',(-0.309016994375,-0.951056516295,-0.));
#1653 = DIRECTION('',(0.,0.,-1.));
#1654 = ORIENTED_EDGE('',*,*,#1597,.T.);
#1655 = TOROIDAL_SURFACE('',#1656,0.6,0.3);
#1656 = AXIS2_PLACEMENT_3D('',#1657,#1658,#1659);
#1657 = CARTESIAN_POINT('',(9.285713233749,20.164710008839,6.1));
#1658 = DIRECTION('',(0.,0.,-1.));
#1659 = DIRECTION('',(-1.,0.,0.));
#1660 = ADVANCED_FACE('',(#1661),#1680,.F.);
#1661 = FACE_BOUND('',#1662,.F.);
#1662 = EDGE_LOOP('',(#1663,#1671,#1678,#1679));
#1663 = ORIENTED_EDGE('',*,*,#1664,.F.);
#1664 = EDGE_CURVE('',#1665,#1640,#1667,.T.);
#1665 = VERTEX_POINT('',#1666);
#1666 = CARTESIAN_POINT('',(9.000396278861,20.257415107151,21.45));
#1667 = LINE('',#1668,#1669);
#1668 = CARTESIAN_POINT('',(9.000396278861,20.257415107151,18.75));
#1669 = VECTOR('',#1670,1.);
#1670 = DIRECTION('',(0.,0.,-1.));
#1671 = ORIENTED_EDGE('',*,*,#1672,.F.);
#1672 = EDGE_CURVE('',#402,#1665,#1673,.T.);
#1673 = CIRCLE('',#1674,0.3);
#1674 = AXIS2_PLACEMENT_3D('',#1675,#1676,#1677);
#1675 = CARTESIAN_POINT('',(9.285713233749,20.164710008839,21.45));
#1676 = DIRECTION('',(0.,-0.,1.));
#1677 = DIRECTION('',(0.41827537089,0.908320270668,0.));
#1678 = ORIENTED_EDGE('',*,*,#401,.F.);
#1679 = ORIENTED_EDGE('',*,*,#1639,.T.);
#1680 = CYLINDRICAL_SURFACE('',#1681,0.3);
#1681 = AXIS2_PLACEMENT_3D('',#1682,#1683,#1684);
#1682 = CARTESIAN_POINT('',(9.285713233749,20.164710008839,18.75));
#1683 = DIRECTION('',(0.,0.,-1.));
#1684 = DIRECTION('',(-0.400942691003,0.916103137497,0.));
#1685 = ADVANCED_FACE('',(#1686),#1707,.T.);
#1686 = FACE_BOUND('',#1687,.T.);
#1687 = EDGE_LOOP('',(#1688,#1698,#1699,#1700));
#1688 = ORIENTED_EDGE('',*,*,#1689,.T.);
#1689 = EDGE_CURVE('',#1690,#1665,#1692,.T.);
#1690 = VERTEX_POINT('',#1691);
#1691 = CARTESIAN_POINT('',(8.734394220837,20.409565345568,21.75));
#1692 = B_SPLINE_CURVE_WITH_KNOTS('',3,(#1693,#1694,#1695,#1696,#1697),
  .UNSPECIFIED.,.F.,.F.,(4,1,4),(0.,4.724537997256E-02,
    9.449075994511E-02),.UNSPECIFIED.);
#1693 = CARTESIAN_POINT('',(8.734394220837,20.409565345568,21.75));
#1694 = CARTESIAN_POINT('',(8.804593801858,20.371838181396,21.75));
#1695 = CARTESIAN_POINT('',(8.942993781032,20.292890253847,
    21.685245266121));
#1696 = CARTESIAN_POINT('',(9.000396278861,20.257415107151,
    21.528742299954));
#1697 = CARTESIAN_POINT('',(9.000396278861,20.257415107151,21.45));
#1698 = ORIENTED_EDGE('',*,*,#1672,.F.);
#1699 = ORIENTED_EDGE('',*,*,#409,.T.);
#1700 = ORIENTED_EDGE('',*,*,#1701,.F.);
#1701 = EDGE_CURVE('',#1690,#410,#1702,.T.);
#1702 = CIRCLE('',#1703,0.3);
#1703 = AXIS2_PLACEMENT_3D('',#1704,#1705,#1706);
#1704 = CARTESIAN_POINT('',(8.734394220837,20.409565345568,22.05));
#1705 = DIRECTION('',(0.919349790341,-0.393441181119,0.));
#1706 = DIRECTION('',(0.,0.,-1.));
#1707 = B_SPLINE_SURFACE_WITH_KNOTS('',3,3,(
    (#1708,#1709,#1710,#1711,#1712)
    ,(#1713,#1714,#1715,#1716,#1717)
    ,(#1718,#1719,#1720,#1721,#1722)
    ,(#1723,#1724,#1725,#1726,#1727)
    ,(#1728,#1729,#1730,#1731,#1732
  )),.UNSPECIFIED.,.F.,.F.,.F.,(4,1,4),(4,1,4),(0.,0.5,1.),(0.,
    4.724537997256E-02,9.449075994511E-02),.UNSPECIFIED.);
#1708 = CARTESIAN_POINT('',(8.852426575173,20.68537028267,22.05));
#1709 = CARTESIAN_POINT('',(8.999166541971,20.62257204585,22.05));
#1710 = CARTESIAN_POINT('',(9.289828180591,20.493692129837,
    21.920490532242));
#1711 = CARTESIAN_POINT('',(9.411195845016,20.437206090039,
    21.607484599908));
#1712 = CARTESIAN_POINT('',(9.411195845016,20.437206090039,21.45));
#1713 = CARTESIAN_POINT('',(8.852426575173,20.68537028267,21.97146018366
    ));
#1714 = CARTESIAN_POINT('',(8.98035281166,20.630665250873,
    21.970271111651));
#1715 = CARTESIAN_POINT('',(9.231791266133,20.51974281355,
    21.854456156865));
#1716 = CARTESIAN_POINT('',(9.334525309943,20.472512355384,
    21.585119594469));
#1717 = CARTESIAN_POINT('',(9.334525309943,20.472512355384,21.45));
#1718 = CARTESIAN_POINT('',(8.826832816194,20.625565620423,
    21.81505104246));
#1719 = CARTESIAN_POINT('',(8.916165174737,20.58508766717,
    21.811590796416));
#1720 = CARTESIAN_POINT('',(9.08647192578,20.505333476938,
    21.723531038528));
#1721 = CARTESIAN_POINT('',(9.150391222238,20.473903622041,
    21.540919310728));
#1722 = CARTESIAN_POINT('',(9.150391222238,20.473903622041,21.45));
#1723 = CARTESIAN_POINT('',(8.765295018943,20.481770909253,21.75));
#1724 = CARTESIAN_POINT('',(8.83631871095,20.444968281002,21.74810857247
    ));
#1725 = CARTESIAN_POINT('',(8.973251253233,20.36973571968,
    21.678141121531));
#1726 = CARTESIAN_POINT('',(9.026480138343,20.337692972067,
    21.525901082114));
#1727 = CARTESIAN_POINT('',(9.026480138343,20.337692972067,21.45));
#1728 = CARTESIAN_POINT('',(8.734394220837,20.409565345568,21.75));
#1729 = CARTESIAN_POINT('',(8.804593801858,20.371838181396,21.75));
#1730 = CARTESIAN_POINT('',(8.942993781032,20.292890253847,
    21.685245266121));
#1731 = CARTESIAN_POINT('',(9.000396278861,20.257415107151,
    21.528742299954));
#1732 = CARTESIAN_POINT('',(9.000396278861,20.257415107151,21.45));
#1733 = ADVANCED_FACE('',(#1734),#1754,.F.);
#1734 = FACE_BOUND('',#1735,.F.);
#1735 = EDGE_LOOP('',(#1736,#1745,#1752,#1753));
#1736 = ORIENTED_EDGE('',*,*,#1737,.F.);
#1737 = EDGE_CURVE('',#1738,#1690,#1740,.T.);
#1738 = VERTEX_POINT('',#1739);
#1739 = CARTESIAN_POINT('',(4.930168155597,21.645633323087,21.75));
#1740 = CIRCLE('',#1741,22.2);
#1741 = AXIS2_PLACEMENT_3D('',#1742,#1743,#1744);
#1742 = CARTESIAN_POINT('',(4.440892098501E-15,-4.815648849472E-16,21.75
    ));
#1743 = DIRECTION('',(0.,0.,-1.));
#1744 = DIRECTION('',(0.309016994375,0.951056516295,0.));
#1745 = ORIENTED_EDGE('',*,*,#1746,.F.);
#1746 = EDGE_CURVE('',#420,#1738,#1747,.T.);
#1747 = CIRCLE('',#1748,0.3);
#1748 = AXIS2_PLACEMENT_3D('',#1749,#1750,#1751);
#1749 = CARTESIAN_POINT('',(4.930168155597,21.645633323087,22.05));
#1750 = DIRECTION('',(-0.975028528067,0.222079646648,0.));
#1751 = DIRECTION('',(0.222079646648,0.975028528067,0.));
#1752 = ORIENTED_EDGE('',*,*,#419,.F.);
#1753 = ORIENTED_EDGE('',*,*,#1701,.F.);
#1754 = TOROIDAL_SURFACE('',#1755,22.2,0.3);
#1755 = AXIS2_PLACEMENT_3D('',#1756,#1757,#1758);
#1756 = CARTESIAN_POINT('',(4.440892098501E-15,-4.815648849472E-16,22.05
    ));
#1757 = DIRECTION('',(0.,0.,-1.));
#1758 = DIRECTION('',(-1.,0.,0.));
#1759 = ADVANCED_FACE('',(#1760),#1781,.T.);
#1760 = FACE_BOUND('',#1761,.T.);
#1761 = EDGE_LOOP('',(#1762,#1763,#1772,#1780));
#1762 = ORIENTED_EDGE('',*,*,#428,.T.);
#1763 = ORIENTED_EDGE('',*,*,#1764,.F.);
#1764 = EDGE_CURVE('',#1765,#429,#1767,.T.);
#1765 = VERTEX_POINT('',#1766);
#1766 = CARTESIAN_POINT('',(4.625536303843,21.678893281296,21.45));
#1767 = CIRCLE('',#1768,0.3);
#1768 = AXIS2_PLACEMENT_3D('',#1769,#1770,#1771);
#1769 = CARTESIAN_POINT('',(4.340219348954,21.771598379608,21.45));
#1770 = DIRECTION('',(-0.,0.,1.));
#1771 = DIRECTION('',(0.951056516295,-0.309016994375,0.));
#1772 = ORIENTED_EDGE('',*,*,#1773,.T.);
#1773 = EDGE_CURVE('',#1765,#1738,#1774,.T.);
#1774 = B_SPLINE_CURVE_WITH_KNOTS('',3,(#1775,#1776,#1777,#1778,#1779),
  .UNSPECIFIED.,.F.,.F.,(4,1,4),(0.,4.724538790837E-02,
    9.449077581674E-02),.QUASI_UNIFORM_KNOTS.);
#1775 = CARTESIAN_POINT('',(4.625536303843,21.678893281296,21.45));
#1776 = CARTESIAN_POINT('',(4.625536303843,21.678893281296,
    21.528742313181));
#1777 = CARTESIAN_POINT('',(4.692833690044,21.673852401987,
    21.685250670719));
#1778 = CARTESIAN_POINT('',(4.851200017578,21.656373686367,21.75));
#1779 = CARTESIAN_POINT('',(4.930168155597,21.645633323087,21.75));
#1780 = ORIENTED_EDGE('',*,*,#1746,.F.);
#1781 = B_SPLINE_SURFACE_WITH_KNOTS('',3,3,(
    (#1782,#1783,#1784,#1785,#1786)
    ,(#1787,#1788,#1789,#1790,#1791)
    ,(#1792,#1793,#1794,#1795,#1796)
    ,(#1797,#1798,#1799,#1800,#1801)
    ,(#1802,#1803,#1804,#1805,#1806
  )),.UNSPECIFIED.,.F.,.F.,.F.,(4,1,4),(4,1,4),(0.,0.5,1.),(0.,
    4.724538790837E-02,9.449077581674E-02),.QUASI_UNIFORM_KNOTS.);
#1782 = CARTESIAN_POINT('',(4.398870961778,22.065809168522,21.45));
#1783 = CARTESIAN_POINT('',(4.398870961778,22.065809168522,
    21.607484626361));
#1784 = CARTESIAN_POINT('',(4.530272908855,22.04016682459,
    21.920501341439));
#1785 = CARTESIAN_POINT('',(4.841165019083,21.973588635063,22.05));
#1786 = CARTESIAN_POINT('',(4.996792049591,21.938141881507,22.05));
#1787 = CARTESIAN_POINT('',(4.481651229703,22.049306727392,21.45));
#1788 = CARTESIAN_POINT('',(4.481651229703,22.049306727392,
    21.585119617165));
#1789 = CARTESIAN_POINT('',(4.5925362371,22.027129338604,21.854465593092
    ));
#1790 = CARTESIAN_POINT('',(4.861142716545,21.96907774149,
    21.970271111451));
#1791 = CARTESIAN_POINT('',(4.996792049591,21.938141881507,
    21.97146018366));
#1792 = CARTESIAN_POINT('',(4.631441956491,21.942204121408,21.45));
#1793 = CARTESIAN_POINT('',(4.631441956491,21.942204121408,21.540919326)
  );
#1794 = CARTESIAN_POINT('',(4.701632095697,21.930059449789,
    21.723536104802));
#1795 = CARTESIAN_POINT('',(4.886282523481,21.894479414357,
    21.811587451435));
#1796 = CARTESIAN_POINT('',(4.98234627979,21.874718520213,
    21.815047698061));
#1797 = CARTESIAN_POINT('',(4.651620163326,21.759171146212,21.45));
#1798 = CARTESIAN_POINT('',(4.651620163326,21.759171146212,
    21.525901094863));
#1799 = CARTESIAN_POINT('',(4.713523186997,21.753806532399,
    21.678146560069));
#1800 = CARTESIAN_POINT('',(4.868518821003,21.734184613651,
    21.748108572152));
#1801 = CARTESIAN_POINT('',(4.947610250257,21.722211884608,21.75));
#1802 = CARTESIAN_POINT('',(4.625536303843,21.678893281296,21.45));
#1803 = CARTESIAN_POINT('',(4.625536303843,21.678893281296,
    21.528742313181));
#1804 = CARTESIAN_POINT('',(4.692833690044,21.673852401987,
    21.685250670719));
#1805 = CARTESIAN_POINT('',(4.851200017578,21.656373686367,21.75));
#1806 = CARTESIAN_POINT('',(4.930168155597,21.645633323087,21.75));
#1807 = ADVANCED_FACE('',(#1808),#1827,.F.);
#1808 = FACE_BOUND('',#1809,.F.);
#1809 = EDGE_LOOP('',(#1810,#1811,#1812,#1820));
#1810 = ORIENTED_EDGE('',*,*,#438,.F.);
#1811 = ORIENTED_EDGE('',*,*,#1764,.F.);
#1812 = ORIENTED_EDGE('',*,*,#1813,.F.);
#1813 = EDGE_CURVE('',#1814,#1765,#1816,.T.);
#1814 = VERTEX_POINT('',#1815);
#1815 = CARTESIAN_POINT('',(4.625536303843,21.678893281296,6.1));
#1816 = LINE('',#1817,#1818);
#1817 = CARTESIAN_POINT('',(4.625536303843,21.678893281296,18.75));
#1818 = VECTOR('',#1819,1.);
#1819 = DIRECTION('',(0.,0.,1.));
#1820 = ORIENTED_EDGE('',*,*,#1821,.T.);
#1821 = EDGE_CURVE('',#1814,#439,#1822,.T.);
#1822 = CIRCLE('',#1823,0.3);
#1823 = AXIS2_PLACEMENT_3D('',#1824,#1825,#1826);
#1824 = CARTESIAN_POINT('',(4.340219348954,21.771598379608,6.1));
#1825 = DIRECTION('',(0.,-0.,1.));
#1826 = DIRECTION('',(0.862841364591,0.505474806049,0.));
#1827 = CYLINDRICAL_SURFACE('',#1828,0.3);
#1828 = AXIS2_PLACEMENT_3D('',#1829,#1830,#1831);
#1829 = CARTESIAN_POINT('',(4.340219348954,21.771598379608,18.75));
#1830 = DIRECTION('',(0.,0.,1.));
#1831 = DIRECTION('',(0.862841364591,0.505474806049,0.));
#1832 = ADVANCED_FACE('',(#1833),#1853,.T.);
#1833 = FACE_BOUND('',#1834,.T.);
#1834 = EDGE_LOOP('',(#1835,#1844,#1845,#1846));
#1835 = ORIENTED_EDGE('',*,*,#1836,.T.);
#1836 = EDGE_CURVE('',#1837,#1814,#1839,.T.);
#1837 = VERTEX_POINT('',#1838);
#1838 = CARTESIAN_POINT('',(4.910853258731,21.586188182983,5.8));
#1839 = CIRCLE('',#1840,0.3);
#1840 = AXIS2_PLACEMENT_3D('',#1841,#1842,#1843);
#1841 = CARTESIAN_POINT('',(4.910853258731,21.586188182983,6.1));
#1842 = DIRECTION('',(0.309016994375,0.951056516295,0.));
#1843 = DIRECTION('',(0.,0.,-1.));
#1844 = ORIENTED_EDGE('',*,*,#1821,.T.);
#1845 = ORIENTED_EDGE('',*,*,#446,.F.);
#1846 = ORIENTED_EDGE('',*,*,#1847,.T.);
#1847 = EDGE_CURVE('',#447,#1837,#1848,.T.);
#1848 = CIRCLE('',#1849,0.6);
#1849 = AXIS2_PLACEMENT_3D('',#1850,#1851,#1852);
#1850 = CARTESIAN_POINT('',(4.340219348954,21.771598379608,5.8));
#1851 = DIRECTION('',(0.,0.,-1.));
#1852 = DIRECTION('',(0.862841364591,0.505474806049,0.));
#1853 = TOROIDAL_SURFACE('',#1854,0.6,0.3);
#1854 = AXIS2_PLACEMENT_3D('',#1855,#1856,#1857);
#1855 = CARTESIAN_POINT('',(4.340219348954,21.771598379608,6.1));
#1856 = DIRECTION('',(0.,0.,-1.));
#1857 = DIRECTION('',(0.862841364591,0.505474806049,0.));
#1858 = ADVANCED_FACE('',(#1859),#1879,.T.);
#1859 = FACE_BOUND('',#1860,.T.);
#1860 = EDGE_LOOP('',(#1861,#1862,#1863,#1864,#1865,#1873));
#1861 = ORIENTED_EDGE('',*,*,#1847,.F.);
#1862 = ORIENTED_EDGE('',*,*,#461,.F.);
#1863 = ORIENTED_EDGE('',*,*,#1102,.F.);
#1864 = ORIENTED_EDGE('',*,*,#1130,.F.);
#1865 = ORIENTED_EDGE('',*,*,#1866,.F.);
#1866 = EDGE_CURVE('',#1867,#1122,#1869,.T.);
#1867 = VERTEX_POINT('',#1868);
#1868 = CARTESIAN_POINT('',(4.643526886236,20.763442207303,5.8));
#1869 = LINE('',#1870,#1871);
#1870 = CARTESIAN_POINT('',(6.165217312324,20.269015016298,5.8));
#1871 = VECTOR('',#1872,1.);
#1872 = DIRECTION('',(0.951056516295,-0.309016994375,0.));
#1873 = ORIENTED_EDGE('',*,*,#1874,.F.);
#1874 = EDGE_CURVE('',#1837,#1867,#1875,.T.);
#1875 = LINE('',#1876,#1877);
#1876 = CARTESIAN_POINT('',(4.666703160815,20.834771446025,5.8));
#1877 = VECTOR('',#1878,1.);
#1878 = DIRECTION('',(-0.309016994375,-0.951056516295,0.));
#1879 = PLANE('',#1880);
#1880 = AXIS2_PLACEMENT_3D('',#1881,#1882,#1883);
#1881 = CARTESIAN_POINT('',(6.684697566326,20.573383650876,5.8));
#1882 = DIRECTION('',(0.,0.,-1.));
#1883 = DIRECTION('',(-1.,0.,0.));
#1884 = ADVANCED_FACE('',(#1885),#1946,.T.);
#1885 = FACE_BOUND('',#1886,.T.);
#1886 = EDGE_LOOP('',(#1887,#1895,#1896,#1897,#1924,#1932,#1940));
#1887 = ORIENTED_EDGE('',*,*,#1888,.F.);
#1888 = EDGE_CURVE('',#1299,#1889,#1891,.T.);
#1889 = VERTEX_POINT('',#1890);
#1890 = CARTESIAN_POINT('',(-17.7326541716,13.872381772081,19.65));
#1891 = LINE('',#1892,#1893);
#1892 = CARTESIAN_POINT('',(-17.73265417158,13.872381772106,1.8));
#1893 = VECTOR('',#1894,1.);
#1894 = DIRECTION('',(0.,0.,1.));
#1895 = ORIENTED_EDGE('',*,*,#1298,.T.);
#1896 = ORIENTED_EDGE('',*,*,#493,.F.);
#1897 = ORIENTED_EDGE('',*,*,#1898,.T.);
#1898 = EDGE_CURVE('',#494,#1899,#1901,.T.);
#1899 = VERTEX_POINT('',#1900);
#1900 = CARTESIAN_POINT('',(-17.48539321957,13.692736174955,6.1));
#1901 = B_SPLINE_CURVE_WITH_KNOTS('',6,(#1902,#1903,#1904,#1905,#1906,
    #1907,#1908,#1909,#1910,#1911,#1912,#1913,#1914,#1915,#1916,#1917,
    #1918,#1919,#1920,#1921,#1922,#1923),.UNSPECIFIED.,.F.,.F.,(7,5,5,5,
    7),(0.,0.102448656681,0.37664798325,0.789268133516,1.),
  .UNSPECIFIED.);
#1902 = CARTESIAN_POINT('',(-17.83927163035,13.949843890134,
    5.808182983052));
#1903 = CARTESIAN_POINT('',(-17.83168919678,13.944334929673,
    5.810026193715));
#1904 = CARTESIAN_POINT('',(-17.82413639473,13.938847497784,
    5.812106697516));
#1905 = CARTESIAN_POINT('',(-17.81662044797,13.933386842822,
    5.814417467027));
#1906 = CARTESIAN_POINT('',(-17.80914798952,13.927957783972,
    5.816950835375));
#1907 = CARTESIAN_POINT('',(-17.80172506173,13.922564711248,
    5.819698496241));
#1908 = CARTESIAN_POINT('',(-17.77463713392,13.902884179697,
    5.830555098972));
#1909 = CARTESIAN_POINT('',(-17.75530893475,13.888841421015,
    5.839930769638));
#1910 = CARTESIAN_POINT('',(-17.73648122576,13.875162289726,
    5.850606700805));
#1911 = CARTESIAN_POINT('',(-17.71821906984,13.861894056798,
    5.862388442298));
#1912 = CARTESIAN_POINT('',(-17.70054988291,13.849056641059,
    5.875081044858));
#1913 = CARTESIAN_POINT('',(-17.65776645537,13.817972661456,
    5.908721132914));
#1914 = CARTESIAN_POINT('',(-17.63339527102,13.800265959567,
    5.930602397607));
#1915 = CARTESIAN_POINT('',(-17.61033503713,13.78351171894,
    5.953566864617));
#1916 = CARTESIAN_POINT('',(-17.58838149183,13.767561534638,
    5.977160533217));
#1917 = CARTESIAN_POINT('',(-17.5672831649,13.752232702852,6.00113300521
    ));
#1918 = CARTESIAN_POINT('',(-17.53628175714,13.729708861688,
    6.037685155198));
#1919 = CARTESIAN_POINT('',(-17.52595211999,13.722203940998,
    6.050100041564));
#1920 = CARTESIAN_POINT('',(-17.51573621374,13.714781650646,
    6.062552383408));
#1921 = CARTESIAN_POINT('',(-17.50559650359,13.707414719999,
    6.075027388789));
#1922 = CARTESIAN_POINT('',(-17.49549501079,13.70007555589,
    6.087513488376));
#1923 = CARTESIAN_POINT('',(-17.48539336193,13.692736278384,
    6.099999825937));
#1924 = ORIENTED_EDGE('',*,*,#1925,.F.);
#1925 = EDGE_CURVE('',#1926,#1899,#1928,.T.);
#1926 = VERTEX_POINT('',#1927);
#1927 = CARTESIAN_POINT('',(-16.66647958383,13.097760591827,6.1));
#1928 = LINE('',#1929,#1930);
#1929 = CARTESIAN_POINT('',(-16.72715585841,13.141844485749,6.1));
#1930 = VECTOR('',#1931,1.);
#1931 = DIRECTION('',(-0.809016994375,0.587785252292,0.));
#1932 = ORIENTED_EDGE('',*,*,#1933,.F.);
#1933 = EDGE_CURVE('',#1934,#1926,#1936,.T.);
#1934 = VERTEX_POINT('',#1935);
#1935 = CARTESIAN_POINT('',(-16.66647958385,13.097760591801,19.65));
#1936 = LINE('',#1937,#1938);
#1937 = CARTESIAN_POINT('',(-16.66647958383,13.097760591827,20.25));
#1938 = VECTOR('',#1939,1.);
#1939 = DIRECTION('',(0.,0.,-1.));
#1940 = ORIENTED_EDGE('',*,*,#1941,.F.);
#1941 = EDGE_CURVE('',#1889,#1934,#1942,.T.);
#1942 = LINE('',#1943,#1944);
#1943 = CARTESIAN_POINT('',(-17.7326541716,13.872381772081,19.65));
#1944 = VECTOR('',#1945,1.);
#1945 = DIRECTION('',(0.809016994375,-0.587785252292,0.));
#1946 = PLANE('',#1947);
#1947 = AXIS2_PLACEMENT_3D('',#1948,#1949,#1950);
#1948 = CARTESIAN_POINT('',(-17.31240093852,13.567049925758,
    11.185840349637));
#1949 = DIRECTION('',(-0.587785252292,-0.809016994375,-0.));
#1950 = DIRECTION('',(-0.809016994375,0.587785252292,0.));
#1951 = ADVANCED_FACE('',(#1952),#1972,.T.);
#1952 = FACE_BOUND('',#1953,.T.);
#1953 = EDGE_LOOP('',(#1954,#1955,#1964,#1971));
#1954 = ORIENTED_EDGE('',*,*,#501,.F.);
#1955 = ORIENTED_EDGE('',*,*,#1956,.T.);
#1956 = EDGE_CURVE('',#502,#1957,#1959,.T.);
#1957 = VERTEX_POINT('',#1958);
#1958 = CARTESIAN_POINT('',(-17.30905764388,13.935441273268,5.8));
#1959 = CIRCLE('',#1960,0.6);
#1960 = AXIS2_PLACEMENT_3D('',#1961,#1962,#1963);
#1961 = CARTESIAN_POINT('',(-17.66172879526,13.450031076643,5.8));
#1962 = DIRECTION('',(0.,0.,-1.));
#1963 = DIRECTION('',(-0.145301222402,0.989387464429,0.));
#1964 = ORIENTED_EDGE('',*,*,#1965,.T.);
#1965 = EDGE_CURVE('',#1957,#1899,#1966,.T.);
#1966 = CIRCLE('',#1967,0.3);
#1967 = AXIS2_PLACEMENT_3D('',#1968,#1969,#1970);
#1968 = CARTESIAN_POINT('',(-17.30905764388,13.935441273268,6.1));
#1969 = DIRECTION('',(-0.809016994375,0.587785252292,0.));
#1970 = DIRECTION('',(0.,0.,-1.));
#1971 = ORIENTED_EDGE('',*,*,#1898,.F.);
#1972 = TOROIDAL_SURFACE('',#1973,0.6,0.3);
#1973 = AXIS2_PLACEMENT_3D('',#1974,#1975,#1976);
#1974 = CARTESIAN_POINT('',(-17.66172879526,13.450031076643,6.1));
#1975 = DIRECTION('',(0.,0.,-1.));
#1976 = DIRECTION('',(-1.,0.,0.));
#1977 = ADVANCED_FACE('',(#1978),#2013,.T.);
#1978 = FACE_BOUND('',#1979,.T.);
#1979 = EDGE_LOOP('',(#1980,#1989,#1997,#2005,#2011,#2012));
#1980 = ORIENTED_EDGE('',*,*,#1981,.F.);
#1981 = EDGE_CURVE('',#1982,#517,#1984,.T.);
#1982 = VERTEX_POINT('',#1983);
#1983 = CARTESIAN_POINT('',(-16.66100681036,14.577065962154,5.8));
#1984 = CIRCLE('',#1985,0.6);
#1985 = AXIS2_PLACEMENT_3D('',#1986,#1987,#1988);
#1986 = CARTESIAN_POINT('',(-16.30833565898,15.062476158779,5.8));
#1987 = DIRECTION('',(0.,0.,-1.));
#1988 = DIRECTION('',(-0.995163963805,-9.822772085291E-02,-0.));
#1989 = ORIENTED_EDGE('',*,*,#1990,.F.);
#1990 = EDGE_CURVE('',#1991,#1982,#1993,.T.);
#1991 = VERTEX_POINT('',#1992);
#1992 = CARTESIAN_POINT('',(-15.96113728108,14.068580985077,5.8));
#1993 = LINE('',#1994,#1995);
#1994 = CARTESIAN_POINT('',(-16.62857630144,14.553503818218,5.8));
#1995 = VECTOR('',#1996,1.);
#1996 = DIRECTION('',(-0.809016994375,0.587785252292,0.));
#1997 = ORIENTED_EDGE('',*,*,#1998,.F.);
#1998 = EDGE_CURVE('',#1999,#1991,#2001,.T.);
#1999 = VERTEX_POINT('',#2000);
#2000 = CARTESIAN_POINT('',(-16.49014400814,13.340465690139,5.8));
#2001 = LINE('',#2002,#2003);
#2002 = CARTESIAN_POINT('',(-17.37182188661,12.126940198538,5.8));
#2003 = VECTOR('',#2004,1.);
#2004 = DIRECTION('',(0.587785252292,0.809016994375,0.));
#2005 = ORIENTED_EDGE('',*,*,#2006,.F.);
#2006 = EDGE_CURVE('',#1957,#1999,#2007,.T.);
#2007 = LINE('',#2008,#2009);
#2008 = CARTESIAN_POINT('',(-16.55082028272,13.384549584061,5.8));
#2009 = VECTOR('',#2010,1.);
#2010 = DIRECTION('',(0.809016994375,-0.587785252292,0.));
#2011 = ORIENTED_EDGE('',*,*,#1956,.F.);
#2012 = ORIENTED_EDGE('',*,*,#516,.F.);
#2013 = PLANE('',#2014);
#2014 = AXIS2_PLACEMENT_3D('',#2015,#2016,#2017);
#2015 = CARTESIAN_POINT('',(-17.50076543315,12.715050359833,5.8));
#2016 = DIRECTION('',(0.,0.,-1.));
#2017 = DIRECTION('',(-1.,0.,0.));
#2018 = ADVANCED_FACE('',(#2019),#2039,.T.);
#2019 = FACE_BOUND('',#2020,.T.);
#2020 = EDGE_LOOP('',(#2021,#2022,#2031,#2038));
#2021 = ORIENTED_EDGE('',*,*,#525,.F.);
#2022 = ORIENTED_EDGE('',*,*,#2023,.T.);
#2023 = EDGE_CURVE('',#526,#2024,#2026,.T.);
#2024 = VERTEX_POINT('',#2025);
#2025 = CARTESIAN_POINT('',(-16.48467123467,14.819771060467,6.1));
#2026 = CIRCLE('',#2027,0.3);
#2027 = AXIS2_PLACEMENT_3D('',#2028,#2029,#2030);
#2028 = CARTESIAN_POINT('',(-16.30833565898,15.062476158779,6.1));
#2029 = DIRECTION('',(0.,0.,1.));
#2030 = DIRECTION('',(-0.995163963805,-9.822772085291E-02,0.));
#2031 = ORIENTED_EDGE('',*,*,#2032,.F.);
#2032 = EDGE_CURVE('',#1982,#2024,#2033,.T.);
#2033 = CIRCLE('',#2034,0.3);
#2034 = AXIS2_PLACEMENT_3D('',#2035,#2036,#2037);
#2035 = CARTESIAN_POINT('',(-16.66100681036,14.577065962154,6.1));
#2036 = DIRECTION('',(0.809016994375,-0.587785252292,0.));
#2037 = DIRECTION('',(0.,0.,-1.));
#2038 = ORIENTED_EDGE('',*,*,#1981,.T.);
#2039 = TOROIDAL_SURFACE('',#2040,0.6,0.3);
#2040 = AXIS2_PLACEMENT_3D('',#2041,#2042,#2043);
#2041 = CARTESIAN_POINT('',(-16.30833565898,15.062476158779,6.1));
#2042 = DIRECTION('',(0.,0.,-1.));
#2043 = DIRECTION('',(-1.,0.,0.));
#2044 = ADVANCED_FACE('',(#2045),#2064,.F.);
#2045 = FACE_BOUND('',#2046,.F.);
#2046 = EDGE_LOOP('',(#2047,#2055,#2062,#2063));
#2047 = ORIENTED_EDGE('',*,*,#2048,.F.);
#2048 = EDGE_CURVE('',#2049,#2024,#2051,.T.);
#2049 = VERTEX_POINT('',#2050);
#2050 = CARTESIAN_POINT('',(-16.48467123467,14.819771060467,21.45));
#2051 = LINE('',#2052,#2053);
#2052 = CARTESIAN_POINT('',(-16.48467123467,14.819771060467,18.75));
#2053 = VECTOR('',#2054,1.);
#2054 = DIRECTION('',(0.,0.,-1.));
#2055 = ORIENTED_EDGE('',*,*,#2056,.F.);
#2056 = EDGE_CURVE('',#541,#2049,#2057,.T.);
#2057 = CIRCLE('',#2058,0.3);
#2058 = AXIS2_PLACEMENT_3D('',#2059,#2060,#2061);
#2059 = CARTESIAN_POINT('',(-16.30833565898,15.062476158779,21.45));
#2060 = DIRECTION('',(0.,0.,1.));
#2061 = DIRECTION('',(-0.734609714369,0.678489917062,0.));
#2062 = ORIENTED_EDGE('',*,*,#540,.F.);
#2063 = ORIENTED_EDGE('',*,*,#2023,.T.);
#2064 = CYLINDRICAL_SURFACE('',#2065,0.3);
#2065 = AXIS2_PLACEMENT_3D('',#2066,#2067,#2068);
#2066 = CARTESIAN_POINT('',(-16.30833565898,15.062476158779,18.75));
#2067 = DIRECTION('',(0.,0.,-1.));
#2068 = DIRECTION('',(-0.995163963805,-9.822772085292E-02,-0.));
#2069 = ADVANCED_FACE('',(#2070),#2091,.T.);
#2070 = FACE_BOUND('',#2071,.T.);
#2071 = EDGE_LOOP('',(#2072,#2082,#2083,#2084));
#2072 = ORIENTED_EDGE('',*,*,#2073,.T.);
#2073 = EDGE_CURVE('',#2074,#2049,#2076,.T.);
#2074 = VERTEX_POINT('',#2075);
#2075 = CARTESIAN_POINT('',(-16.71157386684,14.613805079205,21.75));
#2076 = B_SPLINE_CURVE_WITH_KNOTS('',3,(#2077,#2078,#2079,#2080,#2081),
  .UNSPECIFIED.,.F.,.F.,(4,1,4),(0.,4.724538027184E-02,
    9.449076054367E-02),.UNSPECIFIED.);
#2077 = CARTESIAN_POINT('',(-16.71157386684,14.613805079205,21.75));
#2078 = CARTESIAN_POINT('',(-16.65400033762,14.668910513645,21.75));
#2079 = CARTESIAN_POINT('',(-16.53614844804,14.776140467245,
    21.685245267887));
#2080 = CARTESIAN_POINT('',(-16.48467123467,14.819771060467,
    21.528742300453));
#2081 = CARTESIAN_POINT('',(-16.48467123467,14.819771060467,21.45));
#2082 = ORIENTED_EDGE('',*,*,#2056,.F.);
#2083 = ORIENTED_EDGE('',*,*,#548,.T.);
#2084 = ORIENTED_EDGE('',*,*,#2085,.F.);
#2085 = EDGE_CURVE('',#2074,#549,#2086,.T.);
#2086 = CIRCLE('',#2087,0.3);
#2087 = AXIS2_PLACEMENT_3D('',#2088,#2089,#2090);
#2088 = CARTESIAN_POINT('',(-16.71157386684,14.613805079205,22.05));
#2089 = DIRECTION('',(0.658279508072,0.752773597606,0.));
#2090 = DIRECTION('',(0.,0.,-1.));
#2091 = B_SPLINE_SURFACE_WITH_KNOTS('',3,3,(
    (#2092,#2093,#2094,#2095,#2096)
    ,(#2097,#2098,#2099,#2100,#2101)
    ,(#2102,#2103,#2104,#2105,#2106)
    ,(#2107,#2108,#2109,#2110,#2111)
    ,(#2112,#2113,#2114,#2115,#2116
  )),.UNSPECIFIED.,.F.,.F.,.F.,(4,1,4),(4,1,4),(0.,0.5,1.),(0.,
    4.724538027184E-02,9.449076054367E-02),.UNSPECIFIED.);
#2092 = CARTESIAN_POINT('',(-16.93740594612,14.811288931626,22.05));
#2093 = CARTESIAN_POINT('',(-16.83233612962,14.931441211618,22.05));
#2094 = CARTESIAN_POINT('',(-16.61994465421,15.168050779001,
    21.920490535775));
#2095 = CARTESIAN_POINT('',(-16.52871857329,15.266023133898,
    21.607484600906));
#2096 = CARTESIAN_POINT('',(-16.52871857329,15.266023133898,21.45));
#2097 = CARTESIAN_POINT('',(-16.93740594612,14.811288931626,
    21.97146018366));
#2098 = CARTESIAN_POINT('',(-16.84584698748,14.916049228603,
    21.970271111644));
#2099 = CARTESIAN_POINT('',(-16.66265471949,15.120904496395,
    21.854456160793));
#2100 = CARTESIAN_POINT('',(-16.58598932532,15.204015357908,
    21.585119595325));
#2101 = CARTESIAN_POINT('',(-16.58598932532,15.204015357908,21.45));
#2102 = CARTESIAN_POINT('',(-16.88843537252,14.768465531334,
    21.815053521744));
#2103 = CARTESIAN_POINT('',(-16.82233333396,14.840917278049,
    21.811593275677));
#2104 = CARTESIAN_POINT('',(-16.69385354898,14.978244271309,
    21.723532286215));
#2105 = CARTESIAN_POINT('',(-16.64420848267,15.029323810857,
    21.540919311304));
#2106 = CARTESIAN_POINT('',(-16.64420848267,15.029323810857,21.45));
#2107 = CARTESIAN_POINT('',(-16.77069656694,14.665506230869,21.75));
#2108 = CARTESIAN_POINT('',(-16.71374765933,14.721681138752,
    21.748108572458));
#2109 = CARTESIAN_POINT('',(-16.59988275416,14.828663590493,
    21.678141128055));
#2110 = CARTESIAN_POINT('',(-16.55295966535,14.869385509529,
    21.525901082595));
#2111 = CARTESIAN_POINT('',(-16.55295966535,14.869385509529,21.45));
#2112 = CARTESIAN_POINT('',(-16.71157386684,14.613805079205,21.75));
#2113 = CARTESIAN_POINT('',(-16.65400033762,14.668910513645,21.75));
#2114 = CARTESIAN_POINT('',(-16.53614844804,14.776140467245,
    21.685245267887));
#2115 = CARTESIAN_POINT('',(-16.48467123467,14.819771060467,
    21.528742300453));
#2116 = CARTESIAN_POINT('',(-16.48467123467,14.819771060467,21.45));
#2117 = ADVANCED_FACE('',(#2118),#2138,.F.);
#2118 = FACE_BOUND('',#2119,.F.);
#2119 = EDGE_LOOP('',(#2120,#2129,#2136,#2137));
#2120 = ORIENTED_EDGE('',*,*,#2121,.F.);
#2121 = EDGE_CURVE('',#2122,#2074,#2124,.T.);
#2122 = VERTEX_POINT('',#2123);
#2123 = CARTESIAN_POINT('',(-19.06271487605,11.377737101653,21.75));
#2124 = CIRCLE('',#2125,22.2);
#2125 = AXIS2_PLACEMENT_3D('',#2126,#2127,#2128);
#2126 = CARTESIAN_POINT('',(4.440892098501E-15,-4.815648849472E-16,21.75
    ));
#2127 = DIRECTION('',(0.,0.,-1.));
#2128 = DIRECTION('',(-0.809016994375,0.587785252292,0.));
#2129 = ORIENTED_EDGE('',*,*,#2130,.F.);
#2130 = EDGE_CURVE('',#559,#2122,#2131,.T.);
#2131 = CIRCLE('',#2132,0.3);
#2132 = AXIS2_PLACEMENT_3D('',#2133,#2134,#2135);
#2133 = CARTESIAN_POINT('',(-19.06271487605,11.377737101653,22.05));
#2134 = DIRECTION('',(-0.512510680255,-0.858680850273,1.014885605574E-14
    ));
#2135 = DIRECTION('',(-0.858680850273,0.512510680255,-7.88860905221E-31)
  );
#2136 = ORIENTED_EDGE('',*,*,#558,.F.);
#2137 = ORIENTED_EDGE('',*,*,#2085,.F.);
#2138 = TOROIDAL_SURFACE('',#2139,22.2,0.3);
#2139 = AXIS2_PLACEMENT_3D('',#2140,#2141,#2142);
#2140 = CARTESIAN_POINT('',(4.440892098501E-15,-4.815648849472E-16,22.05
    ));
#2141 = DIRECTION('',(0.,0.,-1.));
#2142 = DIRECTION('',(-1.,0.,0.));
#2143 = ADVANCED_FACE('',(#2144),#2165,.T.);
#2144 = FACE_BOUND('',#2145,.T.);
#2145 = EDGE_LOOP('',(#2146,#2147,#2156,#2164));
#2146 = ORIENTED_EDGE('',*,*,#567,.T.);
#2147 = ORIENTED_EDGE('',*,*,#2148,.F.);
#2148 = EDGE_CURVE('',#2149,#568,#2151,.T.);
#2149 = VERTEX_POINT('',#2150);
#2150 = CARTESIAN_POINT('',(-19.18848339525,11.098292886291,21.45));
#2151 = CIRCLE('',#2152,0.3);
#2152 = AXIS2_PLACEMENT_3D('',#2153,#2154,#2155);
#2153 = CARTESIAN_POINT('',(-19.36481897094,10.855587787978,21.45));
#2154 = DIRECTION('',(0.,-0.,1.));
#2155 = DIRECTION('',(0.587785252292,0.809016994375,0.));
#2156 = ORIENTED_EDGE('',*,*,#2157,.T.);
#2157 = EDGE_CURVE('',#2149,#2122,#2158,.T.);
#2158 = B_SPLINE_CURVE_WITH_KNOTS('',3,(#2159,#2160,#2161,#2162,#2163),
  .UNSPECIFIED.,.F.,.F.,(4,1,4),(1.385323355014E-16,4.724538744396E-02,
    9.449077488792E-02),.UNSPECIFIED.);
#2159 = CARTESIAN_POINT('',(-19.18848339525,11.098292886291,21.45));
#2160 = CARTESIAN_POINT('',(-19.18848339525,11.098292886291,
    21.528742312407));
#2161 = CARTESIAN_POINT('',(-19.16289320608,11.160738770095,
    21.685250689566));
#2162 = CARTESIAN_POINT('',(-19.09733206485,11.305952894896,21.75));
#2163 = CARTESIAN_POINT('',(-19.06271487605,11.377737101653,21.75));
#2164 = ORIENTED_EDGE('',*,*,#2130,.F.);
#2165 = B_SPLINE_SURFACE_WITH_KNOTS('',3,3,(
    (#2166,#2167,#2168,#2169,#2170)
    ,(#2171,#2172,#2173,#2174,#2175)
    ,(#2176,#2177,#2178,#2179,#2180)
    ,(#2181,#2182,#2183,#2184,#2185)
    ,(#2186,#2187,#2188,#2189,#2190
  )),.UNSPECIFIED.,.F.,.F.,.F.,(4,1,4),(4,1,4),(0.,0.5,1.),(
    1.385323355014E-16,4.724538744396E-02,9.449077488792E-02),
  .UNSPECIFIED.);
#2166 = CARTESIAN_POINT('',(-19.62650571379,11.002284920248,21.45));
#2167 = CARTESIAN_POINT('',(-19.62650571379,11.002284920248,
    21.607484624813));
#2168 = CARTESIAN_POINT('',(-19.56151297956,11.119331646721,
    21.920501379132));
#2169 = CARTESIAN_POINT('',(-19.40212239349,11.394433854845,22.05));
#2170 = CARTESIAN_POINT('',(-19.32031913113,11.53149030573,22.05));
#2171 = CARTESIAN_POINT('',(-19.58523045003,11.075914098721,21.45));
#2172 = CARTESIAN_POINT('',(-19.58523045003,11.075914098721,
    21.585119615837));
#2173 = CARTESIAN_POINT('',(-19.52987316327,11.174518785761,
    21.854465629947));
#2174 = CARTESIAN_POINT('',(-19.39165883084,11.41203983125,
    21.970271111463));
#2175 = CARTESIAN_POINT('',(-19.32031913113,11.53149030573,
    21.97146018366));
#2176 = CARTESIAN_POINT('',(-19.4370800317,11.18526832051,21.45));
#2177 = CARTESIAN_POINT('',(-19.4370800317,11.18526832051,
    21.540919325106));
#2178 = CARTESIAN_POINT('',(-19.40383872236,11.248273296002,
    21.723538525968));
#2179 = CARTESIAN_POINT('',(-19.31293885695,11.412894597386,
    21.811592251168));
#2180 = CARTESIAN_POINT('',(-19.26445979704,11.498150205851,
    21.81505249776));
#2181 = CARTESIAN_POINT('',(-19.25677182594,11.147907335353,21.45));
#2182 = CARTESIAN_POINT('',(-19.25677182594,11.147907335353,
    21.525901094117));
#2183 = CARTESIAN_POINT('',(-19.23254070456,11.205122823927,
    21.67814660205));
#2184 = CARTESIAN_POINT('',(-19.16598284969,11.346468954625,
    21.748108572171));
#2185 = CARTESIAN_POINT('',(-19.13015551232,11.417989596353,21.75));
#2186 = CARTESIAN_POINT('',(-19.18848339525,11.098292886291,21.45));
#2187 = CARTESIAN_POINT('',(-19.18848339525,11.098292886291,
    21.528742312407));
#2188 = CARTESIAN_POINT('',(-19.16289320608,11.160738770095,
    21.685250689566));
#2189 = CARTESIAN_POINT('',(-19.09733206485,11.305952894896,21.75));
#2190 = CARTESIAN_POINT('',(-19.06271487605,11.377737101653,21.75));
#2191 = ADVANCED_FACE('',(#2192),#2211,.F.);
#2192 = FACE_BOUND('',#2193,.F.);
#2193 = EDGE_LOOP('',(#2194,#2195,#2196,#2204));
#2194 = ORIENTED_EDGE('',*,*,#577,.F.);
#2195 = ORIENTED_EDGE('',*,*,#2148,.F.);
#2196 = ORIENTED_EDGE('',*,*,#2197,.F.);
#2197 = EDGE_CURVE('',#2198,#2149,#2200,.T.);
#2198 = VERTEX_POINT('',#2199);
#2199 = CARTESIAN_POINT('',(-19.18848339525,11.098292886291,6.1));
#2200 = LINE('',#2201,#2202);
#2201 = CARTESIAN_POINT('',(-19.18848339525,11.098292886291,18.75));
#2202 = VECTOR('',#2203,1.);
#2203 = DIRECTION('',(0.,0.,1.));
#2204 = ORIENTED_EDGE('',*,*,#2205,.T.);
#2205 = EDGE_CURVE('',#2198,#578,#2206,.T.);
#2206 = CIRCLE('',#2207,0.3);
#2207 = AXIS2_PLACEMENT_3D('',#2208,#2209,#2210);
#2208 = CARTESIAN_POINT('',(-19.36481897094,10.855587787978,6.1));
#2209 = DIRECTION('',(0.,0.,1.));
#2210 = DIRECTION('',(-0.214102463007,0.976811207621,0.));
#2211 = CYLINDRICAL_SURFACE('',#2212,0.3);
#2212 = AXIS2_PLACEMENT_3D('',#2213,#2214,#2215);
#2213 = CARTESIAN_POINT('',(-19.36481897094,10.855587787978,18.75));
#2214 = DIRECTION('',(0.,0.,1.));
#2215 = DIRECTION('',(-0.214102463007,0.976811207621,0.));
#2216 = ADVANCED_FACE('',(#2217),#2237,.T.);
#2217 = FACE_BOUND('',#2218,.T.);
#2218 = EDGE_LOOP('',(#2219,#2228,#2229,#2230));
#2219 = ORIENTED_EDGE('',*,*,#2220,.T.);
#2220 = EDGE_CURVE('',#2221,#2198,#2223,.T.);
#2221 = VERTEX_POINT('',#2222);
#2222 = CARTESIAN_POINT('',(-19.01214781957,11.340997984603,5.8));
#2223 = CIRCLE('',#2224,0.3);
#2224 = AXIS2_PLACEMENT_3D('',#2225,#2226,#2227);
#2225 = CARTESIAN_POINT('',(-19.01214781957,11.340997984603,6.1));
#2226 = DIRECTION('',(-0.809016994375,0.587785252292,0.));
#2227 = DIRECTION('',(0.,0.,-1.));
#2228 = ORIENTED_EDGE('',*,*,#2205,.T.);
#2229 = ORIENTED_EDGE('',*,*,#585,.F.);
#2230 = ORIENTED_EDGE('',*,*,#2231,.T.);
#2231 = EDGE_CURVE('',#586,#2221,#2232,.T.);
#2232 = CIRCLE('',#2233,0.6);
#2233 = AXIS2_PLACEMENT_3D('',#2234,#2235,#2236);
#2234 = CARTESIAN_POINT('',(-19.36481897094,10.855587787978,5.8));
#2235 = DIRECTION('',(0.,0.,-1.));
#2236 = DIRECTION('',(-0.214102463007,0.976811207621,0.));
#2237 = TOROIDAL_SURFACE('',#2238,0.6,0.3);
#2238 = AXIS2_PLACEMENT_3D('',#2239,#2240,#2241);
#2239 = CARTESIAN_POINT('',(-19.36481897094,10.855587787978,6.1));
#2240 = DIRECTION('',(0.,0.,-1.));
#2241 = DIRECTION('',(-1.,0.,0.));
#2242 = ADVANCED_FACE('',(#2243),#2278,.T.);
#2243 = FACE_BOUND('',#2244,.T.);
#2244 = EDGE_LOOP('',(#2245,#2246,#2247,#2256,#2264,#2272));
#2245 = ORIENTED_EDGE('',*,*,#2231,.F.);
#2246 = ORIENTED_EDGE('',*,*,#600,.F.);
#2247 = ORIENTED_EDGE('',*,*,#2248,.F.);
#2248 = EDGE_CURVE('',#2249,#601,#2251,.T.);
#2249 = VERTEX_POINT('',#2250);
#2250 = CARTESIAN_POINT('',(-18.60218519896,12.155603885592,5.8));
#2251 = CIRCLE('',#2252,0.6);
#2252 = AXIS2_PLACEMENT_3D('',#2253,#2254,#2255);
#2253 = CARTESIAN_POINT('',(-18.24951404759,12.641014082217,5.8));
#2254 = DIRECTION('',(0.,0.,-1.));
#2255 = DIRECTION('',(-0.985863942211,-0.167547866139,-0.));
#2256 = ORIENTED_EDGE('',*,*,#2257,.F.);
#2257 = EDGE_CURVE('',#2258,#2249,#2260,.T.);
#2258 = VERTEX_POINT('',#2259);
#2259 = CARTESIAN_POINT('',(-17.78327156322,11.560628302463,5.8));
#2260 = LINE('',#2261,#2262);
#2261 = CARTESIAN_POINT('',(-18.49263285171,12.076009446269,5.8));
#2262 = VECTOR('',#2263,1.);
#2263 = DIRECTION('',(-0.809016994375,0.587785252292,0.));
#2264 = ORIENTED_EDGE('',*,*,#2265,.F.);
#2265 = EDGE_CURVE('',#2266,#2258,#2268,.T.);
#2266 = VERTEX_POINT('',#2267);
#2267 = CARTESIAN_POINT('',(-18.31227829028,10.832513007526,5.8));
#2268 = LINE('',#2269,#2270);
#2269 = CARTESIAN_POINT('',(-17.37182188661,12.126940198538,5.8));
#2270 = VECTOR('',#2271,1.);
#2271 = DIRECTION('',(0.587785252292,0.809016994375,0.));
#2272 = ORIENTED_EDGE('',*,*,#2273,.F.);
#2273 = EDGE_CURVE('',#2221,#2266,#2274,.T.);
#2274 = LINE('',#2275,#2276);
#2275 = CARTESIAN_POINT('',(-18.37295456486,10.876596901448,5.8));
#2276 = VECTOR('',#2277,1.);
#2277 = DIRECTION('',(0.809016994375,-0.587785252292,0.));
#2278 = PLANE('',#2279);
#2279 = AXIS2_PLACEMENT_3D('',#2280,#2281,#2282);
#2280 = CARTESIAN_POINT('',(-17.50076543315,12.715050359833,5.8));
#2281 = DIRECTION('',(0.,0.,-1.));
#2282 = DIRECTION('',(-1.,0.,0.));
#2283 = ADVANCED_FACE('',(#2284),#2330,.T.);
#2284 = FACE_BOUND('',#2285,.T.);
#2285 = EDGE_LOOP('',(#2286,#2295,#2296,#2297));
#2286 = ORIENTED_EDGE('',*,*,#2287,.F.);
#2287 = EDGE_CURVE('',#2249,#2288,#2290,.T.);
#2288 = VERTEX_POINT('',#2289);
#2289 = CARTESIAN_POINT('',(-18.42584962327,12.398308983904,6.1));
#2290 = CIRCLE('',#2291,0.3);
#2291 = AXIS2_PLACEMENT_3D('',#2292,#2293,#2294);
#2292 = CARTESIAN_POINT('',(-18.60218519896,12.155603885592,6.1));
#2293 = DIRECTION('',(0.809016994375,-0.587785252292,0.));
#2294 = DIRECTION('',(0.,0.,-1.));
#2295 = ORIENTED_EDGE('',*,*,#2248,.T.);
#2296 = ORIENTED_EDGE('',*,*,#609,.F.);
#2297 = ORIENTED_EDGE('',*,*,#2298,.T.);
#2298 = EDGE_CURVE('',#610,#2288,#2299,.T.);
#2299 = B_SPLINE_CURVE_WITH_KNOTS('',8,(#2300,#2301,#2302,#2303,#2304,
    #2305,#2306,#2307,#2308,#2309,#2310,#2311,#2312,#2313,#2314,#2315,
    #2316,#2317,#2318,#2319,#2320,#2321,#2322,#2323,#2324,#2325,#2326,
    #2327,#2328,#2329),.UNSPECIFIED.,.F.,.F.,(9,7,7,7,9),(0.,
    0.102448663371,0.376648007848,0.789268185063,1.),.UNSPECIFIED.);
#2300 = CARTESIAN_POINT('',(-18.77972803406,12.655416699083,
    5.808182983052));
#2301 = CARTESIAN_POINT('',(-18.77404120888,12.651284978737,
    5.809565391049));
#2302 = CARTESIAN_POINT('',(-18.76837025773,12.647164791555,
    5.81107492037));
#2303 = CARTESIAN_POINT('',(-18.76271776053,12.643058011949,
    5.81270906122));
#2304 = CARTESIAN_POINT('',(-18.7570861706,12.638966422366,
    5.814465166778));
#2305 = CARTESIAN_POINT('',(-18.7514778147,12.63489171329,5.816340453201
    ));
#2306 = CARTESIAN_POINT('',(-18.74589489299,12.630835483237,
    5.818331999621));
#2307 = CARTESIAN_POINT('',(-18.74033947906,12.626799238758,
    5.820436748147));
#2308 = CARTESIAN_POINT('',(-18.7200235332,12.612038840095,
    5.828579200195));
#2309 = CARTESIAN_POINT('',(-18.7054434303,12.601445775274,
    5.835295508432));
#2310 = CARTESIAN_POINT('',(-18.69111203516,12.59103340722,
    5.842739066055));
#2311 = CARTESIAN_POINT('',(-18.67705881941,12.580823148324,
    5.85084366016));
#2312 = CARTESIAN_POINT('',(-18.66330454492,12.570830082963,
    5.859540599181));
#2313 = CARTESIAN_POINT('',(-18.64986190633,12.561063434344,
    5.868761084604));
#2314 = CARTESIAN_POINT('',(-18.63673617365,12.551527031337,
    5.878438582683));
#2315 = CARTESIAN_POINT('',(-18.60464860299,12.528214046635,
    5.903668648725));
#2316 = CARTESIAN_POINT('',(-18.58608483088,12.514726676712,
    5.919721455544));
#2317 = CARTESIAN_POINT('',(-18.56822707523,12.50175225778,5.93645957175
    ));
#2318 = CARTESIAN_POINT('',(-18.55102858839,12.489256825673,
    5.953701693529));
#2319 = CARTESIAN_POINT('',(-18.5344179124,12.477188463147,
    5.971302702145));
#2320 = CARTESIAN_POINT('',(-18.51830935096,12.465484908193,
    5.989154725327));
#2321 = CARTESIAN_POINT('',(-18.50260931909,12.454078167349,6.007181816)
  );
#2322 = CARTESIAN_POINT('',(-18.4793582657,12.437185288245,
    6.034595925619));
#2323 = CARTESIAN_POINT('',(-18.47157870815,12.431533108832,
    6.043894636211));
#2324 = CARTESIAN_POINT('',(-18.46386683431,12.425930104517,
    6.053217246983));
#2325 = CARTESIAN_POINT('',(-18.45620876648,12.42036619256,
    6.062556979684));
#2326 = CARTESIAN_POINT('',(-18.44859218898,12.414832425084,
    6.071910123766));
#2327 = CARTESIAN_POINT('',(-18.44100196186,12.409317802289,
    6.081270173813));
#2328 = CARTESIAN_POINT('',(-18.43342613034,12.403813638505,
    6.090635179638));
#2329 = CARTESIAN_POINT('',(-18.42584975594,12.398309080288,
    6.099999762061));
#2330 = TOROIDAL_SURFACE('',#2331,0.6,0.3);
#2331 = AXIS2_PLACEMENT_3D('',#2332,#2333,#2334);
#2332 = CARTESIAN_POINT('',(-18.24951404759,12.641014082217,6.1));
#2333 = DIRECTION('',(0.,0.,-1.));
#2334 = DIRECTION('',(-1.,0.,0.));
#2335 = ADVANCED_FACE('',(#2336),#2387,.T.);
#2336 = FACE_BOUND('',#2337,.T.);
#2337 = EDGE_LOOP('',(#2338,#2339,#2340,#2348,#2356,#2364,#2372,#2380,
    #2386));
#2338 = ORIENTED_EDGE('',*,*,#624,.T.);
#2339 = ORIENTED_EDGE('',*,*,#1322,.T.);
#2340 = ORIENTED_EDGE('',*,*,#2341,.T.);
#2341 = EDGE_CURVE('',#1315,#2342,#2344,.T.);
#2342 = VERTEX_POINT('',#2343);
#2343 = CARTESIAN_POINT('',(-18.67311057527,12.577954581081,19.65));
#2344 = LINE('',#2345,#2346);
#2345 = CARTESIAN_POINT('',(-18.67311057528,12.577954581055,1.8));
#2346 = VECTOR('',#2347,1.);
#2347 = DIRECTION('',(0.,0.,1.));
#2348 = ORIENTED_EDGE('',*,*,#2349,.F.);
#2349 = EDGE_CURVE('',#2350,#2342,#2352,.T.);
#2350 = VERTEX_POINT('',#2351);
#2351 = CARTESIAN_POINT('',(-17.60693598751,11.803333400801,19.65));
#2352 = LINE('',#2353,#2354);
#2353 = CARTESIAN_POINT('',(-17.60693598751,11.803333400801,19.65));
#2354 = VECTOR('',#2355,1.);
#2355 = DIRECTION('',(-0.809016994375,0.587785252292,0.));
#2356 = ORIENTED_EDGE('',*,*,#2357,.F.);
#2357 = EDGE_CURVE('',#2358,#2350,#2360,.T.);
#2358 = VERTEX_POINT('',#2359);
#2359 = CARTESIAN_POINT('',(-17.60693598753,11.803333400776,
    10.022369592358));
#2360 = LINE('',#2361,#2362);
#2361 = CARTESIAN_POINT('',(-17.60693598753,11.803333400776,20.25));
#2362 = VECTOR('',#2363,1.);
#2363 = DIRECTION('',(0.,0.,1.));
#2364 = ORIENTED_EDGE('',*,*,#2365,.F.);
#2365 = EDGE_CURVE('',#2366,#2358,#2368,.T.);
#2366 = VERTEX_POINT('',#2367);
#2367 = CARTESIAN_POINT('',(-17.60693598753,11.803333400776,
    9.432693368431));
#2368 = LINE('',#2369,#2370);
#2369 = CARTESIAN_POINT('',(-17.60693598753,11.803333400776,1.8));
#2370 = VECTOR('',#2371,1.);
#2371 = DIRECTION('',(0.,0.,1.));
#2372 = ORIENTED_EDGE('',*,*,#2373,.F.);
#2373 = EDGE_CURVE('',#2374,#2366,#2376,.T.);
#2374 = VERTEX_POINT('',#2375);
#2375 = CARTESIAN_POINT('',(-17.60693598753,11.803333400776,6.1));
#2376 = LINE('',#2377,#2378);
#2377 = CARTESIAN_POINT('',(-17.60693598753,11.803333400776,20.25));
#2378 = VECTOR('',#2379,1.);
#2379 = DIRECTION('',(0.,0.,1.));
#2380 = ORIENTED_EDGE('',*,*,#2381,.F.);
#2381 = EDGE_CURVE('',#2288,#2374,#2382,.T.);
#2382 = LINE('',#2383,#2384);
#2383 = CARTESIAN_POINT('',(-18.31629727602,12.318714544581,6.1));
#2384 = VECTOR('',#2385,1.);
#2385 = DIRECTION('',(0.809016994375,-0.587785252292,0.));
#2386 = ORIENTED_EDGE('',*,*,#2298,.F.);
#2387 = PLANE('',#2388);
#2388 = AXIS2_PLACEMENT_3D('',#2389,#2390,#2391);
#2389 = CARTESIAN_POINT('',(-18.25285725107,12.27262266848,
    11.185839325638));
#2390 = DIRECTION('',(0.587785252292,0.809016994375,0.));
#2391 = DIRECTION('',(0.809016994375,-0.587785252292,0.));
#2392 = ADVANCED_FACE('',(#2393),#2454,.T.);
#2393 = FACE_BOUND('',#2394,.T.);
#2394 = EDGE_LOOP('',(#2395,#2403,#2404,#2405,#2432,#2440,#2448));
#2395 = ORIENTED_EDGE('',*,*,#2396,.F.);
#2396 = EDGE_CURVE('',#1330,#2397,#2399,.T.);
#2397 = VERTEX_POINT('',#2398);
#2398 = CARTESIAN_POINT('',(-18.67311057527,-12.57795458108,19.65));
#2399 = LINE('',#2400,#2401);
#2400 = CARTESIAN_POINT('',(-18.67311057528,-12.57795458105,1.8));
#2401 = VECTOR('',#2402,1.);
#2402 = DIRECTION('',(0.,0.,1.));
#2403 = ORIENTED_EDGE('',*,*,#1329,.T.);
#2404 = ORIENTED_EDGE('',*,*,#641,.F.);
#2405 = ORIENTED_EDGE('',*,*,#2406,.T.);
#2406 = EDGE_CURVE('',#642,#2407,#2409,.T.);
#2407 = VERTEX_POINT('',#2408);
#2408 = CARTESIAN_POINT('',(-18.42584962327,-12.3983089839,6.1));
#2409 = B_SPLINE_CURVE_WITH_KNOTS('',6,(#2410,#2411,#2412,#2413,#2414,
    #2415,#2416,#2417,#2418,#2419,#2420,#2421,#2422,#2423,#2424,#2425,
    #2426,#2427,#2428,#2429,#2430,#2431),.UNSPECIFIED.,.F.,.F.,(7,5,5,5,
    7),(0.,0.102448660571,0.376647997551,0.789268163484,1.),
  .UNSPECIFIED.);
#2410 = CARTESIAN_POINT('',(-18.77972803406,-12.65541669908,
    5.808182983052));
#2411 = CARTESIAN_POINT('',(-18.77214560048,-12.64990773862,
    5.810026193715));
#2412 = CARTESIAN_POINT('',(-18.76459279844,-12.64442030673,
    5.812106697516));
#2413 = CARTESIAN_POINT('',(-18.75707685167,-12.63895965177,
    5.814417467027));
#2414 = CARTESIAN_POINT('',(-18.74960439323,-12.63353059292,
    5.816950835375));
#2415 = CARTESIAN_POINT('',(-18.74218146544,-12.62813752019,
    5.819698496241));
#2416 = CARTESIAN_POINT('',(-18.71509353762,-12.60845698864,
    5.830555098972));
#2417 = CARTESIAN_POINT('',(-18.69576533846,-12.59441422996,
    5.839930769638));
#2418 = CARTESIAN_POINT('',(-18.67693762947,-12.58073509867,
    5.850606700804));
#2419 = CARTESIAN_POINT('',(-18.65867547355,-12.56746686574,
    5.862388442298));
#2420 = CARTESIAN_POINT('',(-18.64100628662,-12.55462945,5.875081044858)
  );
#2421 = CARTESIAN_POINT('',(-18.59822285908,-12.5235454704,
    5.908721132914));
#2422 = CARTESIAN_POINT('',(-18.57385167473,-12.50583876851,
    5.930602397606));
#2423 = CARTESIAN_POINT('',(-18.55079144084,-12.48908452788,
    5.953566864617));
#2424 = CARTESIAN_POINT('',(-18.52883789553,-12.47313434358,
    5.977160533217));
#2425 = CARTESIAN_POINT('',(-18.5077395686,-12.4578055118,6.00113300521)
  );
#2426 = CARTESIAN_POINT('',(-18.47673816273,-12.435281672,6.037685152971
    ));
#2427 = CARTESIAN_POINT('',(-18.46640851038,-12.42777674027,
    6.050100024605));
#2428 = CARTESIAN_POINT('',(-18.45619267492,-12.42035450135,
    6.062552415737));
#2429 = CARTESIAN_POINT('',(-18.4460528474,-12.41298748543,
    6.075027318973));
#2430 = CARTESIAN_POINT('',(-18.43595147259,-12.40564840704,
    6.087513526061));
#2431 = CARTESIAN_POINT('',(-18.42584975931,-12.39830908274,
    6.099999788807));
#2432 = ORIENTED_EDGE('',*,*,#2433,.F.);
#2433 = EDGE_CURVE('',#2434,#2407,#2436,.T.);
#2434 = VERTEX_POINT('',#2435);
#2435 = CARTESIAN_POINT('',(-17.60693598753,-11.80333340077,6.1));
#2436 = LINE('',#2437,#2438);
#2437 = CARTESIAN_POINT('',(-17.66761226211,-11.84741729469,6.1));
#2438 = VECTOR('',#2439,1.);
#2439 = DIRECTION('',(-0.809016994375,-0.587785252292,0.));
#2440 = ORIENTED_EDGE('',*,*,#2441,.F.);
#2441 = EDGE_CURVE('',#2442,#2434,#2444,.T.);
#2442 = VERTEX_POINT('',#2443);
#2443 = CARTESIAN_POINT('',(-17.60693598751,-11.8033334008,19.65));
#2444 = LINE('',#2445,#2446);
#2445 = CARTESIAN_POINT('',(-17.60693598753,-11.80333340077,20.25));
#2446 = VECTOR('',#2447,1.);
#2447 = DIRECTION('',(0.,0.,-1.));
#2448 = ORIENTED_EDGE('',*,*,#2449,.F.);
#2449 = EDGE_CURVE('',#2397,#2442,#2450,.T.);
#2450 = LINE('',#2451,#2452);
#2451 = CARTESIAN_POINT('',(-18.67311057527,-12.57795458108,19.65));
#2452 = VECTOR('',#2453,1.);
#2453 = DIRECTION('',(0.809016994375,0.587785252292,0.));
#2454 = PLANE('',#2455);
#2455 = AXIS2_PLACEMENT_3D('',#2456,#2457,#2458);
#2456 = CARTESIAN_POINT('',(-18.25285734213,-12.27262273463,
    11.185840352308));
#2457 = DIRECTION('',(0.587785252292,-0.809016994375,0.));
#2458 = DIRECTION('',(-0.809016994375,-0.587785252292,0.));
#2459 = ADVANCED_FACE('',(#2460),#2480,.T.);
#2460 = FACE_BOUND('',#2461,.T.);
#2461 = EDGE_LOOP('',(#2462,#2463,#2472,#2479));
#2462 = ORIENTED_EDGE('',*,*,#649,.F.);
#2463 = ORIENTED_EDGE('',*,*,#2464,.T.);
#2464 = EDGE_CURVE('',#650,#2465,#2467,.T.);
#2465 = VERTEX_POINT('',#2466);
#2466 = CARTESIAN_POINT('',(-18.60218519896,-12.15560388559,5.8));
#2467 = CIRCLE('',#2468,0.6);
#2468 = AXIS2_PLACEMENT_3D('',#2469,#2470,#2471);
#2469 = CARTESIAN_POINT('',(-18.24951404759,-12.64101408221,5.8));
#2470 = DIRECTION('',(0.,0.,-1.));
#2471 = DIRECTION('',(-0.985863942211,0.167547866139,0.));
#2472 = ORIENTED_EDGE('',*,*,#2473,.T.);
#2473 = EDGE_CURVE('',#2465,#2407,#2474,.T.);
#2474 = CIRCLE('',#2475,0.3);
#2475 = AXIS2_PLACEMENT_3D('',#2476,#2477,#2478);
#2476 = CARTESIAN_POINT('',(-18.60218519896,-12.15560388559,6.1));
#2477 = DIRECTION('',(-0.809016994375,-0.587785252292,-0.));
#2478 = DIRECTION('',(0.,0.,-1.));
#2479 = ORIENTED_EDGE('',*,*,#2406,.F.);
#2480 = TOROIDAL_SURFACE('',#2481,0.6,0.3);
#2481 = AXIS2_PLACEMENT_3D('',#2482,#2483,#2484);
#2482 = CARTESIAN_POINT('',(-18.24951404759,-12.64101408221,6.1));
#2483 = DIRECTION('',(0.,0.,-1.));
#2484 = DIRECTION('',(-1.,0.,0.));
#2485 = ADVANCED_FACE('',(#2486),#2521,.T.);
#2486 = FACE_BOUND('',#2487,.T.);
#2487 = EDGE_LOOP('',(#2488,#2497,#2505,#2513,#2519,#2520));
#2488 = ORIENTED_EDGE('',*,*,#2489,.F.);
#2489 = EDGE_CURVE('',#2490,#665,#2492,.T.);
#2490 = VERTEX_POINT('',#2491);
#2491 = CARTESIAN_POINT('',(-19.01214781957,-11.3409979846,5.8));
#2492 = CIRCLE('',#2493,0.6);
#2493 = AXIS2_PLACEMENT_3D('',#2494,#2495,#2496);
#2494 = CARTESIAN_POINT('',(-19.36481897094,-10.85558778797,5.8));
#2495 = DIRECTION('',(0.,0.,-1.));
#2496 = DIRECTION('',(-0.214102463007,-0.976811207621,-0.));
#2497 = ORIENTED_EDGE('',*,*,#2498,.F.);
#2498 = EDGE_CURVE('',#2499,#2490,#2501,.T.);
#2499 = VERTEX_POINT('',#2500);
#2500 = CARTESIAN_POINT('',(-18.31227829028,-10.83251300752,5.8));
#2501 = LINE('',#2502,#2503);
#2502 = CARTESIAN_POINT('',(-18.97971731064,-11.31743584066,5.8));
#2503 = VECTOR('',#2504,1.);
#2504 = DIRECTION('',(-0.809016994375,-0.587785252292,0.));
#2505 = ORIENTED_EDGE('',*,*,#2506,.F.);
#2506 = EDGE_CURVE('',#2507,#2499,#2509,.T.);
#2507 = VERTEX_POINT('',#2508);
#2508 = CARTESIAN_POINT('',(-17.78327156322,-11.56062830246,5.8));
#2509 = LINE('',#2510,#2511);
#2510 = CARTESIAN_POINT('',(-16.90159368475,-12.77415379406,5.8));
#2511 = VECTOR('',#2512,1.);
#2512 = DIRECTION('',(-0.587785252292,0.809016994375,0.));
#2513 = ORIENTED_EDGE('',*,*,#2514,.F.);
#2514 = EDGE_CURVE('',#2465,#2507,#2515,.T.);
#2515 = LINE('',#2516,#2517);
#2516 = CARTESIAN_POINT('',(-17.8439478378,-11.60471219638,5.8));
#2517 = VECTOR('',#2518,1.);
#2518 = DIRECTION('',(0.809016994375,0.587785252292,0.));
#2519 = ORIENTED_EDGE('',*,*,#2464,.F.);
#2520 = ORIENTED_EDGE('',*,*,#664,.F.);
#2521 = PLANE('',#2522);
#2522 = AXIS2_PLACEMENT_3D('',#2523,#2524,#2525);
#2523 = CARTESIAN_POINT('',(-17.50076543315,-12.71505035983,5.8));
#2524 = DIRECTION('',(0.,0.,-1.));
#2525 = DIRECTION('',(-1.,0.,0.));
#2526 = ADVANCED_FACE('',(#2527),#2547,.T.);
#2527 = FACE_BOUND('',#2528,.T.);
#2528 = EDGE_LOOP('',(#2529,#2530,#2539,#2546));
#2529 = ORIENTED_EDGE('',*,*,#673,.F.);
#2530 = ORIENTED_EDGE('',*,*,#2531,.T.);
#2531 = EDGE_CURVE('',#674,#2532,#2534,.T.);
#2532 = VERTEX_POINT('',#2533);
#2533 = CARTESIAN_POINT('',(-19.18848339525,-11.09829288629,6.1));
#2534 = CIRCLE('',#2535,0.3);
#2535 = AXIS2_PLACEMENT_3D('',#2536,#2537,#2538);
#2536 = CARTESIAN_POINT('',(-19.36481897094,-10.85558778797,6.1));
#2537 = DIRECTION('',(0.,0.,1.));
#2538 = DIRECTION('',(-0.214102463007,-0.976811207621,0.));
#2539 = ORIENTED_EDGE('',*,*,#2540,.F.);
#2540 = EDGE_CURVE('',#2490,#2532,#2541,.T.);
#2541 = CIRCLE('',#2542,0.3);
#2542 = AXIS2_PLACEMENT_3D('',#2543,#2544,#2545);
#2543 = CARTESIAN_POINT('',(-19.01214781957,-11.3409979846,6.1));
#2544 = DIRECTION('',(0.809016994375,0.587785252292,0.));
#2545 = DIRECTION('',(0.,0.,-1.));
#2546 = ORIENTED_EDGE('',*,*,#2489,.T.);
#2547 = TOROIDAL_SURFACE('',#2548,0.6,0.3);
#2548 = AXIS2_PLACEMENT_3D('',#2549,#2550,#2551);
#2549 = CARTESIAN_POINT('',(-19.36481897094,-10.85558778797,6.1));
#2550 = DIRECTION('',(0.,0.,-1.));
#2551 = DIRECTION('',(-1.,0.,0.));
#2552 = ADVANCED_FACE('',(#2553),#2572,.F.);
#2553 = FACE_BOUND('',#2554,.F.);
#2554 = EDGE_LOOP('',(#2555,#2563,#2570,#2571));
#2555 = ORIENTED_EDGE('',*,*,#2556,.F.);
#2556 = EDGE_CURVE('',#2557,#2532,#2559,.T.);
#2557 = VERTEX_POINT('',#2558);
#2558 = CARTESIAN_POINT('',(-19.18848339525,-11.09829288629,21.45));
#2559 = LINE('',#2560,#2561);
#2560 = CARTESIAN_POINT('',(-19.18848339525,-11.09829288629,18.75));
#2561 = VECTOR('',#2562,1.);
#2562 = DIRECTION('',(0.,0.,-1.));
#2563 = ORIENTED_EDGE('',*,*,#2564,.F.);
#2564 = EDGE_CURVE('',#689,#2557,#2565,.T.);
#2565 = CIRCLE('',#2566,0.3);
#2566 = AXIS2_PLACEMENT_3D('',#2567,#2568,#2569);
#2567 = CARTESIAN_POINT('',(-19.36481897094,-10.85558778797,21.45));
#2568 = DIRECTION('',(0.,0.,1.));
#2569 = DIRECTION('',(-0.872289142835,-0.4889904409,0.));
#2570 = ORIENTED_EDGE('',*,*,#688,.F.);
#2571 = ORIENTED_EDGE('',*,*,#2531,.T.);
#2572 = CYLINDRICAL_SURFACE('',#2573,0.3);
#2573 = AXIS2_PLACEMENT_3D('',#2574,#2575,#2576);
#2574 = CARTESIAN_POINT('',(-19.36481897094,-10.85558778797,18.75));
#2575 = DIRECTION('',(0.,0.,-1.));
#2576 = DIRECTION('',(-0.214102463007,-0.976811207621,-0.));
#2577 = ADVANCED_FACE('',(#2578),#2599,.T.);
#2578 = FACE_BOUND('',#2579,.T.);
#2579 = EDGE_LOOP('',(#2580,#2590,#2591,#2592));
#2580 = ORIENTED_EDGE('',*,*,#2581,.T.);
#2581 = EDGE_CURVE('',#2582,#2557,#2584,.T.);
#2582 = VERTEX_POINT('',#2583);
#2583 = CARTESIAN_POINT('',(-19.06271487605,-11.37773710165,21.75));
#2584 = B_SPLINE_CURVE_WITH_KNOTS('',3,(#2585,#2586,#2587,#2588,#2589),
  .UNSPECIFIED.,.F.,.F.,(4,1,4),(0.,4.724538026267E-02,
    9.449076052534E-02),.QUASI_UNIFORM_KNOTS.);
#2585 = CARTESIAN_POINT('',(-19.06271487605,-11.37773710165,21.75));
#2586 = CARTESIAN_POINT('',(-19.09733205959,-11.3059529058,21.75));
#2587 = CARTESIAN_POINT('',(-19.16289556522,-11.16073322818,
    21.685245259268));
#2588 = CARTESIAN_POINT('',(-19.18848339525,-11.09829288629,
    21.528742300438));
#2589 = CARTESIAN_POINT('',(-19.18848339525,-11.09829288629,21.45));
#2590 = ORIENTED_EDGE('',*,*,#2564,.F.);
#2591 = ORIENTED_EDGE('',*,*,#696,.T.);
#2592 = ORIENTED_EDGE('',*,*,#2593,.F.);
#2593 = EDGE_CURVE('',#2582,#697,#2594,.T.);
#2594 = CIRCLE('',#2595,0.3);
#2595 = AXIS2_PLACEMENT_3D('',#2596,#2597,#2598);
#2596 = CARTESIAN_POINT('',(-19.06271487605,-11.37773710165,22.05));
#2597 = DIRECTION('',(-0.512510680255,0.858680850273,0.));
#2598 = DIRECTION('',(0.,0.,-1.));
#2599 = B_SPLINE_SURFACE_WITH_KNOTS('',3,3,(
    (#2600,#2601,#2602,#2603,#2604)
    ,(#2605,#2606,#2607,#2608,#2609)
    ,(#2610,#2611,#2612,#2613,#2614)
    ,(#2615,#2616,#2617,#2618,#2619)
    ,(#2620,#2621,#2622,#2623,#2624
  )),.UNSPECIFIED.,.F.,.F.,.F.,(4,1,4),(4,1,4),(0.,0.5,1.),(0.,
    4.724538026267E-02,9.449076052534E-02),.QUASI_UNIFORM_KNOTS.);
#2600 = CARTESIAN_POINT('',(-19.32031913113,-11.53149030573,22.05));
#2601 = CARTESIAN_POINT('',(-19.40212238105,-11.39443387567,22.05));
#2602 = CARTESIAN_POINT('',(-19.5615188676,-11.11932121667,
    21.920490518535));
#2603 = CARTESIAN_POINT('',(-19.62650571379,-11.00228492024,
    21.607484600876));
#2604 = CARTESIAN_POINT('',(-19.62650571379,-11.00228492024,21.45));
#2605 = CARTESIAN_POINT('',(-19.32031913113,-11.53149030573,
    21.97146018366));
#2606 = CARTESIAN_POINT('',(-19.39165882,-11.4120398494,21.970271111644)
  );
#2607 = CARTESIAN_POINT('',(-19.52987822611,-11.17450990526,
    21.85445614382));
#2608 = CARTESIAN_POINT('',(-19.58523045003,-11.07591409872,
    21.585119595298));
#2609 = CARTESIAN_POINT('',(-19.58523045003,-11.07591409872,21.45));
#2610 = CARTESIAN_POINT('',(-19.26445979704,-11.49815020585,
    21.81505249776));
#2611 = CARTESIAN_POINT('',(-19.31293884958,-11.41289461034,
    21.811592251694));
#2612 = CARTESIAN_POINT('',(-19.40384190287,-11.24826737354,
    21.723531769609));
#2613 = CARTESIAN_POINT('',(-19.4370800317,-11.18526832051,
    21.540919311286));
#2614 = CARTESIAN_POINT('',(-19.4370800317,-11.18526832051,21.45));
#2615 = CARTESIAN_POINT('',(-19.13015551232,-11.41798959635,21.75));
#2616 = CARTESIAN_POINT('',(-19.16598284425,-11.34646896549,
    21.748108572458));
#2617 = CARTESIAN_POINT('',(-19.23254300374,-11.20511762349,
    21.678141108241));
#2618 = CARTESIAN_POINT('',(-19.25677182594,-11.14790733535,
    21.52590108258));
#2619 = CARTESIAN_POINT('',(-19.25677182594,-11.14790733535,21.45));
#2620 = CARTESIAN_POINT('',(-19.06271487605,-11.37773710165,21.75));
#2621 = CARTESIAN_POINT('',(-19.09733205959,-11.3059529058,21.75));
#2622 = CARTESIAN_POINT('',(-19.16289556522,-11.16073322818,
    21.685245259268));
#2623 = CARTESIAN_POINT('',(-19.18848339525,-11.09829288629,
    21.528742300438));
#2624 = CARTESIAN_POINT('',(-19.18848339525,-11.09829288629,21.45));
#2625 = ADVANCED_FACE('',(#2626),#2646,.F.);
#2626 = FACE_BOUND('',#2627,.F.);
#2627 = EDGE_LOOP('',(#2628,#2637,#2644,#2645));
#2628 = ORIENTED_EDGE('',*,*,#2629,.F.);
#2629 = EDGE_CURVE('',#2630,#2582,#2632,.T.);
#2630 = VERTEX_POINT('',#2631);
#2631 = CARTESIAN_POINT('',(-16.71157386684,-14.6138050792,21.75));
#2632 = CIRCLE('',#2633,22.2);
#2633 = AXIS2_PLACEMENT_3D('',#2634,#2635,#2636);
#2634 = CARTESIAN_POINT('',(4.440892098501E-15,-4.815648849472E-16,21.75
    ));
#2635 = DIRECTION('',(0.,0.,-1.));
#2636 = DIRECTION('',(-0.809016994375,-0.587785252292,-0.));
#2637 = ORIENTED_EDGE('',*,*,#2638,.F.);
#2638 = EDGE_CURVE('',#707,#2630,#2639,.T.);
#2639 = CIRCLE('',#2640,0.3);
#2640 = AXIS2_PLACEMENT_3D('',#2641,#2642,#2643);
#2641 = CARTESIAN_POINT('',(-16.71157386684,-14.6138050792,22.05));
#2642 = DIRECTION('',(0.658279508072,-0.752773597606,0.));
#2643 = DIRECTION('',(-0.752773597606,-0.658279508072,0.));
#2644 = ORIENTED_EDGE('',*,*,#706,.F.);
#2645 = ORIENTED_EDGE('',*,*,#2593,.F.);
#2646 = TOROIDAL_SURFACE('',#2647,22.2,0.3);
#2647 = AXIS2_PLACEMENT_3D('',#2648,#2649,#2650);
#2648 = CARTESIAN_POINT('',(4.440892098501E-15,-4.815648849472E-16,22.05
    ));
#2649 = DIRECTION('',(0.,0.,-1.));
#2650 = DIRECTION('',(-1.,0.,0.));
#2651 = ADVANCED_FACE('',(#2652),#2673,.T.);
#2652 = FACE_BOUND('',#2653,.T.);
#2653 = EDGE_LOOP('',(#2654,#2655,#2664,#2672));
#2654 = ORIENTED_EDGE('',*,*,#715,.T.);
#2655 = ORIENTED_EDGE('',*,*,#2656,.F.);
#2656 = EDGE_CURVE('',#2657,#716,#2659,.T.);
#2657 = VERTEX_POINT('',#2658);
#2658 = CARTESIAN_POINT('',(-16.48467123467,-14.81977106046,21.45));
#2659 = CIRCLE('',#2660,0.3);
#2660 = AXIS2_PLACEMENT_3D('',#2661,#2662,#2663);
#2661 = CARTESIAN_POINT('',(-16.30833565898,-15.06247615877,21.45));
#2662 = DIRECTION('',(0.,0.,1.));
#2663 = DIRECTION('',(-0.587785252292,0.809016994375,0.));
#2664 = ORIENTED_EDGE('',*,*,#2665,.T.);
#2665 = EDGE_CURVE('',#2657,#2630,#2666,.T.);
#2666 = B_SPLINE_CURVE_WITH_KNOTS('',3,(#2667,#2668,#2669,#2670,#2671),
  .UNSPECIFIED.,.F.,.F.,(4,1,4),(0.,4.724538743065E-02,
    9.449077486131E-02),.UNSPECIFIED.);
#2667 = CARTESIAN_POINT('',(-16.48467123467,-14.81977106046,21.45));
#2668 = CARTESIAN_POINT('',(-16.48467123467,-14.81977106046,
    21.528742312384));
#2669 = CARTESIAN_POINT('',(-16.53615298978,-14.77613651094,
    21.685250698332));
#2670 = CARTESIAN_POINT('',(-16.65400032889,-14.66891052199,21.75));
#2671 = CARTESIAN_POINT('',(-16.71157386684,-14.6138050792,21.75));
#2672 = ORIENTED_EDGE('',*,*,#2638,.F.);
#2673 = B_SPLINE_SURFACE_WITH_KNOTS('',3,3,(
    (#2674,#2675,#2676,#2677,#2678)
    ,(#2679,#2680,#2681,#2682,#2683)
    ,(#2684,#2685,#2686,#2687,#2688)
    ,(#2689,#2690,#2691,#2692,#2693)
    ,(#2694,#2695,#2696,#2697,#2698
  )),.UNSPECIFIED.,.F.,.F.,.F.,(4,1,4),(4,1,4),(0.,0.5,1.),(0.,
    4.724538743065E-02,9.449077486131E-02),.UNSPECIFIED.);
#2674 = CARTESIAN_POINT('',(-16.52871857329,-15.26602313389,21.45));
#2675 = CARTESIAN_POINT('',(-16.52871857329,-15.26602313389,
    21.607484624769));
#2676 = CARTESIAN_POINT('',(-16.61995275442,-15.1680419559,
    21.920501396664));
#2677 = CARTESIAN_POINT('',(-16.8323361137,-14.93144122982,22.05));
#2678 = CARTESIAN_POINT('',(-16.93740594612,-14.81128893162,22.05));
#2679 = CARTESIAN_POINT('',(-16.58598932532,-15.2040153579,21.45));
#2680 = CARTESIAN_POINT('',(-16.58598932532,-15.2040153579,
    21.585119615799));
#2681 = CARTESIAN_POINT('',(-16.66266160098,-15.12089693698,
    21.85446564717));
#2682 = CARTESIAN_POINT('',(-16.8458469736,-14.91604924447,
    21.970271111464));
#2683 = CARTESIAN_POINT('',(-16.93740594612,-14.81128893162,
    21.97146018366));
#2684 = CARTESIAN_POINT('',(-16.64420848267,-15.02932381085,21.45));
#2685 = CARTESIAN_POINT('',(-16.64420848267,-15.02932381085,
    21.54091932508));
#2686 = CARTESIAN_POINT('',(-16.69385819882,-14.97823941623,
    21.723539042767));
#2687 = CARTESIAN_POINT('',(-16.82233332394,-14.84091728902,
    21.811593275153));
#2688 = CARTESIAN_POINT('',(-16.88843537252,-14.76846553133,
    21.815053521744));
#2689 = CARTESIAN_POINT('',(-16.55295966535,-14.86938550952,21.45));
#2690 = CARTESIAN_POINT('',(-16.55295966535,-14.86938550952,
    21.525901094095));
#2691 = CARTESIAN_POINT('',(-16.59988698966,-14.82865979673,
    21.678146621986));
#2692 = CARTESIAN_POINT('',(-16.7137476507,-14.72168114726,
    21.748108572171));
#2693 = CARTESIAN_POINT('',(-16.77069656694,-14.66550623086,21.75));
#2694 = CARTESIAN_POINT('',(-16.48467123467,-14.81977106046,21.45));
#2695 = CARTESIAN_POINT('',(-16.48467123467,-14.81977106046,
    21.528742312384));
#2696 = CARTESIAN_POINT('',(-16.53615298978,-14.77613651094,
    21.685250698332));
#2697 = CARTESIAN_POINT('',(-16.65400032889,-14.66891052199,21.75));
#2698 = CARTESIAN_POINT('',(-16.71157386684,-14.6138050792,21.75));
#2699 = ADVANCED_FACE('',(#2700),#2719,.F.);
#2700 = FACE_BOUND('',#2701,.F.);
#2701 = EDGE_LOOP('',(#2702,#2703,#2704,#2712));
#2702 = ORIENTED_EDGE('',*,*,#725,.F.);
#2703 = ORIENTED_EDGE('',*,*,#2656,.F.);
#2704 = ORIENTED_EDGE('',*,*,#2705,.F.);
#2705 = EDGE_CURVE('',#2706,#2657,#2708,.T.);
#2706 = VERTEX_POINT('',#2707);
#2707 = CARTESIAN_POINT('',(-16.48467123467,-14.81977106046,6.1));
#2708 = LINE('',#2709,#2710);
#2709 = CARTESIAN_POINT('',(-16.48467123467,-14.81977106046,18.75));
#2710 = VECTOR('',#2711,1.);
#2711 = DIRECTION('',(0.,0.,1.));
#2712 = ORIENTED_EDGE('',*,*,#2713,.T.);
#2713 = EDGE_CURVE('',#2706,#726,#2714,.T.);
#2714 = CIRCLE('',#2715,0.3);
#2715 = AXIS2_PLACEMENT_3D('',#2716,#2717,#2718);
#2716 = CARTESIAN_POINT('',(-16.30833565898,-15.06247615877,6.1));
#2717 = DIRECTION('',(0.,0.,1.));
#2718 = DIRECTION('',(-0.995163963805,9.822772085291E-02,0.));
#2719 = CYLINDRICAL_SURFACE('',#2720,0.3);
#2720 = AXIS2_PLACEMENT_3D('',#2721,#2722,#2723);
#2721 = CARTESIAN_POINT('',(-16.30833565898,-15.06247615877,18.75));
#2722 = DIRECTION('',(0.,0.,1.));
#2723 = DIRECTION('',(-0.995163963805,9.822772085292E-02,0.));
#2724 = ADVANCED_FACE('',(#2725),#2745,.T.);
#2725 = FACE_BOUND('',#2726,.T.);
#2726 = EDGE_LOOP('',(#2727,#2736,#2737,#2738));
#2727 = ORIENTED_EDGE('',*,*,#2728,.T.);
#2728 = EDGE_CURVE('',#2729,#2706,#2731,.T.);
#2729 = VERTEX_POINT('',#2730);
#2730 = CARTESIAN_POINT('',(-16.66100681036,-14.57706596215,5.8));
#2731 = CIRCLE('',#2732,0.3);
#2732 = AXIS2_PLACEMENT_3D('',#2733,#2734,#2735);
#2733 = CARTESIAN_POINT('',(-16.66100681036,-14.57706596215,6.1));
#2734 = DIRECTION('',(-0.809016994375,-0.587785252292,-0.));
#2735 = DIRECTION('',(0.,0.,-1.));
#2736 = ORIENTED_EDGE('',*,*,#2713,.T.);
#2737 = ORIENTED_EDGE('',*,*,#733,.F.);
#2738 = ORIENTED_EDGE('',*,*,#2739,.T.);
#2739 = EDGE_CURVE('',#734,#2729,#2740,.T.);
#2740 = CIRCLE('',#2741,0.6);
#2741 = AXIS2_PLACEMENT_3D('',#2742,#2743,#2744);
#2742 = CARTESIAN_POINT('',(-16.30833565898,-15.06247615877,5.8));
#2743 = DIRECTION('',(0.,0.,-1.));
#2744 = DIRECTION('',(-0.995163963805,9.822772085291E-02,0.));
#2745 = TOROIDAL_SURFACE('',#2746,0.6,0.3);
#2746 = AXIS2_PLACEMENT_3D('',#2747,#2748,#2749);
#2747 = CARTESIAN_POINT('',(-16.30833565898,-15.06247615877,6.1));
#2748 = DIRECTION('',(0.,0.,-1.));
#2749 = DIRECTION('',(-1.,0.,0.));
#2750 = ADVANCED_FACE('',(#2751),#2786,.T.);
#2751 = FACE_BOUND('',#2752,.T.);
#2752 = EDGE_LOOP('',(#2753,#2754,#2755,#2764,#2772,#2780));
#2753 = ORIENTED_EDGE('',*,*,#2739,.F.);
#2754 = ORIENTED_EDGE('',*,*,#748,.F.);
#2755 = ORIENTED_EDGE('',*,*,#2756,.F.);
#2756 = EDGE_CURVE('',#2757,#749,#2759,.T.);
#2757 = VERTEX_POINT('',#2758);
#2758 = CARTESIAN_POINT('',(-17.30905764388,-13.93544127326,5.8));
#2759 = CIRCLE('',#2760,0.6);
#2760 = AXIS2_PLACEMENT_3D('',#2761,#2762,#2763);
#2761 = CARTESIAN_POINT('',(-17.66172879526,-13.45003107664,5.8));
#2762 = DIRECTION('',(0.,0.,-1.));
#2763 = DIRECTION('',(-0.145301222402,-0.989387464429,-0.));
#2764 = ORIENTED_EDGE('',*,*,#2765,.F.);
#2765 = EDGE_CURVE('',#2766,#2757,#2768,.T.);
#2766 = VERTEX_POINT('',#2767);
#2767 = CARTESIAN_POINT('',(-16.49014400814,-13.34046569013,5.8));
#2768 = LINE('',#2769,#2770);
#2769 = CARTESIAN_POINT('',(-17.19950529663,-13.85584683394,5.8));
#2770 = VECTOR('',#2771,1.);
#2771 = DIRECTION('',(-0.809016994375,-0.587785252292,0.));
#2772 = ORIENTED_EDGE('',*,*,#2773,.F.);
#2773 = EDGE_CURVE('',#2774,#2766,#2776,.T.);
#2774 = VERTEX_POINT('',#2775);
#2775 = CARTESIAN_POINT('',(-15.96113728108,-14.06858098507,5.8));
#2776 = LINE('',#2777,#2778);
#2777 = CARTESIAN_POINT('',(-16.90159368475,-12.77415379406,5.8));
#2778 = VECTOR('',#2779,1.);
#2779 = DIRECTION('',(-0.587785252292,0.809016994375,0.));
#2780 = ORIENTED_EDGE('',*,*,#2781,.F.);
#2781 = EDGE_CURVE('',#2729,#2774,#2782,.T.);
#2782 = LINE('',#2783,#2784);
#2783 = CARTESIAN_POINT('',(-16.02181355566,-14.11266487899,5.8));
#2784 = VECTOR('',#2785,1.);
#2785 = DIRECTION('',(0.809016994375,0.587785252292,0.));
#2786 = PLANE('',#2787);
#2787 = AXIS2_PLACEMENT_3D('',#2788,#2789,#2790);
#2788 = CARTESIAN_POINT('',(-17.50076543315,-12.71505035983,5.8));
#2789 = DIRECTION('',(0.,0.,-1.));
#2790 = DIRECTION('',(-1.,0.,0.));
#2791 = ADVANCED_FACE('',(#2792),#2830,.T.);
#2792 = FACE_BOUND('',#2793,.T.);
#2793 = EDGE_LOOP('',(#2794,#2803,#2804,#2805));
#2794 = ORIENTED_EDGE('',*,*,#2795,.F.);
#2795 = EDGE_CURVE('',#2757,#2796,#2798,.T.);
#2796 = VERTEX_POINT('',#2797);
#2797 = CARTESIAN_POINT('',(-17.48539321957,-13.69273617495,6.1));
#2798 = CIRCLE('',#2799,0.3);
#2799 = AXIS2_PLACEMENT_3D('',#2800,#2801,#2802);
#2800 = CARTESIAN_POINT('',(-17.30905764388,-13.93544127326,6.1));
#2801 = DIRECTION('',(0.809016994375,0.587785252292,0.));
#2802 = DIRECTION('',(0.,0.,-1.));
#2803 = ORIENTED_EDGE('',*,*,#2756,.T.);
#2804 = ORIENTED_EDGE('',*,*,#757,.F.);
#2805 = ORIENTED_EDGE('',*,*,#2806,.T.);
#2806 = EDGE_CURVE('',#758,#2796,#2807,.T.);
#2807 = B_SPLINE_CURVE_WITH_KNOTS('',6,(#2808,#2809,#2810,#2811,#2812,
    #2813,#2814,#2815,#2816,#2817,#2818,#2819,#2820,#2821,#2822,#2823,
    #2824,#2825,#2826,#2827,#2828,#2829),.UNSPECIFIED.,.F.,.F.,(7,5,5,5,
    7),(0.,0.102448659005,0.376647991796,0.789268151426,1.),
  .UNSPECIFIED.);
#2808 = CARTESIAN_POINT('',(-17.83927163035,-13.94984389013,
    5.808182983052));
#2809 = CARTESIAN_POINT('',(-17.83168919678,-13.94433492967,
    5.810026193715));
#2810 = CARTESIAN_POINT('',(-17.82413639473,-13.93884749778,
    5.812106697516));
#2811 = CARTESIAN_POINT('',(-17.81662044797,-13.93338684282,
    5.814417467027));
#2812 = CARTESIAN_POINT('',(-17.80914798952,-13.92795778397,
    5.816950835375));
#2813 = CARTESIAN_POINT('',(-17.80172506173,-13.92256471124,
    5.819698496241));
#2814 = CARTESIAN_POINT('',(-17.77463713392,-13.90288417969,
    5.830555098972));
#2815 = CARTESIAN_POINT('',(-17.75530893475,-13.88884142101,
    5.839930769638));
#2816 = CARTESIAN_POINT('',(-17.73648122576,-13.87516228972,
    5.850606700804));
#2817 = CARTESIAN_POINT('',(-17.71821906984,-13.86189405679,
    5.862388442298));
#2818 = CARTESIAN_POINT('',(-17.70054988291,-13.84905664105,
    5.875081044858));
#2819 = CARTESIAN_POINT('',(-17.65776645537,-13.81797266145,
    5.908721132914));
#2820 = CARTESIAN_POINT('',(-17.63339527102,-13.80026595956,
    5.930602397606));
#2821 = CARTESIAN_POINT('',(-17.61033503713,-13.78351171894,
    5.953566864617));
#2822 = CARTESIAN_POINT('',(-17.58838149183,-13.76756153463,
    5.977160533217));
#2823 = CARTESIAN_POINT('',(-17.5672831649,-13.75223270285,
    6.001133005209));
#2824 = CARTESIAN_POINT('',(-17.53628175827,-13.7297088625,
    6.037685153867));
#2825 = CARTESIAN_POINT('',(-17.5259521262,-13.72220394551,
    6.050100044422));
#2826 = CARTESIAN_POINT('',(-17.51573621151,-13.71478164902,
    6.062552372909));
#2827 = CARTESIAN_POINT('',(-17.50559650296,-13.70741471954,
    6.075027377472));
#2828 = CARTESIAN_POINT('',(-17.49549503022,-13.70007557,6.087513499995)
  );
#2829 = CARTESIAN_POINT('',(-17.48539335698,-13.69273627479,
    6.099999804569));
#2830 = TOROIDAL_SURFACE('',#2831,0.6,0.3);
#2831 = AXIS2_PLACEMENT_3D('',#2832,#2833,#2834);
#2832 = CARTESIAN_POINT('',(-17.66172879526,-13.45003107664,6.1));
#2833 = DIRECTION('',(0.,0.,-1.));
#2834 = DIRECTION('',(-1.,0.,0.));
#2835 = ADVANCED_FACE('',(#2836),#2887,.T.);
#2836 = FACE_BOUND('',#2837,.T.);
#2837 = EDGE_LOOP('',(#2838,#2839,#2840,#2848,#2856,#2864,#2872,#2880,
    #2886));
#2838 = ORIENTED_EDGE('',*,*,#772,.T.);
#2839 = ORIENTED_EDGE('',*,*,#1353,.T.);
#2840 = ORIENTED_EDGE('',*,*,#2841,.T.);
#2841 = EDGE_CURVE('',#1346,#2842,#2844,.T.);
#2842 = VERTEX_POINT('',#2843);
#2843 = CARTESIAN_POINT('',(-17.7326541716,-13.87238177208,19.65));
#2844 = LINE('',#2845,#2846);
#2845 = CARTESIAN_POINT('',(-17.73265417158,-13.8723817721,1.8));
#2846 = VECTOR('',#2847,1.);
#2847 = DIRECTION('',(0.,0.,1.));
#2848 = ORIENTED_EDGE('',*,*,#2849,.F.);
#2849 = EDGE_CURVE('',#2850,#2842,#2852,.T.);
#2850 = VERTEX_POINT('',#2851);
#2851 = CARTESIAN_POINT('',(-16.66647958385,-13.0977605918,19.65));
#2852 = LINE('',#2853,#2854);
#2853 = CARTESIAN_POINT('',(-16.66647958385,-13.0977605918,19.65));
#2854 = VECTOR('',#2855,1.);
#2855 = DIRECTION('',(-0.809016994375,-0.587785252292,0.));
#2856 = ORIENTED_EDGE('',*,*,#2857,.F.);
#2857 = EDGE_CURVE('',#2858,#2850,#2860,.T.);
#2858 = VERTEX_POINT('',#2859);
#2859 = CARTESIAN_POINT('',(-16.66647958383,-13.09776059182,
    10.022369592358));
#2860 = LINE('',#2861,#2862);
#2861 = CARTESIAN_POINT('',(-16.66647958383,-13.09776059182,20.25));
#2862 = VECTOR('',#2863,1.);
#2863 = DIRECTION('',(0.,0.,1.));
#2864 = ORIENTED_EDGE('',*,*,#2865,.F.);
#2865 = EDGE_CURVE('',#2866,#2858,#2868,.T.);
#2866 = VERTEX_POINT('',#2867);
#2867 = CARTESIAN_POINT('',(-16.66647958383,-13.09776059182,
    9.432693368431));
#2868 = LINE('',#2869,#2870);
#2869 = CARTESIAN_POINT('',(-16.66647958383,-13.09776059182,1.8));
#2870 = VECTOR('',#2871,1.);
#2871 = DIRECTION('',(0.,0.,1.));
#2872 = ORIENTED_EDGE('',*,*,#2873,.F.);
#2873 = EDGE_CURVE('',#2874,#2866,#2876,.T.);
#2874 = VERTEX_POINT('',#2875);
#2875 = CARTESIAN_POINT('',(-16.66647958383,-13.09776059182,6.1));
#2876 = LINE('',#2877,#2878);
#2877 = CARTESIAN_POINT('',(-16.66647958383,-13.09776059182,20.25));
#2878 = VECTOR('',#2879,1.);
#2879 = DIRECTION('',(0.,0.,1.));
#2880 = ORIENTED_EDGE('',*,*,#2881,.F.);
#2881 = EDGE_CURVE('',#2796,#2874,#2882,.T.);
#2882 = LINE('',#2883,#2884);
#2883 = CARTESIAN_POINT('',(-17.37584087231,-13.61314173563,6.1));
#2884 = VECTOR('',#2885,1.);
#2885 = DIRECTION('',(0.809016994375,0.587785252292,0.));
#2886 = ORIENTED_EDGE('',*,*,#2806,.F.);
#2887 = PLANE('',#2888);
#2888 = AXIS2_PLACEMENT_3D('',#2889,#2890,#2891);
#2889 = CARTESIAN_POINT('',(-17.31240093847,-13.56704992572,
    11.185840351028));
#2890 = DIRECTION('',(-0.587785252292,0.809016994375,1.787786183114E-16)
  );
#2891 = DIRECTION('',(0.809016994375,0.587785252292,0.));
#2892 = ADVANCED_FACE('',(#2893),#2954,.T.);
#2893 = FACE_BOUND('',#2894,.T.);
#2894 = EDGE_LOOP('',(#2895,#2903,#2904,#2905,#2932,#2940,#2948));
#2895 = ORIENTED_EDGE('',*,*,#2896,.F.);
#2896 = EDGE_CURVE('',#1361,#2897,#2899,.T.);
#2897 = VERTEX_POINT('',#2898);
#2898 = CARTESIAN_POINT('',(6.1920371604,-21.64598521214,19.65));
#2899 = LINE('',#2900,#2901);
#2900 = CARTESIAN_POINT('',(6.19203716037,-21.64598521215,1.8));
#2901 = VECTOR('',#2902,1.);
#2902 = DIRECTION('',(0.,0.,1.));
#2903 = ORIENTED_EDGE('',*,*,#1360,.T.);
#2904 = ORIENTED_EDGE('',*,*,#789,.F.);
#2905 = ORIENTED_EDGE('',*,*,#2906,.T.);
#2906 = EDGE_CURVE('',#790,#2907,#2909,.T.);
#2907 = VERTEX_POINT('',#2908);
#2908 = CARTESIAN_POINT('',(6.097591880793,-21.35531253003,6.1));
#2909 = B_SPLINE_CURVE_WITH_KNOTS('',6,(#2910,#2911,#2912,#2913,#2914,
    #2915,#2916,#2917,#2918,#2919,#2920,#2921,#2922,#2923,#2924,#2925,
    #2926,#2927,#2928,#2929,#2930,#2931),.UNSPECIFIED.,.F.,.F.,(7,5,5,5,
    7),(0.,0.102448657994,0.376647988078,0.789268143633,1.),
  .UNSPECIFIED.);
#2910 = CARTESIAN_POINT('',(6.232761405828,-21.77132155196,
    5.808182983052));
#2911 = CARTESIAN_POINT('',(6.229865173918,-21.76240786669,
    5.810026193715));
#2912 = CARTESIAN_POINT('',(6.226980260248,-21.75352901538,
    5.812106697516));
#2913 = CARTESIAN_POINT('',(6.224109424042,-21.74469349005,
    5.814417467027));
#2914 = CARTESIAN_POINT('',(6.221255198896,-21.7359090883,5.816950835375
    ));
#2915 = CARTESIAN_POINT('',(6.218419892775,-21.72718291333,
    5.819698496241));
#2916 = CARTESIAN_POINT('',(6.208073225035,-21.69533914437,
    5.830555098972));
#2917 = CARTESIAN_POINT('',(6.200690509896,-21.67261748352,
    5.839930769638));
#2918 = CARTESIAN_POINT('',(6.193498964991,-21.65048418416,
    5.850606700804));
#2919 = CARTESIAN_POINT('',(6.186523442137,-21.62901573231,
    5.862388442298));
#2920 = CARTESIAN_POINT('',(6.179774413284,-21.60824435732,
    5.875081044858));
#2921 = CARTESIAN_POINT('',(6.163432598119,-21.55794942182,
    5.908721132914));
#2922 = CARTESIAN_POINT('',(6.154123634043,-21.52929937633,
    5.930602397606));
#2923 = CARTESIAN_POINT('',(6.145315408485,-21.50219044554,
    5.953566864617));
#2924 = CARTESIAN_POINT('',(6.136929900354,-21.47638250521,
    5.977160533217));
#2925 = CARTESIAN_POINT('',(6.128871056571,-21.45157993438,6.00113300521
    ));
#2926 = CARTESIAN_POINT('',(6.11702957275,-21.41513559456,6.037685154446
    ));
#2927 = CARTESIAN_POINT('',(6.113084001811,-21.40299237584,
    6.050100036876));
#2928 = CARTESIAN_POINT('',(6.10918187517,-21.39098286492,6.062552384857
    ));
#2929 = CARTESIAN_POINT('',(6.105308850641,-21.37906292109,
    6.075027389168));
#2930 = CARTESIAN_POINT('',(6.101450419797,-21.367187892,6.087513474041)
  );
#2931 = CARTESIAN_POINT('',(6.097591939094,-21.35531270946,
    6.099999829021));
#2932 = ORIENTED_EDGE('',*,*,#2933,.F.);
#2933 = EDGE_CURVE('',#2934,#2907,#2936,.T.);
#2934 = VERTEX_POINT('',#2935);
#2935 = CARTESIAN_POINT('',(5.784794705791,-20.39262181405,6.1));
#2936 = LINE('',#2937,#2938);
#2937 = CARTESIAN_POINT('',(5.807970980369,-20.46395105277,6.1));
#2938 = VECTOR('',#2939,1.);
#2939 = DIRECTION('',(0.309016994375,-0.951056516295,0.));
#2940 = ORIENTED_EDGE('',*,*,#2941,.F.);
#2941 = EDGE_CURVE('',#2942,#2934,#2944,.T.);
#2942 = VERTEX_POINT('',#2943);
#2943 = CARTESIAN_POINT('',(5.784794705821,-20.39262181404,19.65));
#2944 = LINE('',#2945,#2946);
#2945 = CARTESIAN_POINT('',(5.784794705791,-20.39262181405,20.25));
#2946 = VECTOR('',#2947,1.);
#2947 = DIRECTION('',(0.,0.,-1.));
#2948 = ORIENTED_EDGE('',*,*,#2949,.F.);
#2949 = EDGE_CURVE('',#2897,#2942,#2950,.T.);
#2950 = LINE('',#2951,#2952);
#2951 = CARTESIAN_POINT('',(6.1920371604,-21.64598521214,19.65));
#2952 = VECTOR('',#2953,1.);
#2953 = DIRECTION('',(-0.309016994375,0.951056516295,0.));
#2954 = PLANE('',#2955);
#2955 = AXIS2_PLACEMENT_3D('',#2956,#2957,#2958);
#2956 = CARTESIAN_POINT('',(6.031514709213,-21.15194790687,
    11.185840350517));
#2957 = DIRECTION('',(0.951056516295,0.309016994375,0.));
#2958 = DIRECTION('',(-0.309016994375,0.951056516295,0.));
#2959 = ADVANCED_FACE('',(#2960),#2980,.T.);
#2960 = FACE_BOUND('',#2961,.T.);
#2961 = EDGE_LOOP('',(#2962,#2963,#2972,#2979));
#2962 = ORIENTED_EDGE('',*,*,#797,.F.);
#2963 = ORIENTED_EDGE('',*,*,#2964,.T.);
#2964 = EDGE_CURVE('',#798,#2965,#2967,.T.);
#2965 = VERTEX_POINT('',#2966);
#2966 = CARTESIAN_POINT('',(5.812274925904,-21.44801762834,5.8));
#2967 = CIRCLE('',#2968,0.6);
#2968 = AXIS2_PLACEMENT_3D('',#2969,#2970,#2971);
#2969 = CARTESIAN_POINT('',(6.382908835681,-21.26260743171,5.8));
#2970 = DIRECTION('',(0.,0.,-1.));
#2971 = DIRECTION('',(-0.463996202167,-0.885837188412,-0.));
#2972 = ORIENTED_EDGE('',*,*,#2973,.T.);
#2973 = EDGE_CURVE('',#2965,#2907,#2974,.T.);
#2974 = CIRCLE('',#2975,0.3);
#2975 = AXIS2_PLACEMENT_3D('',#2976,#2977,#2978);
#2976 = CARTESIAN_POINT('',(5.812274925904,-21.44801762834,6.1));
#2977 = DIRECTION('',(0.309016994375,-0.951056516295,0.));
#2978 = DIRECTION('',(0.,0.,-1.));
#2979 = ORIENTED_EDGE('',*,*,#2906,.F.);
#2980 = TOROIDAL_SURFACE('',#2981,0.6,0.3);
#2981 = AXIS2_PLACEMENT_3D('',#2982,#2983,#2984);
#2982 = CARTESIAN_POINT('',(6.382908835681,-21.26260743171,6.1));
#2983 = DIRECTION('',(0.,0.,-1.));
#2984 = DIRECTION('',(-1.,0.,0.));
#2985 = ADVANCED_FACE('',(#2986),#3021,.T.);
#2986 = FACE_BOUND('',#2987,.T.);
#2987 = EDGE_LOOP('',(#2988,#2997,#3005,#3013,#3019,#3020));
#2988 = ORIENTED_EDGE('',*,*,#2989,.F.);
#2989 = EDGE_CURVE('',#2990,#813,#2992,.T.);
#2990 = VERTEX_POINT('',#2991);
#2991 = CARTESIAN_POINT('',(4.910853258731,-21.58618818298,5.8));
#2992 = CIRCLE('',#2993,0.6);
#2993 = AXIS2_PLACEMENT_3D('',#2994,#2995,#2996);
#2994 = CARTESIAN_POINT('',(4.340219348954,-21.7715983796,5.8));
#2995 = DIRECTION('',(0.,0.,-1.));
#2996 = DIRECTION('',(0.862841364591,-0.505474806049,0.));
#2997 = ORIENTED_EDGE('',*,*,#2998,.F.);
#2998 = EDGE_CURVE('',#2999,#2990,#3001,.T.);
#2999 = VERTEX_POINT('',#3000);
#3000 = CARTESIAN_POINT('',(4.643526886237,-20.7634422073,5.8));
#3001 = LINE('',#3002,#3003);
#3002 = CARTESIAN_POINT('',(4.898465906596,-21.54806383324,5.8));
#3003 = VECTOR('',#3004,1.);
#3004 = DIRECTION('',(0.309016994375,-0.951056516295,0.));
#3005 = ORIENTED_EDGE('',*,*,#3006,.F.);
#3006 = EDGE_CURVE('',#3007,#2999,#3009,.T.);
#3007 = VERTEX_POINT('',#3008);
#3008 = CARTESIAN_POINT('',(5.499477750902,-20.48532691236,5.8));
#3009 = LINE('',#3010,#3011);
#3010 = CARTESIAN_POINT('',(6.92606252539,-20.02180142078,5.8));
#3011 = VECTOR('',#3012,1.);
#3012 = DIRECTION('',(-0.951056516295,-0.309016994375,0.));
#3013 = ORIENTED_EDGE('',*,*,#3014,.F.);
#3014 = EDGE_CURVE('',#2965,#3007,#3015,.T.);
#3015 = LINE('',#3016,#3017);
#3016 = CARTESIAN_POINT('',(5.52265402548,-20.55665615108,5.8));
#3017 = VECTOR('',#3018,1.);
#3018 = DIRECTION('',(-0.309016994375,0.951056516295,0.));
#3019 = ORIENTED_EDGE('',*,*,#2964,.F.);
#3020 = ORIENTED_EDGE('',*,*,#812,.F.);
#3021 = PLANE('',#3022);
#3022 = AXIS2_PLACEMENT_3D('',#3023,#3024,#3025);
#3023 = CARTESIAN_POINT('',(6.684697566326,-20.57338365087,5.8));
#3024 = DIRECTION('',(0.,0.,-1.));
#3025 = DIRECTION('',(-1.,0.,0.));
#3026 = ADVANCED_FACE('',(#3027),#3047,.T.);
#3027 = FACE_BOUND('',#3028,.T.);
#3028 = EDGE_LOOP('',(#3029,#3030,#3039,#3046));
#3029 = ORIENTED_EDGE('',*,*,#821,.F.);
#3030 = ORIENTED_EDGE('',*,*,#3031,.T.);
#3031 = EDGE_CURVE('',#822,#3032,#3034,.T.);
#3032 = VERTEX_POINT('',#3033);
#3033 = CARTESIAN_POINT('',(4.625536303843,-21.67889328129,6.1));
#3034 = CIRCLE('',#3035,0.3);
#3035 = AXIS2_PLACEMENT_3D('',#3036,#3037,#3038);
#3036 = CARTESIAN_POINT('',(4.340219348954,-21.7715983796,6.1));
#3037 = DIRECTION('',(-0.,0.,1.));
#3038 = DIRECTION('',(0.862841364591,-0.505474806049,0.));
#3039 = ORIENTED_EDGE('',*,*,#3040,.F.);
#3040 = EDGE_CURVE('',#2990,#3032,#3041,.T.);
#3041 = CIRCLE('',#3042,0.3);
#3042 = AXIS2_PLACEMENT_3D('',#3043,#3044,#3045);
#3043 = CARTESIAN_POINT('',(4.910853258731,-21.58618818298,6.1));
#3044 = DIRECTION('',(-0.309016994375,0.951056516295,0.));
#3045 = DIRECTION('',(0.,0.,-1.));
#3046 = ORIENTED_EDGE('',*,*,#2989,.T.);
#3047 = TOROIDAL_SURFACE('',#3048,0.6,0.3);
#3048 = AXIS2_PLACEMENT_3D('',#3049,#3050,#3051);
#3049 = CARTESIAN_POINT('',(4.340219348954,-21.7715983796,6.1));
#3050 = DIRECTION('',(0.,0.,-1.));
#3051 = DIRECTION('',(0.862841364591,-0.505474806049,0.));
#3052 = ADVANCED_FACE('',(#3053),#3072,.F.);
#3053 = FACE_BOUND('',#3054,.F.);
#3054 = EDGE_LOOP('',(#3055,#3063,#3070,#3071));
#3055 = ORIENTED_EDGE('',*,*,#3056,.F.);
#3056 = EDGE_CURVE('',#3057,#3032,#3059,.T.);
#3057 = VERTEX_POINT('',#3058);
#3058 = CARTESIAN_POINT('',(4.625536303843,-21.67889328129,21.45));
#3059 = LINE('',#3060,#3061);
#3060 = CARTESIAN_POINT('',(4.625536303843,-21.67889328129,18.75));
#3061 = VECTOR('',#3062,1.);
#3062 = DIRECTION('',(0.,0.,-1.));
#3063 = ORIENTED_EDGE('',*,*,#3064,.F.);
#3064 = EDGE_CURVE('',#837,#3057,#3065,.T.);
#3065 = CIRCLE('',#3066,0.3);
#3066 = AXIS2_PLACEMENT_3D('',#3067,#3068,#3069);
#3067 = CARTESIAN_POINT('',(4.340219348954,-21.7715983796,21.45));
#3068 = DIRECTION('',(-0.,0.,1.));
#3069 = DIRECTION('',(0.195505376079,-0.980702629712,0.));
#3070 = ORIENTED_EDGE('',*,*,#836,.F.);
#3071 = ORIENTED_EDGE('',*,*,#3031,.T.);
#3072 = CYLINDRICAL_SURFACE('',#3073,0.3);
#3073 = AXIS2_PLACEMENT_3D('',#3074,#3075,#3076);
#3074 = CARTESIAN_POINT('',(4.340219348954,-21.7715983796,18.75));
#3075 = DIRECTION('',(0.,0.,-1.));
#3076 = DIRECTION('',(0.862841364591,-0.505474806049,0.));
#3077 = ADVANCED_FACE('',(#3078),#3099,.T.);
#3078 = FACE_BOUND('',#3079,.T.);
#3079 = EDGE_LOOP('',(#3080,#3090,#3091,#3092));
#3080 = ORIENTED_EDGE('',*,*,#3081,.T.);
#3081 = EDGE_CURVE('',#3082,#3057,#3084,.T.);
#3082 = VERTEX_POINT('',#3083);
#3083 = CARTESIAN_POINT('',(4.930168155597,-21.64563332308,21.75));
#3084 = B_SPLINE_CURVE_WITH_KNOTS('',3,(#3085,#3086,#3087,#3088,#3089),
  .UNSPECIFIED.,.F.,.F.,(4,1,4),(3.423187659261E-18,4.724537994267E-02,
    9.449075988535E-02),.UNSPECIFIED.);
#3085 = CARTESIAN_POINT('',(4.930168155597,-21.64563332308,21.75));
#3086 = CARTESIAN_POINT('',(4.851200030892,-21.65637368455,21.75));
#3087 = CARTESIAN_POINT('',(4.692827691161,-21.67385293308,
    21.685245243337));
#3088 = CARTESIAN_POINT('',(4.625536303843,-21.67889328129,
    21.528742299905));
#3089 = CARTESIAN_POINT('',(4.625536303843,-21.67889328129,21.45));
#3090 = ORIENTED_EDGE('',*,*,#3064,.F.);
#3091 = ORIENTED_EDGE('',*,*,#844,.T.);
#3092 = ORIENTED_EDGE('',*,*,#3093,.F.);
#3093 = EDGE_CURVE('',#3082,#845,#3094,.T.);
#3094 = CIRCLE('',#3095,0.3);
#3095 = AXIS2_PLACEMENT_3D('',#3096,#3097,#3098);
#3096 = CARTESIAN_POINT('',(4.930168155597,-21.64563332308,22.05));
#3097 = DIRECTION('',(-0.975028528067,-0.222079646648,-0.));
#3098 = DIRECTION('',(0.,0.,-1.));
#3099 = B_SPLINE_SURFACE_WITH_KNOTS('',3,3,(
    (#3100,#3101,#3102,#3103,#3104)
    ,(#3105,#3106,#3107,#3108,#3109)
    ,(#3110,#3111,#3112,#3113,#3114)
    ,(#3115,#3116,#3117,#3118,#3119)
    ,(#3120,#3121,#3122,#3123,#3124
  )),.UNSPECIFIED.,.F.,.F.,.F.,(4,1,4),(4,1,4),(0.,0.5,1.),(
    3.423187659261E-18,4.724537994267E-02,9.449075988535E-02),
  .UNSPECIFIED.);
#3100 = CARTESIAN_POINT('',(4.996792049591,-21.9381418815,22.05));
#3101 = CARTESIAN_POINT('',(4.841165045323,-21.97358862908,22.05));
#3102 = CARTESIAN_POINT('',(4.530261171347,-22.04016920111,
    21.920490486674));
#3103 = CARTESIAN_POINT('',(4.398870961778,-22.06580916852,
    21.607484599809));
#3104 = CARTESIAN_POINT('',(4.398870961778,-22.06580916852,21.45));
#3105 = CARTESIAN_POINT('',(4.996792049591,-21.9381418815,21.97146018366
    ));
#3106 = CARTESIAN_POINT('',(4.861142739416,-21.96907773627,
    21.970271111652));
#3107 = CARTESIAN_POINT('',(4.59252622804,-22.02713140918,
    21.854456111992));
#3108 = CARTESIAN_POINT('',(4.481651229703,-22.04930672739,
    21.585119594383));
#3109 = CARTESIAN_POINT('',(4.481651229703,-22.04930672739,21.45));
#3110 = CARTESIAN_POINT('',(4.98234627979,-21.87471852021,
    21.815047698061));
#3111 = CARTESIAN_POINT('',(4.886282539678,-21.89447941102,
    21.811587452018));
#3112 = CARTESIAN_POINT('',(4.701625481066,-21.93006064437,
    21.723529351878));
#3113 = CARTESIAN_POINT('',(4.631441956491,-21.9422041214,
    21.540919310671));
#3114 = CARTESIAN_POINT('',(4.631441956491,-21.9422041214,21.45));
#3115 = CARTESIAN_POINT('',(4.947610250257,-21.7222118846,21.75));
#3116 = CARTESIAN_POINT('',(4.868518834338,-21.73418461163,
    21.748108572471));
#3117 = CARTESIAN_POINT('',(4.713517531316,-21.75380711199,
    21.67814106911));
#3118 = CARTESIAN_POINT('',(4.651620163326,-21.75917114621,
    21.525901082066));
#3119 = CARTESIAN_POINT('',(4.651620163326,-21.75917114621,21.45));
#3120 = CARTESIAN_POINT('',(4.930168155597,-21.64563332308,21.75));
#3121 = CARTESIAN_POINT('',(4.851200030892,-21.65637368455,21.75));
#3122 = CARTESIAN_POINT('',(4.692827691161,-21.67385293308,
    21.685245243337));
#3123 = CARTESIAN_POINT('',(4.625536303843,-21.67889328129,
    21.528742299905));
#3124 = CARTESIAN_POINT('',(4.625536303843,-21.67889328129,21.45));
#3125 = ADVANCED_FACE('',(#3126),#3146,.F.);
#3126 = FACE_BOUND('',#3127,.F.);
#3127 = EDGE_LOOP('',(#3128,#3137,#3144,#3145));
#3128 = ORIENTED_EDGE('',*,*,#3129,.F.);
#3129 = EDGE_CURVE('',#3130,#3082,#3132,.T.);
#3130 = VERTEX_POINT('',#3131);
#3131 = CARTESIAN_POINT('',(8.734394220837,-20.40956534556,21.75));
#3132 = CIRCLE('',#3133,22.2);
#3133 = AXIS2_PLACEMENT_3D('',#3134,#3135,#3136);
#3134 = CARTESIAN_POINT('',(4.440892098501E-15,-4.815648849472E-16,21.75
    ));
#3135 = DIRECTION('',(0.,0.,-1.));
#3136 = DIRECTION('',(0.309016994375,-0.951056516295,0.));
#3137 = ORIENTED_EDGE('',*,*,#3138,.F.);
#3138 = EDGE_CURVE('',#855,#3130,#3139,.T.);
#3139 = CIRCLE('',#3140,0.3);
#3140 = AXIS2_PLACEMENT_3D('',#3141,#3142,#3143);
#3141 = CARTESIAN_POINT('',(8.734394220837,-20.40956534556,22.05));
#3142 = DIRECTION('',(0.919349790341,0.393441181119,3.402277683068E-15)
  );
#3143 = DIRECTION('',(0.393441181119,-0.919349790341,0.));
#3144 = ORIENTED_EDGE('',*,*,#854,.F.);
#3145 = ORIENTED_EDGE('',*,*,#3093,.F.);
#3146 = TOROIDAL_SURFACE('',#3147,22.2,0.3);
#3147 = AXIS2_PLACEMENT_3D('',#3148,#3149,#3150);
#3148 = CARTESIAN_POINT('',(4.440892098501E-15,-4.815648849472E-16,22.05
    ));
#3149 = DIRECTION('',(0.,0.,-1.));
#3150 = DIRECTION('',(-1.,0.,0.));
#3151 = ADVANCED_FACE('',(#3152),#3173,.T.);
#3152 = FACE_BOUND('',#3153,.T.);
#3153 = EDGE_LOOP('',(#3154,#3155,#3164,#3172));
#3154 = ORIENTED_EDGE('',*,*,#863,.T.);
#3155 = ORIENTED_EDGE('',*,*,#3156,.F.);
#3156 = EDGE_CURVE('',#3157,#864,#3159,.T.);
#3157 = VERTEX_POINT('',#3158);
#3158 = CARTESIAN_POINT('',(9.000396278861,-20.25741510715,21.45));
#3159 = CIRCLE('',#3160,0.3);
#3160 = AXIS2_PLACEMENT_3D('',#3161,#3162,#3163);
#3161 = CARTESIAN_POINT('',(9.285713233749,-20.16471000883,21.45));
#3162 = DIRECTION('',(0.,0.,1.));
#3163 = DIRECTION('',(-0.951056516295,-0.309016994375,0.));
#3164 = ORIENTED_EDGE('',*,*,#3165,.T.);
#3165 = EDGE_CURVE('',#3157,#3130,#3166,.T.);
#3166 = B_SPLINE_CURVE_WITH_KNOTS('',3,(#3167,#3168,#3169,#3170,#3171),
  .UNSPECIFIED.,.F.,.F.,(4,1,4),(0.,4.724538786502E-02,
    9.449077573004E-02),.QUASI_UNIFORM_KNOTS.);
#3167 = CARTESIAN_POINT('',(9.000396278861,-20.25741510715,21.45));
#3168 = CARTESIAN_POINT('',(9.000396278861,-20.25741510715,
    21.528742313108));
#3169 = CARTESIAN_POINT('',(8.94298861544,-20.29289335036,
    21.685250693988));
#3170 = CARTESIAN_POINT('',(8.804593813585,-20.37183817509,21.75));
#3171 = CARTESIAN_POINT('',(8.734394220837,-20.40956534556,21.75));
#3172 = ORIENTED_EDGE('',*,*,#3138,.F.);
#3173 = B_SPLINE_SURFACE_WITH_KNOTS('',3,3,(
    (#3174,#3175,#3176,#3177,#3178)
    ,(#3179,#3180,#3181,#3182,#3183)
    ,(#3184,#3185,#3186,#3187,#3188)
    ,(#3189,#3190,#3191,#3192,#3193)
    ,(#3194,#3195,#3196,#3197,#3198
  )),.UNSPECIFIED.,.F.,.F.,.F.,(4,1,4),(4,1,4),(0.,0.5,1.),(0.,
    4.724538786502E-02,9.449077573004E-02),.QUASI_UNIFORM_KNOTS.);
#3174 = CARTESIAN_POINT('',(9.411195845016,-20.43720609003,21.45));
#3175 = CARTESIAN_POINT('',(9.411195845016,-20.43720609003,
    21.607484626217));
#3176 = CARTESIAN_POINT('',(9.28981728739,-20.49369710653,
    21.920501387976));
#3177 = CARTESIAN_POINT('',(8.999166566485,-20.62257203535,22.05));
#3178 = CARTESIAN_POINT('',(8.852426575173,-20.68537028267,22.05));
#3179 = CARTESIAN_POINT('',(9.334525309943,-20.47251235538,21.45));
#3180 = CARTESIAN_POINT('',(9.334525309943,-20.47251235538,
    21.585119617041));
#3181 = CARTESIAN_POINT('',(9.231781951174,-20.51974702177,
    21.854465638801));
#3182 = CARTESIAN_POINT('',(8.98035283303,-20.63066524173,
    21.970271111453));
#3183 = CARTESIAN_POINT('',(8.852426575173,-20.68537028267,
    21.97146018366));
#3184 = CARTESIAN_POINT('',(9.150391222237,-20.47390362204,21.45));
#3185 = CARTESIAN_POINT('',(9.150391222237,-20.47390362204,
    21.540919325916));
#3186 = CARTESIAN_POINT('',(9.086465872001,-20.5053363986,
    21.723537792024));
#3187 = CARTESIAN_POINT('',(8.916165189661,-20.5850876604,
    21.811590795837));
#3188 = CARTESIAN_POINT('',(8.826832816195,-20.62556562042,
    21.81505104246));
#3189 = CARTESIAN_POINT('',(9.026480138343,-20.33769297206,21.45));
#3190 = CARTESIAN_POINT('',(9.026480138343,-20.33769297206,
    21.525901094793));
#3191 = CARTESIAN_POINT('',(8.973246336794,-20.36973857522,
    21.678146612967));
#3192 = CARTESIAN_POINT('',(8.836318722815,-20.44496827485,
    21.748108572154));
#3193 = CARTESIAN_POINT('',(8.765295018943,-20.48177090925,21.75));
#3194 = CARTESIAN_POINT('',(9.000396278861,-20.25741510715,21.45));
#3195 = CARTESIAN_POINT('',(9.000396278861,-20.25741510715,
    21.528742313108));
#3196 = CARTESIAN_POINT('',(8.94298861544,-20.29289335036,
    21.685250693988));
#3197 = CARTESIAN_POINT('',(8.804593813585,-20.37183817509,21.75));
#3198 = CARTESIAN_POINT('',(8.734394220837,-20.40956534556,21.75));
#3199 = ADVANCED_FACE('',(#3200),#3219,.F.);
#3200 = FACE_BOUND('',#3201,.F.);
#3201 = EDGE_LOOP('',(#3202,#3203,#3204,#3212));
#3202 = ORIENTED_EDGE('',*,*,#873,.F.);
#3203 = ORIENTED_EDGE('',*,*,#3156,.F.);
#3204 = ORIENTED_EDGE('',*,*,#3205,.F.);
#3205 = EDGE_CURVE('',#3206,#3157,#3208,.T.);
#3206 = VERTEX_POINT('',#3207);
#3207 = CARTESIAN_POINT('',(9.000396278861,-20.25741510715,6.1));
#3208 = LINE('',#3209,#3210);
#3209 = CARTESIAN_POINT('',(9.000396278861,-20.25741510715,18.75));
#3210 = VECTOR('',#3211,1.);
#3211 = DIRECTION('',(0.,0.,1.));
#3212 = ORIENTED_EDGE('',*,*,#3213,.T.);
#3213 = EDGE_CURVE('',#3206,#874,#3214,.T.);
#3214 = CIRCLE('',#3215,0.3);
#3215 = AXIS2_PLACEMENT_3D('',#3216,#3217,#3218);
#3216 = CARTESIAN_POINT('',(9.285713233749,-20.16471000883,6.1));
#3217 = DIRECTION('',(0.,0.,1.));
#3218 = DIRECTION('',(-0.400942691003,-0.916103137497,0.));
#3219 = CYLINDRICAL_SURFACE('',#3220,0.3);
#3220 = AXIS2_PLACEMENT_3D('',#3221,#3222,#3223);
#3221 = CARTESIAN_POINT('',(9.285713233749,-20.16471000883,18.75));
#3222 = DIRECTION('',(0.,0.,1.));
#3223 = DIRECTION('',(-0.400942691003,-0.916103137497,0.));
#3224 = ADVANCED_FACE('',(#3225),#3245,.T.);
#3225 = FACE_BOUND('',#3226,.T.);
#3226 = EDGE_LOOP('',(#3227,#3236,#3237,#3238));
#3227 = ORIENTED_EDGE('',*,*,#3228,.T.);
#3228 = EDGE_CURVE('',#3229,#3206,#3231,.T.);
#3229 = VERTEX_POINT('',#3230);
#3230 = CARTESIAN_POINT('',(8.715079323972,-20.35012020546,5.8));
#3231 = CIRCLE('',#3232,0.3);
#3232 = AXIS2_PLACEMENT_3D('',#3233,#3234,#3235);
#3233 = CARTESIAN_POINT('',(8.715079323972,-20.35012020546,6.1));
#3234 = DIRECTION('',(0.309016994375,-0.951056516295,0.));
#3235 = DIRECTION('',(0.,0.,-1.));
#3236 = ORIENTED_EDGE('',*,*,#3213,.T.);
#3237 = ORIENTED_EDGE('',*,*,#881,.F.);
#3238 = ORIENTED_EDGE('',*,*,#3239,.T.);
#3239 = EDGE_CURVE('',#882,#3229,#3240,.T.);
#3240 = CIRCLE('',#3241,0.6);
#3241 = AXIS2_PLACEMENT_3D('',#3242,#3243,#3244);
#3242 = CARTESIAN_POINT('',(9.285713233749,-20.16471000883,5.8));
#3243 = DIRECTION('',(0.,0.,-1.));
#3244 = DIRECTION('',(-0.400942691003,-0.916103137497,-0.));
#3245 = TOROIDAL_SURFACE('',#3246,0.6,0.3);
#3246 = AXIS2_PLACEMENT_3D('',#3247,#3248,#3249);
#3247 = CARTESIAN_POINT('',(9.285713233749,-20.16471000883,6.1));
#3248 = DIRECTION('',(0.,0.,-1.));
#3249 = DIRECTION('',(-1.,0.,0.));
#3250 = ADVANCED_FACE('',(#3251),#3286,.T.);
#3251 = FACE_BOUND('',#3252,.T.);
#3252 = EDGE_LOOP('',(#3253,#3254,#3255,#3264,#3272,#3280));
#3253 = ORIENTED_EDGE('',*,*,#3239,.F.);
#3254 = ORIENTED_EDGE('',*,*,#896,.F.);
#3255 = ORIENTED_EDGE('',*,*,#3256,.F.);
#3256 = EDGE_CURVE('',#3257,#897,#3259,.T.);
#3257 = VERTEX_POINT('',#3258);
#3258 = CARTESIAN_POINT('',(7.904599261814,-20.76818024069,5.8));
#3259 = CIRCLE('',#3260,0.6);
#3260 = AXIS2_PLACEMENT_3D('',#3261,#3262,#3263);
#3261 = CARTESIAN_POINT('',(7.333965352037,-20.95359043732,5.8));
#3262 = DIRECTION('',(0.,0.,-1.));
#3263 = DIRECTION('',(0.89606284816,-0.443927214921,0.));
#3264 = ORIENTED_EDGE('',*,*,#3265,.F.);
#3265 = EDGE_CURVE('',#3266,#3257,#3268,.T.);
#3266 = VERTEX_POINT('',#3267);
#3267 = CARTESIAN_POINT('',(7.591802086812,-19.80548952472,5.8));
#3268 = LINE('',#3269,#3270);
#3269 = CARTESIAN_POINT('',(7.86275398871,-20.63939373256,5.8));
#3270 = VECTOR('',#3271,1.);
#3271 = DIRECTION('',(0.309016994375,-0.951056516295,0.));
#3272 = ORIENTED_EDGE('',*,*,#3273,.F.);
#3273 = EDGE_CURVE('',#3274,#3266,#3276,.T.);
#3274 = VERTEX_POINT('',#3275);
#3275 = CARTESIAN_POINT('',(8.447752951477,-19.52737422978,5.8));
#3276 = LINE('',#3277,#3278);
#3277 = CARTESIAN_POINT('',(6.92606252539,-20.02180142078,5.8));
#3278 = VECTOR('',#3279,1.);
#3279 = DIRECTION('',(-0.951056516295,-0.309016994375,0.));
#3280 = ORIENTED_EDGE('',*,*,#3281,.F.);
#3281 = EDGE_CURVE('',#3229,#3274,#3282,.T.);
#3282 = LINE('',#3283,#3284);
#3283 = CARTESIAN_POINT('',(8.470929226055,-19.5987034685,5.8));
#3284 = VECTOR('',#3285,1.);
#3285 = DIRECTION('',(-0.309016994375,0.951056516295,0.));
#3286 = PLANE('',#3287);
#3287 = AXIS2_PLACEMENT_3D('',#3288,#3289,#3290);
#3288 = CARTESIAN_POINT('',(6.684697566326,-20.57338365087,5.8));
#3289 = DIRECTION('',(0.,0.,-1.));
#3290 = DIRECTION('',(-1.,0.,0.));
#3291 = ADVANCED_FACE('',(#3292),#3330,.T.);
#3292 = FACE_BOUND('',#3293,.T.);
#3293 = EDGE_LOOP('',(#3294,#3303,#3304,#3305));
#3294 = ORIENTED_EDGE('',*,*,#3295,.F.);
#3295 = EDGE_CURVE('',#3257,#3296,#3298,.T.);
#3296 = VERTEX_POINT('',#3297);
#3297 = CARTESIAN_POINT('',(7.619282306925,-20.86088533901,6.1));
#3298 = CIRCLE('',#3299,0.3);
#3299 = AXIS2_PLACEMENT_3D('',#3300,#3301,#3302);
#3300 = CARTESIAN_POINT('',(7.904599261814,-20.76818024069,6.1));
#3301 = DIRECTION('',(-0.309016994375,0.951056516295,0.));
#3302 = DIRECTION('',(0.,0.,-1.));
#3303 = ORIENTED_EDGE('',*,*,#3256,.T.);
#3304 = ORIENTED_EDGE('',*,*,#905,.F.);
#3305 = ORIENTED_EDGE('',*,*,#3306,.T.);
#3306 = EDGE_CURVE('',#906,#3296,#3307,.T.);
#3307 = B_SPLINE_CURVE_WITH_KNOTS('',6,(#3308,#3309,#3310,#3311,#3312,
    #3313,#3314,#3315,#3316,#3317,#3318,#3319,#3320,#3321,#3322,#3323,
    #3324,#3325,#3326,#3327,#3328,#3329),.UNSPECIFIED.,.F.,.F.,(7,5,5,5,
    7),(0.,0.102448658063,0.376647988332,0.789268144166,1.),
  .UNSPECIFIED.);
#3308 = CARTESIAN_POINT('',(7.75445183196,-21.27689436094,5.808182983052
    ));
#3309 = CARTESIAN_POINT('',(7.751555600051,-21.26798067567,
    5.810026193715));
#3310 = CARTESIAN_POINT('',(7.748670686381,-21.25910182436,
    5.812106697516));
#3311 = CARTESIAN_POINT('',(7.745799850175,-21.25026629903,
    5.814417467027));
#3312 = CARTESIAN_POINT('',(7.742945625028,-21.24148189729,
    5.816950835375));
#3313 = CARTESIAN_POINT('',(7.740110318907,-21.23275572231,
    5.819698496241));
#3314 = CARTESIAN_POINT('',(7.729763651168,-21.20091195335,
    5.830555098972));
#3315 = CARTESIAN_POINT('',(7.722380936029,-21.1781902925,5.839930769638
    ));
#3316 = CARTESIAN_POINT('',(7.715189391123,-21.15605699314,
    5.850606700804));
#3317 = CARTESIAN_POINT('',(7.70821386827,-21.13458854129,5.862388442298
    ));
#3318 = CARTESIAN_POINT('',(7.701464839417,-21.1138171663,5.875081044858
    ));
#3319 = CARTESIAN_POINT('',(7.685123024251,-21.0635222308,5.908721132914
    ));
#3320 = CARTESIAN_POINT('',(7.675814060175,-21.03487218531,
    5.930602397606));
#3321 = CARTESIAN_POINT('',(7.667005834618,-21.00776325452,
    5.953566864617));
#3322 = CARTESIAN_POINT('',(7.658620326486,-20.9819553142,5.977160533217
    ));
#3323 = CARTESIAN_POINT('',(7.650561482704,-20.95715274336,
    6.001133005209));
#3324 = CARTESIAN_POINT('',(7.638719998895,-20.92070840358,
    6.037685154406));
#3325 = CARTESIAN_POINT('',(7.634774429802,-20.90856519054,
    6.050100043455));
#3326 = CARTESIAN_POINT('',(7.630872298798,-20.89655566619,
    6.062552376941));
#3327 = CARTESIAN_POINT('',(7.626999274527,-20.88463572315,
    6.075027381854));
#3328 = CARTESIAN_POINT('',(7.623140852424,-20.87276072097,6.08751349592
    ));
#3329 = CARTESIAN_POINT('',(7.619282360026,-20.86088550244,6.09999981277
    ));
#3330 = TOROIDAL_SURFACE('',#3331,0.6,0.3);
#3331 = AXIS2_PLACEMENT_3D('',#3332,#3333,#3334);
#3332 = CARTESIAN_POINT('',(7.333965352037,-20.95359043732,6.1));
#3333 = DIRECTION('',(0.,0.,-1.));
#3334 = DIRECTION('',(0.89606284816,-0.443927214921,0.));
#3335 = ADVANCED_FACE('',(#3336),#3387,.T.);
#3336 = FACE_BOUND('',#3337,.T.);
#3337 = EDGE_LOOP('',(#3338,#3339,#3340,#3348,#3356,#3364,#3372,#3380,
    #3386));
#3338 = ORIENTED_EDGE('',*,*,#920,.T.);
#3339 = ORIENTED_EDGE('',*,*,#1384,.T.);
#3340 = ORIENTED_EDGE('',*,*,#3341,.T.);
#3341 = EDGE_CURVE('',#1377,#3342,#3344,.T.);
#3342 = VERTEX_POINT('',#3343);
#3343 = CARTESIAN_POINT('',(7.713727586472,-21.15155802114,19.65));
#3344 = LINE('',#3345,#3346);
#3345 = CARTESIAN_POINT('',(7.713727586503,-21.15155802113,1.8));
#3346 = VECTOR('',#3347,1.);
#3347 = DIRECTION('',(0.,0.,1.));
#3348 = ORIENTED_EDGE('',*,*,#3349,.F.);
#3349 = EDGE_CURVE('',#3350,#3342,#3352,.T.);
#3350 = VERTEX_POINT('',#3351);
#3351 = CARTESIAN_POINT('',(7.306485131893,-19.89819462304,19.65));
#3352 = LINE('',#3353,#3354);
#3353 = CARTESIAN_POINT('',(7.306485131893,-19.89819462304,19.65));
#3354 = VECTOR('',#3355,1.);
#3355 = DIRECTION('',(0.309016994375,-0.951056516295,0.));
#3356 = ORIENTED_EDGE('',*,*,#3357,.F.);
#3357 = EDGE_CURVE('',#3358,#3350,#3360,.T.);
#3358 = VERTEX_POINT('',#3359);
#3359 = CARTESIAN_POINT('',(7.306485131923,-19.89819462303,
    10.022369592358));
#3360 = LINE('',#3361,#3362);
#3361 = CARTESIAN_POINT('',(7.306485131923,-19.89819462303,20.25));
#3362 = VECTOR('',#3363,1.);
#3363 = DIRECTION('',(0.,0.,1.));
#3364 = ORIENTED_EDGE('',*,*,#3365,.F.);
#3365 = EDGE_CURVE('',#3366,#3358,#3368,.T.);
#3366 = VERTEX_POINT('',#3367);
#3367 = CARTESIAN_POINT('',(7.306485131923,-19.89819462303,
    9.432693368431));
#3368 = LINE('',#3369,#3370);
#3369 = CARTESIAN_POINT('',(7.306485131923,-19.89819462303,1.8));
#3370 = VECTOR('',#3371,1.);
#3371 = DIRECTION('',(0.,0.,1.));
#3372 = ORIENTED_EDGE('',*,*,#3373,.F.);
#3373 = EDGE_CURVE('',#3374,#3366,#3376,.T.);
#3374 = VERTEX_POINT('',#3375);
#3375 = CARTESIAN_POINT('',(7.306485131923,-19.89819462303,6.1));
#3376 = LINE('',#3377,#3378);
#3377 = CARTESIAN_POINT('',(7.306485131923,-19.89819462303,20.25));
#3378 = VECTOR('',#3379,1.);
#3379 = DIRECTION('',(0.,0.,1.));
#3380 = ORIENTED_EDGE('',*,*,#3381,.F.);
#3381 = EDGE_CURVE('',#3296,#3374,#3382,.T.);
#3382 = LINE('',#3383,#3384);
#3383 = CARTESIAN_POINT('',(7.577437033821,-20.73209883087,6.1));
#3384 = VECTOR('',#3385,1.);
#3385 = DIRECTION('',(-0.309016994375,0.951056516295,0.));
#3386 = ORIENTED_EDGE('',*,*,#3306,.F.);
#3387 = PLANE('',#3388);
#3388 = AXIS2_PLACEMENT_3D('',#3389,#3390,#3391);
#3389 = CARTESIAN_POINT('',(7.553205135345,-20.65752071585,
    11.185840350461));
#3390 = DIRECTION('',(-0.951056516295,-0.309016994375,-0.));
#3391 = DIRECTION('',(0.309016994375,-0.951056516295,0.));
#3392 = ADVANCED_FACE('',(#3393),#3454,.T.);
#3393 = FACE_BOUND('',#3394,.T.);
#3394 = EDGE_LOOP('',(#3395,#3403,#3404,#3405,#3432,#3440,#3448));
#3395 = ORIENTED_EDGE('',*,*,#3396,.F.);
#3396 = EDGE_CURVE('',#1266,#3397,#3399,.T.);
#3397 = VERTEX_POINT('',#3398);
#3398 = CARTESIAN_POINT('',(22.5,-0.8,19.65));
#3399 = LINE('',#3400,#3401);
#3400 = CARTESIAN_POINT('',(22.5,-0.800000000032,1.8));
#3401 = VECTOR('',#3402,1.);
#3402 = DIRECTION('',(0.,0.,1.));
#3403 = ORIENTED_EDGE('',*,*,#1391,.T.);
#3404 = ORIENTED_EDGE('',*,*,#937,.F.);
#3405 = ORIENTED_EDGE('',*,*,#3406,.T.);
#3406 = EDGE_CURVE('',#938,#3407,#3409,.T.);
#3407 = VERTEX_POINT('',#3408);
#3408 = CARTESIAN_POINT('',(22.194368655133,-0.800000000032,6.1));
#3409 = B_SPLINE_CURVE_WITH_KNOTS('',6,(#3410,#3411,#3412,#3413,#3414,
    #3415,#3416,#3417,#3418,#3419,#3420,#3421,#3422,#3423,#3424,#3425,
    #3426,#3427,#3428,#3429,#3430,#3431),.UNSPECIFIED.,.F.,.F.,(7,5,5,5,
    7),(0.,0.102448611017,0.376647815368,0.789267781719,1.),
  .UNSPECIFIED.);
#3410 = CARTESIAN_POINT('',(22.631786426634,-0.800000000032,
    5.808182983052));
#3411 = CARTESIAN_POINT('',(22.622414023296,-0.800000000032,
    5.810026193715));
#3412 = CARTESIAN_POINT('',(22.613078246551,-0.800000000032,
    5.812106697516));
#3413 = CARTESIAN_POINT('',(22.603788025435,-0.800000000032,
    5.814417467027));
#3414 = CARTESIAN_POINT('',(22.594551558837,-0.800000000032,
    5.816950835375));
#3415 = CARTESIAN_POINT('',(22.585376315493,-0.800000000032,
    5.819698496241));
#3416 = CARTESIAN_POINT('',(22.551893795348,-0.800000000032,
    5.830555098972));
#3417 = CARTESIAN_POINT('',(22.528002827299,-0.800000000032,
    5.839930769638));
#3418 = CARTESIAN_POINT('',(22.504730499122,-0.800000000032,
    5.850606700804));
#3419 = CARTESIAN_POINT('',(22.48215723299,-0.800000000032,
    5.862388442298));
#3420 = CARTESIAN_POINT('',(22.46031691684,-0.800000000032,
    5.875081044858));
#3421 = CARTESIAN_POINT('',(22.407433692088,-0.800000000032,
    5.908721132914));
#3422 = CARTESIAN_POINT('',(22.377309251538,-0.800000000032,
    5.930602397606));
#3423 = CARTESIAN_POINT('',(22.348805234872,-0.800000000032,
    5.953566864617));
#3424 = CARTESIAN_POINT('',(22.321669160533,-0.800000000032,
    5.977160533217));
#3425 = CARTESIAN_POINT('',(22.295590194233,-0.800000000032,
    6.00113300521));
#3426 = CARTESIAN_POINT('',(22.257270319445,-0.800000000032,
    6.037685181334));
#3427 = CARTESIAN_POINT('',(22.244502153351,-0.800000000032,
    6.050100087592));
#3428 = CARTESIAN_POINT('',(22.231874586457,-0.800000000032,
    6.062552470021));
#3429 = CARTESIAN_POINT('',(22.219341188752,-0.800000000032,
    6.075027501306));
#3430 = CARTESIAN_POINT('',(22.206855003447,-0.800000000032,
    6.087513598902));
#3431 = CARTESIAN_POINT('',(22.194368689276,-0.800000000032,6.1));
#3432 = ORIENTED_EDGE('',*,*,#3433,.F.);
#3433 = EDGE_CURVE('',#3434,#3407,#3436,.T.);
#3434 = VERTEX_POINT('',#3435);
#3435 = CARTESIAN_POINT('',(21.182135733657,-0.800000000032,6.1));
#3436 = LINE('',#3437,#3438);
#3437 = CARTESIAN_POINT('',(21.283045120245,-0.800000000032,6.1));
#3438 = VECTOR('',#3439,1.);
#3439 = DIRECTION('',(1.,8.653942930801E-16,0.));
#3440 = ORIENTED_EDGE('',*,*,#3441,.F.);
#3441 = EDGE_CURVE('',#3442,#3434,#3444,.T.);
#3442 = VERTEX_POINT('',#3443);
#3443 = CARTESIAN_POINT('',(21.182135733657,-0.8,19.65));
#3444 = LINE('',#3445,#3446);
#3445 = CARTESIAN_POINT('',(21.182135733657,-0.800000000032,20.25));
#3446 = VECTOR('',#3447,1.);
#3447 = DIRECTION('',(0.,0.,-1.));
#3448 = ORIENTED_EDGE('',*,*,#3449,.F.);
#3449 = EDGE_CURVE('',#3397,#3442,#3450,.T.);
#3450 = LINE('',#3451,#3452);
#3451 = CARTESIAN_POINT('',(22.5,-0.8,19.65));
#3452 = VECTOR('',#3453,1.);
#3453 = DIRECTION('',(-1.,0.,0.));
#3454 = PLANE('',#3455);
#3455 = AXIS2_PLACEMENT_3D('',#3456,#3457,#3458);
#3456 = CARTESIAN_POINT('',(21.980538437392,-0.800000000032,
    11.185840320796));
#3457 = DIRECTION('',(0.,1.,0.));
#3458 = DIRECTION('',(0.,0.,1.));
#3459 = ADVANCED_FACE('',(#3460),#3480,.T.);
#3460 = FACE_BOUND('',#3461,.T.);
#3461 = EDGE_LOOP('',(#3462,#3463,#3472,#3479));
#3462 = ORIENTED_EDGE('',*,*,#945,.F.);
#3463 = ORIENTED_EDGE('',*,*,#3464,.T.);
#3464 = EDGE_CURVE('',#946,#3465,#3467,.T.);
#3465 = VERTEX_POINT('',#3466);
#3466 = CARTESIAN_POINT('',(22.194368655133,-1.100000000032,5.8));
#3467 = CIRCLE('',#3468,0.6);
#3468 = AXIS2_PLACEMENT_3D('',#3469,#3470,#3471);
#3469 = CARTESIAN_POINT('',(22.194368655133,-0.500000000032,5.8));
#3470 = DIRECTION('',(0.,0.,-1.));
#3471 = DIRECTION('',(0.699098518621,-0.715025357076,0.));
#3472 = ORIENTED_EDGE('',*,*,#3473,.T.);
#3473 = EDGE_CURVE('',#3465,#3407,#3474,.T.);
#3474 = CIRCLE('',#3475,0.3);
#3475 = AXIS2_PLACEMENT_3D('',#3476,#3477,#3478);
#3476 = CARTESIAN_POINT('',(22.194368655133,-1.100000000032,6.1));
#3477 = DIRECTION('',(1.,-0.,0.));
#3478 = DIRECTION('',(0.,0.,-1.));
#3479 = ORIENTED_EDGE('',*,*,#3406,.F.);
#3480 = TOROIDAL_SURFACE('',#3481,0.6,0.3);
#3481 = AXIS2_PLACEMENT_3D('',#3482,#3483,#3484);
#3482 = CARTESIAN_POINT('',(22.194368655133,-0.500000000032,6.1));
#3483 = DIRECTION('',(0.,0.,-1.));
#3484 = DIRECTION('',(-1.,0.,0.));
#3485 = ADVANCED_FACE('',(#3486),#3521,.T.);
#3486 = FACE_BOUND('',#3487,.T.);
#3487 = EDGE_LOOP('',(#3488,#3497,#3505,#3513,#3519,#3520));
#3488 = ORIENTED_EDGE('',*,*,#3489,.F.);
#3489 = EDGE_CURVE('',#3490,#961,#3492,.T.);
#3490 = VERTEX_POINT('',#3491);
#3491 = CARTESIAN_POINT('',(22.047222047229,-2.000000000032,5.8));
#3492 = CIRCLE('',#3493,0.6);
#3493 = AXIS2_PLACEMENT_3D('',#3494,#3495,#3496);
#3494 = CARTESIAN_POINT('',(22.047222047229,-2.600000000032,5.8));
#3495 = DIRECTION('',(0.,0.,-1.));
#3496 = DIRECTION('',(0.747367753224,0.664410597026,0.));
#3497 = ORIENTED_EDGE('',*,*,#3498,.F.);
#3498 = EDGE_CURVE('',#3499,#3490,#3501,.T.);
#3499 = VERTEX_POINT('',#3500);
#3500 = CARTESIAN_POINT('',(21.182135733657,-2.000000000032,5.8));
#3501 = LINE('',#3502,#3503);
#3502 = CARTESIAN_POINT('',(22.033045120245,-2.000000000032,5.8));
#3503 = VECTOR('',#3504,1.);
#3504 = DIRECTION('',(1.,7.401486830834E-16,0.));
#3505 = ORIENTED_EDGE('',*,*,#3506,.F.);
#3506 = EDGE_CURVE('',#3507,#3499,#3509,.T.);
#3507 = VERTEX_POINT('',#3508);
#3508 = CARTESIAN_POINT('',(21.182135733657,-1.100000000032,5.8));
#3509 = LINE('',#3510,#3511);
#3510 = CARTESIAN_POINT('',(21.182135733657,0.400000000016,5.8));
#3511 = VECTOR('',#3512,1.);
#3512 = DIRECTION('',(0.,-1.,0.));
#3513 = ORIENTED_EDGE('',*,*,#3514,.F.);
#3514 = EDGE_CURVE('',#3465,#3507,#3515,.T.);
#3515 = LINE('',#3516,#3517);
#3516 = CARTESIAN_POINT('',(21.283045120245,-1.100000000032,5.8));
#3517 = VECTOR('',#3518,1.);
#3518 = DIRECTION('',(-1.,-8.653942930801E-16,0.));
#3519 = ORIENTED_EDGE('',*,*,#3464,.F.);
#3520 = ORIENTED_EDGE('',*,*,#960,.F.);
#3521 = PLANE('',#3522);
#3522 = AXIS2_PLACEMENT_3D('',#3523,#3524,#3525);
#3523 = CARTESIAN_POINT('',(21.683954506833,6.522560269673E-15,5.8));
#3524 = DIRECTION('',(0.,0.,-1.));
#3525 = DIRECTION('',(-1.,0.,0.));
#3526 = ADVANCED_FACE('',(#3527),#3547,.T.);
#3527 = FACE_BOUND('',#3528,.T.);
#3528 = EDGE_LOOP('',(#3529,#3530,#3539,#3546));
#3529 = ORIENTED_EDGE('',*,*,#969,.F.);
#3530 = ORIENTED_EDGE('',*,*,#3531,.T.);
#3531 = EDGE_CURVE('',#970,#3532,#3534,.T.);
#3532 = VERTEX_POINT('',#3533);
#3533 = CARTESIAN_POINT('',(22.047222047229,-2.300000000032,6.1));
#3534 = CIRCLE('',#3535,0.3);
#3535 = AXIS2_PLACEMENT_3D('',#3536,#3537,#3538);
#3536 = CARTESIAN_POINT('',(22.047222047229,-2.600000000032,6.1));
#3537 = DIRECTION('',(0.,-0.,1.));
#3538 = DIRECTION('',(0.747367753224,0.664410597026,0.));
#3539 = ORIENTED_EDGE('',*,*,#3540,.F.);
#3540 = EDGE_CURVE('',#3490,#3532,#3541,.T.);
#3541 = CIRCLE('',#3542,0.3);
#3542 = AXIS2_PLACEMENT_3D('',#3543,#3544,#3545);
#3543 = CARTESIAN_POINT('',(22.047222047229,-2.000000000032,6.1));
#3544 = DIRECTION('',(-1.,0.,0.));
#3545 = DIRECTION('',(0.,0.,-1.));
#3546 = ORIENTED_EDGE('',*,*,#3489,.T.);
#3547 = TOROIDAL_SURFACE('',#3548,0.6,0.3);
#3548 = AXIS2_PLACEMENT_3D('',#3549,#3550,#3551);
#3549 = CARTESIAN_POINT('',(22.047222047229,-2.600000000032,6.1));
#3550 = DIRECTION('',(0.,0.,-1.));
#3551 = DIRECTION('',(0.747367753224,0.664410597026,0.));
#3552 = ADVANCED_FACE('',(#3553),#3572,.F.);
#3553 = FACE_BOUND('',#3554,.F.);
#3554 = EDGE_LOOP('',(#3555,#3563,#3570,#3571));
#3555 = ORIENTED_EDGE('',*,*,#3556,.F.);
#3556 = EDGE_CURVE('',#3557,#3532,#3559,.T.);
#3557 = VERTEX_POINT('',#3558);
#3558 = CARTESIAN_POINT('',(22.047222047229,-2.300000000032,21.45));
#3559 = LINE('',#3560,#3561);
#3560 = CARTESIAN_POINT('',(22.047222047229,-2.300000000032,18.75));
#3561 = VECTOR('',#3562,1.);
#3562 = DIRECTION('',(0.,0.,-1.));
#3563 = ORIENTED_EDGE('',*,*,#3564,.F.);
#3564 = EDGE_CURVE('',#985,#3557,#3565,.T.);
#3565 = CIRCLE('',#3566,0.3);
#3566 = AXIS2_PLACEMENT_3D('',#3567,#3568,#3569);
#3567 = CARTESIAN_POINT('',(22.047222047229,-2.600000000032,21.45));
#3568 = DIRECTION('',(-0.,0.,1.));
#3569 = DIRECTION('',(0.993118110236,-0.117117117119,0.));
#3570 = ORIENTED_EDGE('',*,*,#984,.F.);
#3571 = ORIENTED_EDGE('',*,*,#3531,.T.);
#3572 = CYLINDRICAL_SURFACE('',#3573,0.3);
#3573 = AXIS2_PLACEMENT_3D('',#3574,#3575,#3576);
#3574 = CARTESIAN_POINT('',(22.047222047229,-2.600000000032,18.75));
#3575 = DIRECTION('',(0.,0.,-1.));
#3576 = DIRECTION('',(0.747367753224,0.664410597026,0.));
#3577 = ADVANCED_FACE('',(#3578),#3599,.T.);
#3578 = FACE_BOUND('',#3579,.T.);
#3579 = EDGE_LOOP('',(#3580,#3590,#3591,#3592));
#3580 = ORIENTED_EDGE('',*,*,#3581,.T.);
#3581 = EDGE_CURVE('',#3582,#3557,#3584,.T.);
#3582 = VERTEX_POINT('',#3583);
#3583 = CARTESIAN_POINT('',(22.109726366463,-2.000000000032,21.75));
#3584 = B_SPLINE_CURVE_WITH_KNOTS('',3,(#3585,#3586,#3587,#3588,#3589),
  .UNSPECIFIED.,.F.,.F.,(4,1,4),(0.,4.724537909066E-02,
    9.449075818131E-02),.UNSPECIFIED.);
#3585 = CARTESIAN_POINT('',(22.109726366463,-2.000000000032,21.75));
#3586 = CARTESIAN_POINT('',(22.095538564934,-2.078422102417,21.75));
#3587 = CARTESIAN_POINT('',(22.063222572097,-2.234444542787,
    21.685245259975));
#3588 = CARTESIAN_POINT('',(22.047222047229,-2.300000000032,
    21.528742298484));
#3589 = CARTESIAN_POINT('',(22.047222047229,-2.300000000032,21.45));
#3590 = ORIENTED_EDGE('',*,*,#3564,.F.);
#3591 = ORIENTED_EDGE('',*,*,#992,.T.);
#3592 = ORIENTED_EDGE('',*,*,#3593,.F.);
#3593 = EDGE_CURVE('',#3582,#993,#3594,.T.);
#3594 = CIRCLE('',#3595,0.3);
#3595 = AXIS2_PLACEMENT_3D('',#3596,#3597,#3598);
#3596 = CARTESIAN_POINT('',(22.109726366463,-2.000000000032,22.05));
#3597 = DIRECTION('',(-9.009009009151E-02,-0.995933620111,-0.));
#3598 = DIRECTION('',(0.,0.,-1.));
#3599 = B_SPLINE_SURFACE_WITH_KNOTS('',3,3,(
    (#3600,#3601,#3602,#3603,#3604)
    ,(#3605,#3606,#3607,#3608,#3609)
    ,(#3610,#3611,#3612,#3613,#3614)
    ,(#3615,#3616,#3617,#3618,#3619)
    ,(#3620,#3621,#3622,#3623,#3624
  )),.UNSPECIFIED.,.F.,.F.,.F.,(4,1,4),(4,1,4),(0.,0.5,1.),(0.,
    4.724537909066E-02,9.449075818131E-02),.UNSPECIFIED.);
#3600 = CARTESIAN_POINT('',(22.408506452496,-2.027027027059,22.05));
#3601 = CARTESIAN_POINT('',(22.39412692392,-2.185990748111,22.05));
#3602 = CARTESIAN_POINT('',(22.361374228477,-2.502252451563,
    21.920490519949));
#3603 = CARTESIAN_POINT('',(22.3451574803,-2.635135135167,
    21.607484596969));
#3604 = CARTESIAN_POINT('',(22.3451574803,-2.635135135167,21.45));
#3605 = CARTESIAN_POINT('',(22.408506452496,-2.027027027059,
    21.97146018366));
#3606 = CARTESIAN_POINT('',(22.396010256866,-2.165596889792,
    21.970271111673));
#3607 = CARTESIAN_POINT('',(22.368215510062,-2.439005964005,
    21.854456143439));
#3608 = CARTESIAN_POINT('',(22.355043235717,-2.551306887179,
    21.585119591947));
#3609 = CARTESIAN_POINT('',(22.355043235717,-2.551306887179,21.45));
#3610 = CARTESIAN_POINT('',(22.343726327535,-2.021167151284,
    21.815044621101));
#3611 = CARTESIAN_POINT('',(22.332834723468,-2.118635646625,
    21.81158437512));
#3612 = CARTESIAN_POINT('',(22.309612920617,-2.305248119855,
    21.723527807944));
#3613 = CARTESIAN_POINT('',(22.299474751647,-2.375747121552,
    21.540919309031));
#3614 = CARTESIAN_POINT('',(22.299474751647,-2.375747121552,21.45));
#3615 = CARTESIAN_POINT('',(22.187946810073,-2.007075659161,21.75));
#3616 = CARTESIAN_POINT('',(22.174892958736,-2.085995840351,
    21.748108572505));
#3617 = CARTESIAN_POINT('',(22.145657026642,-2.239474544748,
    21.678141100147));
#3618 = CARTESIAN_POINT('',(22.131631189631,-2.300000000032,
    21.525901080697));
#3619 = CARTESIAN_POINT('',(22.131631189631,-2.300000000032,21.45));
#3620 = CARTESIAN_POINT('',(22.109726366463,-2.000000000032,21.75));
#3621 = CARTESIAN_POINT('',(22.095538564934,-2.078422102417,21.75));
#3622 = CARTESIAN_POINT('',(22.063222572097,-2.234444542787,
    21.685245259975));
#3623 = CARTESIAN_POINT('',(22.047222047229,-2.300000000032,
    21.528742298484));
#3624 = CARTESIAN_POINT('',(22.047222047229,-2.300000000032,21.45));
#3625 = ADVANCED_FACE('',(#3626),#3647,.F.);
#3626 = FACE_BOUND('',#3627,.F.);
#3627 = EDGE_LOOP('',(#3628,#3637,#3644,#3645,#3646));
#3628 = ORIENTED_EDGE('',*,*,#3629,.F.);
#3629 = EDGE_CURVE('',#3630,#3582,#3632,.T.);
#3630 = VERTEX_POINT('',#3631);
#3631 = CARTESIAN_POINT('',(22.109726366463,2.000000000032,21.75));
#3632 = CIRCLE('',#3633,22.2);
#3633 = AXIS2_PLACEMENT_3D('',#3634,#3635,#3636);
#3634 = CARTESIAN_POINT('',(4.440892098501E-15,-4.815648849472E-16,21.75
    ));
#3635 = DIRECTION('',(0.,0.,-1.));
#3636 = DIRECTION('',(1.,1.224646799147E-16,0.));
#3637 = ORIENTED_EDGE('',*,*,#3638,.F.);
#3638 = EDGE_CURVE('',#1037,#3630,#3639,.T.);
#3639 = CIRCLE('',#3640,0.3);
#3640 = AXIS2_PLACEMENT_3D('',#3641,#3642,#3643);
#3641 = CARTESIAN_POINT('',(22.109726366463,2.000000000032,22.05));
#3642 = DIRECTION('',(-9.009009009152E-02,0.995933620111,
    -9.214236967046E-16));
#3643 = DIRECTION('',(0.995933620111,9.009009009152E-02,
    -2.465190328816E-32));
#3644 = ORIENTED_EDGE('',*,*,#1036,.F.);
#3645 = ORIENTED_EDGE('',*,*,#1002,.F.);
#3646 = ORIENTED_EDGE('',*,*,#3593,.F.);
#3647 = TOROIDAL_SURFACE('',#3648,22.2,0.3);
#3648 = AXIS2_PLACEMENT_3D('',#3649,#3650,#3651);
#3649 = CARTESIAN_POINT('',(4.440892098501E-15,-4.815648849472E-16,22.05
    ));
#3650 = DIRECTION('',(0.,0.,-1.));
#3651 = DIRECTION('',(1.,-1.224646799147E-16,0.));
#3652 = ADVANCED_FACE('',(#3653),#3674,.F.);
#3653 = FACE_BOUND('',#3654,.F.);
#3654 = EDGE_LOOP('',(#3655,#3664,#3665,#3666,#3667));
#3655 = ORIENTED_EDGE('',*,*,#3656,.T.);
#3656 = EDGE_CURVE('',#3657,#1020,#3659,.T.);
#3657 = VERTEX_POINT('',#3658);
#3658 = CARTESIAN_POINT('',(-21.4,-3.102309035123E-15,26.45));
#3659 = CIRCLE('',#3660,1.1);
#3660 = AXIS2_PLACEMENT_3D('',#3661,#3662,#3663);
#3661 = CARTESIAN_POINT('',(-21.4,-3.102309035123E-15,25.35));
#3662 = DIRECTION('',(1.224646799147E-16,-1.,0.));
#3663 = DIRECTION('',(-1.,-1.224646799147E-16,0.));
#3664 = ORIENTED_EDGE('',*,*,#1019,.F.);
#3665 = ORIENTED_EDGE('',*,*,#1028,.F.);
#3666 = ORIENTED_EDGE('',*,*,#3656,.F.);
#3667 = ORIENTED_EDGE('',*,*,#3668,.F.);
#3668 = EDGE_CURVE('',#3657,#3657,#3669,.T.);
#3669 = CIRCLE('',#3670,21.4);
#3670 = AXIS2_PLACEMENT_3D('',#3671,#3672,#3673);
#3671 = CARTESIAN_POINT('',(4.440892098501E-15,-4.815648849472E-16,26.45
    ));
#3672 = DIRECTION('',(0.,0.,1.));
#3673 = DIRECTION('',(-1.,0.,0.));
#3674 = TOROIDAL_SURFACE('',#3675,21.4,1.1);
#3675 = AXIS2_PLACEMENT_3D('',#3676,#3677,#3678);
#3676 = CARTESIAN_POINT('',(4.440892098501E-15,-4.815648849472E-16,25.35
    ));
#3677 = DIRECTION('',(0.,0.,1.));
#3678 = DIRECTION('',(1.,0.,0.));
#3679 = ADVANCED_FACE('',(#3680),#3701,.T.);
#3680 = FACE_BOUND('',#3681,.T.);
#3681 = EDGE_LOOP('',(#3682,#3683,#3692,#3700));
#3682 = ORIENTED_EDGE('',*,*,#1045,.T.);
#3683 = ORIENTED_EDGE('',*,*,#3684,.F.);
#3684 = EDGE_CURVE('',#3685,#1046,#3687,.T.);
#3685 = VERTEX_POINT('',#3686);
#3686 = CARTESIAN_POINT('',(22.047222047229,2.300000000032,21.45));
#3687 = CIRCLE('',#3688,0.3);
#3688 = AXIS2_PLACEMENT_3D('',#3689,#3690,#3691);
#3689 = CARTESIAN_POINT('',(22.047222047229,2.600000000032,21.45));
#3690 = DIRECTION('',(-0.,0.,1.));
#3691 = DIRECTION('',(0.,-1.,0.));
#3692 = ORIENTED_EDGE('',*,*,#3693,.T.);
#3693 = EDGE_CURVE('',#3685,#3630,#3694,.T.);
#3694 = B_SPLINE_CURVE_WITH_KNOTS('',3,(#3695,#3696,#3697,#3698,#3699),
  .UNSPECIFIED.,.F.,.F.,(4,1,4),(0.,4.724538914265E-02,
    9.449077828529E-02),.UNSPECIFIED.);
#3695 = CARTESIAN_POINT('',(22.047222047229,2.300000000032,21.45));
#3696 = CARTESIAN_POINT('',(22.047222047229,2.300000000032,
    21.528742315238));
#3697 = CARTESIAN_POINT('',(22.063223920271,2.234438674968,
    21.685250680185));
#3698 = CARTESIAN_POINT('',(22.095538561916,2.078422119102,21.75));
#3699 = CARTESIAN_POINT('',(22.109726366463,2.000000000032,21.75));
#3700 = ORIENTED_EDGE('',*,*,#3638,.F.);
#3701 = B_SPLINE_SURFACE_WITH_KNOTS('',3,3,(
    (#3702,#3703,#3704,#3705,#3706)
    ,(#3707,#3708,#3709,#3710,#3711)
    ,(#3712,#3713,#3714,#3715,#3716)
    ,(#3717,#3718,#3719,#3720,#3721)
    ,(#3722,#3723,#3724,#3725,#3726
  )),.UNSPECIFIED.,.F.,.F.,.F.,(4,1,4),(4,1,4),(0.,0.5,1.),(0.,
    4.724538914265E-02,9.449077828529E-02),.UNSPECIFIED.);
#3702 = CARTESIAN_POINT('',(22.3451574803,2.635135135167,21.45));
#3703 = CARTESIAN_POINT('',(22.3451574803,2.635135135167,21.607484630476
    ));
#3704 = CARTESIAN_POINT('',(22.361375594869,2.502240557335,
    21.920501360369));
#3705 = CARTESIAN_POINT('',(22.39412692086,2.185990781932,22.05));
#3706 = CARTESIAN_POINT('',(22.408506452496,2.027027027059,22.05));
#3707 = CARTESIAN_POINT('',(22.355043235717,2.551306887179,21.45));
#3708 = CARTESIAN_POINT('',(22.355043235717,2.551306887179,
    21.585119620695));
#3709 = CARTESIAN_POINT('',(22.368216633418,2.438995807611,
    21.854465612175));
#3710 = CARTESIAN_POINT('',(22.396010254207,2.165596919274,
    21.97027111142));
#3711 = CARTESIAN_POINT('',(22.408506452496,2.027027027059,
    21.97146018366));
#3712 = CARTESIAN_POINT('',(22.299474751647,2.375747121552,21.45));
#3713 = CARTESIAN_POINT('',(22.299474751647,2.375747121552,
    21.540919328375));
#3714 = CARTESIAN_POINT('',(22.309613828252,2.305241461321,
    21.723534552418));
#3715 = CARTESIAN_POINT('',(22.332834721151,2.118635667363,
    21.811584374384));
#3716 = CARTESIAN_POINT('',(22.343726327535,2.021167151284,
    21.815044621101));
#3717 = CARTESIAN_POINT('',(22.131631189631,2.300000000032,21.45));
#3718 = CARTESIAN_POINT('',(22.131631189631,2.300000000032,
    21.525901096846));
#3719 = CARTESIAN_POINT('',(22.145658222704,2.239468988107,
    21.678146584113));
#3720 = CARTESIAN_POINT('',(22.174892955958,2.085995857142,
    21.748108572103));
#3721 = CARTESIAN_POINT('',(22.187946810073,2.007075659161,21.75));
#3722 = CARTESIAN_POINT('',(22.047222047229,2.300000000032,21.45));
#3723 = CARTESIAN_POINT('',(22.047222047229,2.300000000032,
    21.528742315238));
#3724 = CARTESIAN_POINT('',(22.063223920271,2.234438674968,
    21.685250680185));
#3725 = CARTESIAN_POINT('',(22.095538561916,2.078422119102,21.75));
#3726 = CARTESIAN_POINT('',(22.109726366463,2.000000000032,21.75));
#3727 = ADVANCED_FACE('',(#3728),#3747,.F.);
#3728 = FACE_BOUND('',#3729,.F.);
#3729 = EDGE_LOOP('',(#3730,#3731,#3732,#3740));
#3730 = ORIENTED_EDGE('',*,*,#1055,.F.);
#3731 = ORIENTED_EDGE('',*,*,#3684,.F.);
#3732 = ORIENTED_EDGE('',*,*,#3733,.F.);
#3733 = EDGE_CURVE('',#3734,#3685,#3736,.T.);
#3734 = VERTEX_POINT('',#3735);
#3735 = CARTESIAN_POINT('',(22.047222047229,2.300000000032,6.1));
#3736 = LINE('',#3737,#3738);
#3737 = CARTESIAN_POINT('',(22.047222047229,2.300000000032,18.75));
#3738 = VECTOR('',#3739,1.);
#3739 = DIRECTION('',(0.,0.,1.));
#3740 = ORIENTED_EDGE('',*,*,#3741,.T.);
#3741 = EDGE_CURVE('',#3734,#1056,#3742,.T.);
#3742 = CIRCLE('',#3743,0.3);
#3743 = AXIS2_PLACEMENT_3D('',#3744,#3745,#3746);
#3744 = CARTESIAN_POINT('',(22.047222047229,2.600000000032,6.1));
#3745 = DIRECTION('',(-0.,0.,1.));
#3746 = DIRECTION('',(0.747367753224,-0.664410597026,0.));
#3747 = CYLINDRICAL_SURFACE('',#3748,0.3);
#3748 = AXIS2_PLACEMENT_3D('',#3749,#3750,#3751);
#3749 = CARTESIAN_POINT('',(22.047222047229,2.600000000032,18.75));
#3750 = DIRECTION('',(0.,0.,1.));
#3751 = DIRECTION('',(0.747367753224,-0.664410597026,0.));
#3752 = ADVANCED_FACE('',(#3753),#3773,.T.);
#3753 = FACE_BOUND('',#3754,.T.);
#3754 = EDGE_LOOP('',(#3755,#3764,#3765,#3766));
#3755 = ORIENTED_EDGE('',*,*,#3756,.T.);
#3756 = EDGE_CURVE('',#3757,#3734,#3759,.T.);
#3757 = VERTEX_POINT('',#3758);
#3758 = CARTESIAN_POINT('',(22.047222047229,2.000000000032,5.8));
#3759 = CIRCLE('',#3760,0.3);
#3760 = AXIS2_PLACEMENT_3D('',#3761,#3762,#3763);
#3761 = CARTESIAN_POINT('',(22.047222047229,2.000000000032,6.1));
#3762 = DIRECTION('',(1.,-0.,0.));
#3763 = DIRECTION('',(0.,0.,-1.));
#3764 = ORIENTED_EDGE('',*,*,#3741,.T.);
#3765 = ORIENTED_EDGE('',*,*,#1063,.F.);
#3766 = ORIENTED_EDGE('',*,*,#3767,.T.);
#3767 = EDGE_CURVE('',#1064,#3757,#3768,.T.);
#3768 = CIRCLE('',#3769,0.6);
#3769 = AXIS2_PLACEMENT_3D('',#3770,#3771,#3772);
#3770 = CARTESIAN_POINT('',(22.047222047229,2.600000000032,5.8));
#3771 = DIRECTION('',(0.,0.,-1.));
#3772 = DIRECTION('',(0.747367753224,-0.664410597026,0.));
#3773 = TOROIDAL_SURFACE('',#3774,0.6,0.3);
#3774 = AXIS2_PLACEMENT_3D('',#3775,#3776,#3777);
#3775 = CARTESIAN_POINT('',(22.047222047229,2.600000000032,6.1));
#3776 = DIRECTION('',(0.,0.,-1.));
#3777 = DIRECTION('',(0.747367753224,-0.664410597026,0.));
#3778 = ADVANCED_FACE('',(#3779),#3806,.T.);
#3779 = FACE_BOUND('',#3780,.T.);
#3780 = EDGE_LOOP('',(#3781,#3782,#3783,#3784,#3792,#3800));
#3781 = ORIENTED_EDGE('',*,*,#3767,.F.);
#3782 = ORIENTED_EDGE('',*,*,#1078,.F.);
#3783 = ORIENTED_EDGE('',*,*,#1416,.F.);
#3784 = ORIENTED_EDGE('',*,*,#3785,.F.);
#3785 = EDGE_CURVE('',#3786,#1406,#3788,.T.);
#3786 = VERTEX_POINT('',#3787);
#3787 = CARTESIAN_POINT('',(21.182135733657,1.100000000032,5.8));
#3788 = LINE('',#3789,#3790);
#3789 = CARTESIAN_POINT('',(22.084863893421,1.100000000032,5.8));
#3790 = VECTOR('',#3791,1.);
#3791 = DIRECTION('',(1.,0.,0.));
#3792 = ORIENTED_EDGE('',*,*,#3793,.F.);
#3793 = EDGE_CURVE('',#3794,#3786,#3796,.T.);
#3794 = VERTEX_POINT('',#3795);
#3795 = CARTESIAN_POINT('',(21.182135733657,2.000000000032,5.8));
#3796 = LINE('',#3797,#3798);
#3797 = CARTESIAN_POINT('',(21.182135733657,0.400000000016,5.8));
#3798 = VECTOR('',#3799,1.);
#3799 = DIRECTION('',(0.,-1.,0.));
#3800 = ORIENTED_EDGE('',*,*,#3801,.F.);
#3801 = EDGE_CURVE('',#3757,#3794,#3802,.T.);
#3802 = LINE('',#3803,#3804);
#3803 = CARTESIAN_POINT('',(21.283045120245,2.000000000032,5.8));
#3804 = VECTOR('',#3805,1.);
#3805 = DIRECTION('',(-1.,0.,0.));
#3806 = PLANE('',#3807);
#3807 = AXIS2_PLACEMENT_3D('',#3808,#3809,#3810);
#3808 = CARTESIAN_POINT('',(21.683954506833,6.522560269673E-15,5.8));
#3809 = DIRECTION('',(0.,0.,-1.));
#3810 = DIRECTION('',(-1.,0.,0.));
#3811 = ADVANCED_FACE('',(#3812),#3823,.T.);
#3812 = FACE_BOUND('',#3813,.T.);
#3813 = EDGE_LOOP('',(#3814,#3821,#3822));
#3814 = ORIENTED_EDGE('',*,*,#3815,.T.);
#3815 = EDGE_CURVE('',#1166,#1122,#3816,.T.);
#3816 = CIRCLE('',#3817,0.3);
#3817 = AXIS2_PLACEMENT_3D('',#3818,#3819,#3820);
#3818 = CARTESIAN_POINT('',(5.499477750902,20.485326912365,6.1));
#3819 = DIRECTION('',(0.951056516295,-0.309016994375,0.));
#3820 = DIRECTION('',(0.,0.,-1.));
#3821 = ORIENTED_EDGE('',*,*,#1121,.T.);
#3822 = ORIENTED_EDGE('',*,*,#1173,.T.);
#3823 = SPHERICAL_SURFACE('',#3824,0.3);
#3824 = AXIS2_PLACEMENT_3D('',#3825,#3826,#3827);
#3825 = CARTESIAN_POINT('',(5.499477750902,20.485326912365,6.1));
#3826 = DIRECTION('',(-0.928759971197,-0.290357401074,-0.230428938165));
#3827 = DIRECTION('',(0.370681690811,-0.727503780584,-0.57735026919));
#3828 = ADVANCED_FACE('',(#3829),#3865,.F.);
#3829 = FACE_BOUND('',#3830,.F.);
#3830 = EDGE_LOOP('',(#3831,#3842,#3848,#3849,#3850,#3859));
#3831 = ORIENTED_EDGE('',*,*,#3832,.T.);
#3832 = EDGE_CURVE('',#3833,#3835,#3837,.T.);
#3833 = VERTEX_POINT('',#3834);
#3834 = CARTESIAN_POINT('',(7.021168177035,19.990899721346,20.25));
#3835 = VERTEX_POINT('',#3836);
#3836 = CARTESIAN_POINT('',(7.306485131923,19.898194623033,19.95));
#3837 = CIRCLE('',#3838,0.3);
#3838 = AXIS2_PLACEMENT_3D('',#3839,#3840,#3841);
#3839 = CARTESIAN_POINT('',(7.021168177035,19.990899721346,19.95));
#3840 = DIRECTION('',(0.309016994375,0.951056516295,8.182824887924E-15)
  );
#3841 = DIRECTION('',(0.951056516295,-0.309016994375,7.88860905221E-31)
  );
#3842 = ORIENTED_EDGE('',*,*,#3843,.T.);
#3843 = EDGE_CURVE('',#3835,#1199,#3844,.T.);
#3844 = LINE('',#3845,#3846);
#3845 = CARTESIAN_POINT('',(7.306485131923,19.898194623033,20.25));
#3846 = VECTOR('',#3847,1.);
#3847 = DIRECTION('',(0.,0.,-1.));
#3848 = ORIENTED_EDGE('',*,*,#1206,.T.);
#3849 = ORIENTED_EDGE('',*,*,#1148,.T.);
#3850 = ORIENTED_EDGE('',*,*,#3851,.T.);
#3851 = EDGE_CURVE('',#1149,#3852,#3854,.T.);
#3852 = VERTEX_POINT('',#3853);
#3853 = CARTESIAN_POINT('',(6.070111660679,20.29991671574,20.25));
#3854 = CIRCLE('',#3855,0.3);
#3855 = AXIS2_PLACEMENT_3D('',#3856,#3857,#3858);
#3856 = CARTESIAN_POINT('',(6.070111660679,20.29991671574,19.95));
#3857 = DIRECTION('',(0.309016994375,0.951056516295,-0.));
#3858 = DIRECTION('',(0.,0.,1.));
#3859 = ORIENTED_EDGE('',*,*,#3860,.T.);
#3860 = EDGE_CURVE('',#3852,#3833,#3861,.T.);
#3861 = LINE('',#3862,#3863);
#3862 = CARTESIAN_POINT('',(6.165217312324,20.269015016298,20.25));
#3863 = VECTOR('',#3864,1.);
#3864 = DIRECTION('',(0.951056516295,-0.309016994375,0.));
#3865 = PLANE('',#3866);
#3866 = AXIS2_PLACEMENT_3D('',#3867,#3868,#3869);
#3867 = CARTESIAN_POINT('',(7.306485131893,19.898194623043,20.25));
#3868 = DIRECTION('',(0.309016994375,0.951056516295,0.));
#3869 = DIRECTION('',(-0.951056516295,0.309016994375,0.));
#3870 = ADVANCED_FACE('',(#3871),#3891,.T.);
#3871 = FACE_BOUND('',#3872,.T.);
#3872 = EDGE_LOOP('',(#3873,#3874,#3883,#3890));
#3873 = ORIENTED_EDGE('',*,*,#3851,.T.);
#3874 = ORIENTED_EDGE('',*,*,#3875,.F.);
#3875 = EDGE_CURVE('',#3876,#3852,#3878,.T.);
#3876 = VERTEX_POINT('',#3877);
#3877 = CARTESIAN_POINT('',(5.977406562367,20.014599760852,20.55));
#3878 = CIRCLE('',#3879,0.3);
#3879 = AXIS2_PLACEMENT_3D('',#3880,#3881,#3882);
#3880 = CARTESIAN_POINT('',(6.070111660679,20.29991671574,20.55));
#3881 = DIRECTION('',(0.951056516295,-0.309016994375,0.));
#3882 = DIRECTION('',(-0.309016994375,-0.951056516295,0.));
#3883 = ORIENTED_EDGE('',*,*,#3884,.T.);
#3884 = EDGE_CURVE('',#3876,#1157,#3885,.T.);
#3885 = CIRCLE('',#3886,0.6);
#3886 = AXIS2_PLACEMENT_3D('',#3887,#3888,#3889);
#3887 = CARTESIAN_POINT('',(5.977406562367,20.014599760852,19.95));
#3888 = DIRECTION('',(-0.309016994375,-0.951056516295,0.));
#3889 = DIRECTION('',(-0.672498511964,0.218508012224,0.707106781187));
#3890 = ORIENTED_EDGE('',*,*,#1156,.F.);
#3891 = TOROIDAL_SURFACE('',#3892,0.6,0.3);
#3892 = AXIS2_PLACEMENT_3D('',#3893,#3894,#3895);
#3893 = CARTESIAN_POINT('',(6.070111660679,20.29991671574,19.95));
#3894 = DIRECTION('',(0.309016994375,0.951056516295,0.));
#3895 = DIRECTION('',(0.,0.,1.));
#3896 = ADVANCED_FACE('',(#3897),#3964,.T.);
#3897 = FACE_BOUND('',#3898,.T.);
#3898 = EDGE_LOOP('',(#3899,#3909,#3917,#3925,#3931,#3932,#3933,#3941,
    #3950,#3958));
#3899 = ORIENTED_EDGE('',*,*,#3900,.F.);
#3900 = EDGE_CURVE('',#3901,#3903,#3905,.T.);
#3901 = VERTEX_POINT('',#3902);
#3902 = CARTESIAN_POINT('',(8.355047853165,19.242057274895,21.45));
#3903 = VERTEX_POINT('',#3904);
#3904 = CARTESIAN_POINT('',(8.355047853165,19.242057274895,6.1));
#3905 = LINE('',#3906,#3907);
#3906 = CARTESIAN_POINT('',(8.355047853165,19.242057274895,20.25));
#3907 = VECTOR('',#3908,1.);
#3908 = DIRECTION('',(0.,0.,-1.));
#3909 = ORIENTED_EDGE('',*,*,#3910,.F.);
#3910 = EDGE_CURVE('',#3911,#3901,#3913,.T.);
#3911 = VERTEX_POINT('',#3912);
#3912 = CARTESIAN_POINT('',(4.550821787924,20.478125252414,21.45));
#3913 = LINE('',#3914,#3915);
#3914 = CARTESIAN_POINT('',(6.072512214011,19.983698061409,21.45));
#3915 = VECTOR('',#3916,1.);
#3916 = DIRECTION('',(0.951056516295,-0.309016994375,0.));
#3917 = ORIENTED_EDGE('',*,*,#3918,.F.);
#3918 = EDGE_CURVE('',#3919,#3911,#3921,.T.);
#3919 = VERTEX_POINT('',#3920);
#3920 = CARTESIAN_POINT('',(4.550821787924,20.478125252414,6.1));
#3921 = LINE('',#3922,#3923);
#3922 = CARTESIAN_POINT('',(4.550821787924,20.478125252414,20.25));
#3923 = VECTOR('',#3924,1.);
#3924 = DIRECTION('',(0.,0.,1.));
#3925 = ORIENTED_EDGE('',*,*,#3926,.F.);
#3926 = EDGE_CURVE('',#1166,#3919,#3927,.T.);
#3927 = LINE('',#3928,#3929);
#3928 = CARTESIAN_POINT('',(6.072512214011,19.983698061409,6.1));
#3929 = VECTOR('',#3930,1.);
#3930 = DIRECTION('',(-0.951056516295,0.309016994375,0.));
#3931 = ORIENTED_EDGE('',*,*,#1165,.F.);
#3932 = ORIENTED_EDGE('',*,*,#3884,.F.);
#3933 = ORIENTED_EDGE('',*,*,#3934,.F.);
#3934 = EDGE_CURVE('',#3935,#3876,#3937,.T.);
#3935 = VERTEX_POINT('',#3936);
#3936 = CARTESIAN_POINT('',(6.928463078722,19.705582766457,20.55));
#3937 = LINE('',#3938,#3939);
#3938 = CARTESIAN_POINT('',(6.072512214011,19.983698061409,20.55));
#3939 = VECTOR('',#3940,1.);
#3940 = DIRECTION('',(-0.951056516295,0.309016994375,0.));
#3941 = ORIENTED_EDGE('',*,*,#3942,.F.);
#3942 = EDGE_CURVE('',#3943,#3935,#3945,.T.);
#3943 = VERTEX_POINT('',#3944);
#3944 = CARTESIAN_POINT('',(7.499096988499,19.520172569832,19.95));
#3945 = CIRCLE('',#3946,0.6);
#3946 = AXIS2_PLACEMENT_3D('',#3947,#3948,#3949);
#3947 = CARTESIAN_POINT('',(6.928463078722,19.705582766457,19.95));
#3948 = DIRECTION('',(-0.309016994375,-0.951056516295,8.326672684689E-17
    ));
#3949 = DIRECTION('',(0.672498511964,-0.218508012224,0.707106781187));
#3950 = ORIENTED_EDGE('',*,*,#3951,.F.);
#3951 = EDGE_CURVE('',#3952,#3943,#3954,.T.);
#3952 = VERTEX_POINT('',#3953);
#3953 = CARTESIAN_POINT('',(7.499096988499,19.520172569832,6.1));
#3954 = LINE('',#3955,#3956);
#3955 = CARTESIAN_POINT('',(7.499096988499,19.520172569832,20.25));
#3956 = VECTOR('',#3957,1.);
#3957 = DIRECTION('',(0.,0.,1.));
#3958 = ORIENTED_EDGE('',*,*,#3959,.F.);
#3959 = EDGE_CURVE('',#3903,#3952,#3960,.T.);
#3960 = LINE('',#3961,#3962);
#3961 = CARTESIAN_POINT('',(6.072512214011,19.983698061409,6.1));
#3962 = VECTOR('',#3963,1.);
#3963 = DIRECTION('',(-0.951056516295,0.309016994375,0.));
#3964 = PLANE('',#3965);
#3965 = AXIS2_PLACEMENT_3D('',#3966,#3967,#3968);
#3966 = CARTESIAN_POINT('',(5.692089607478,20.107304859164,20.25));
#3967 = DIRECTION('',(-0.309016994375,-0.951056516295,0.));
#3968 = DIRECTION('',(-0.951056516295,0.309016994375,0.));
#3969 = ADVANCED_FACE('',(#3970),#3999,.F.);
#3970 = FACE_BOUND('',#3971,.F.);
#3971 = EDGE_LOOP('',(#3972,#3983,#3990,#3991,#3992));
#3972 = ORIENTED_EDGE('',*,*,#3973,.T.);
#3973 = EDGE_CURVE('',#3974,#3976,#3978,.T.);
#3974 = VERTEX_POINT('',#3975);
#3975 = CARTESIAN_POINT('',(24.029112270532,-2.942717542846E-15,
    26.210499253681));
#3976 = VERTEX_POINT('',#3977);
#3977 = CARTESIAN_POINT('',(-24.02911227053,4.821490285809E-16,
    26.210499253681));
#3978 = CIRCLE('',#3979,24.029112270532);
#3979 = AXIS2_PLACEMENT_3D('',#3980,#3981,#3982);
#3980 = CARTESIAN_POINT('',(0.,0.,26.210499253681));
#3981 = DIRECTION('',(-0.,0.,1.));
#3982 = DIRECTION('',(1.,-1.425298834542E-16,0.));
#3983 = ORIENTED_EDGE('',*,*,#3984,.T.);
#3984 = EDGE_CURVE('',#3976,#1253,#3985,.T.);
#3985 = CIRCLE('',#3986,203.29083333333);
#3986 = AXIS2_PLACEMENT_3D('',#3987,#3988,#3989);
#3987 = CARTESIAN_POINT('',(177.79083333333,2.177309749594E-14,1.8));
#3988 = DIRECTION('',(1.224646799147E-16,-1.,0.));
#3989 = DIRECTION('',(-1.,-1.224646799147E-16,0.));
#3990 = ORIENTED_EDGE('',*,*,#1252,.F.);
#3991 = ORIENTED_EDGE('',*,*,#3984,.F.);
#3992 = ORIENTED_EDGE('',*,*,#3993,.T.);
#3993 = EDGE_CURVE('',#3976,#3974,#3994,.T.);
#3994 = CIRCLE('',#3995,24.029112270532);
#3995 = AXIS2_PLACEMENT_3D('',#3996,#3997,#3998);
#3996 = CARTESIAN_POINT('',(0.,0.,26.210499253681));
#3997 = DIRECTION('',(-0.,0.,1.));
#3998 = DIRECTION('',(1.,-1.425298834542E-16,0.));
#3999 = ( BOUNDED_SURFACE() B_SPLINE_SURFACE(2,2,(
    (#4000,#4001,#4002,#4003,#4004,#4005,#4006,#4007,#4008)
    ,(#4009,#4010,#4011,#4012,#4013,#4014,#4015,#4016,#4017)
    ,(#4018,#4019,#4020,#4021,#4022,#4023,#4024,#4025,#4026
)),.UNSPECIFIED.,.F.,.T.,.F.) B_SPLINE_SURFACE_WITH_KNOTS((3,3),(1,2,2,2
    ,2,2,1),(-3.167527742024E-16,0.120367174957),(-4.712388980385,
    -3.14159265359,-1.570796326795,0.,1.570796326795,3.14159265359,
4.712388980385),.UNSPECIFIED.) GEOMETRIC_REPRESENTATION_ITEM() 
RATIONAL_B_SPLINE_SURFACE((
    (1.,0.707106781187,1.,0.707106781187,1.,0.707106781187,1.
      ,0.707106781187,1.)
    ,(0.998189514473,0.705826574593,0.998189514473,0.705826574593
      ,0.998189514473,0.705826574593,0.998189514473,0.705826574593
      ,0.998189514473)
    ,(1.,0.707106781187,1.,0.707106781187,1.,0.707106781187,1.
,0.707106781187,1.))) REPRESENTATION_ITEM('') SURFACE() );
#4000 = CARTESIAN_POINT('',(-25.5,0.,1.8));
#4001 = CARTESIAN_POINT('',(-25.5,-25.5,1.8));
#4002 = CARTESIAN_POINT('',(0.,-25.5,1.8));
#4003 = CARTESIAN_POINT('',(25.5,-25.5,1.8));
#4004 = CARTESIAN_POINT('',(25.5,0.,1.8));
#4005 = CARTESIAN_POINT('',(25.5,25.5,1.8));
#4006 = CARTESIAN_POINT('',(0.,25.5,1.8));
#4007 = CARTESIAN_POINT('',(-25.5,25.5,1.8));
#4008 = CARTESIAN_POINT('',(-25.5,0.,1.8));
#4009 = CARTESIAN_POINT('',(-25.5,0.,14.04956479406));
#4010 = CARTESIAN_POINT('',(-25.5,-25.5,14.04956479406));
#4011 = CARTESIAN_POINT('',(0.,-25.5,14.04956479406));
#4012 = CARTESIAN_POINT('',(25.5,-25.5,14.04956479406));
#4013 = CARTESIAN_POINT('',(25.5,0.,14.04956479406));
#4014 = CARTESIAN_POINT('',(25.5,25.5,14.04956479406));
#4015 = CARTESIAN_POINT('',(0.,25.5,14.04956479406));
#4016 = CARTESIAN_POINT('',(-25.5,25.5,14.04956479406));
#4017 = CARTESIAN_POINT('',(-25.5,0.,14.04956479406));
#4018 = CARTESIAN_POINT('',(-24.02911227053,0.,26.210499253681));
#4019 = CARTESIAN_POINT('',(-24.02911227053,-24.02911227053,
    26.210499253681));
#4020 = CARTESIAN_POINT('',(0.,-24.02911227053,26.210499253681));
#4021 = CARTESIAN_POINT('',(24.029112270532,-24.02911227053,
    26.210499253681));
#4022 = CARTESIAN_POINT('',(24.029112270532,0.,26.210499253681));
#4023 = CARTESIAN_POINT('',(24.029112270532,24.029112270532,
    26.210499253681));
#4024 = CARTESIAN_POINT('',(0.,24.029112270532,26.210499253681));
#4025 = CARTESIAN_POINT('',(-24.02911227053,24.029112270532,
    26.210499253681));
#4026 = CARTESIAN_POINT('',(-24.02911227053,0.,26.210499253681));
#4027 = ADVANCED_FACE('',(#4028),#4040,.F.);
#4028 = FACE_BOUND('',#4029,.F.);
#4029 = EDGE_LOOP('',(#4030,#4031,#4032,#4038,#4039));
#4030 = ORIENTED_EDGE('',*,*,#1273,.F.);
#4031 = ORIENTED_EDGE('',*,*,#1463,.T.);
#4032 = ORIENTED_EDGE('',*,*,#4033,.T.);
#4033 = EDGE_CURVE('',#1464,#3397,#4034,.T.);
#4034 = LINE('',#4035,#4036);
#4035 = CARTESIAN_POINT('',(22.5,0.8,19.65));
#4036 = VECTOR('',#4037,1.);
#4037 = DIRECTION('',(0.,-1.,0.));
#4038 = ORIENTED_EDGE('',*,*,#3396,.F.);
#4039 = ORIENTED_EDGE('',*,*,#1263,.F.);
#4040 = PLANE('',#4041);
#4041 = AXIS2_PLACEMENT_3D('',#4042,#4043,#4044);
#4042 = CARTESIAN_POINT('',(22.5,0.800000000032,1.8));
#4043 = DIRECTION('',(1.,0.,0.));
#4044 = DIRECTION('',(0.,-1.,0.));
#4045 = ADVANCED_FACE('',(#4046),#4058,.F.);
#4046 = FACE_BOUND('',#4047,.F.);
#4047 = EDGE_LOOP('',(#4048,#4049,#4050,#4056,#4057));
#4048 = ORIENTED_EDGE('',*,*,#1314,.F.);
#4049 = ORIENTED_EDGE('',*,*,#2341,.T.);
#4050 = ORIENTED_EDGE('',*,*,#4051,.T.);
#4051 = EDGE_CURVE('',#2342,#1889,#4052,.T.);
#4052 = LINE('',#4053,#4054);
#4053 = CARTESIAN_POINT('',(-18.67311057527,12.577954581081,19.65));
#4054 = VECTOR('',#4055,1.);
#4055 = DIRECTION('',(0.587785252292,0.809016994375,0.));
#4056 = ORIENTED_EDGE('',*,*,#1888,.F.);
#4057 = ORIENTED_EDGE('',*,*,#1306,.F.);
#4058 = PLANE('',#4059);
#4059 = AXIS2_PLACEMENT_3D('',#4060,#4061,#4062);
#4060 = CARTESIAN_POINT('',(-18.67311057528,12.577954581055,1.8));
#4061 = DIRECTION('',(-0.809016994375,0.587785252292,0.));
#4062 = DIRECTION('',(0.587785252292,0.809016994375,0.));
#4063 = ADVANCED_FACE('',(#4064),#4076,.F.);
#4064 = FACE_BOUND('',#4065,.F.);
#4065 = EDGE_LOOP('',(#4066,#4067,#4068,#4074,#4075));
#4066 = ORIENTED_EDGE('',*,*,#1345,.F.);
#4067 = ORIENTED_EDGE('',*,*,#2841,.T.);
#4068 = ORIENTED_EDGE('',*,*,#4069,.T.);
#4069 = EDGE_CURVE('',#2842,#2397,#4070,.T.);
#4070 = LINE('',#4071,#4072);
#4071 = CARTESIAN_POINT('',(-17.7326541716,-13.87238177208,19.65));
#4072 = VECTOR('',#4073,1.);
#4073 = DIRECTION('',(-0.587785252292,0.809016994375,0.));
#4074 = ORIENTED_EDGE('',*,*,#2396,.F.);
#4075 = ORIENTED_EDGE('',*,*,#1337,.F.);
#4076 = PLANE('',#4077);
#4077 = AXIS2_PLACEMENT_3D('',#4078,#4079,#4080);
#4078 = CARTESIAN_POINT('',(-17.73265417158,-13.8723817721,1.8));
#4079 = DIRECTION('',(-0.809016994375,-0.587785252292,0.));
#4080 = DIRECTION('',(-0.587785252292,0.809016994375,0.));
#4081 = ADVANCED_FACE('',(#4082),#4094,.F.);
#4082 = FACE_BOUND('',#4083,.F.);
#4083 = EDGE_LOOP('',(#4084,#4085,#4086,#4092,#4093));
#4084 = ORIENTED_EDGE('',*,*,#1376,.F.);
#4085 = ORIENTED_EDGE('',*,*,#3341,.T.);
#4086 = ORIENTED_EDGE('',*,*,#4087,.T.);
#4087 = EDGE_CURVE('',#3342,#2897,#4088,.T.);
#4088 = LINE('',#4089,#4090);
#4089 = CARTESIAN_POINT('',(7.713727586472,-21.15155802114,19.65));
#4090 = VECTOR('',#4091,1.);
#4091 = DIRECTION('',(-0.951056516295,-0.309016994375,0.));
#4092 = ORIENTED_EDGE('',*,*,#2896,.F.);
#4093 = ORIENTED_EDGE('',*,*,#1368,.F.);
#4094 = PLANE('',#4095);
#4095 = AXIS2_PLACEMENT_3D('',#4096,#4097,#4098);
#4096 = CARTESIAN_POINT('',(7.713727586503,-21.15155802113,1.8));
#4097 = DIRECTION('',(0.309016994375,-0.951056516295,0.));
#4098 = DIRECTION('',(-0.951056516295,-0.309016994375,0.));
#4099 = ADVANCED_FACE('',(#4100),#4112,.T.);
#4100 = FACE_BOUND('',#4101,.T.);
#4101 = EDGE_LOOP('',(#4102,#4103,#4104,#4111));
#4102 = ORIENTED_EDGE('',*,*,#1405,.T.);
#4103 = ORIENTED_EDGE('',*,*,#1503,.T.);
#4104 = ORIENTED_EDGE('',*,*,#4105,.F.);
#4105 = EDGE_CURVE('',#3786,#1496,#4106,.T.);
#4106 = CIRCLE('',#4107,0.3);
#4107 = AXIS2_PLACEMENT_3D('',#4108,#4109,#4110);
#4108 = CARTESIAN_POINT('',(21.182135733657,1.100000000032,6.1));
#4109 = DIRECTION('',(-1.,0.,1.480297366167E-14));
#4110 = DIRECTION('',(0.,-1.,0.));
#4111 = ORIENTED_EDGE('',*,*,#3785,.T.);
#4112 = CYLINDRICAL_SURFACE('',#4113,0.3);
#4113 = AXIS2_PLACEMENT_3D('',#4114,#4115,#4116);
#4114 = CARTESIAN_POINT('',(22.084863893421,1.100000000032,6.1));
#4115 = DIRECTION('',(1.,0.,0.));
#4116 = DIRECTION('',(0.,-0.707106781187,-0.707106781187));
#4117 = ADVANCED_FACE('',(#4118),#4180,.T.);
#4118 = FACE_BOUND('',#4119,.T.);
#4119 = EDGE_LOOP('',(#4120,#4130,#4138,#4146,#4147,#4155,#4164,#4172,
    #4179));
#4120 = ORIENTED_EDGE('',*,*,#4121,.F.);
#4121 = EDGE_CURVE('',#4122,#1488,#4124,.T.);
#4122 = VERTEX_POINT('',#4123);
#4123 = CARTESIAN_POINT('',(21.131270681754,0.804343533005,
    9.538781480394));
#4124 = B_SPLINE_CURVE_WITH_KNOTS('',3,(#4125,#4126,#4127,#4128,#4129),
  .UNSPECIFIED.,.F.,.F.,(4,1,4),(-1.284078552939E-02,-5.503193798312E-03
    ,0.),.UNSPECIFIED.);
#4125 = CARTESIAN_POINT('',(21.131270681754,0.804343533005,
    9.538781480394));
#4126 = CARTESIAN_POINT('',(21.131270681754,0.804343533005,
    9.514322841291));
#4127 = CARTESIAN_POINT('',(21.142246789278,0.802145258843,
    9.471684992961));
#4128 = CARTESIAN_POINT('',(21.168942915301,0.800000000032,
    9.441865358095));
#4129 = CARTESIAN_POINT('',(21.182135733657,0.800000000032,
    9.432693368431));
#4130 = ORIENTED_EDGE('',*,*,#4131,.F.);
#4131 = EDGE_CURVE('',#4132,#4122,#4134,.T.);
#4132 = VERTEX_POINT('',#4133);
#4133 = CARTESIAN_POINT('',(21.131270681754,0.804343533005,
    9.916281480394));
#4134 = LINE('',#4135,#4136);
#4135 = CARTESIAN_POINT('',(21.131270681754,0.804343533005,20.25));
#4136 = VECTOR('',#4137,1.);
#4137 = DIRECTION('',(0.,0.,-1.));
#4138 = ORIENTED_EDGE('',*,*,#4139,.F.);
#4139 = EDGE_CURVE('',#1480,#4132,#4140,.T.);
#4140 = B_SPLINE_CURVE_WITH_KNOTS('',3,(#4141,#4142,#4143,#4144,#4145),
  .UNSPECIFIED.,.F.,.F.,(4,1,4),(-1.284076099132E-02,-5.503183281994E-03
    ,0.),.UNSPECIFIED.);
#4141 = CARTESIAN_POINT('',(21.182135733657,0.800000000032,
    10.022369592358));
#4142 = CARTESIAN_POINT('',(21.164545342796,0.800000000032,
    10.010140296176));
#4143 = CARTESIAN_POINT('',(21.139378073854,0.802775029909,
    9.977395605605));
#4144 = CARTESIAN_POINT('',(21.131270681754,0.804343533005,
    9.934625424668));
#4145 = CARTESIAN_POINT('',(21.131270681754,0.804343533005,
    9.916281480394));
#4146 = ORIENTED_EDGE('',*,*,#1479,.T.);
#4147 = ORIENTED_EDGE('',*,*,#4148,.T.);
#4148 = EDGE_CURVE('',#1472,#4149,#4151,.T.);
#4149 = VERTEX_POINT('',#4150);
#4150 = CARTESIAN_POINT('',(21.182135733657,0.800000000032,19.95));
#4151 = LINE('',#4152,#4153);
#4152 = CARTESIAN_POINT('',(21.182135733657,0.800000000032,20.25));
#4153 = VECTOR('',#4154,1.);
#4154 = DIRECTION('',(0.,0.,1.));
#4155 = ORIENTED_EDGE('',*,*,#4156,.T.);
#4156 = EDGE_CURVE('',#4149,#4157,#4159,.T.);
#4157 = VERTEX_POINT('',#4158);
#4158 = CARTESIAN_POINT('',(20.882135733657,1.100000000032,19.95));
#4159 = CIRCLE('',#4160,0.3);
#4160 = AXIS2_PLACEMENT_3D('',#4161,#4162,#4163);
#4161 = CARTESIAN_POINT('',(21.182135733657,1.100000000032,19.95));
#4162 = DIRECTION('',(0.,0.,-1.));
#4163 = DIRECTION('',(0.,-1.,0.));
#4164 = ORIENTED_EDGE('',*,*,#4165,.T.);
#4165 = EDGE_CURVE('',#4157,#4166,#4168,.T.);
#4166 = VERTEX_POINT('',#4167);
#4167 = CARTESIAN_POINT('',(20.882135733657,1.100000000032,6.1));
#4168 = LINE('',#4169,#4170);
#4169 = CARTESIAN_POINT('',(20.882135733657,1.100000000032,20.25));
#4170 = VECTOR('',#4171,1.);
#4171 = DIRECTION('',(0.,0.,-1.));
#4172 = ORIENTED_EDGE('',*,*,#4173,.F.);
#4173 = EDGE_CURVE('',#1496,#4166,#4174,.T.);
#4174 = CIRCLE('',#4175,0.3);
#4175 = AXIS2_PLACEMENT_3D('',#4176,#4177,#4178);
#4176 = CARTESIAN_POINT('',(21.182135733657,1.100000000032,6.1));
#4177 = DIRECTION('',(0.,0.,-1.));
#4178 = DIRECTION('',(-1.,0.,0.));
#4179 = ORIENTED_EDGE('',*,*,#1495,.T.);
#4180 = CYLINDRICAL_SURFACE('',#4181,0.3);
#4181 = AXIS2_PLACEMENT_3D('',#4182,#4183,#4184);
#4182 = CARTESIAN_POINT('',(21.182135733657,1.100000000032,20.25));
#4183 = DIRECTION('',(0.,0.,-1.));
#4184 = DIRECTION('',(-0.707106781187,-0.707106781187,-0.));
#4185 = ADVANCED_FACE('',(#4186),#4269,.F.);
#4186 = FACE_BOUND('',#4187,.F.);
#4187 = EDGE_LOOP('',(#4188,#4189,#4226,#4234));
#4188 = ORIENTED_EDGE('',*,*,#1487,.F.);
#4189 = ORIENTED_EDGE('',*,*,#4190,.T.);
#4190 = EDGE_CURVE('',#1488,#4191,#4193,.T.);
#4191 = VERTEX_POINT('',#4192);
#4192 = CARTESIAN_POINT('',(21.182135733657,0.743980337653,
    9.538781480394));
#4193 = B_SPLINE_CURVE_WITH_KNOTS('',7,(#4194,#4195,#4196,#4197,#4198,
    #4199,#4200,#4201,#4202,#4203,#4204,#4205,#4206,#4207,#4208,#4209,
    #4210,#4211,#4212,#4213,#4214,#4215,#4216,#4217,#4218,#4219,#4220,
    #4221,#4222,#4223,#4224,#4225),.UNSPECIFIED.,.F.,.F.,(8,6,6,6,6,8),(
    0.,0.266941696836,0.537908971419,0.735890662828,0.9384733191,1.),
  .UNSPECIFIED.);
#4194 = CARTESIAN_POINT('',(21.182135733657,0.800000000032,
    9.432693368431));
#4195 = CARTESIAN_POINT('',(21.182135733657,0.800000000032,
    9.437149796981));
#4196 = CARTESIAN_POINT('',(21.182135733657,0.799712426735,
    9.441668539573));
#4197 = CARTESIAN_POINT('',(21.182135733657,0.799148508064,
    9.446232719505));
#4198 = CARTESIAN_POINT('',(21.182135733657,0.7983208094,9.450823395606)
  );
#4199 = CARTESIAN_POINT('',(21.182135733657,0.797243555187,
    9.455420361291));
#4200 = CARTESIAN_POINT('',(21.182135733657,0.795932950527,
    9.460002943601));
#4201 = CARTESIAN_POINT('',(21.182135733657,0.792859050733,
    9.469167244269));
#4202 = CARTESIAN_POINT('',(21.182135733657,0.791089165468,
    9.473748294009));
#4203 = CARTESIAN_POINT('',(21.182135733657,0.789117052482,
    9.478271464495));
#4204 = CARTESIAN_POINT('',(21.182135733657,0.786963505126,
    9.482722462332));
#4205 = CARTESIAN_POINT('',(21.182135733657,0.784651112735,9.48707741249
    ));
#4206 = CARTESIAN_POINT('',(21.182135733657,0.782200303286,9.49133825169
    ));
#4207 = CARTESIAN_POINT('',(21.182135733657,0.77774724371,9.49853265725)
  );
#4208 = CARTESIAN_POINT('',(21.182135733657,0.775802507996,
    9.501514658978));
#4209 = CARTESIAN_POINT('',(21.182135733657,0.773795629061,9.50442582777
    ));
#4210 = CARTESIAN_POINT('',(21.182135733657,0.771742835905,
    9.507278352262));
#4211 = CARTESIAN_POINT('',(21.182135733657,0.769646417294,
    9.510064290746));
#4212 = CARTESIAN_POINT('',(21.182135733657,0.767514022907,
    9.512789384211));
#4213 = CARTESIAN_POINT('',(21.182135733657,0.7631327877,9.5181856012));
#4214 = CARTESIAN_POINT('',(21.182135733657,0.760882503553,
    9.520854126452));
#4215 = CARTESIAN_POINT('',(21.182135733657,0.758601452936,
    9.523466347126));
#4216 = CARTESIAN_POINT('',(21.182135733657,0.756291531558,
    9.526028537071));
#4217 = CARTESIAN_POINT('',(21.182135733657,0.753952554664,
    9.528549572035));
#4218 = CARTESIAN_POINT('',(21.182135733657,0.751582019047,
    9.531041527421));
#4219 = CARTESIAN_POINT('',(21.182135733657,0.748443784734,
    9.534273100473));
#4220 = CARTESIAN_POINT('',(21.182135733657,0.74770932332,9.535024713248
    ));
#4221 = CARTESIAN_POINT('',(21.182135733657,0.746971338206,
    9.535775553178));
#4222 = CARTESIAN_POINT('',(21.182135733657,0.746229659404,
    9.536526102499));
#4223 = CARTESIAN_POINT('',(21.182135733657,0.745484089546,
    9.537276886862));
#4224 = CARTESIAN_POINT('',(21.182135733657,0.744734403888,
    9.538028475333));
#4225 = CARTESIAN_POINT('',(21.182135733657,0.74398035031,9.538781480394
    ));
#4226 = ORIENTED_EDGE('',*,*,#4227,.T.);
#4227 = EDGE_CURVE('',#4191,#4228,#4230,.T.);
#4228 = VERTEX_POINT('',#4229);
#4229 = CARTESIAN_POINT('',(21.182135733657,0.743980337653,
    9.916281480394));
#4230 = LINE('',#4231,#4232);
#4231 = CARTESIAN_POINT('',(21.182135733657,0.743980337653,20.25));
#4232 = VECTOR('',#4233,1.);
#4233 = DIRECTION('',(0.,0.,1.));
#4234 = ORIENTED_EDGE('',*,*,#4235,.F.);
#4235 = EDGE_CURVE('',#1480,#4228,#4236,.T.);
#4236 = B_SPLINE_CURVE_WITH_KNOTS('',6,(#4237,#4238,#4239,#4240,#4241,
    #4242,#4243,#4244,#4245,#4246,#4247,#4248,#4249,#4250,#4251,#4252,
    #4253,#4254,#4255,#4256,#4257,#4258,#4259,#4260,#4261,#4262,#4263,
    #4264,#4265,#4266,#4267,#4268),.UNSPECIFIED.,.F.,.F.,(7,5,5,5,5,5,7)
  ,(0.,0.368992423202,0.561957169922,0.676388895921,0.806884335798,
    0.941461296915,1.),.UNSPECIFIED.);
#4237 = CARTESIAN_POINT('',(21.182135733657,0.800000000032,
    10.022369592358));
#4238 = CARTESIAN_POINT('',(21.182135733657,0.800000000032,
    10.01518281389));
#4239 = CARTESIAN_POINT('',(21.182135733657,0.799229427537,
    10.007826020958));
#4240 = CARTESIAN_POINT('',(21.182135733657,0.797742609239,
    10.000376829348));
#4241 = CARTESIAN_POINT('',(21.182135733657,0.795600351865,
    9.992920704343));
#4242 = CARTESIAN_POINT('',(21.182135733657,0.792889545146,
    9.985572908257));
#4243 = CARTESIAN_POINT('',(21.182135733657,0.788036594195,
    9.974679011383));
#4244 = CARTESIAN_POINT('',(21.182135733657,0.786240078504,
    9.970991449039));
#4245 = CARTESIAN_POINT('',(21.182135733657,0.784326575627,
    9.967369814561));
#4246 = CARTESIAN_POINT('',(21.182135733657,0.78230968242,9.963824038182
    ));
#4247 = CARTESIAN_POINT('',(21.182135733657,0.780201806371,
    9.960361351725));
#4248 = CARTESIAN_POINT('',(21.182135733657,0.776714204088,
    9.954984999512));
#4249 = CARTESIAN_POINT('',(21.182135733657,0.77538703249,9.95301463944)
  );
#4250 = CARTESIAN_POINT('',(21.182135733657,0.774033982762,
    9.951075687308));
#4251 = CARTESIAN_POINT('',(21.182135733657,0.772657899071,
    9.949164844527));
#4252 = CARTESIAN_POINT('',(21.182135733657,0.771261206406,
    9.947278792671));
#4253 = CARTESIAN_POINT('',(21.182135733657,0.768231363912,
    9.943295637092));
#4254 = CARTESIAN_POINT('',(21.182135733657,0.76659261844,9.94120609427)
  );
#4255 = CARTESIAN_POINT('',(21.182135733657,0.764932219266,
    9.939149016517));
#4256 = CARTESIAN_POINT('',(21.182135733657,0.763252193883,9.93712340402
    ));
#4257 = CARTESIAN_POINT('',(21.182135733657,0.761553783895,
    9.935127446025));
#4258 = CARTESIAN_POINT('',(21.182135733657,0.758067423998,
    9.931128013358));
#4259 = CARTESIAN_POINT('',(21.182135733657,0.756278316033,9.92912608695
    ));
#4260 = CARTESIAN_POINT('',(21.182135733657,0.754470689042,9.92714995211
    ));
#4261 = CARTESIAN_POINT('',(21.182135733657,0.752644151613,
    9.925195070748));
#4262 = CARTESIAN_POINT('',(21.182135733657,0.750797353001,
    9.923255156197));
#4263 = CARTESIAN_POINT('',(21.182135733657,0.748114838827,
    9.920481358285));
#4264 = CARTESIAN_POINT('',(21.182135733657,0.747297417128,
    9.919641831851));
#4265 = CARTESIAN_POINT('',(21.182135733657,0.746475522585,
    9.918802910737));
#4266 = CARTESIAN_POINT('',(21.182135733657,0.745648912436,9.91796381396
    ));
#4267 = CARTESIAN_POINT('',(21.182135733657,0.744817296596,
    9.917123662717));
#4268 = CARTESIAN_POINT('',(21.182135733657,0.743980337653,
    9.916281480394));
#4269 = PLANE('',#4270);
#4270 = AXIS2_PLACEMENT_3D('',#4271,#4272,#4273);
#4271 = CARTESIAN_POINT('',(21.182135733657,-0.800000000032,1.8));
#4272 = DIRECTION('',(-1.,0.,0.));
#4273 = DIRECTION('',(0.,1.,0.));
#4274 = ADVANCED_FACE('',(#4275),#4286,.F.);
#4275 = FACE_BOUND('',#4276,.T.);
#4276 = EDGE_LOOP('',(#4277,#4278,#4279,#4280));
#4277 = ORIENTED_EDGE('',*,*,#1471,.T.);
#4278 = ORIENTED_EDGE('',*,*,#4033,.T.);
#4279 = ORIENTED_EDGE('',*,*,#3449,.T.);
#4280 = ORIENTED_EDGE('',*,*,#4281,.T.);
#4281 = EDGE_CURVE('',#3442,#1472,#4282,.T.);
#4282 = LINE('',#4283,#4284);
#4283 = CARTESIAN_POINT('',(21.182135733657,-0.8,19.65));
#4284 = VECTOR('',#4285,1.);
#4285 = DIRECTION('',(0.,1.,0.));
#4286 = PLANE('',#4287);
#4287 = AXIS2_PLACEMENT_3D('',#4288,#4289,#4290);
#4288 = CARTESIAN_POINT('',(21.841067866829,0.,19.65));
#4289 = DIRECTION('',(0.,0.,1.));
#4290 = DIRECTION('',(1.,0.,0.));
#4291 = ADVANCED_FACE('',(#4292),#4311,.T.);
#4292 = FACE_BOUND('',#4293,.T.);
#4293 = EDGE_LOOP('',(#4294,#4301,#4302,#4309,#4310));
#4294 = ORIENTED_EDGE('',*,*,#4295,.F.);
#4295 = EDGE_CURVE('',#3952,#1549,#4296,.T.);
#4296 = CIRCLE('',#4297,0.3);
#4297 = AXIS2_PLACEMENT_3D('',#4298,#4299,#4300);
#4298 = CARTESIAN_POINT('',(7.591802086812,19.805489524721,6.1));
#4299 = DIRECTION('',(0.,0.,-1.));
#4300 = DIRECTION('',(-0.951056516295,0.309016994375,0.));
#4301 = ORIENTED_EDGE('',*,*,#3951,.T.);
#4302 = ORIENTED_EDGE('',*,*,#4303,.T.);
#4303 = EDGE_CURVE('',#3943,#3835,#4304,.T.);
#4304 = CIRCLE('',#4305,0.3);
#4305 = AXIS2_PLACEMENT_3D('',#4306,#4307,#4308);
#4306 = CARTESIAN_POINT('',(7.591802086812,19.805489524721,19.95));
#4307 = DIRECTION('',(0.,0.,-1.));
#4308 = DIRECTION('',(-0.309016994375,-0.951056516295,-0.));
#4309 = ORIENTED_EDGE('',*,*,#3843,.T.);
#4310 = ORIENTED_EDGE('',*,*,#1556,.T.);
#4311 = CYLINDRICAL_SURFACE('',#4312,0.3);
#4312 = AXIS2_PLACEMENT_3D('',#4313,#4314,#4315);
#4313 = CARTESIAN_POINT('',(7.591802086812,19.805489524721,20.25));
#4314 = DIRECTION('',(0.,0.,-1.));
#4315 = DIRECTION('',(-0.891006524188,-0.45399049974,-0.));
#4316 = ADVANCED_FACE('',(#4317),#4329,.T.);
#4317 = FACE_BOUND('',#4318,.T.);
#4318 = EDGE_LOOP('',(#4319,#4326,#4327,#4328));
#4319 = ORIENTED_EDGE('',*,*,#4320,.F.);
#4320 = EDGE_CURVE('',#1549,#1615,#4321,.T.);
#4321 = CIRCLE('',#4322,0.3);
#4322 = AXIS2_PLACEMENT_3D('',#4323,#4324,#4325);
#4323 = CARTESIAN_POINT('',(7.591802086812,19.805489524721,6.1));
#4324 = DIRECTION('',(-0.309016994375,-0.951056516295,-0.));
#4325 = DIRECTION('',(0.,0.,-1.));
#4326 = ORIENTED_EDGE('',*,*,#1548,.T.);
#4327 = ORIENTED_EDGE('',*,*,#1581,.F.);
#4328 = ORIENTED_EDGE('',*,*,#1622,.T.);
#4329 = CYLINDRICAL_SURFACE('',#4330,0.3);
#4330 = AXIS2_PLACEMENT_3D('',#4331,#4332,#4333);
#4331 = CARTESIAN_POINT('',(7.61497836139,19.876818763443,6.1));
#4332 = DIRECTION('',(-0.309016994375,-0.951056516295,0.));
#4333 = DIRECTION('',(-0.672498511964,0.218508012224,-0.707106781187));
#4334 = ADVANCED_FACE('',(#4335),#4354,.T.);
#4335 = FACE_BOUND('',#4336,.T.);
#4336 = EDGE_LOOP('',(#4337,#4338,#4346,#4353));
#4337 = ORIENTED_EDGE('',*,*,#1648,.T.);
#4338 = ORIENTED_EDGE('',*,*,#4339,.T.);
#4339 = EDGE_CURVE('',#1640,#4340,#4342,.T.);
#4340 = VERTEX_POINT('',#4341);
#4341 = CARTESIAN_POINT('',(8.733069906366,19.434669131471,6.1));
#4342 = LINE('',#4343,#4344);
#4343 = CARTESIAN_POINT('',(8.988008926725,20.219290757415,6.1));
#4344 = VECTOR('',#4345,1.);
#4345 = DIRECTION('',(-0.309016994375,-0.951056516295,0.));
#4346 = ORIENTED_EDGE('',*,*,#4347,.F.);
#4347 = EDGE_CURVE('',#1607,#4340,#4348,.T.);
#4348 = CIRCLE('',#4349,0.3);
#4349 = AXIS2_PLACEMENT_3D('',#4350,#4351,#4352);
#4350 = CARTESIAN_POINT('',(8.447752951477,19.527374229783,6.1));
#4351 = DIRECTION('',(-0.309016994375,-0.951056516295,
    -1.522205716866E-14));
#4352 = DIRECTION('',(0.951056516295,-0.309016994375,0.));
#4353 = ORIENTED_EDGE('',*,*,#1606,.T.);
#4354 = CYLINDRICAL_SURFACE('',#4355,0.3);
#4355 = AXIS2_PLACEMENT_3D('',#4356,#4357,#4358);
#4356 = CARTESIAN_POINT('',(8.702691971837,20.311995855727,6.1));
#4357 = DIRECTION('',(0.309016994375,0.951056516295,0.));
#4358 = DIRECTION('',(0.672498511964,-0.218508012224,-0.707106781187));
#4359 = ADVANCED_FACE('',(#4360),#4378,.T.);
#4360 = FACE_BOUND('',#4361,.T.);
#4361 = EDGE_LOOP('',(#4362,#4369,#4370,#4377));
#4362 = ORIENTED_EDGE('',*,*,#4363,.F.);
#4363 = EDGE_CURVE('',#3903,#1607,#4364,.T.);
#4364 = CIRCLE('',#4365,0.3);
#4365 = AXIS2_PLACEMENT_3D('',#4366,#4367,#4368);
#4366 = CARTESIAN_POINT('',(8.447752951477,19.527374229783,6.1));
#4367 = DIRECTION('',(0.951056516295,-0.309016994375,0.));
#4368 = DIRECTION('',(0.,0.,-1.));
#4369 = ORIENTED_EDGE('',*,*,#3959,.T.);
#4370 = ORIENTED_EDGE('',*,*,#4371,.F.);
#4371 = EDGE_CURVE('',#1615,#3952,#4372,.T.);
#4372 = CIRCLE('',#4373,0.3);
#4373 = AXIS2_PLACEMENT_3D('',#4374,#4375,#4376);
#4374 = CARTESIAN_POINT('',(7.591802086812,19.805489524721,6.1));
#4375 = DIRECTION('',(-0.951056516295,0.309016994375,0.));
#4376 = DIRECTION('',(-0.309016994375,-0.951056516295,0.));
#4377 = ORIENTED_EDGE('',*,*,#1614,.T.);
#4378 = CYLINDRICAL_SURFACE('',#4379,0.3);
#4379 = AXIS2_PLACEMENT_3D('',#4380,#4381,#4382);
#4380 = CARTESIAN_POINT('',(6.165217312324,20.269015016298,6.1));
#4381 = DIRECTION('',(0.951056516295,-0.309016994375,0.));
#4382 = DIRECTION('',(-0.218508012224,-0.672498511964,-0.707106781187));
#4383 = ADVANCED_FACE('',(#4384),#4402,.T.);
#4384 = FACE_BOUND('',#4385,.T.);
#4385 = EDGE_LOOP('',(#4386,#4394,#4395,#4396));
#4386 = ORIENTED_EDGE('',*,*,#4387,.F.);
#4387 = EDGE_CURVE('',#4340,#4388,#4390,.T.);
#4388 = VERTEX_POINT('',#4389);
#4389 = CARTESIAN_POINT('',(8.733069906366,19.434669131471,21.45));
#4390 = LINE('',#4391,#4392);
#4391 = CARTESIAN_POINT('',(8.733069906366,19.434669131471,20.25));
#4392 = VECTOR('',#4393,1.);
#4393 = DIRECTION('',(0.,0.,1.));
#4394 = ORIENTED_EDGE('',*,*,#4339,.F.);
#4395 = ORIENTED_EDGE('',*,*,#1664,.F.);
#4396 = ORIENTED_EDGE('',*,*,#4397,.F.);
#4397 = EDGE_CURVE('',#4388,#1665,#4398,.T.);
#4398 = LINE('',#4399,#4400);
#4399 = CARTESIAN_POINT('',(8.988008926725,20.219290757415,21.45));
#4400 = VECTOR('',#4401,1.);
#4401 = DIRECTION('',(0.309016994375,0.951056516295,0.));
#4402 = PLANE('',#4403);
#4403 = AXIS2_PLACEMENT_3D('',#4404,#4405,#4406);
#4404 = CARTESIAN_POINT('',(9.103890299616,20.575936951025,20.25));
#4405 = DIRECTION('',(0.951056516295,-0.309016994375,0.));
#4406 = DIRECTION('',(-0.309016994375,-0.951056516295,0.));
#4407 = ADVANCED_FACE('',(#4408),#4427,.T.);
#4408 = FACE_BOUND('',#4409,.T.);
#4409 = EDGE_LOOP('',(#4410,#4419,#4420,#4421));
#4410 = ORIENTED_EDGE('',*,*,#4411,.F.);
#4411 = EDGE_CURVE('',#4388,#4412,#4414,.T.);
#4412 = VERTEX_POINT('',#4413);
#4413 = CARTESIAN_POINT('',(8.447752951477,19.527374229783,21.75));
#4414 = CIRCLE('',#4415,0.3);
#4415 = AXIS2_PLACEMENT_3D('',#4416,#4417,#4418);
#4416 = CARTESIAN_POINT('',(8.447752951477,19.527374229783,21.45));
#4417 = DIRECTION('',(-0.309016994375,-0.951056516295,8.326672684689E-17
    ));
#4418 = DIRECTION('',(0.672498511964,-0.218508012224,0.707106781187));
#4419 = ORIENTED_EDGE('',*,*,#4397,.T.);
#4420 = ORIENTED_EDGE('',*,*,#1689,.F.);
#4421 = ORIENTED_EDGE('',*,*,#4422,.T.);
#4422 = EDGE_CURVE('',#1690,#4412,#4423,.T.);
#4423 = LINE('',#4424,#4425);
#4424 = CARTESIAN_POINT('',(8.702691971837,20.311995855727,21.75));
#4425 = VECTOR('',#4426,1.);
#4426 = DIRECTION('',(-0.309016994375,-0.951056516295,0.));
#4427 = CYLINDRICAL_SURFACE('',#4428,0.3);
#4428 = AXIS2_PLACEMENT_3D('',#4429,#4430,#4431);
#4429 = CARTESIAN_POINT('',(8.702691971837,20.311995855727,21.45));
#4430 = DIRECTION('',(0.309016994375,0.951056516295,0.));
#4431 = DIRECTION('',(0.672498511964,-0.218508012224,0.707106781187));
#4432 = ADVANCED_FACE('',(#4433),#4451,.T.);
#4433 = FACE_BOUND('',#4434,.T.);
#4434 = EDGE_LOOP('',(#4435,#4443,#4444,#4445));
#4435 = ORIENTED_EDGE('',*,*,#4436,.F.);
#4436 = EDGE_CURVE('',#4412,#4437,#4439,.T.);
#4437 = VERTEX_POINT('',#4438);
#4438 = CARTESIAN_POINT('',(4.643526886236,20.763442207303,21.75));
#4439 = LINE('',#4440,#4441);
#4440 = CARTESIAN_POINT('',(6.165217312324,20.269015016298,21.75));
#4441 = VECTOR('',#4442,1.);
#4442 = DIRECTION('',(-0.951056516295,0.309016994375,0.));
#4443 = ORIENTED_EDGE('',*,*,#4422,.F.);
#4444 = ORIENTED_EDGE('',*,*,#1737,.F.);
#4445 = ORIENTED_EDGE('',*,*,#4446,.F.);
#4446 = EDGE_CURVE('',#4437,#1738,#4447,.T.);
#4447 = LINE('',#4448,#4449);
#4448 = CARTESIAN_POINT('',(4.666703160815,20.834771446025,21.75));
#4449 = VECTOR('',#4450,1.);
#4450 = DIRECTION('',(0.309016994375,0.951056516295,0.));
#4451 = PLANE('',#4452);
#4452 = AXIS2_PLACEMENT_3D('',#4453,#4454,#4455);
#4453 = CARTESIAN_POINT('',(6.684697566326,20.573383650876,21.75));
#4454 = DIRECTION('',(0.,0.,1.));
#4455 = DIRECTION('',(1.,0.,0.));
#4456 = ADVANCED_FACE('',(#4457),#4476,.T.);
#4457 = FACE_BOUND('',#4458,.T.);
#4458 = EDGE_LOOP('',(#4459,#4468,#4469,#4470));
#4459 = ORIENTED_EDGE('',*,*,#4460,.F.);
#4460 = EDGE_CURVE('',#4437,#4461,#4463,.T.);
#4461 = VERTEX_POINT('',#4462);
#4462 = CARTESIAN_POINT('',(4.358209931348,20.856147305615,21.45));
#4463 = CIRCLE('',#4464,0.3);
#4464 = AXIS2_PLACEMENT_3D('',#4465,#4466,#4467);
#4465 = CARTESIAN_POINT('',(4.643526886236,20.763442207303,21.45));
#4466 = DIRECTION('',(-0.309016994375,-0.951056516295,
    -8.326672684689E-17));
#4467 = DIRECTION('',(-0.672498511964,0.218508012224,0.707106781187));
#4468 = ORIENTED_EDGE('',*,*,#4446,.T.);
#4469 = ORIENTED_EDGE('',*,*,#1773,.F.);
#4470 = ORIENTED_EDGE('',*,*,#4471,.T.);
#4471 = EDGE_CURVE('',#1765,#4461,#4472,.T.);
#4472 = LINE('',#4473,#4474);
#4473 = CARTESIAN_POINT('',(4.381386205926,20.927476544337,21.45));
#4474 = VECTOR('',#4475,1.);
#4475 = DIRECTION('',(-0.309016994375,-0.951056516295,0.));
#4476 = CYLINDRICAL_SURFACE('',#4477,0.3);
#4477 = AXIS2_PLACEMENT_3D('',#4478,#4479,#4480);
#4478 = CARTESIAN_POINT('',(4.666703160815,20.834771446025,21.45));
#4479 = DIRECTION('',(-0.309016994375,-0.951056516295,0.));
#4480 = DIRECTION('',(-0.672498511964,0.218508012224,0.707106781187));
#4481 = ADVANCED_FACE('',(#4482),#4500,.T.);
#4482 = FACE_BOUND('',#4483,.T.);
#4483 = EDGE_LOOP('',(#4484,#4492,#4493,#4494));
#4484 = ORIENTED_EDGE('',*,*,#4485,.F.);
#4485 = EDGE_CURVE('',#4461,#4486,#4488,.T.);
#4486 = VERTEX_POINT('',#4487);
#4487 = CARTESIAN_POINT('',(4.358209931348,20.856147305615,6.1));
#4488 = LINE('',#4489,#4490);
#4489 = CARTESIAN_POINT('',(4.358209931348,20.856147305615,20.25));
#4490 = VECTOR('',#4491,1.);
#4491 = DIRECTION('',(0.,0.,-1.));
#4492 = ORIENTED_EDGE('',*,*,#4471,.F.);
#4493 = ORIENTED_EDGE('',*,*,#1813,.F.);
#4494 = ORIENTED_EDGE('',*,*,#4495,.F.);
#4495 = EDGE_CURVE('',#4486,#1814,#4496,.T.);
#4496 = LINE('',#4497,#4498);
#4497 = CARTESIAN_POINT('',(4.381386205926,20.927476544337,6.1));
#4498 = VECTOR('',#4499,1.);
#4499 = DIRECTION('',(0.309016994375,0.951056516295,0.));
#4500 = PLANE('',#4501);
#4501 = AXIS2_PLACEMENT_3D('',#4502,#4503,#4504);
#4502 = CARTESIAN_POINT('',(4.265504833035,20.570830350727,20.25));
#4503 = DIRECTION('',(-0.951056516295,0.309016994375,0.));
#4504 = DIRECTION('',(0.309016994375,0.951056516295,0.));
#4505 = ADVANCED_FACE('',(#4506),#4518,.T.);
#4506 = FACE_BOUND('',#4507,.T.);
#4507 = EDGE_LOOP('',(#4508,#4515,#4516,#4517));
#4508 = ORIENTED_EDGE('',*,*,#4509,.F.);
#4509 = EDGE_CURVE('',#4486,#1867,#4510,.T.);
#4510 = CIRCLE('',#4511,0.3);
#4511 = AXIS2_PLACEMENT_3D('',#4512,#4513,#4514);
#4512 = CARTESIAN_POINT('',(4.643526886236,20.763442207303,6.1));
#4513 = DIRECTION('',(-0.309016994375,-0.951056516295,-0.));
#4514 = DIRECTION('',(0.,0.,-1.));
#4515 = ORIENTED_EDGE('',*,*,#4495,.T.);
#4516 = ORIENTED_EDGE('',*,*,#1836,.F.);
#4517 = ORIENTED_EDGE('',*,*,#1874,.T.);
#4518 = CYLINDRICAL_SURFACE('',#4519,0.3);
#4519 = AXIS2_PLACEMENT_3D('',#4520,#4521,#4522);
#4520 = CARTESIAN_POINT('',(4.666703160815,20.834771446025,6.1));
#4521 = DIRECTION('',(-0.309016994375,-0.951056516295,0.));
#4522 = DIRECTION('',(-0.672498511964,0.218508012224,-0.707106781187));
#4523 = ADVANCED_FACE('',(#4524),#4536,.T.);
#4524 = FACE_BOUND('',#4525,.T.);
#4525 = EDGE_LOOP('',(#4526,#4527,#4528,#4535));
#4526 = ORIENTED_EDGE('',*,*,#3815,.F.);
#4527 = ORIENTED_EDGE('',*,*,#3926,.T.);
#4528 = ORIENTED_EDGE('',*,*,#4529,.F.);
#4529 = EDGE_CURVE('',#1867,#3919,#4530,.T.);
#4530 = CIRCLE('',#4531,0.3);
#4531 = AXIS2_PLACEMENT_3D('',#4532,#4533,#4534);
#4532 = CARTESIAN_POINT('',(4.643526886236,20.763442207303,6.1));
#4533 = DIRECTION('',(-0.951056516295,0.309016994375,3.519616140369E-15)
  );
#4534 = DIRECTION('',(-0.309016994375,-0.951056516295,
    -3.944304526105E-31));
#4535 = ORIENTED_EDGE('',*,*,#1866,.T.);
#4536 = CYLINDRICAL_SURFACE('',#4537,0.3);
#4537 = AXIS2_PLACEMENT_3D('',#4538,#4539,#4540);
#4538 = CARTESIAN_POINT('',(6.165217312324,20.269015016298,6.1));
#4539 = DIRECTION('',(0.951056516295,-0.309016994375,0.));
#4540 = DIRECTION('',(-0.218508012224,-0.672498511964,-0.707106781187));
#4541 = ADVANCED_FACE('',(#4542),#4553,.F.);
#4542 = FACE_BOUND('',#4543,.T.);
#4543 = EDGE_LOOP('',(#4544,#4545,#4546,#4547));
#4544 = ORIENTED_EDGE('',*,*,#2349,.T.);
#4545 = ORIENTED_EDGE('',*,*,#4051,.T.);
#4546 = ORIENTED_EDGE('',*,*,#1941,.T.);
#4547 = ORIENTED_EDGE('',*,*,#4548,.T.);
#4548 = EDGE_CURVE('',#1934,#2350,#4549,.T.);
#4549 = LINE('',#4550,#4551);
#4550 = CARTESIAN_POINT('',(-16.66647958385,13.097760591801,19.65));
#4551 = VECTOR('',#4552,1.);
#4552 = DIRECTION('',(-0.587785252292,-0.809016994375,0.));
#4553 = PLANE('',#4554);
#4554 = AXIS2_PLACEMENT_3D('',#4555,#4556,#4557);
#4555 = CARTESIAN_POINT('',(-17.66979507956,12.837857586441,19.65));
#4556 = DIRECTION('',(0.,0.,1.));
#4557 = DIRECTION('',(-0.809016994375,0.587785252292,0.));
#4558 = ADVANCED_FACE('',(#4559),#4594,.T.);
#4559 = FACE_BOUND('',#4560,.T.);
#4560 = EDGE_LOOP('',(#4561,#4570,#4578,#4587,#4593));
#4561 = ORIENTED_EDGE('',*,*,#4562,.F.);
#4562 = EDGE_CURVE('',#4563,#1926,#4565,.T.);
#4563 = VERTEX_POINT('',#4564);
#4564 = CARTESIAN_POINT('',(-16.24743890983,13.164130114451,6.1));
#4565 = CIRCLE('',#4566,0.3);
#4566 = AXIS2_PLACEMENT_3D('',#4567,#4568,#4569);
#4567 = CARTESIAN_POINT('',(-16.49014400814,13.340465690139,6.1));
#4568 = DIRECTION('',(0.,0.,-1.));
#4569 = DIRECTION('',(-0.587785252292,-0.809016994375,-0.));
#4570 = ORIENTED_EDGE('',*,*,#4571,.T.);
#4571 = EDGE_CURVE('',#4563,#4572,#4574,.T.);
#4572 = VERTEX_POINT('',#4573);
#4573 = CARTESIAN_POINT('',(-16.24743890983,13.164130114451,19.95));
#4574 = LINE('',#4575,#4576);
#4575 = CARTESIAN_POINT('',(-16.24743890983,13.164130114451,20.25));
#4576 = VECTOR('',#4577,1.);
#4577 = DIRECTION('',(0.,0.,1.));
#4578 = ORIENTED_EDGE('',*,*,#4579,.T.);
#4579 = EDGE_CURVE('',#4572,#4580,#4582,.T.);
#4580 = VERTEX_POINT('',#4581);
#4581 = CARTESIAN_POINT('',(-16.66647958383,13.097760591827,19.95));
#4582 = CIRCLE('',#4583,0.3);
#4583 = AXIS2_PLACEMENT_3D('',#4584,#4585,#4586);
#4584 = CARTESIAN_POINT('',(-16.49014400814,13.340465690139,19.95));
#4585 = DIRECTION('',(0.,0.,-1.));
#4586 = DIRECTION('',(0.809016994375,-0.587785252292,0.));
#4587 = ORIENTED_EDGE('',*,*,#4588,.T.);
#4588 = EDGE_CURVE('',#4580,#1934,#4589,.T.);
#4589 = LINE('',#4590,#4591);
#4590 = CARTESIAN_POINT('',(-16.66647958383,13.097760591827,20.25));
#4591 = VECTOR('',#4592,1.);
#4592 = DIRECTION('',(0.,0.,-1.));
#4593 = ORIENTED_EDGE('',*,*,#1933,.T.);
#4594 = CYLINDRICAL_SURFACE('',#4595,0.3);
#4595 = AXIS2_PLACEMENT_3D('',#4596,#4597,#4598);
#4596 = CARTESIAN_POINT('',(-16.49014400814,13.340465690139,20.25));
#4597 = DIRECTION('',(0.,0.,-1.));
#4598 = DIRECTION('',(0.15643446504,-0.987688340595,0.));
#4599 = ADVANCED_FACE('',(#4600),#4612,.T.);
#4600 = FACE_BOUND('',#4601,.T.);
#4601 = EDGE_LOOP('',(#4602,#4609,#4610,#4611));
#4602 = ORIENTED_EDGE('',*,*,#4603,.F.);
#4603 = EDGE_CURVE('',#1926,#1999,#4604,.T.);
#4604 = CIRCLE('',#4605,0.3);
#4605 = AXIS2_PLACEMENT_3D('',#4606,#4607,#4608);
#4606 = CARTESIAN_POINT('',(-16.49014400814,13.340465690139,6.1));
#4607 = DIRECTION('',(0.809016994375,-0.587785252292,0.));
#4608 = DIRECTION('',(0.,0.,-1.));
#4609 = ORIENTED_EDGE('',*,*,#1925,.T.);
#4610 = ORIENTED_EDGE('',*,*,#1965,.F.);
#4611 = ORIENTED_EDGE('',*,*,#2006,.T.);
#4612 = CYLINDRICAL_SURFACE('',#4613,0.3);
#4613 = AXIS2_PLACEMENT_3D('',#4614,#4615,#4616);
#4614 = CARTESIAN_POINT('',(-16.55082028272,13.384549584061,6.1));
#4615 = DIRECTION('',(0.809016994375,-0.587785252292,0.));
#4616 = DIRECTION('',(-0.415626937777,-0.572061402818,-0.707106781187));
#4617 = ADVANCED_FACE('',(#4618),#4637,.T.);
#4618 = FACE_BOUND('',#4619,.T.);
#4619 = EDGE_LOOP('',(#4620,#4621,#4629,#4636));
#4620 = ORIENTED_EDGE('',*,*,#2032,.T.);
#4621 = ORIENTED_EDGE('',*,*,#4622,.T.);
#4622 = EDGE_CURVE('',#2024,#4623,#4625,.T.);
#4623 = VERTEX_POINT('',#4624);
#4624 = CARTESIAN_POINT('',(-15.78480170539,14.311286083389,6.1));
#4625 = LINE('',#4626,#4627);
#4626 = CARTESIAN_POINT('',(-16.45224072575,14.79620891653,6.1));
#4627 = VECTOR('',#4628,1.);
#4628 = DIRECTION('',(0.809016994375,-0.587785252292,0.));
#4629 = ORIENTED_EDGE('',*,*,#4630,.F.);
#4630 = EDGE_CURVE('',#1991,#4623,#4631,.T.);
#4631 = CIRCLE('',#4632,0.3);
#4632 = AXIS2_PLACEMENT_3D('',#4633,#4634,#4635);
#4633 = CARTESIAN_POINT('',(-15.96113728108,14.068580985077,6.1));
#4634 = DIRECTION('',(0.809016994375,-0.587785252292,0.));
#4635 = DIRECTION('',(0.587785252292,0.809016994375,0.));
#4636 = ORIENTED_EDGE('',*,*,#1990,.T.);
#4637 = CYLINDRICAL_SURFACE('',#4638,0.3);
#4638 = AXIS2_PLACEMENT_3D('',#4639,#4640,#4641);
#4639 = CARTESIAN_POINT('',(-16.62857630144,14.553503818218,6.1));
#4640 = DIRECTION('',(-0.809016994375,0.587785252292,0.));
#4641 = DIRECTION('',(0.415626937777,0.572061402818,-0.707106781187));
#4642 = ADVANCED_FACE('',(#4643),#4668,.T.);
#4643 = FACE_BOUND('',#4644,.T.);
#4644 = EDGE_LOOP('',(#4645,#4654,#4660,#4667));
#4645 = ORIENTED_EDGE('',*,*,#4646,.F.);
#4646 = EDGE_CURVE('',#4647,#1991,#4649,.T.);
#4647 = VERTEX_POINT('',#4648);
#4648 = CARTESIAN_POINT('',(-15.71843218277,13.892245409389,6.1));
#4649 = CIRCLE('',#4650,0.3);
#4650 = AXIS2_PLACEMENT_3D('',#4651,#4652,#4653);
#4651 = CARTESIAN_POINT('',(-15.96113728108,14.068580985077,6.1));
#4652 = DIRECTION('',(0.587785252292,0.809016994375,0.));
#4653 = DIRECTION('',(0.,0.,-1.));
#4654 = ORIENTED_EDGE('',*,*,#4655,.T.);
#4655 = EDGE_CURVE('',#4647,#4563,#4656,.T.);
#4656 = LINE('',#4657,#4658);
#4657 = CARTESIAN_POINT('',(-17.12911678829,11.950604622851,6.1));
#4658 = VECTOR('',#4659,1.);
#4659 = DIRECTION('',(-0.587785252292,-0.809016994375,0.));
#4660 = ORIENTED_EDGE('',*,*,#4661,.F.);
#4661 = EDGE_CURVE('',#1999,#4563,#4662,.T.);
#4662 = CIRCLE('',#4663,0.3);
#4663 = AXIS2_PLACEMENT_3D('',#4664,#4665,#4666);
#4664 = CARTESIAN_POINT('',(-16.49014400814,13.340465690139,6.1));
#4665 = DIRECTION('',(-0.587785252292,-0.809016994375,0.));
#4666 = DIRECTION('',(0.809016994375,-0.587785252292,0.));
#4667 = ORIENTED_EDGE('',*,*,#1998,.T.);
#4668 = CYLINDRICAL_SURFACE('',#4669,0.3);
#4669 = AXIS2_PLACEMENT_3D('',#4670,#4671,#4672);
#4670 = CARTESIAN_POINT('',(-17.37182188661,12.126940198538,6.1));
#4671 = DIRECTION('',(0.587785252292,0.809016994375,0.));
#4672 = DIRECTION('',(0.572061402818,-0.415626937777,-0.707106781187));
#4673 = ADVANCED_FACE('',(#4674),#4692,.T.);
#4674 = FACE_BOUND('',#4675,.T.);
#4675 = EDGE_LOOP('',(#4676,#4684,#4685,#4686));
#4676 = ORIENTED_EDGE('',*,*,#4677,.F.);
#4677 = EDGE_CURVE('',#4623,#4678,#4680,.T.);
#4678 = VERTEX_POINT('',#4679);
#4679 = CARTESIAN_POINT('',(-15.78480170539,14.311286083389,21.45));
#4680 = LINE('',#4681,#4682);
#4681 = CARTESIAN_POINT('',(-15.78480170539,14.311286083389,20.25));
#4682 = VECTOR('',#4683,1.);
#4683 = DIRECTION('',(0.,0.,1.));
#4684 = ORIENTED_EDGE('',*,*,#4622,.F.);
#4685 = ORIENTED_EDGE('',*,*,#2048,.F.);
#4686 = ORIENTED_EDGE('',*,*,#4687,.F.);
#4687 = EDGE_CURVE('',#4678,#2049,#4688,.T.);
#4688 = LINE('',#4689,#4690);
#4689 = CARTESIAN_POINT('',(-16.45224072575,14.79620891653,21.45));
#4690 = VECTOR('',#4691,1.);
#4691 = DIRECTION('',(-0.809016994375,0.587785252292,0.));
#4692 = PLANE('',#4693);
#4693 = AXIS2_PLACEMENT_3D('',#4694,#4695,#4696);
#4694 = CARTESIAN_POINT('',(-16.75562209864,15.01662838614,20.25));
#4695 = DIRECTION('',(0.587785252292,0.809016994375,0.));
#4696 = DIRECTION('',(0.809016994375,-0.587785252292,0.));
#4697 = ADVANCED_FACE('',(#4698),#4717,.T.);
#4698 = FACE_BOUND('',#4699,.T.);
#4699 = EDGE_LOOP('',(#4700,#4709,#4710,#4711));
#4700 = ORIENTED_EDGE('',*,*,#4701,.F.);
#4701 = EDGE_CURVE('',#4678,#4702,#4704,.T.);
#4702 = VERTEX_POINT('',#4703);
#4703 = CARTESIAN_POINT('',(-15.96113728108,14.068580985077,21.75));
#4704 = CIRCLE('',#4705,0.3);
#4705 = AXIS2_PLACEMENT_3D('',#4706,#4707,#4708);
#4706 = CARTESIAN_POINT('',(-15.96113728108,14.068580985077,21.45));
#4707 = DIRECTION('',(0.809016994375,-0.587785252292,-5.551115123126E-17
    ));
#4708 = DIRECTION('',(0.415626937777,0.572061402818,0.707106781187));
#4709 = ORIENTED_EDGE('',*,*,#4687,.T.);
#4710 = ORIENTED_EDGE('',*,*,#2073,.F.);
#4711 = ORIENTED_EDGE('',*,*,#4712,.T.);
#4712 = EDGE_CURVE('',#2074,#4702,#4713,.T.);
#4713 = LINE('',#4714,#4715);
#4714 = CARTESIAN_POINT('',(-16.62857630144,14.553503818218,21.75));
#4715 = VECTOR('',#4716,1.);
#4716 = DIRECTION('',(0.809016994375,-0.587785252292,0.));
#4717 = CYLINDRICAL_SURFACE('',#4718,0.3);
#4718 = AXIS2_PLACEMENT_3D('',#4719,#4720,#4721);
#4719 = CARTESIAN_POINT('',(-16.62857630144,14.553503818218,21.45));
#4720 = DIRECTION('',(-0.809016994375,0.587785252292,0.));
#4721 = DIRECTION('',(0.415626937777,0.572061402818,0.707106781187));
#4722 = ADVANCED_FACE('',(#4723),#4741,.T.);
#4723 = FACE_BOUND('',#4724,.T.);
#4724 = EDGE_LOOP('',(#4725,#4733,#4734,#4735));
#4725 = ORIENTED_EDGE('',*,*,#4726,.F.);
#4726 = EDGE_CURVE('',#4702,#4727,#4729,.T.);
#4727 = VERTEX_POINT('',#4728);
#4728 = CARTESIAN_POINT('',(-18.31227829028,10.832513007526,21.75));
#4729 = LINE('',#4730,#4731);
#4730 = CARTESIAN_POINT('',(-17.37182188661,12.126940198538,21.75));
#4731 = VECTOR('',#4732,1.);
#4732 = DIRECTION('',(-0.587785252292,-0.809016994375,0.));
#4733 = ORIENTED_EDGE('',*,*,#4712,.F.);
#4734 = ORIENTED_EDGE('',*,*,#2121,.F.);
#4735 = ORIENTED_EDGE('',*,*,#4736,.F.);
#4736 = EDGE_CURVE('',#4727,#2122,#4737,.T.);
#4737 = LINE('',#4738,#4739);
#4738 = CARTESIAN_POINT('',(-18.37295456486,10.876596901448,21.75));
#4739 = VECTOR('',#4740,1.);
#4740 = DIRECTION('',(-0.809016994375,0.587785252292,0.));
#4741 = PLANE('',#4742);
#4742 = AXIS2_PLACEMENT_3D('',#4743,#4744,#4745);
#4743 = CARTESIAN_POINT('',(-17.50076543315,12.715050359833,21.75));
#4744 = DIRECTION('',(0.,0.,1.));
#4745 = DIRECTION('',(1.,0.,0.));
#4746 = ADVANCED_FACE('',(#4747),#4766,.T.);
#4747 = FACE_BOUND('',#4748,.T.);
#4748 = EDGE_LOOP('',(#4749,#4758,#4759,#4760));
#4749 = ORIENTED_EDGE('',*,*,#4750,.F.);
#4750 = EDGE_CURVE('',#4727,#4751,#4753,.T.);
#4751 = VERTEX_POINT('',#4752);
#4752 = CARTESIAN_POINT('',(-18.48861386597,10.589807909213,21.45));
#4753 = CIRCLE('',#4754,0.3);
#4754 = AXIS2_PLACEMENT_3D('',#4755,#4756,#4757);
#4755 = CARTESIAN_POINT('',(-18.31227829028,10.832513007526,21.45));
#4756 = DIRECTION('',(0.809016994375,-0.587785252292,5.551115123126E-17)
  );
#4757 = DIRECTION('',(-0.415626937777,-0.572061402818,0.707106781187));
#4758 = ORIENTED_EDGE('',*,*,#4736,.T.);
#4759 = ORIENTED_EDGE('',*,*,#2157,.F.);
#4760 = ORIENTED_EDGE('',*,*,#4761,.T.);
#4761 = EDGE_CURVE('',#2149,#4751,#4762,.T.);
#4762 = LINE('',#4763,#4764);
#4763 = CARTESIAN_POINT('',(-18.54929014055,10.633891803135,21.45));
#4764 = VECTOR('',#4765,1.);
#4765 = DIRECTION('',(0.809016994375,-0.587785252292,0.));
#4766 = CYLINDRICAL_SURFACE('',#4767,0.3);
#4767 = AXIS2_PLACEMENT_3D('',#4768,#4769,#4770);
#4768 = CARTESIAN_POINT('',(-18.37295456486,10.876596901448,21.45));
#4769 = DIRECTION('',(0.809016994375,-0.587785252292,0.));
#4770 = DIRECTION('',(-0.415626937777,-0.572061402818,0.707106781187));
#4771 = ADVANCED_FACE('',(#4772),#4790,.T.);
#4772 = FACE_BOUND('',#4773,.T.);
#4773 = EDGE_LOOP('',(#4774,#4782,#4783,#4784));
#4774 = ORIENTED_EDGE('',*,*,#4775,.F.);
#4775 = EDGE_CURVE('',#4751,#4776,#4778,.T.);
#4776 = VERTEX_POINT('',#4777);
#4777 = CARTESIAN_POINT('',(-18.48861386597,10.589807909213,6.1));
#4778 = LINE('',#4779,#4780);
#4779 = CARTESIAN_POINT('',(-18.48861386597,10.589807909213,20.25));
#4780 = VECTOR('',#4781,1.);
#4781 = DIRECTION('',(0.,0.,-1.));
#4782 = ORIENTED_EDGE('',*,*,#4761,.F.);
#4783 = ORIENTED_EDGE('',*,*,#2197,.F.);
#4784 = ORIENTED_EDGE('',*,*,#4785,.F.);
#4785 = EDGE_CURVE('',#4776,#2198,#4786,.T.);
#4786 = LINE('',#4787,#4788);
#4787 = CARTESIAN_POINT('',(-18.54929014055,10.633891803135,6.1));
#4788 = VECTOR('',#4789,1.);
#4789 = DIRECTION('',(-0.809016994375,0.587785252292,0.));
#4790 = PLANE('',#4791);
#4791 = AXIS2_PLACEMENT_3D('',#4792,#4793,#4794);
#4792 = CARTESIAN_POINT('',(-18.24590876766,10.413472333525,20.25));
#4793 = DIRECTION('',(-0.587785252292,-0.809016994375,0.));
#4794 = DIRECTION('',(-0.809016994375,0.587785252292,0.));
#4795 = ADVANCED_FACE('',(#4796),#4808,.T.);
#4796 = FACE_BOUND('',#4797,.T.);
#4797 = EDGE_LOOP('',(#4798,#4805,#4806,#4807));
#4798 = ORIENTED_EDGE('',*,*,#4799,.F.);
#4799 = EDGE_CURVE('',#4776,#2266,#4800,.T.);
#4800 = CIRCLE('',#4801,0.3);
#4801 = AXIS2_PLACEMENT_3D('',#4802,#4803,#4804);
#4802 = CARTESIAN_POINT('',(-18.31227829028,10.832513007526,6.1));
#4803 = DIRECTION('',(0.809016994375,-0.587785252292,0.));
#4804 = DIRECTION('',(0.,0.,-1.));
#4805 = ORIENTED_EDGE('',*,*,#4785,.T.);
#4806 = ORIENTED_EDGE('',*,*,#2220,.F.);
#4807 = ORIENTED_EDGE('',*,*,#2273,.T.);
#4808 = CYLINDRICAL_SURFACE('',#4809,0.3);
#4809 = AXIS2_PLACEMENT_3D('',#4810,#4811,#4812);
#4810 = CARTESIAN_POINT('',(-18.37295456486,10.876596901448,6.1));
#4811 = DIRECTION('',(0.809016994375,-0.587785252292,0.));
#4812 = DIRECTION('',(-0.415626937777,-0.572061402818,-0.707106781187));
#4813 = ADVANCED_FACE('',(#4814),#4826,.T.);
#4814 = FACE_BOUND('',#4815,.T.);
#4815 = EDGE_LOOP('',(#4816,#4817,#4818,#4825));
#4816 = ORIENTED_EDGE('',*,*,#2287,.T.);
#4817 = ORIENTED_EDGE('',*,*,#2381,.T.);
#4818 = ORIENTED_EDGE('',*,*,#4819,.F.);
#4819 = EDGE_CURVE('',#2258,#2374,#4820,.T.);
#4820 = CIRCLE('',#4821,0.3);
#4821 = AXIS2_PLACEMENT_3D('',#4822,#4823,#4824);
#4822 = CARTESIAN_POINT('',(-17.78327156322,11.560628302463,6.1));
#4823 = DIRECTION('',(0.809016994375,-0.587785252292,-4.350484804202E-15
    ));
#4824 = DIRECTION('',(0.587785252292,0.809016994375,-3.944304526105E-31)
  );
#4825 = ORIENTED_EDGE('',*,*,#2257,.T.);
#4826 = CYLINDRICAL_SURFACE('',#4827,0.3);
#4827 = AXIS2_PLACEMENT_3D('',#4828,#4829,#4830);
#4828 = CARTESIAN_POINT('',(-18.49263285171,12.076009446269,6.1));
#4829 = DIRECTION('',(-0.809016994375,0.587785252292,0.));
#4830 = DIRECTION('',(0.415626937777,0.572061402818,-0.707106781187));
#4831 = ADVANCED_FACE('',(#4832),#4859,.T.);
#4832 = FACE_BOUND('',#4833,.T.);
#4833 = EDGE_LOOP('',(#4834,#4843,#4851,#4858));
#4834 = ORIENTED_EDGE('',*,*,#4835,.F.);
#4835 = EDGE_CURVE('',#4836,#2258,#4838,.T.);
#4836 = VERTEX_POINT('',#4837);
#4837 = CARTESIAN_POINT('',(-17.54056646491,11.384292726775,6.1));
#4838 = CIRCLE('',#4839,0.3);
#4839 = AXIS2_PLACEMENT_3D('',#4840,#4841,#4842);
#4840 = CARTESIAN_POINT('',(-17.78327156322,11.560628302463,6.1));
#4841 = DIRECTION('',(0.587785252292,0.809016994375,0.));
#4842 = DIRECTION('',(0.,0.,-1.));
#4843 = ORIENTED_EDGE('',*,*,#4844,.T.);
#4844 = EDGE_CURVE('',#4836,#4845,#4847,.T.);
#4845 = VERTEX_POINT('',#4846);
#4846 = CARTESIAN_POINT('',(-18.06957319197,10.656177431838,6.1));
#4847 = LINE('',#4848,#4849);
#4848 = CARTESIAN_POINT('',(-17.12911678829,11.950604622851,6.1));
#4849 = VECTOR('',#4850,1.);
#4850 = DIRECTION('',(-0.587785252292,-0.809016994375,0.));
#4851 = ORIENTED_EDGE('',*,*,#4852,.F.);
#4852 = EDGE_CURVE('',#2266,#4845,#4853,.T.);
#4853 = CIRCLE('',#4854,0.3);
#4854 = AXIS2_PLACEMENT_3D('',#4855,#4856,#4857);
#4855 = CARTESIAN_POINT('',(-18.31227829028,10.832513007526,6.1));
#4856 = DIRECTION('',(-0.587785252292,-0.809016994375,0.));
#4857 = DIRECTION('',(0.809016994375,-0.587785252292,0.));
#4858 = ORIENTED_EDGE('',*,*,#2265,.T.);
#4859 = CYLINDRICAL_SURFACE('',#4860,0.3);
#4860 = AXIS2_PLACEMENT_3D('',#4861,#4862,#4863);
#4861 = CARTESIAN_POINT('',(-17.37182188661,12.126940198538,6.1));
#4862 = DIRECTION('',(0.587785252292,0.809016994375,0.));
#4863 = DIRECTION('',(0.572061402818,-0.415626937777,-0.707106781187));
#4864 = ADVANCED_FACE('',(#4865),#4925,.T.);
#4865 = FACE_BOUND('',#4866,.T.);
#4866 = EDGE_LOOP('',(#4867,#4877,#4885,#4893,#4894,#4902,#4911,#4917,
    #4924));
#4867 = ORIENTED_EDGE('',*,*,#4868,.F.);
#4868 = EDGE_CURVE('',#4869,#2366,#4871,.T.);
#4869 = VERTEX_POINT('',#4870);
#4870 = CARTESIAN_POINT('',(-17.56833836075,11.769921681419,
    9.538781480394));
#4871 = B_SPLINE_CURVE_WITH_KNOTS('',3,(#4872,#4873,#4874,#4875,#4876),
  .UNSPECIFIED.,.F.,.F.,(4,1,4),(-1.284078553581E-02,-5.503193801059E-03
    ,0.),.UNSPECIFIED.);
#4872 = CARTESIAN_POINT('',(-17.56833836075,11.769921681419,
    9.538781480394));
#4873 = CARTESIAN_POINT('',(-17.56833836075,11.769921681419,
    9.514322841279));
#4874 = CARTESIAN_POINT('',(-17.57592610411,11.778151715809,
    9.471684995819));
#4875 = CARTESIAN_POINT('',(-17.59626277327,11.795578856706,
    9.441865358099));
#4876 = CARTESIAN_POINT('',(-17.60693598753,11.803333400776,
    9.432693368431));
#4877 = ORIENTED_EDGE('',*,*,#4878,.F.);
#4878 = EDGE_CURVE('',#4879,#4869,#4881,.T.);
#4879 = VERTEX_POINT('',#4880);
#4880 = CARTESIAN_POINT('',(-17.56833836075,11.769921681419,
    9.916281480394));
#4881 = LINE('',#4882,#4883);
#4882 = CARTESIAN_POINT('',(-17.56833836075,11.769921681419,20.25));
#4883 = VECTOR('',#4884,1.);
#4884 = DIRECTION('',(0.,0.,-1.));
#4885 = ORIENTED_EDGE('',*,*,#4886,.F.);
#4886 = EDGE_CURVE('',#2358,#4879,#4887,.T.);
#4887 = B_SPLINE_CURVE_WITH_KNOTS('',3,(#4888,#4889,#4890,#4891,#4892),
  .UNSPECIFIED.,.F.,.F.,(4,1,4),(-1.284076083616E-02,-5.503183215495E-03
    ,-2.242366951084E-16),.UNSPECIFIED.);
#4888 = CARTESIAN_POINT('',(-17.60693598753,11.803333400776,
    10.022369592358));
#4889 = CARTESIAN_POINT('',(-17.59270506256,11.79299402857,
    10.010140296324));
#4890 = CARTESIAN_POINT('',(-17.5739754365,11.775956033452,
    9.977395608026));
#4891 = CARTESIAN_POINT('',(-17.56833836075,11.769921681419,
    9.934625424446));
#4892 = CARTESIAN_POINT('',(-17.56833836075,11.769921681419,
    9.916281480394));
#4893 = ORIENTED_EDGE('',*,*,#2357,.T.);
#4894 = ORIENTED_EDGE('',*,*,#4895,.T.);
#4895 = EDGE_CURVE('',#2350,#4896,#4898,.T.);
#4896 = VERTEX_POINT('',#4897);
#4897 = CARTESIAN_POINT('',(-17.60693598753,11.803333400776,19.95));
#4898 = LINE('',#4899,#4900);
#4899 = CARTESIAN_POINT('',(-17.60693598753,11.803333400776,20.25));
#4900 = VECTOR('',#4901,1.);
#4901 = DIRECTION('',(0.,0.,1.));
#4902 = ORIENTED_EDGE('',*,*,#4903,.T.);
#4903 = EDGE_CURVE('',#4896,#4904,#4906,.T.);
#4904 = VERTEX_POINT('',#4905);
#4905 = CARTESIAN_POINT('',(-17.54056646491,11.384292726775,19.95));
#4906 = CIRCLE('',#4907,0.3);
#4907 = AXIS2_PLACEMENT_3D('',#4908,#4909,#4910);
#4908 = CARTESIAN_POINT('',(-17.78327156322,11.560628302463,19.95));
#4909 = DIRECTION('',(0.,0.,-1.));
#4910 = DIRECTION('',(0.587785252292,0.809016994375,0.));
#4911 = ORIENTED_EDGE('',*,*,#4912,.T.);
#4912 = EDGE_CURVE('',#4904,#4836,#4913,.T.);
#4913 = LINE('',#4914,#4915);
#4914 = CARTESIAN_POINT('',(-17.54056646491,11.384292726775,20.25));
#4915 = VECTOR('',#4916,1.);
#4916 = DIRECTION('',(0.,0.,-1.));
#4917 = ORIENTED_EDGE('',*,*,#4918,.F.);
#4918 = EDGE_CURVE('',#2374,#4836,#4919,.T.);
#4919 = CIRCLE('',#4920,0.3);
#4920 = AXIS2_PLACEMENT_3D('',#4921,#4922,#4923);
#4921 = CARTESIAN_POINT('',(-17.78327156322,11.560628302463,6.1));
#4922 = DIRECTION('',(0.,0.,-1.));
#4923 = DIRECTION('',(0.809016994375,-0.587785252292,0.));
#4924 = ORIENTED_EDGE('',*,*,#2373,.T.);
#4925 = CYLINDRICAL_SURFACE('',#4926,0.3);
#4926 = AXIS2_PLACEMENT_3D('',#4927,#4928,#4929);
#4927 = CARTESIAN_POINT('',(-17.78327156322,11.560628302463,20.25));
#4928 = DIRECTION('',(0.,0.,-1.));
#4929 = DIRECTION('',(0.987688340595,0.15643446504,0.));
#4930 = ADVANCED_FACE('',(#4931),#5014,.F.);
#4931 = FACE_BOUND('',#4932,.F.);
#4932 = EDGE_LOOP('',(#4933,#4934,#4971,#4979));
#4933 = ORIENTED_EDGE('',*,*,#2365,.F.);
#4934 = ORIENTED_EDGE('',*,*,#4935,.T.);
#4935 = EDGE_CURVE('',#2366,#4936,#4938,.T.);
#4936 = VERTEX_POINT('',#4937);
#4937 = CARTESIAN_POINT('',(-17.56963154102,11.854678566506,
    9.538781480394));
#4938 = B_SPLINE_CURVE_WITH_KNOTS('',7,(#4939,#4940,#4941,#4942,#4943,
    #4944,#4945,#4946,#4947,#4948,#4949,#4950,#4951,#4952,#4953,#4954,
    #4955,#4956,#4957,#4958,#4959,#4960,#4961,#4962,#4963,#4964,#4965,
    #4966,#4967,#4968,#4969,#4970),.UNSPECIFIED.,.F.,.F.,(8,6,6,6,6,8),(
    0.,0.235933642329,0.53699520749,0.735897923594,0.938469710377,1.),
  .UNSPECIFIED.);
#4939 = CARTESIAN_POINT('',(-17.60693598753,11.803333400776,
    9.432693368431));
#4940 = CARTESIAN_POINT('',(-17.60693598753,11.803333400776,
    9.436632136551));
#4941 = CARTESIAN_POINT('',(-17.60680391882,11.803515177761,
    9.440619571372));
#4942 = CARTESIAN_POINT('',(-17.60654436203,11.803872427034,
    9.444643933047));
#4943 = CARTESIAN_POINT('',(-17.6061623485,11.804398223552,
    9.448692353973));
#4944 = CARTESIAN_POINT('',(-17.60566348357,11.80508485223,
    9.452751173554));
#4945 = CARTESIAN_POINT('',(-17.60505406985,11.805923638247,
    9.456806272969));
#4946 = CARTESIAN_POINT('',(-17.60343161672,11.808156753405,
    9.465994971887));
#4947 = CARTESIAN_POINT('',(-17.60235357229,11.809640554264,
    9.471117654225));
#4948 = CARTESIAN_POINT('',(-17.60112184998,11.811335874594,
    9.476180456878));
#4949 = CARTESIAN_POINT('',(-17.59975283463,11.813220162569,
    9.481160680081));
#4950 = CARTESIAN_POINT('',(-17.59826488873,11.815268144403,
    9.486025636754));
#4951 = CARTESIAN_POINT('',(-17.59667502557,11.817456403316,
    9.490774146484));
#4952 = CARTESIAN_POINT('',(-17.59388717678,11.821293547984,
    9.498448210721));
#4953 = CARTESIAN_POINT('',(-17.59273960776,11.822873041231,
    9.50144560631));
#4954 = CARTESIAN_POINT('',(-17.59155509238,11.824503386786,
    9.504371613504));
#4955 = CARTESIAN_POINT('',(-17.59034322771,11.826171375413,
    9.507238221849));
#4956 = CARTESIAN_POINT('',(-17.58910551511,11.827874940651,
    9.510037832908));
#4957 = CARTESIAN_POINT('',(-17.58784642664,11.829607927252,
    9.512775936023));
#4958 = CARTESIAN_POINT('',(-17.58526544616,11.833160342129,
    9.518184606476));
#4959 = CARTESIAN_POINT('',(-17.58394288443,11.834980692187,
    9.520853104711));
#4960 = CARTESIAN_POINT('',(-17.58260223858,11.83682593289,
    9.523465319461));
#4961 = CARTESIAN_POINT('',(-17.581244621,11.838694533179,9.526027524416
    ));
#4962 = CARTESIAN_POINT('',(-17.57986992186,11.840586644224,
    9.528548595912));
#4963 = CARTESIAN_POINT('',(-17.57847666813,11.842504293467,
    9.531040610289));
#4964 = CARTESIAN_POINT('',(-17.57663214773,11.845043057997,
    9.534272375252));
#4965 = CARTESIAN_POINT('',(-17.57620042437,11.84563727423,
    9.535024106182));
#4966 = CARTESIAN_POINT('',(-17.57576662855,11.846234342957,
    9.535775060144));
#4967 = CARTESIAN_POINT('',(-17.57533066022,11.846834401876,
    9.536525716158));
#4968 = CARTESIAN_POINT('',(-17.57489240329,11.847437610798,
    9.537276606156));
#4969 = CARTESIAN_POINT('',(-17.57445172557,11.848044151649,
    9.538028314982));
#4970 = CARTESIAN_POINT('',(-17.57400847881,11.848654228471,
    9.538781480394));
#4971 = ORIENTED_EDGE('',*,*,#4972,.T.);
#4972 = EDGE_CURVE('',#4936,#4973,#4975,.T.);
#4973 = VERTEX_POINT('',#4974);
#4974 = CARTESIAN_POINT('',(-17.57400845615,11.848654259659,
    9.916281480394));
#4975 = LINE('',#4976,#4977);
#4976 = CARTESIAN_POINT('',(-17.57400845615,11.848654259659,20.25));
#4977 = VECTOR('',#4978,1.);
#4978 = DIRECTION('',(0.,0.,1.));
#4979 = ORIENTED_EDGE('',*,*,#4980,.F.);
#4980 = EDGE_CURVE('',#2358,#4973,#4981,.T.);
#4981 = B_SPLINE_CURVE_WITH_KNOTS('',6,(#4982,#4983,#4984,#4985,#4986,
    #4987,#4988,#4989,#4990,#4991,#4992,#4993,#4994,#4995,#4996,#4997,
    #4998,#4999,#5000,#5001,#5002,#5003,#5004,#5005,#5006,#5007,#5008,
    #5009,#5010,#5011,#5012,#5013),.UNSPECIFIED.,.F.,.F.,(7,5,5,5,5,5,7)
  ,(0.,0.321968927683,0.537209145674,0.665995114065,0.805247885633,
    0.940686107302,1.),.UNSPECIFIED.);
#4982 = CARTESIAN_POINT('',(-17.60693598753,11.803333400776,
    10.022369592358));
#4983 = CARTESIAN_POINT('',(-17.60693598753,11.803333400776,
    10.016098680407));
#4984 = CARTESIAN_POINT('',(-17.60659111533,11.803808076639,
    10.00969842911));
#4985 = CARTESIAN_POINT('',(-17.60592249101,11.804728359074,
    10.003220402727));
#4986 = CARTESIAN_POINT('',(-17.60495378237,11.806061672122,
    9.996720654098));
#4987 = CARTESIAN_POINT('',(-17.60371620918,11.807765045494,
    9.990270928689));
#4988 = CARTESIAN_POINT('',(-17.60126137749,11.81114383145,
    9.979697807871));
#4989 = CARTESIAN_POINT('',(-17.60017338584,11.812641323482,
    9.975511898283));
#4990 = CARTESIAN_POINT('',(-17.59899133318,11.814268279397,
    9.971395524762));
#4991 = CARTESIAN_POINT('',(-17.59772653666,11.816009122453,
    9.967365098398));
#4992 = CARTESIAN_POINT('',(-17.59638975451,11.817849045238,
    9.96343306467));
#4993 = CARTESIAN_POINT('',(-17.59415196261,11.820929101554,
    9.95731725858));
#4994 = CARTESIAN_POINT('',(-17.59329163806,11.822113236704,
    9.955065264716));
#4995 = CARTESIAN_POINT('',(-17.59241003989,11.823326652492,
    9.952855017941));
#4996 = CARTESIAN_POINT('',(-17.59150991374,11.824565569847,
    9.950683095918));
#4997 = CARTESIAN_POINT('',(-17.59059395094,11.82582628448,
    9.948544177246));
#4998 = CARTESIAN_POINT('',(-17.58865706138,11.82849218426,9.94415827059
    ));
#4999 = CARTESIAN_POINT('',(-17.58763380323,11.829900578279,
    9.941916956215));
#5000 = CARTESIAN_POINT('',(-17.58659569408,11.831329412945,
    9.939712852837));
#5001 = CARTESIAN_POINT('',(-17.58554427849,11.832776562352,
    9.937544885642));
#5002 = CARTESIAN_POINT('',(-17.58448050059,11.834240727018,
    9.935410966878));
#5003 = CARTESIAN_POINT('',(-17.58235837685,11.837161579766,
    9.931262631517));
#5004 = CARTESIAN_POINT('',(-17.58130066986,11.838617388547,
    9.929246353704));
#5005 = CARTESIAN_POINT('',(-17.5802319414,11.840088367081,
    9.927256368257));
#5006 = CARTESIAN_POINT('',(-17.5791519724,11.84157481688,9.925288096481
    ));
#5007 = CARTESIAN_POINT('',(-17.57805996646,11.843077834115,
    9.923335175151));
#5008 = CARTESIAN_POINT('',(-17.576470443,11.845265625473,9.920537347379
    ));
#5009 = CARTESIAN_POINT('',(-17.57598376006,11.845935487072,
    9.919686595729));
#5010 = CARTESIAN_POINT('',(-17.5754943824,11.846609057629,
    9.918836494512));
#5011 = CARTESIAN_POINT('',(-17.57500216217,11.847286540656,
    9.917986233839));
#5012 = CARTESIAN_POINT('',(-17.57450692222,11.847968179964,
    9.917134900985));
#5013 = CARTESIAN_POINT('',(-17.57400845615,11.848654259659,
    9.916281480394));
#5014 = PLANE('',#5015);
#5015 = AXIS2_PLACEMENT_3D('',#5016,#5017,#5018);
#5016 = CARTESIAN_POINT('',(-16.66647958383,13.097760591827,1.8));
#5017 = DIRECTION('',(0.809016994375,-0.587785252292,0.));
#5018 = DIRECTION('',(-0.587785252292,-0.809016994375,0.));
#5019 = ADVANCED_FACE('',(#5020),#5031,.F.);
#5020 = FACE_BOUND('',#5021,.T.);
#5021 = EDGE_LOOP('',(#5022,#5023,#5024,#5025));
#5022 = ORIENTED_EDGE('',*,*,#2849,.T.);
#5023 = ORIENTED_EDGE('',*,*,#4069,.T.);
#5024 = ORIENTED_EDGE('',*,*,#2449,.T.);
#5025 = ORIENTED_EDGE('',*,*,#5026,.T.);
#5026 = EDGE_CURVE('',#2442,#2850,#5027,.T.);
#5027 = LINE('',#5028,#5029);
#5028 = CARTESIAN_POINT('',(-17.60693598751,-11.8033334008,19.65));
#5029 = VECTOR('',#5030,1.);
#5030 = DIRECTION('',(0.587785252292,-0.809016994375,0.));
#5031 = PLANE('',#5032);
#5032 = AXIS2_PLACEMENT_3D('',#5033,#5034,#5035);
#5033 = CARTESIAN_POINT('',(-17.66979507956,-12.83785758644,19.65));
#5034 = DIRECTION('',(0.,0.,1.));
#5035 = DIRECTION('',(-0.809016994375,-0.587785252292,0.));
#5036 = ADVANCED_FACE('',(#5037),#5072,.T.);
#5037 = FACE_BOUND('',#5038,.T.);
#5038 = EDGE_LOOP('',(#5039,#5048,#5056,#5065,#5071));
#5039 = ORIENTED_EDGE('',*,*,#5040,.F.);
#5040 = EDGE_CURVE('',#5041,#2434,#5043,.T.);
#5041 = VERTEX_POINT('',#5042);
#5042 = CARTESIAN_POINT('',(-17.54056646491,-11.38429272677,6.1));
#5043 = CIRCLE('',#5044,0.3);
#5044 = AXIS2_PLACEMENT_3D('',#5045,#5046,#5047);
#5045 = CARTESIAN_POINT('',(-17.78327156322,-11.56062830246,6.1));
#5046 = DIRECTION('',(0.,0.,-1.));
#5047 = DIRECTION('',(0.587785252292,-0.809016994375,0.));
#5048 = ORIENTED_EDGE('',*,*,#5049,.T.);
#5049 = EDGE_CURVE('',#5041,#5050,#5052,.T.);
#5050 = VERTEX_POINT('',#5051);
#5051 = CARTESIAN_POINT('',(-17.54056646491,-11.38429272677,19.95));
#5052 = LINE('',#5053,#5054);
#5053 = CARTESIAN_POINT('',(-17.54056646491,-11.38429272677,20.25));
#5054 = VECTOR('',#5055,1.);
#5055 = DIRECTION('',(0.,0.,1.));
#5056 = ORIENTED_EDGE('',*,*,#5057,.T.);
#5057 = EDGE_CURVE('',#5050,#5058,#5060,.T.);
#5058 = VERTEX_POINT('',#5059);
#5059 = CARTESIAN_POINT('',(-17.60693598753,-11.80333340077,19.95));
#5060 = CIRCLE('',#5061,0.3);
#5061 = AXIS2_PLACEMENT_3D('',#5062,#5063,#5064);
#5062 = CARTESIAN_POINT('',(-17.78327156322,-11.56062830246,19.95));
#5063 = DIRECTION('',(0.,0.,-1.));
#5064 = DIRECTION('',(0.809016994375,0.587785252292,0.));
#5065 = ORIENTED_EDGE('',*,*,#5066,.T.);
#5066 = EDGE_CURVE('',#5058,#2442,#5067,.T.);
#5067 = LINE('',#5068,#5069);
#5068 = CARTESIAN_POINT('',(-17.60693598753,-11.80333340077,20.25));
#5069 = VECTOR('',#5070,1.);
#5070 = DIRECTION('',(0.,0.,-1.));
#5071 = ORIENTED_EDGE('',*,*,#2441,.T.);
#5072 = CYLINDRICAL_SURFACE('',#5073,0.3);
#5073 = AXIS2_PLACEMENT_3D('',#5074,#5075,#5076);
#5074 = CARTESIAN_POINT('',(-17.78327156322,-11.56062830246,20.25));
#5075 = DIRECTION('',(0.,0.,-1.));
#5076 = DIRECTION('',(0.987688340595,-0.15643446504,0.));
#5077 = ADVANCED_FACE('',(#5078),#5090,.T.);
#5078 = FACE_BOUND('',#5079,.T.);
#5079 = EDGE_LOOP('',(#5080,#5087,#5088,#5089));
#5080 = ORIENTED_EDGE('',*,*,#5081,.F.);
#5081 = EDGE_CURVE('',#2434,#2507,#5082,.T.);
#5082 = CIRCLE('',#5083,0.3);
#5083 = AXIS2_PLACEMENT_3D('',#5084,#5085,#5086);
#5084 = CARTESIAN_POINT('',(-17.78327156322,-11.56062830246,6.1));
#5085 = DIRECTION('',(0.809016994375,0.587785252292,0.));
#5086 = DIRECTION('',(0.,0.,-1.));
#5087 = ORIENTED_EDGE('',*,*,#2433,.T.);
#5088 = ORIENTED_EDGE('',*,*,#2473,.F.);
#5089 = ORIENTED_EDGE('',*,*,#2514,.T.);
#5090 = CYLINDRICAL_SURFACE('',#5091,0.3);
#5091 = AXIS2_PLACEMENT_3D('',#5092,#5093,#5094);
#5092 = CARTESIAN_POINT('',(-17.8439478378,-11.60471219638,6.1));
#5093 = DIRECTION('',(0.809016994375,0.587785252292,0.));
#5094 = DIRECTION('',(0.415626937777,-0.572061402818,-0.707106781187));
#5095 = ADVANCED_FACE('',(#5096),#5115,.T.);
#5096 = FACE_BOUND('',#5097,.T.);
#5097 = EDGE_LOOP('',(#5098,#5099,#5107,#5114));
#5098 = ORIENTED_EDGE('',*,*,#2540,.T.);
#5099 = ORIENTED_EDGE('',*,*,#5100,.T.);
#5100 = EDGE_CURVE('',#2532,#5101,#5103,.T.);
#5101 = VERTEX_POINT('',#5102);
#5102 = CARTESIAN_POINT('',(-18.48861386597,-10.58980790921,6.1));
#5103 = LINE('',#5104,#5105);
#5104 = CARTESIAN_POINT('',(-19.15605288633,-11.07473074235,6.1));
#5105 = VECTOR('',#5106,1.);
#5106 = DIRECTION('',(0.809016994375,0.587785252292,0.));
#5107 = ORIENTED_EDGE('',*,*,#5108,.F.);
#5108 = EDGE_CURVE('',#2499,#5101,#5109,.T.);
#5109 = CIRCLE('',#5110,0.3);
#5110 = AXIS2_PLACEMENT_3D('',#5111,#5112,#5113);
#5111 = CARTESIAN_POINT('',(-18.31227829028,-10.83251300752,6.1));
#5112 = DIRECTION('',(0.809016994375,0.587785252292,-0.));
#5113 = DIRECTION('',(-0.587785252292,0.809016994375,0.));
#5114 = ORIENTED_EDGE('',*,*,#2498,.T.);
#5115 = CYLINDRICAL_SURFACE('',#5116,0.3);
#5116 = AXIS2_PLACEMENT_3D('',#5117,#5118,#5119);
#5117 = CARTESIAN_POINT('',(-18.97971731064,-11.31743584066,6.1));
#5118 = DIRECTION('',(-0.809016994375,-0.587785252292,0.));
#5119 = DIRECTION('',(-0.415626937777,0.572061402818,-0.707106781187));
#5120 = ADVANCED_FACE('',(#5121),#5146,.T.);
#5121 = FACE_BOUND('',#5122,.T.);
#5122 = EDGE_LOOP('',(#5123,#5132,#5138,#5145));
#5123 = ORIENTED_EDGE('',*,*,#5124,.F.);
#5124 = EDGE_CURVE('',#5125,#2499,#5127,.T.);
#5125 = VERTEX_POINT('',#5126);
#5126 = CARTESIAN_POINT('',(-18.06957319197,-10.65617743183,6.1));
#5127 = CIRCLE('',#5128,0.3);
#5128 = AXIS2_PLACEMENT_3D('',#5129,#5130,#5131);
#5129 = CARTESIAN_POINT('',(-18.31227829028,-10.83251300752,6.1));
#5130 = DIRECTION('',(-0.587785252292,0.809016994375,0.));
#5131 = DIRECTION('',(0.,0.,-1.));
#5132 = ORIENTED_EDGE('',*,*,#5133,.T.);
#5133 = EDGE_CURVE('',#5125,#5041,#5134,.T.);
#5134 = LINE('',#5135,#5136);
#5135 = CARTESIAN_POINT('',(-16.65888858644,-12.59781821837,6.1));
#5136 = VECTOR('',#5137,1.);
#5137 = DIRECTION('',(0.587785252292,-0.809016994375,0.));
#5138 = ORIENTED_EDGE('',*,*,#5139,.F.);
#5139 = EDGE_CURVE('',#2507,#5041,#5140,.T.);
#5140 = CIRCLE('',#5141,0.3);
#5141 = AXIS2_PLACEMENT_3D('',#5142,#5143,#5144);
#5142 = CARTESIAN_POINT('',(-17.78327156322,-11.56062830246,6.1));
#5143 = DIRECTION('',(0.587785252292,-0.809016994375,-4.350484804202E-15
    ));
#5144 = DIRECTION('',(0.809016994375,0.587785252292,3.944304526105E-31)
  );
#5145 = ORIENTED_EDGE('',*,*,#2506,.T.);
#5146 = CYLINDRICAL_SURFACE('',#5147,0.3);
#5147 = AXIS2_PLACEMENT_3D('',#5148,#5149,#5150);
#5148 = CARTESIAN_POINT('',(-16.90159368475,-12.77415379406,6.1));
#5149 = DIRECTION('',(-0.587785252292,0.809016994375,0.));
#5150 = DIRECTION('',(0.572061402818,0.415626937777,-0.707106781187));
#5151 = ADVANCED_FACE('',(#5152),#5170,.T.);
#5152 = FACE_BOUND('',#5153,.T.);
#5153 = EDGE_LOOP('',(#5154,#5162,#5163,#5164));
#5154 = ORIENTED_EDGE('',*,*,#5155,.F.);
#5155 = EDGE_CURVE('',#5101,#5156,#5158,.T.);
#5156 = VERTEX_POINT('',#5157);
#5157 = CARTESIAN_POINT('',(-18.48861386597,-10.58980790921,21.45));
#5158 = LINE('',#5159,#5160);
#5159 = CARTESIAN_POINT('',(-18.48861386597,-10.58980790921,20.25));
#5160 = VECTOR('',#5161,1.);
#5161 = DIRECTION('',(0.,0.,1.));
#5162 = ORIENTED_EDGE('',*,*,#5100,.F.);
#5163 = ORIENTED_EDGE('',*,*,#2556,.F.);
#5164 = ORIENTED_EDGE('',*,*,#5165,.F.);
#5165 = EDGE_CURVE('',#5156,#2557,#5166,.T.);
#5166 = LINE('',#5167,#5168);
#5167 = CARTESIAN_POINT('',(-19.15605288633,-11.07473074235,21.45));
#5168 = VECTOR('',#5169,1.);
#5169 = DIRECTION('',(-0.809016994375,-0.587785252292,0.));
#5170 = PLANE('',#5171);
#5171 = AXIS2_PLACEMENT_3D('',#5172,#5173,#5174);
#5172 = CARTESIAN_POINT('',(-19.45943425922,-11.29515021196,20.25));
#5173 = DIRECTION('',(-0.587785252292,0.809016994375,0.));
#5174 = DIRECTION('',(0.809016994375,0.587785252292,0.));
#5175 = ADVANCED_FACE('',(#5176),#5195,.T.);
#5176 = FACE_BOUND('',#5177,.T.);
#5177 = EDGE_LOOP('',(#5178,#5187,#5188,#5189));
#5178 = ORIENTED_EDGE('',*,*,#5179,.F.);
#5179 = EDGE_CURVE('',#5156,#5180,#5182,.T.);
#5180 = VERTEX_POINT('',#5181);
#5181 = CARTESIAN_POINT('',(-18.31227829028,-10.83251300752,21.75));
#5182 = CIRCLE('',#5183,0.3);
#5183 = AXIS2_PLACEMENT_3D('',#5184,#5185,#5186);
#5184 = CARTESIAN_POINT('',(-18.31227829028,-10.83251300752,21.45));
#5185 = DIRECTION('',(0.809016994375,0.587785252292,5.551115123126E-17)
  );
#5186 = DIRECTION('',(-0.415626937777,0.572061402818,0.707106781187));
#5187 = ORIENTED_EDGE('',*,*,#5165,.T.);
#5188 = ORIENTED_EDGE('',*,*,#2581,.F.);
#5189 = ORIENTED_EDGE('',*,*,#5190,.T.);
#5190 = EDGE_CURVE('',#2582,#5180,#5191,.T.);
#5191 = LINE('',#5192,#5193);
#5192 = CARTESIAN_POINT('',(-18.97971731064,-11.31743584066,21.75));
#5193 = VECTOR('',#5194,1.);
#5194 = DIRECTION('',(0.809016994375,0.587785252292,0.));
#5195 = CYLINDRICAL_SURFACE('',#5196,0.3);
#5196 = AXIS2_PLACEMENT_3D('',#5197,#5198,#5199);
#5197 = CARTESIAN_POINT('',(-18.97971731064,-11.31743584066,21.45));
#5198 = DIRECTION('',(-0.809016994375,-0.587785252292,0.));
#5199 = DIRECTION('',(-0.415626937777,0.572061402818,0.707106781187));
#5200 = ADVANCED_FACE('',(#5201),#5219,.T.);
#5201 = FACE_BOUND('',#5202,.T.);
#5202 = EDGE_LOOP('',(#5203,#5211,#5212,#5213));
#5203 = ORIENTED_EDGE('',*,*,#5204,.F.);
#5204 = EDGE_CURVE('',#5180,#5205,#5207,.T.);
#5205 = VERTEX_POINT('',#5206);
#5206 = CARTESIAN_POINT('',(-15.96113728108,-14.06858098507,21.75));
#5207 = LINE('',#5208,#5209);
#5208 = CARTESIAN_POINT('',(-16.90159368475,-12.77415379406,21.75));
#5209 = VECTOR('',#5210,1.);
#5210 = DIRECTION('',(0.587785252292,-0.809016994375,0.));
#5211 = ORIENTED_EDGE('',*,*,#5190,.F.);
#5212 = ORIENTED_EDGE('',*,*,#2629,.F.);
#5213 = ORIENTED_EDGE('',*,*,#5214,.F.);
#5214 = EDGE_CURVE('',#5205,#2630,#5215,.T.);
#5215 = LINE('',#5216,#5217);
#5216 = CARTESIAN_POINT('',(-16.02181355566,-14.11266487899,21.75));
#5217 = VECTOR('',#5218,1.);
#5218 = DIRECTION('',(-0.809016994375,-0.587785252292,0.));
#5219 = PLANE('',#5220);
#5220 = AXIS2_PLACEMENT_3D('',#5221,#5222,#5223);
#5221 = CARTESIAN_POINT('',(-17.50076543315,-12.71505035983,21.75));
#5222 = DIRECTION('',(0.,0.,1.));
#5223 = DIRECTION('',(1.,0.,0.));
#5224 = ADVANCED_FACE('',(#5225),#5244,.T.);
#5225 = FACE_BOUND('',#5226,.T.);
#5226 = EDGE_LOOP('',(#5227,#5236,#5237,#5238));
#5227 = ORIENTED_EDGE('',*,*,#5228,.F.);
#5228 = EDGE_CURVE('',#5205,#5229,#5231,.T.);
#5229 = VERTEX_POINT('',#5230);
#5230 = CARTESIAN_POINT('',(-15.78480170539,-14.31128608338,21.45));
#5231 = CIRCLE('',#5232,0.3);
#5232 = AXIS2_PLACEMENT_3D('',#5233,#5234,#5235);
#5233 = CARTESIAN_POINT('',(-15.96113728108,-14.06858098507,21.45));
#5234 = DIRECTION('',(0.809016994375,0.587785252292,-5.551115123126E-17)
  );
#5235 = DIRECTION('',(0.415626937777,-0.572061402818,0.707106781187));
#5236 = ORIENTED_EDGE('',*,*,#5214,.T.);
#5237 = ORIENTED_EDGE('',*,*,#2665,.F.);
#5238 = ORIENTED_EDGE('',*,*,#5239,.T.);
#5239 = EDGE_CURVE('',#2657,#5229,#5240,.T.);
#5240 = LINE('',#5241,#5242);
#5241 = CARTESIAN_POINT('',(-15.84547797997,-14.35536997731,21.45));
#5242 = VECTOR('',#5243,1.);
#5243 = DIRECTION('',(0.809016994375,0.587785252292,0.));
#5244 = CYLINDRICAL_SURFACE('',#5245,0.3);
#5245 = AXIS2_PLACEMENT_3D('',#5246,#5247,#5248);
#5246 = CARTESIAN_POINT('',(-16.02181355566,-14.11266487899,21.45));
#5247 = DIRECTION('',(0.809016994375,0.587785252292,0.));
#5248 = DIRECTION('',(0.415626937777,-0.572061402818,0.707106781187));
#5249 = ADVANCED_FACE('',(#5250),#5268,.T.);
#5250 = FACE_BOUND('',#5251,.T.);
#5251 = EDGE_LOOP('',(#5252,#5260,#5261,#5262));
#5252 = ORIENTED_EDGE('',*,*,#5253,.F.);
#5253 = EDGE_CURVE('',#5229,#5254,#5256,.T.);
#5254 = VERTEX_POINT('',#5255);
#5255 = CARTESIAN_POINT('',(-15.78480170539,-14.31128608338,6.1));
#5256 = LINE('',#5257,#5258);
#5257 = CARTESIAN_POINT('',(-15.78480170539,-14.31128608338,20.25));
#5258 = VECTOR('',#5259,1.);
#5259 = DIRECTION('',(0.,0.,-1.));
#5260 = ORIENTED_EDGE('',*,*,#5239,.F.);
#5261 = ORIENTED_EDGE('',*,*,#2705,.F.);
#5262 = ORIENTED_EDGE('',*,*,#5263,.F.);
#5263 = EDGE_CURVE('',#5254,#2706,#5264,.T.);
#5264 = LINE('',#5265,#5266);
#5265 = CARTESIAN_POINT('',(-15.84547797997,-14.35536997731,6.1));
#5266 = VECTOR('',#5267,1.);
#5267 = DIRECTION('',(-0.809016994375,-0.587785252292,0.));
#5268 = PLANE('',#5269);
#5269 = AXIS2_PLACEMENT_3D('',#5270,#5271,#5272);
#5270 = CARTESIAN_POINT('',(-15.54209660708,-14.1349505077,20.25));
#5271 = DIRECTION('',(0.587785252292,-0.809016994375,0.));
#5272 = DIRECTION('',(-0.809016994375,-0.587785252292,0.));
#5273 = ADVANCED_FACE('',(#5274),#5286,.T.);
#5274 = FACE_BOUND('',#5275,.T.);
#5275 = EDGE_LOOP('',(#5276,#5283,#5284,#5285));
#5276 = ORIENTED_EDGE('',*,*,#5277,.F.);
#5277 = EDGE_CURVE('',#5254,#2774,#5278,.T.);
#5278 = CIRCLE('',#5279,0.3);
#5279 = AXIS2_PLACEMENT_3D('',#5280,#5281,#5282);
#5280 = CARTESIAN_POINT('',(-15.96113728108,-14.06858098507,6.1));
#5281 = DIRECTION('',(0.809016994375,0.587785252292,0.));
#5282 = DIRECTION('',(0.,0.,-1.));
#5283 = ORIENTED_EDGE('',*,*,#5263,.T.);
#5284 = ORIENTED_EDGE('',*,*,#2728,.F.);
#5285 = ORIENTED_EDGE('',*,*,#2781,.T.);
#5286 = CYLINDRICAL_SURFACE('',#5287,0.3);
#5287 = AXIS2_PLACEMENT_3D('',#5288,#5289,#5290);
#5288 = CARTESIAN_POINT('',(-16.02181355566,-14.11266487899,6.1));
#5289 = DIRECTION('',(0.809016994375,0.587785252292,0.));
#5290 = DIRECTION('',(0.415626937777,-0.572061402818,-0.707106781187));
#5291 = ADVANCED_FACE('',(#5292),#5304,.T.);
#5292 = FACE_BOUND('',#5293,.T.);
#5293 = EDGE_LOOP('',(#5294,#5295,#5296,#5303));
#5294 = ORIENTED_EDGE('',*,*,#2795,.T.);
#5295 = ORIENTED_EDGE('',*,*,#2881,.T.);
#5296 = ORIENTED_EDGE('',*,*,#5297,.F.);
#5297 = EDGE_CURVE('',#2766,#2874,#5298,.T.);
#5298 = CIRCLE('',#5299,0.3);
#5299 = AXIS2_PLACEMENT_3D('',#5300,#5301,#5302);
#5300 = CARTESIAN_POINT('',(-16.49014400814,-13.34046569013,6.1));
#5301 = DIRECTION('',(0.809016994375,0.587785252292,5.987928629788E-15)
  );
#5302 = DIRECTION('',(-0.587785252292,0.809016994375,3.944304526105E-31)
  );
#5303 = ORIENTED_EDGE('',*,*,#2765,.T.);
#5304 = CYLINDRICAL_SURFACE('',#5305,0.3);
#5305 = AXIS2_PLACEMENT_3D('',#5306,#5307,#5308);
#5306 = CARTESIAN_POINT('',(-17.19950529663,-13.85584683394,6.1));
#5307 = DIRECTION('',(-0.809016994375,-0.587785252292,0.));
#5308 = DIRECTION('',(-0.415626937777,0.572061402818,-0.707106781187));
#5309 = ADVANCED_FACE('',(#5310),#5337,.T.);
#5310 = FACE_BOUND('',#5311,.T.);
#5311 = EDGE_LOOP('',(#5312,#5321,#5329,#5336));
#5312 = ORIENTED_EDGE('',*,*,#5313,.F.);
#5313 = EDGE_CURVE('',#5314,#2766,#5316,.T.);
#5314 = VERTEX_POINT('',#5315);
#5315 = CARTESIAN_POINT('',(-16.24743890983,-13.16413011445,6.1));
#5316 = CIRCLE('',#5317,0.3);
#5317 = AXIS2_PLACEMENT_3D('',#5318,#5319,#5320);
#5318 = CARTESIAN_POINT('',(-16.49014400814,-13.34046569013,6.1));
#5319 = DIRECTION('',(-0.587785252292,0.809016994375,0.));
#5320 = DIRECTION('',(0.,0.,-1.));
#5321 = ORIENTED_EDGE('',*,*,#5322,.T.);
#5322 = EDGE_CURVE('',#5314,#5323,#5325,.T.);
#5323 = VERTEX_POINT('',#5324);
#5324 = CARTESIAN_POINT('',(-15.71843218277,-13.89224540938,6.1));
#5325 = LINE('',#5326,#5327);
#5326 = CARTESIAN_POINT('',(-16.65888858644,-12.59781821837,6.1));
#5327 = VECTOR('',#5328,1.);
#5328 = DIRECTION('',(0.587785252292,-0.809016994375,0.));
#5329 = ORIENTED_EDGE('',*,*,#5330,.F.);
#5330 = EDGE_CURVE('',#2774,#5323,#5331,.T.);
#5331 = CIRCLE('',#5332,0.3);
#5332 = AXIS2_PLACEMENT_3D('',#5333,#5334,#5335);
#5333 = CARTESIAN_POINT('',(-15.96113728108,-14.06858098507,6.1));
#5334 = DIRECTION('',(0.587785252292,-0.809016994375,1.033841343399E-14)
  );
#5335 = DIRECTION('',(0.809016994375,0.587785252292,1.577721810442E-30)
  );
#5336 = ORIENTED_EDGE('',*,*,#2773,.T.);
#5337 = CYLINDRICAL_SURFACE('',#5338,0.3);
#5338 = AXIS2_PLACEMENT_3D('',#5339,#5340,#5341);
#5339 = CARTESIAN_POINT('',(-16.90159368475,-12.77415379406,6.1));
#5340 = DIRECTION('',(-0.587785252292,0.809016994375,0.));
#5341 = DIRECTION('',(0.572061402818,0.415626937777,-0.707106781187));
#5342 = ADVANCED_FACE('',(#5343),#5403,.T.);
#5343 = FACE_BOUND('',#5344,.T.);
#5344 = EDGE_LOOP('',(#5345,#5355,#5363,#5371,#5372,#5380,#5389,#5395,
    #5402));
#5345 = ORIENTED_EDGE('',*,*,#5346,.F.);
#5346 = EDGE_CURVE('',#5347,#2866,#5349,.T.);
#5347 = VERTEX_POINT('',#5348);
#5348 = CARTESIAN_POINT('',(-16.62277582779,-13.07137685645,
    9.538781480394));
#5349 = B_SPLINE_CURVE_WITH_KNOTS('',3,(#5350,#5351,#5352,#5353,#5354),
  .UNSPECIFIED.,.F.,.F.,(4,1,4),(-1.284078553628E-02,-5.503193801263E-03
    ,-2.936092551226E-17),.UNSPECIFIED.);
#5350 = CARTESIAN_POINT('',(-16.62277582779,-13.07137685645,
    9.538781480394));
#5351 = CARTESIAN_POINT('',(-16.62277582779,-13.07137685645,
    9.514322841278));
#5352 = CARTESIAN_POINT('',(-16.63294779718,-13.07605000866,
    9.47168499611));
#5353 = CARTESIAN_POINT('',(-16.65580636957,-13.09000604775,9.4418653581
    ));
#5354 = CARTESIAN_POINT('',(-16.66647958383,-13.09776059182,
    9.432693368431));
#5355 = ORIENTED_EDGE('',*,*,#5356,.F.);
#5356 = EDGE_CURVE('',#5357,#5347,#5359,.T.);
#5357 = VERTEX_POINT('',#5358);
#5358 = CARTESIAN_POINT('',(-16.62277582779,-13.07137685645,
    9.916281480394));
#5359 = LINE('',#5360,#5361);
#5360 = CARTESIAN_POINT('',(-16.62277582779,-13.07137685645,20.25));
#5361 = VECTOR('',#5362,1.);
#5362 = DIRECTION('',(0.,0.,-1.));
#5363 = ORIENTED_EDGE('',*,*,#5364,.F.);
#5364 = EDGE_CURVE('',#2858,#5357,#5365,.T.);
#5365 = B_SPLINE_CURVE_WITH_KNOTS('',3,(#5366,#5367,#5368,#5369,#5370),
  .UNSPECIFIED.,.F.,.F.,(4,1,4),(-1.284076082091E-02,-5.503183208962E-03
    ,0.),.UNSPECIFIED.);
#5366 = CARTESIAN_POINT('',(-16.66647958383,-13.09776059182,
    10.022369592358));
#5367 = CARTESIAN_POINT('',(-16.65224865887,-13.08742121963,
    10.010140296338));
#5368 = CARTESIAN_POINT('',(-16.63025678995,-13.07487331679,
    9.977395608249));
#5369 = CARTESIAN_POINT('',(-16.62277582779,-13.07137685645,
    9.934625424424));
#5370 = CARTESIAN_POINT('',(-16.62277582779,-13.07137685645,
    9.916281480394));
#5371 = ORIENTED_EDGE('',*,*,#2857,.T.);
#5372 = ORIENTED_EDGE('',*,*,#5373,.T.);
#5373 = EDGE_CURVE('',#2850,#5374,#5376,.T.);
#5374 = VERTEX_POINT('',#5375);
#5375 = CARTESIAN_POINT('',(-16.66647958383,-13.09776059182,19.95));
#5376 = LINE('',#5377,#5378);
#5377 = CARTESIAN_POINT('',(-16.66647958383,-13.09776059182,20.25));
#5378 = VECTOR('',#5379,1.);
#5379 = DIRECTION('',(0.,0.,1.));
#5380 = ORIENTED_EDGE('',*,*,#5381,.T.);
#5381 = EDGE_CURVE('',#5374,#5382,#5384,.T.);
#5382 = VERTEX_POINT('',#5383);
#5383 = CARTESIAN_POINT('',(-16.24743890983,-13.16413011445,19.95));
#5384 = CIRCLE('',#5385,0.3);
#5385 = AXIS2_PLACEMENT_3D('',#5386,#5387,#5388);
#5386 = CARTESIAN_POINT('',(-16.49014400814,-13.34046569013,19.95));
#5387 = DIRECTION('',(0.,0.,-1.));
#5388 = DIRECTION('',(-0.587785252292,0.809016994375,0.));
#5389 = ORIENTED_EDGE('',*,*,#5390,.T.);
#5390 = EDGE_CURVE('',#5382,#5314,#5391,.T.);
#5391 = LINE('',#5392,#5393);
#5392 = CARTESIAN_POINT('',(-16.24743890983,-13.16413011445,20.25));
#5393 = VECTOR('',#5394,1.);
#5394 = DIRECTION('',(0.,0.,-1.));
#5395 = ORIENTED_EDGE('',*,*,#5396,.F.);
#5396 = EDGE_CURVE('',#2874,#5314,#5397,.T.);
#5397 = CIRCLE('',#5398,0.3);
#5398 = AXIS2_PLACEMENT_3D('',#5399,#5400,#5401);
#5399 = CARTESIAN_POINT('',(-16.49014400814,-13.34046569013,6.1));
#5400 = DIRECTION('',(0.,0.,-1.));
#5401 = DIRECTION('',(0.809016994375,0.587785252292,0.));
#5402 = ORIENTED_EDGE('',*,*,#2873,.T.);
#5403 = CYLINDRICAL_SURFACE('',#5404,0.3);
#5404 = AXIS2_PLACEMENT_3D('',#5405,#5406,#5407);
#5405 = CARTESIAN_POINT('',(-16.49014400814,-13.34046569013,20.25));
#5406 = DIRECTION('',(0.,0.,-1.));
#5407 = DIRECTION('',(0.15643446504,0.987688340595,0.));
#5408 = ADVANCED_FACE('',(#5409),#5509,.F.);
#5409 = FACE_BOUND('',#5410,.F.);
#5410 = EDGE_LOOP('',(#5411,#5412,#5461,#5469));
#5411 = ORIENTED_EDGE('',*,*,#2865,.F.);
#5412 = ORIENTED_EDGE('',*,*,#5413,.T.);
#5413 = EDGE_CURVE('',#2866,#5414,#5416,.T.);
#5414 = VERTEX_POINT('',#5415);
#5415 = CARTESIAN_POINT('',(-16.69940711521,-13.05243973294,
    9.538781480394));
#5416 = B_SPLINE_CURVE_WITH_KNOTS('',7,(#5417,#5418,#5419,#5420,#5421,
    #5422,#5423,#5424,#5425,#5426,#5427,#5428,#5429,#5430,#5431,#5432,
    #5433,#5434,#5435,#5436,#5437,#5438,#5439,#5440,#5441,#5442,#5443,
    #5444,#5445,#5446,#5447,#5448,#5449,#5450,#5451,#5452,#5453,#5454,
    #5455,#5456,#5457,#5458,#5459,#5460),.UNSPECIFIED.,.F.,.F.,(8,6,6,6,
    6,6,6,8),(0.,0.240684977929,0.537356752585,0.737658091974,
    0.937496766979,0.974717649258,0.993328091103,1.),.UNSPECIFIED.);
#5417 = CARTESIAN_POINT('',(-16.66647958383,-13.09776059182,
    9.432693368431));
#5418 = CARTESIAN_POINT('',(-16.66647958383,-13.09776059182,
    9.436715626481));
#5419 = CARTESIAN_POINT('',(-16.66661731045,-13.09757102739,
    9.440788629578));
#5420 = CARTESIAN_POINT('',(-16.66688788854,-13.0971986086,9.44489989029
    ));
#5421 = CARTESIAN_POINT('',(-16.66728594812,-13.09665072659,
    9.449035672651));
#5422 = CARTESIAN_POINT('',(-16.66780549113,-13.09593563698,
    9.453181381304));
#5423 = CARTESIAN_POINT('',(-16.66843975814,-13.09506264334,
    9.457321950665));
#5424 = CARTESIAN_POINT('',(-16.67009487762,-13.09278456681,
    9.466520954807));
#5425 = CARTESIAN_POINT('',(-16.67117136219,-13.09130291291,
    9.471569261969));
#5426 = CARTESIAN_POINT('',(-16.67239626467,-13.08961697929,
    9.47655718904));
#5427 = CARTESIAN_POINT('',(-16.67375379785,-13.08774849515,
    9.481463984736));
#5428 = CARTESIAN_POINT('',(-16.67522632161,-13.08572174008,
    9.486257328586));
#5429 = CARTESIAN_POINT('',(-16.67679762061,-13.08355903254,
    9.490937812013));
#5430 = CARTESIAN_POINT('',(-16.67957435081,-13.07973719129,
    9.498569940903));
#5431 = CARTESIAN_POINT('',(-16.68073251016,-13.0781431217,
    9.501589267771));
#5432 = CARTESIAN_POINT('',(-16.68192808149,-13.07649755895,
    9.504535823169));
#5433 = CARTESIAN_POINT('',(-16.6831511124,-13.07481420132,
    9.507422486778));
#5434 = CARTESIAN_POINT('',(-16.68440033865,-13.07309478889,
    9.51024067647));
#5435 = CARTESIAN_POINT('',(-16.68567105578,-13.0713457968,
    9.512996679673));
#5436 = CARTESIAN_POINT('',(-16.68824911369,-13.0677974045,
    9.518384039491));
#5437 = CARTESIAN_POINT('',(-16.68955629343,-13.06599822594,
    9.521015813242));
#5438 = CARTESIAN_POINT('',(-16.69088105725,-13.06417484497,
    9.52359300784));
#5439 = CARTESIAN_POINT('',(-16.69222237807,-13.06232867525,
    9.526121759342));
#5440 = CARTESIAN_POINT('',(-16.69358039315,-13.06045952784,
    9.528610691236));
#5441 = CARTESIAN_POINT('',(-16.69495653842,-13.05856542637,
    9.531071478229));
#5442 = CARTESIAN_POINT('',(-16.6966139074,-13.05628425367,
    9.533975348726));
#5443 = CARTESIAN_POINT('',(-16.69687404063,-13.055926211,9.534429404841
    ));
#5444 = CARTESIAN_POINT('',(-16.69713407846,-13.05556829963,
    9.534881657268));
#5445 = CARTESIAN_POINT('',(-16.69739401734,-13.05521052446,
    9.535332185501));
#5446 = CARTESIAN_POINT('',(-16.69765385415,-13.05485288976,
    9.535781069659));
#5447 = CARTESIAN_POINT('',(-16.69791358625,-13.0544953992,
    9.536228390479));
#5448 = CARTESIAN_POINT('',(-16.698303024,-13.05395938413,9.536897148743
    ));
#5449 = CARTESIAN_POINT('',(-16.69843280985,-13.05378074922,
    9.537119697667));
#5450 = CARTESIAN_POINT('',(-16.6985625687,-13.0536021515,9.537341886247
    ));
#5451 = CARTESIAN_POINT('',(-16.69869230028,-13.05342359129,
    9.537563724668));
#5452 = CARTESIAN_POINT('',(-16.69882200438,-13.05324506892,
    9.537785223139));
#5453 = CARTESIAN_POINT('',(-16.69895168079,-13.05306658465,
    9.538006391892));
#5454 = CARTESIAN_POINT('',(-16.69912780881,-13.05282416523,
    9.53830641643));
#5455 = CARTESIAN_POINT('',(-16.69917428478,-13.05276019654,
    9.53838077638));
#5456 = CARTESIAN_POINT('',(-16.69922076842,-13.05269621729,
    9.538457808121));
#5457 = CARTESIAN_POINT('',(-16.6992672715,-13.05263221129,
    9.538540396218));
#5458 = CARTESIAN_POINT('',(-16.69931380639,-13.05256816152,
    9.538626822707));
#5459 = CARTESIAN_POINT('',(-16.69936038604,-13.05250405012,
    9.538710767098));
#5460 = CARTESIAN_POINT('',(-16.69940702404,-13.05243985843,
    9.538781306371));
#5461 = ORIENTED_EDGE('',*,*,#5462,.T.);
#5462 = EDGE_CURVE('',#5414,#5463,#5465,.T.);
#5463 = VERTEX_POINT('',#5464);
#5464 = CARTESIAN_POINT('',(-16.69940711521,-13.05243973294,
    9.916281480394));
#5465 = LINE('',#5466,#5467);
#5466 = CARTESIAN_POINT('',(-16.69940711521,-13.05243973294,20.25));
#5467 = VECTOR('',#5468,1.);
#5468 = DIRECTION('',(0.,0.,1.));
#5469 = ORIENTED_EDGE('',*,*,#5470,.F.);
#5470 = EDGE_CURVE('',#2858,#5463,#5471,.T.);
#5471 = B_SPLINE_CURVE_WITH_KNOTS('',6,(#5472,#5473,#5474,#5475,#5476,
    #5477,#5478,#5479,#5480,#5481,#5482,#5483,#5484,#5485,#5486,#5487,
    #5488,#5489,#5490,#5491,#5492,#5493,#5494,#5495,#5496,#5497,#5498,
    #5499,#5500,#5501,#5502,#5503,#5504,#5505,#5506,#5507,#5508),
  .UNSPECIFIED.,.F.,.F.,(7,5,5,5,5,5,5,7),(0.,0.330303486227,
    0.537259786719,0.661780228069,0.798745784017,0.935953271517,
    0.966644811737,1.),.UNSPECIFIED.);
#5472 = CARTESIAN_POINT('',(-16.66647958383,-13.09776059182,
    10.022369592358));
#5473 = CARTESIAN_POINT('',(-16.66647958383,-13.09776059182,
    10.015903820545));
#5474 = CARTESIAN_POINT('',(-16.66684622813,-13.09725594923,
    10.009300550704));
#5475 = CARTESIAN_POINT('',(-16.66755634249,-13.09627856066,
    10.002616311707));
#5476 = CARTESIAN_POINT('',(-16.66858394887,-13.09486418183,
    9.99591267549));
#5477 = CARTESIAN_POINT('',(-16.66989423632,-13.09306072587,
    9.989269391487));
#5478 = CARTESIAN_POINT('',(-16.67242204892,-13.08958149031,
    9.978672247216));
#5479 = CARTESIAN_POINT('',(-16.67349148315,-13.08810954036,
    9.974640420485));
#5480 = CARTESIAN_POINT('',(-16.67464717388,-13.08651886854,
    9.97067593386));
#5481 = CARTESIAN_POINT('',(-16.67587893809,-13.08482349056,
    9.966793170251));
#5482 = CARTESIAN_POINT('',(-16.67717715647,-13.08303664624,
    9.963002986531));
#5483 = CARTESIAN_POINT('',(-16.67935049719,-13.08004529937,
    9.957091026718));
#5484 = CARTESIAN_POINT('',(-16.68018814606,-13.07889237462,
    9.954905781191));
#5485 = CARTESIAN_POINT('',(-16.68104573947,-13.07771199855,
    9.952759785427));
#5486 = CARTESIAN_POINT('',(-16.68192075532,-13.07650764254,
    9.950649843858));
#5487 = CARTESIAN_POINT('',(-16.68281073952,-13.07528268439,
    9.948571101612));
#5488 = CARTESIAN_POINT('',(-16.68470882786,-13.07267018991,
    9.94426857875));
#5489 = CARTESIAN_POINT('',(-16.68571970226,-13.07127884067,
    9.942051364085));
#5490 = CARTESIAN_POINT('',(-16.68674515486,-13.06986742624,
    9.939870528863));
#5491 = CARTESIAN_POINT('',(-16.68778367599,-13.06843802454,
    9.937725060984));
#5492 = CARTESIAN_POINT('',(-16.68883432968,-13.06699192379,
    9.935612990301));
#5493 = CARTESIAN_POINT('',(-16.69096105433,-13.06406473843,
    9.931446110056));
#5494 = CARTESIAN_POINT('',(-16.69203717848,-13.06258358062,
    9.929391209711));
#5495 = CARTESIAN_POINT('',(-16.6931247168,-13.06108671253,
    9.927363824223));
#5496 = CARTESIAN_POINT('',(-16.69422387939,-13.05957384502,
    9.925359181326));
#5497 = CARTESIAN_POINT('',(-16.69533549569,-13.05804383644,
    9.923370599849));
#5498 = CARTESIAN_POINT('',(-16.69671277859,-13.05614816916,
    9.920946340995));
#5499 = CARTESIAN_POINT('',(-16.6969643907,-13.0558018548,9.920505053517
    ));
#5500 = CARTESIAN_POINT('',(-16.69721584478,-13.05545575795,
    9.920065547243));
#5501 = CARTESIAN_POINT('',(-16.69746713497,-13.05510988667,
    9.919627740381));
#5502 = CARTESIAN_POINT('',(-16.69771825569,-13.05476424865,
    9.919191549375));
#5503 = CARTESIAN_POINT('',(-16.69824192653,-13.05404347758,
    9.918284505261));
#5504 = CARTESIAN_POINT('',(-16.69845285521,-13.05375315915,
    9.917927351925));
#5505 = CARTESIAN_POINT('',(-16.69869465509,-13.05342035018,
    9.917485173563));
#5506 = CARTESIAN_POINT('',(-16.69898839432,-13.05301605281,
    9.917018862128));
#5507 = CARTESIAN_POINT('',(-16.69927414278,-13.0526227538,
    9.916499286622));
#5508 = CARTESIAN_POINT('',(-16.69940695932,-13.0524399475,
    9.916281759405));
#5509 = PLANE('',#5510);
#5510 = AXIS2_PLACEMENT_3D('',#5511,#5512,#5513);
#5511 = CARTESIAN_POINT('',(-17.60693598753,-11.80333340077,1.8));
#5512 = DIRECTION('',(0.809016994375,0.587785252292,0.));
#5513 = DIRECTION('',(0.587785252292,-0.809016994375,0.));
#5514 = ADVANCED_FACE('',(#5515),#5526,.F.);
#5515 = FACE_BOUND('',#5516,.T.);
#5516 = EDGE_LOOP('',(#5517,#5518,#5519,#5520));
#5517 = ORIENTED_EDGE('',*,*,#3349,.T.);
#5518 = ORIENTED_EDGE('',*,*,#4087,.T.);
#5519 = ORIENTED_EDGE('',*,*,#2949,.T.);
#5520 = ORIENTED_EDGE('',*,*,#5521,.T.);
#5521 = EDGE_CURVE('',#2942,#3350,#5522,.T.);
#5522 = LINE('',#5523,#5524);
#5523 = CARTESIAN_POINT('',(5.784794705821,-20.39262181404,19.65));
#5524 = VECTOR('',#5525,1.);
#5525 = DIRECTION('',(0.951056516295,0.309016994375,0.));
#5526 = PLANE('',#5527);
#5527 = AXIS2_PLACEMENT_3D('',#5528,#5529,#5530);
#5528 = CARTESIAN_POINT('',(6.749261146147,-20.77208991759,19.65));
#5529 = DIRECTION('',(0.,0.,1.));
#5530 = DIRECTION('',(0.309016994375,-0.951056516295,0.));
#5531 = ADVANCED_FACE('',(#5532),#5567,.T.);
#5532 = FACE_BOUND('',#5533,.T.);
#5533 = EDGE_LOOP('',(#5534,#5543,#5551,#5560,#5566));
#5534 = ORIENTED_EDGE('',*,*,#5535,.F.);
#5535 = EDGE_CURVE('',#5536,#2934,#5538,.T.);
#5536 = VERTEX_POINT('',#5537);
#5537 = CARTESIAN_POINT('',(5.40677265259,-20.20000995747,6.1));
#5538 = CIRCLE('',#5539,0.3);
#5539 = AXIS2_PLACEMENT_3D('',#5540,#5541,#5542);
#5540 = CARTESIAN_POINT('',(5.499477750902,-20.48532691236,6.1));
#5541 = DIRECTION('',(0.,0.,-1.));
#5542 = DIRECTION('',(0.951056516295,0.309016994375,0.));
#5543 = ORIENTED_EDGE('',*,*,#5544,.T.);
#5544 = EDGE_CURVE('',#5536,#5545,#5547,.T.);
#5545 = VERTEX_POINT('',#5546);
#5546 = CARTESIAN_POINT('',(5.40677265259,-20.20000995747,19.95));
#5547 = LINE('',#5548,#5549);
#5548 = CARTESIAN_POINT('',(5.40677265259,-20.20000995747,20.25));
#5549 = VECTOR('',#5550,1.);
#5550 = DIRECTION('',(0.,0.,1.));
#5551 = ORIENTED_EDGE('',*,*,#5552,.T.);
#5552 = EDGE_CURVE('',#5545,#5553,#5555,.T.);
#5553 = VERTEX_POINT('',#5554);
#5554 = CARTESIAN_POINT('',(5.784794705791,-20.39262181405,19.95));
#5555 = CIRCLE('',#5556,0.3);
#5556 = AXIS2_PLACEMENT_3D('',#5557,#5558,#5559);
#5557 = CARTESIAN_POINT('',(5.499477750902,-20.48532691236,19.95));
#5558 = DIRECTION('',(0.,0.,-1.));
#5559 = DIRECTION('',(-0.309016994375,0.951056516295,0.));
#5560 = ORIENTED_EDGE('',*,*,#5561,.T.);
#5561 = EDGE_CURVE('',#5553,#2942,#5562,.T.);
#5562 = LINE('',#5563,#5564);
#5563 = CARTESIAN_POINT('',(5.784794705791,-20.39262181405,20.25));
#5564 = VECTOR('',#5565,1.);
#5565 = DIRECTION('',(0.,0.,-1.));
#5566 = ORIENTED_EDGE('',*,*,#2941,.T.);
#5567 = CYLINDRICAL_SURFACE('',#5568,0.3);
#5568 = AXIS2_PLACEMENT_3D('',#5569,#5570,#5571);
#5569 = CARTESIAN_POINT('',(5.499477750902,-20.48532691236,20.25));
#5570 = DIRECTION('',(0.,0.,-1.));
#5571 = DIRECTION('',(0.45399049974,0.891006524188,0.));
#5572 = ADVANCED_FACE('',(#5573),#5585,.T.);
#5573 = FACE_BOUND('',#5574,.T.);
#5574 = EDGE_LOOP('',(#5575,#5582,#5583,#5584));
#5575 = ORIENTED_EDGE('',*,*,#5576,.F.);
#5576 = EDGE_CURVE('',#2934,#3007,#5577,.T.);
#5577 = CIRCLE('',#5578,0.3);
#5578 = AXIS2_PLACEMENT_3D('',#5579,#5580,#5581);
#5579 = CARTESIAN_POINT('',(5.499477750902,-20.48532691236,6.1));
#5580 = DIRECTION('',(-0.309016994375,0.951056516295,0.));
#5581 = DIRECTION('',(0.,0.,-1.));
#5582 = ORIENTED_EDGE('',*,*,#2933,.T.);
#5583 = ORIENTED_EDGE('',*,*,#2973,.F.);
#5584 = ORIENTED_EDGE('',*,*,#3014,.T.);
#5585 = CYLINDRICAL_SURFACE('',#5586,0.3);
#5586 = AXIS2_PLACEMENT_3D('',#5587,#5588,#5589);
#5587 = CARTESIAN_POINT('',(5.52265402548,-20.55665615108,6.1));
#5588 = DIRECTION('',(-0.309016994375,0.951056516295,0.));
#5589 = DIRECTION('',(0.672498511964,0.218508012224,-0.707106781187));
#5590 = ADVANCED_FACE('',(#5591),#5610,.T.);
#5591 = FACE_BOUND('',#5592,.T.);
#5592 = EDGE_LOOP('',(#5593,#5594,#5602,#5609));
#5593 = ORIENTED_EDGE('',*,*,#3040,.T.);
#5594 = ORIENTED_EDGE('',*,*,#5595,.T.);
#5595 = EDGE_CURVE('',#3032,#5596,#5598,.T.);
#5596 = VERTEX_POINT('',#5597);
#5597 = CARTESIAN_POINT('',(4.358209931348,-20.85614730561,6.1));
#5598 = LINE('',#5599,#5600);
#5599 = CARTESIAN_POINT('',(4.613148951707,-21.64076893155,6.1));
#5600 = VECTOR('',#5601,1.);
#5601 = DIRECTION('',(-0.309016994375,0.951056516295,0.));
#5602 = ORIENTED_EDGE('',*,*,#5603,.F.);
#5603 = EDGE_CURVE('',#2999,#5596,#5604,.T.);
#5604 = CIRCLE('',#5605,0.3);
#5605 = AXIS2_PLACEMENT_3D('',#5606,#5607,#5608);
#5606 = CARTESIAN_POINT('',(4.643526886237,-20.7634422073,6.1));
#5607 = DIRECTION('',(-0.309016994375,0.951056516295,0.));
#5608 = DIRECTION('',(-0.951056516295,-0.309016994375,0.));
#5609 = ORIENTED_EDGE('',*,*,#2998,.T.);
#5610 = CYLINDRICAL_SURFACE('',#5611,0.3);
#5611 = AXIS2_PLACEMENT_3D('',#5612,#5613,#5614);
#5612 = CARTESIAN_POINT('',(4.898465906596,-21.54806383324,6.1));
#5613 = DIRECTION('',(0.309016994375,-0.951056516295,0.));
#5614 = DIRECTION('',(-0.672498511964,-0.218508012224,-0.707106781187));
#5615 = ADVANCED_FACE('',(#5616),#5641,.T.);
#5616 = FACE_BOUND('',#5617,.T.);
#5617 = EDGE_LOOP('',(#5618,#5627,#5633,#5640));
#5618 = ORIENTED_EDGE('',*,*,#5619,.F.);
#5619 = EDGE_CURVE('',#5620,#2999,#5622,.T.);
#5620 = VERTEX_POINT('',#5621);
#5621 = CARTESIAN_POINT('',(4.550821787924,-20.47812525241,6.1));
#5622 = CIRCLE('',#5623,0.3);
#5623 = AXIS2_PLACEMENT_3D('',#5624,#5625,#5626);
#5624 = CARTESIAN_POINT('',(4.643526886237,-20.7634422073,6.1));
#5625 = DIRECTION('',(-0.951056516295,-0.309016994375,-0.));
#5626 = DIRECTION('',(0.,0.,-1.));
#5627 = ORIENTED_EDGE('',*,*,#5628,.T.);
#5628 = EDGE_CURVE('',#5620,#5536,#5629,.T.);
#5629 = LINE('',#5630,#5631);
#5630 = CARTESIAN_POINT('',(6.833357427078,-19.7364844659,6.1));
#5631 = VECTOR('',#5632,1.);
#5632 = DIRECTION('',(0.951056516295,0.309016994375,0.));
#5633 = ORIENTED_EDGE('',*,*,#5634,.F.);
#5634 = EDGE_CURVE('',#3007,#5536,#5635,.T.);
#5635 = CIRCLE('',#5636,0.3);
#5636 = AXIS2_PLACEMENT_3D('',#5637,#5638,#5639);
#5637 = CARTESIAN_POINT('',(5.499477750902,-20.48532691236,6.1));
#5638 = DIRECTION('',(0.951056516295,0.309016994375,-3.519616140369E-15)
  );
#5639 = DIRECTION('',(-0.309016994375,0.951056516295,0.));
#5640 = ORIENTED_EDGE('',*,*,#3006,.T.);
#5641 = CYLINDRICAL_SURFACE('',#5642,0.3);
#5642 = AXIS2_PLACEMENT_3D('',#5643,#5644,#5645);
#5643 = CARTESIAN_POINT('',(6.92606252539,-20.02180142078,6.1));
#5644 = DIRECTION('',(-0.951056516295,-0.309016994375,0.));
#5645 = DIRECTION('',(-0.218508012224,0.672498511964,-0.707106781187));
#5646 = ADVANCED_FACE('',(#5647),#5665,.T.);
#5647 = FACE_BOUND('',#5648,.T.);
#5648 = EDGE_LOOP('',(#5649,#5657,#5658,#5659));
#5649 = ORIENTED_EDGE('',*,*,#5650,.F.);
#5650 = EDGE_CURVE('',#5596,#5651,#5653,.T.);
#5651 = VERTEX_POINT('',#5652);
#5652 = CARTESIAN_POINT('',(4.358209931348,-20.85614730561,21.45));
#5653 = LINE('',#5654,#5655);
#5654 = CARTESIAN_POINT('',(4.358209931348,-20.85614730561,20.25));
#5655 = VECTOR('',#5656,1.);
#5656 = DIRECTION('',(0.,0.,1.));
#5657 = ORIENTED_EDGE('',*,*,#5595,.F.);
#5658 = ORIENTED_EDGE('',*,*,#3056,.F.);
#5659 = ORIENTED_EDGE('',*,*,#5660,.F.);
#5660 = EDGE_CURVE('',#5651,#3057,#5661,.T.);
#5661 = LINE('',#5662,#5663);
#5662 = CARTESIAN_POINT('',(4.613148951707,-21.64076893155,21.45));
#5663 = VECTOR('',#5664,1.);
#5664 = DIRECTION('',(0.309016994375,-0.951056516295,0.));
#5665 = PLANE('',#5666);
#5666 = AXIS2_PLACEMENT_3D('',#5667,#5668,#5669);
#5667 = CARTESIAN_POINT('',(4.729030324598,-21.99741512516,20.25));
#5668 = DIRECTION('',(-0.951056516295,-0.309016994375,0.));
#5669 = DIRECTION('',(-0.309016994375,0.951056516295,0.));
#5670 = ADVANCED_FACE('',(#5671),#5690,.T.);
#5671 = FACE_BOUND('',#5672,.T.);
#5672 = EDGE_LOOP('',(#5673,#5682,#5683,#5684));
#5673 = ORIENTED_EDGE('',*,*,#5674,.F.);
#5674 = EDGE_CURVE('',#5651,#5675,#5677,.T.);
#5675 = VERTEX_POINT('',#5676);
#5676 = CARTESIAN_POINT('',(4.643526886237,-20.7634422073,21.75));
#5677 = CIRCLE('',#5678,0.3);
#5678 = AXIS2_PLACEMENT_3D('',#5679,#5680,#5681);
#5679 = CARTESIAN_POINT('',(4.643526886237,-20.7634422073,21.45));
#5680 = DIRECTION('',(-0.309016994375,0.951056516295,-8.326672684689E-17
    ));
#5681 = DIRECTION('',(-0.672498511964,-0.218508012224,0.707106781187));
#5682 = ORIENTED_EDGE('',*,*,#5660,.T.);
#5683 = ORIENTED_EDGE('',*,*,#3081,.F.);
#5684 = ORIENTED_EDGE('',*,*,#5685,.T.);
#5685 = EDGE_CURVE('',#3082,#5675,#5686,.T.);
#5686 = LINE('',#5687,#5688);
#5687 = CARTESIAN_POINT('',(4.898465906596,-21.54806383324,21.75));
#5688 = VECTOR('',#5689,1.);
#5689 = DIRECTION('',(-0.309016994375,0.951056516295,0.));
#5690 = CYLINDRICAL_SURFACE('',#5691,0.3);
#5691 = AXIS2_PLACEMENT_3D('',#5692,#5693,#5694);
#5692 = CARTESIAN_POINT('',(4.898465906596,-21.54806383324,21.45));
#5693 = DIRECTION('',(0.309016994375,-0.951056516295,0.));
#5694 = DIRECTION('',(-0.672498511964,-0.218508012224,0.707106781187));
#5695 = ADVANCED_FACE('',(#5696),#5714,.T.);
#5696 = FACE_BOUND('',#5697,.T.);
#5697 = EDGE_LOOP('',(#5698,#5706,#5707,#5708));
#5698 = ORIENTED_EDGE('',*,*,#5699,.F.);
#5699 = EDGE_CURVE('',#5675,#5700,#5702,.T.);
#5700 = VERTEX_POINT('',#5701);
#5701 = CARTESIAN_POINT('',(8.447752951477,-19.52737422978,21.75));
#5702 = LINE('',#5703,#5704);
#5703 = CARTESIAN_POINT('',(6.92606252539,-20.02180142078,21.75));
#5704 = VECTOR('',#5705,1.);
#5705 = DIRECTION('',(0.951056516295,0.309016994375,0.));
#5706 = ORIENTED_EDGE('',*,*,#5685,.F.);
#5707 = ORIENTED_EDGE('',*,*,#3129,.F.);
#5708 = ORIENTED_EDGE('',*,*,#5709,.F.);
#5709 = EDGE_CURVE('',#5700,#3130,#5710,.T.);
#5710 = LINE('',#5711,#5712);
#5711 = CARTESIAN_POINT('',(8.470929226055,-19.5987034685,21.75));
#5712 = VECTOR('',#5713,1.);
#5713 = DIRECTION('',(0.309016994375,-0.951056516295,0.));
#5714 = PLANE('',#5715);
#5715 = AXIS2_PLACEMENT_3D('',#5716,#5717,#5718);
#5716 = CARTESIAN_POINT('',(6.684697566326,-20.57338365087,21.75));
#5717 = DIRECTION('',(0.,0.,1.));
#5718 = DIRECTION('',(1.,0.,0.));
#5719 = ADVANCED_FACE('',(#5720),#5739,.T.);
#5720 = FACE_BOUND('',#5721,.T.);
#5721 = EDGE_LOOP('',(#5722,#5731,#5732,#5733));
#5722 = ORIENTED_EDGE('',*,*,#5723,.F.);
#5723 = EDGE_CURVE('',#5700,#5724,#5726,.T.);
#5724 = VERTEX_POINT('',#5725);
#5725 = CARTESIAN_POINT('',(8.733069906366,-19.43466913147,21.45));
#5726 = CIRCLE('',#5727,0.3);
#5727 = AXIS2_PLACEMENT_3D('',#5728,#5729,#5730);
#5728 = CARTESIAN_POINT('',(8.447752951477,-19.52737422978,21.45));
#5729 = DIRECTION('',(-0.309016994375,0.951056516295,8.326672684689E-17)
  );
#5730 = DIRECTION('',(0.672498511964,0.218508012224,0.707106781187));
#5731 = ORIENTED_EDGE('',*,*,#5709,.T.);
#5732 = ORIENTED_EDGE('',*,*,#3165,.F.);
#5733 = ORIENTED_EDGE('',*,*,#5734,.T.);
#5734 = EDGE_CURVE('',#3157,#5724,#5735,.T.);
#5735 = LINE('',#5736,#5737);
#5736 = CARTESIAN_POINT('',(8.756246180944,-19.50599837019,21.45));
#5737 = VECTOR('',#5738,1.);
#5738 = DIRECTION('',(-0.309016994375,0.951056516295,0.));
#5739 = CYLINDRICAL_SURFACE('',#5740,0.3);
#5740 = AXIS2_PLACEMENT_3D('',#5741,#5742,#5743);
#5741 = CARTESIAN_POINT('',(8.470929226055,-19.5987034685,21.45));
#5742 = DIRECTION('',(-0.309016994375,0.951056516295,0.));
#5743 = DIRECTION('',(0.672498511964,0.218508012224,0.707106781187));
#5744 = ADVANCED_FACE('',(#5745),#5763,.T.);
#5745 = FACE_BOUND('',#5746,.T.);
#5746 = EDGE_LOOP('',(#5747,#5755,#5756,#5757));
#5747 = ORIENTED_EDGE('',*,*,#5748,.F.);
#5748 = EDGE_CURVE('',#5724,#5749,#5751,.T.);
#5749 = VERTEX_POINT('',#5750);
#5750 = CARTESIAN_POINT('',(8.733069906366,-19.43466913147,6.1));
#5751 = LINE('',#5752,#5753);
#5752 = CARTESIAN_POINT('',(8.733069906366,-19.43466913147,20.25));
#5753 = VECTOR('',#5754,1.);
#5754 = DIRECTION('',(0.,0.,-1.));
#5755 = ORIENTED_EDGE('',*,*,#5734,.F.);
#5756 = ORIENTED_EDGE('',*,*,#3205,.F.);
#5757 = ORIENTED_EDGE('',*,*,#5758,.F.);
#5758 = EDGE_CURVE('',#5749,#3206,#5759,.T.);
#5759 = LINE('',#5760,#5761);
#5760 = CARTESIAN_POINT('',(8.756246180944,-19.50599837019,6.1));
#5761 = VECTOR('',#5762,1.);
#5762 = DIRECTION('',(0.309016994375,-0.951056516295,0.));
#5763 = PLANE('',#5764);
#5764 = AXIS2_PLACEMENT_3D('',#5765,#5766,#5767);
#5765 = CARTESIAN_POINT('',(8.640364808053,-19.14935217658,20.25));
#5766 = DIRECTION('',(0.951056516295,0.309016994375,0.));
#5767 = DIRECTION('',(0.309016994375,-0.951056516295,0.));
#5768 = ADVANCED_FACE('',(#5769),#5781,.T.);
#5769 = FACE_BOUND('',#5770,.T.);
#5770 = EDGE_LOOP('',(#5771,#5778,#5779,#5780));
#5771 = ORIENTED_EDGE('',*,*,#5772,.F.);
#5772 = EDGE_CURVE('',#5749,#3274,#5773,.T.);
#5773 = CIRCLE('',#5774,0.3);
#5774 = AXIS2_PLACEMENT_3D('',#5775,#5776,#5777);
#5775 = CARTESIAN_POINT('',(8.447752951477,-19.52737422978,6.1));
#5776 = DIRECTION('',(-0.309016994375,0.951056516295,0.));
#5777 = DIRECTION('',(0.,0.,-1.));
#5778 = ORIENTED_EDGE('',*,*,#5758,.T.);
#5779 = ORIENTED_EDGE('',*,*,#3228,.F.);
#5780 = ORIENTED_EDGE('',*,*,#3281,.T.);
#5781 = CYLINDRICAL_SURFACE('',#5782,0.3);
#5782 = AXIS2_PLACEMENT_3D('',#5783,#5784,#5785);
#5783 = CARTESIAN_POINT('',(8.470929226055,-19.5987034685,6.1));
#5784 = DIRECTION('',(-0.309016994375,0.951056516295,0.));
#5785 = DIRECTION('',(0.672498511964,0.218508012224,-0.707106781187));
#5786 = ADVANCED_FACE('',(#5787),#5799,.T.);
#5787 = FACE_BOUND('',#5788,.T.);
#5788 = EDGE_LOOP('',(#5789,#5790,#5791,#5798));
#5789 = ORIENTED_EDGE('',*,*,#3295,.T.);
#5790 = ORIENTED_EDGE('',*,*,#3381,.T.);
#5791 = ORIENTED_EDGE('',*,*,#5792,.F.);
#5792 = EDGE_CURVE('',#3266,#3374,#5793,.T.);
#5793 = CIRCLE('',#5794,0.3);
#5794 = AXIS2_PLACEMENT_3D('',#5795,#5796,#5797);
#5795 = CARTESIAN_POINT('',(7.591802086812,-19.80548952472,6.1));
#5796 = DIRECTION('',(-0.309016994375,0.951056516295,8.182824887924E-15)
  );
#5797 = DIRECTION('',(-0.951056516295,-0.309016994375,7.88860905221E-31)
  );
#5798 = ORIENTED_EDGE('',*,*,#3265,.T.);
#5799 = CYLINDRICAL_SURFACE('',#5800,0.3);
#5800 = AXIS2_PLACEMENT_3D('',#5801,#5802,#5803);
#5801 = CARTESIAN_POINT('',(7.86275398871,-20.63939373256,6.1));
#5802 = DIRECTION('',(0.309016994375,-0.951056516295,0.));
#5803 = DIRECTION('',(-0.672498511964,-0.218508012224,-0.707106781187));
#5804 = ADVANCED_FACE('',(#5805),#5832,.T.);
#5805 = FACE_BOUND('',#5806,.T.);
#5806 = EDGE_LOOP('',(#5807,#5816,#5824,#5831));
#5807 = ORIENTED_EDGE('',*,*,#5808,.F.);
#5808 = EDGE_CURVE('',#5809,#3266,#5811,.T.);
#5809 = VERTEX_POINT('',#5810);
#5810 = CARTESIAN_POINT('',(7.499096988499,-19.52017256983,6.1));
#5811 = CIRCLE('',#5812,0.3);
#5812 = AXIS2_PLACEMENT_3D('',#5813,#5814,#5815);
#5813 = CARTESIAN_POINT('',(7.591802086812,-19.80548952472,6.1));
#5814 = DIRECTION('',(-0.951056516295,-0.309016994375,-0.));
#5815 = DIRECTION('',(0.,0.,-1.));
#5816 = ORIENTED_EDGE('',*,*,#5817,.T.);
#5817 = EDGE_CURVE('',#5809,#5818,#5820,.T.);
#5818 = VERTEX_POINT('',#5819);
#5819 = CARTESIAN_POINT('',(8.355047853165,-19.24205727489,6.1));
#5820 = LINE('',#5821,#5822);
#5821 = CARTESIAN_POINT('',(6.833357427078,-19.7364844659,6.1));
#5822 = VECTOR('',#5823,1.);
#5823 = DIRECTION('',(0.951056516295,0.309016994375,0.));
#5824 = ORIENTED_EDGE('',*,*,#5825,.F.);
#5825 = EDGE_CURVE('',#3274,#5818,#5826,.T.);
#5826 = CIRCLE('',#5827,0.3);
#5827 = AXIS2_PLACEMENT_3D('',#5828,#5829,#5830);
#5828 = CARTESIAN_POINT('',(8.447752951477,-19.52737422978,6.1));
#5829 = DIRECTION('',(0.951056516295,0.309016994375,-0.));
#5830 = DIRECTION('',(-0.309016994375,0.951056516295,0.));
#5831 = ORIENTED_EDGE('',*,*,#3273,.T.);
#5832 = CYLINDRICAL_SURFACE('',#5833,0.3);
#5833 = AXIS2_PLACEMENT_3D('',#5834,#5835,#5836);
#5834 = CARTESIAN_POINT('',(6.92606252539,-20.02180142078,6.1));
#5835 = DIRECTION('',(-0.951056516295,-0.309016994375,0.));
#5836 = DIRECTION('',(-0.218508012224,0.672498511964,-0.707106781187));
#5837 = ADVANCED_FACE('',(#5838),#5898,.T.);
#5838 = FACE_BOUND('',#5839,.T.);
#5839 = EDGE_LOOP('',(#5840,#5850,#5858,#5866,#5867,#5875,#5884,#5890,
    #5897));
#5840 = ORIENTED_EDGE('',*,*,#5841,.F.);
#5841 = EDGE_CURVE('',#5842,#3366,#5844,.T.);
#5842 = VERTEX_POINT('',#5843);
#5843 = CARTESIAN_POINT('',(7.294897911803,-19.84847685846,
    9.538781480394));
#5844 = B_SPLINE_CURVE_WITH_KNOTS('',3,(#5845,#5846,#5847,#5848,#5849),
  .UNSPECIFIED.,.F.,.F.,(4,1,4),(-1.284078553485E-02,-5.503193800648E-03
    ,0.),.UNSPECIFIED.);
#5845 = CARTESIAN_POINT('',(7.294897911803,-19.84847685846,
    9.538781480394));
#5846 = CARTESIAN_POINT('',(7.294897911803,-19.84847685846,9.51432284128
    ));
#5847 = CARTESIAN_POINT('',(7.296199032345,-19.85959506011,
    9.471684995347));
#5848 = CARTESIAN_POINT('',(7.302408326846,-19.88564750716,
    9.441865358099));
#5849 = CARTESIAN_POINT('',(7.306485131923,-19.89819462303,
    9.432693368431));
#5850 = ORIENTED_EDGE('',*,*,#5851,.F.);
#5851 = EDGE_CURVE('',#5852,#5842,#5854,.T.);
#5852 = VERTEX_POINT('',#5853);
#5853 = CARTESIAN_POINT('',(7.294897911803,-19.84847685846,
    9.916281480394));
#5854 = LINE('',#5855,#5856);
#5855 = CARTESIAN_POINT('',(7.294897911803,-19.84847685846,20.25));
#5856 = VECTOR('',#5857,1.);
#5857 = DIRECTION('',(0.,0.,-1.));
#5858 = ORIENTED_EDGE('',*,*,#5859,.F.);
#5859 = EDGE_CURVE('',#3358,#5852,#5860,.T.);
#5860 = B_SPLINE_CURVE_WITH_KNOTS('',3,(#5861,#5862,#5863,#5864,#5865),
  .UNSPECIFIED.,.F.,.F.,(4,1,4),(-1.284076086463E-02,-5.503183227698E-03
    ,0.),.UNSPECIFIED.);
#5861 = CARTESIAN_POINT('',(7.306485131923,-19.89819462303,
    10.022369592358));
#5862 = CARTESIAN_POINT('',(7.301049402263,-19.88146516734,
    10.010140296297));
#5863 = CARTESIAN_POINT('',(7.295911498718,-19.85667214167,
    9.977395607536));
#5864 = CARTESIAN_POINT('',(7.294897911803,-19.84847685846,
    9.934625424487));
#5865 = CARTESIAN_POINT('',(7.294897911803,-19.84847685846,
    9.916281480394));
#5866 = ORIENTED_EDGE('',*,*,#3357,.T.);
#5867 = ORIENTED_EDGE('',*,*,#5868,.T.);
#5868 = EDGE_CURVE('',#3350,#5869,#5871,.T.);
#5869 = VERTEX_POINT('',#5870);
#5870 = CARTESIAN_POINT('',(7.306485131923,-19.89819462303,19.95));
#5871 = LINE('',#5872,#5873);
#5872 = CARTESIAN_POINT('',(7.306485131923,-19.89819462303,20.25));
#5873 = VECTOR('',#5874,1.);
#5874 = DIRECTION('',(0.,0.,1.));
#5875 = ORIENTED_EDGE('',*,*,#5876,.T.);
#5876 = EDGE_CURVE('',#5869,#5877,#5879,.T.);
#5877 = VERTEX_POINT('',#5878);
#5878 = CARTESIAN_POINT('',(7.499096988499,-19.52017256983,19.95));
#5879 = CIRCLE('',#5880,0.3);
#5880 = AXIS2_PLACEMENT_3D('',#5881,#5882,#5883);
#5881 = CARTESIAN_POINT('',(7.591802086812,-19.80548952472,19.95));
#5882 = DIRECTION('',(0.,0.,-1.));
#5883 = DIRECTION('',(-0.951056516295,-0.309016994375,-0.));
#5884 = ORIENTED_EDGE('',*,*,#5885,.T.);
#5885 = EDGE_CURVE('',#5877,#5809,#5886,.T.);
#5886 = LINE('',#5887,#5888);
#5887 = CARTESIAN_POINT('',(7.499096988499,-19.52017256983,20.25));
#5888 = VECTOR('',#5889,1.);
#5889 = DIRECTION('',(0.,0.,-1.));
#5890 = ORIENTED_EDGE('',*,*,#5891,.F.);
#5891 = EDGE_CURVE('',#3374,#5809,#5892,.T.);
#5892 = CIRCLE('',#5893,0.3);
#5893 = AXIS2_PLACEMENT_3D('',#5894,#5895,#5896);
#5894 = CARTESIAN_POINT('',(7.591802086812,-19.80548952472,6.1));
#5895 = DIRECTION('',(0.,0.,-1.));
#5896 = DIRECTION('',(-0.309016994375,0.951056516295,0.));
#5897 = ORIENTED_EDGE('',*,*,#3373,.T.);
#5898 = CYLINDRICAL_SURFACE('',#5899,0.3);
#5899 = AXIS2_PLACEMENT_3D('',#5900,#5901,#5902);
#5900 = CARTESIAN_POINT('',(7.591802086812,-19.80548952472,20.25));
#5901 = DIRECTION('',(0.,0.,-1.));
#5902 = DIRECTION('',(-0.891006524188,0.45399049974,0.));
#5903 = ADVANCED_FACE('',(#5904),#5998,.F.);
#5904 = FACE_BOUND('',#5905,.F.);
#5905 = EDGE_LOOP('',(#5906,#5907,#5950,#5958));
#5906 = ORIENTED_EDGE('',*,*,#3365,.F.);
#5907 = ORIENTED_EDGE('',*,*,#5908,.T.);
#5908 = EDGE_CURVE('',#3366,#5909,#5911,.T.);
#5909 = VERTEX_POINT('',#5910);
#5910 = CARTESIAN_POINT('',(7.253207266978,-19.91550565072,
    9.538781480394));
#5911 = B_SPLINE_CURVE_WITH_KNOTS('',7,(#5912,#5913,#5914,#5915,#5916,
    #5917,#5918,#5919,#5920,#5921,#5922,#5923,#5924,#5925,#5926,#5927,
    #5928,#5929,#5930,#5931,#5932,#5933,#5934,#5935,#5936,#5937,#5938,
    #5939,#5940,#5941,#5942,#5943,#5944,#5945,#5946,#5947,#5948,#5949),
  .UNSPECIFIED.,.F.,.F.,(8,6,6,6,6,6,8),(0.,0.264501368633,
    0.532084741926,0.728333941847,0.929891310543,0.960657833552,1.),
  .UNSPECIFIED.);
#5912 = CARTESIAN_POINT('',(7.306485131923,-19.89819462303,
    9.432693368431));
#5913 = CARTESIAN_POINT('',(7.306485131923,-19.89819462303,
    9.437149795865));
#5914 = CARTESIAN_POINT('',(7.306211605602,-19.89828349712,
    9.441668495061));
#5915 = CARTESIAN_POINT('',(7.305675236745,-19.89845777392,
    9.446232595119));
#5916 = CARTESIAN_POINT('',(7.304887981679,-19.8987135686,9.450823162161
    ));
#5917 = CARTESIAN_POINT('',(7.303863374898,-19.89904648353,
    9.455419997969));
#5918 = CARTESIAN_POINT('',(7.302616834688,-19.89945150899,
    9.460002438622));
#5919 = CARTESIAN_POINT('',(7.299698197139,-19.90039983182,
    9.469150858206));
#5920 = CARTESIAN_POINT('',(7.298021252884,-19.90094470404,
    9.473716390798));
#5921 = CARTESIAN_POINT('',(7.296153219339,-19.90155166493,
    9.478224606596));
#5922 = CARTESIAN_POINT('',(7.294113685093,-19.90221434977,
    9.482661027482));
#5923 = CARTESIAN_POINT('',(7.291923890489,-19.90292585717,
    9.487002627267));
#5924 = CARTESIAN_POINT('',(7.289603113965,-19.90367992318,
    9.491250472114));
#5925 = CARTESIAN_POINT('',(7.285379658024,-19.9050522072,9.498435659095
    ));
#5926 = CARTESIAN_POINT('',(7.283530978564,-19.90565287957,
    9.501420595223));
#5927 = CARTESIAN_POINT('',(7.281623000036,-19.90627281937,
    9.504334793179));
#5928 = CARTESIAN_POINT('',(7.279671022799,-19.90690705522,
    9.507190002656));
#5929 = CARTESIAN_POINT('',(7.277677527601,-19.90755478107,
    9.509978853375));
#5930 = CARTESIAN_POINT('',(7.275649628395,-19.90821368547,
    9.512706638449));
#5931 = CARTESIAN_POINT('',(7.271475073444,-19.90957008059,
    9.518118284294));
#5932 = CARTESIAN_POINT('',(7.269326782699,-19.91026810257,
    9.520799062582));
#5933 = CARTESIAN_POINT('',(7.267148958209,-19.91097572064,
    9.523422976604));
#5934 = CARTESIAN_POINT('',(7.264943447934,-19.91169233437,
    9.525996346082));
#5935 = CARTESIAN_POINT('',(7.262710089588,-19.91241799649,
    9.528528132827));
#5936 = CARTESIAN_POINT('',(7.260446480184,-19.91315348777,
    9.531030548871));
#5937 = CARTESIAN_POINT('',(7.257796857537,-19.91401440235,
    9.533899613181));
#5938 = CARTESIAN_POINT('',(7.257446072157,-19.91412837943,9.53427825442
    ));
#5939 = CARTESIAN_POINT('',(7.257095393197,-19.91424232193,
    9.534655633942));
#5940 = CARTESIAN_POINT('',(7.256744824062,-19.91435622875,
    9.535031797684));
#5941 = CARTESIAN_POINT('',(7.256394367806,-19.91447009889,
    9.535406791895));
#5942 = CARTESIAN_POINT('',(7.256044027134,-19.91458393147,
    9.535780663132));
#5943 = CARTESIAN_POINT('',(7.255245963051,-19.91484323821,
    9.536630163681));
#5944 = CARTESIAN_POINT('',(7.254935221039,-19.91494420441,
    9.536959167242));
#5945 = CARTESIAN_POINT('',(7.254615647227,-19.91504804024,
    9.537298491178));
#5946 = CARTESIAN_POINT('',(7.254205978459,-19.91518114969,
    9.537731601871));
#5947 = CARTESIAN_POINT('',(7.253693633409,-19.91534762069,
    9.538270640583));
#5948 = CARTESIAN_POINT('',(7.25321434531,-19.91550335083,9.538774438701
    ));
#5949 = CARTESIAN_POINT('',(7.253207413581,-19.91550560309,
    9.538781317504));
#5950 = ORIENTED_EDGE('',*,*,#5951,.T.);
#5951 = EDGE_CURVE('',#5909,#5952,#5954,.T.);
#5952 = VERTEX_POINT('',#5953);
#5953 = CARTESIAN_POINT('',(7.253207266978,-19.91550565072,
    9.916281480394));
#5954 = LINE('',#5955,#5956);
#5955 = CARTESIAN_POINT('',(7.253207266978,-19.91550565072,20.25));
#5956 = VECTOR('',#5957,1.);
#5957 = DIRECTION('',(0.,0.,1.));
#5958 = ORIENTED_EDGE('',*,*,#5959,.F.);
#5959 = EDGE_CURVE('',#3358,#5952,#5960,.T.);
#5960 = B_SPLINE_CURVE_WITH_KNOTS('',6,(#5961,#5962,#5963,#5964,#5965,
    #5966,#5967,#5968,#5969,#5970,#5971,#5972,#5973,#5974,#5975,#5976,
    #5977,#5978,#5979,#5980,#5981,#5982,#5983,#5984,#5985,#5986,#5987,
    #5988,#5989,#5990,#5991,#5992,#5993,#5994,#5995,#5996,#5997),
  .UNSPECIFIED.,.F.,.F.,(7,5,5,5,5,5,5,7),(0.,0.367132851186,
    0.560941265451,0.671264335055,0.801188777332,0.935946710555,
    0.966638757609,1.),.UNSPECIFIED.);
#5961 = CARTESIAN_POINT('',(7.306485131923,-19.89819462303,
    10.022369592358));
#5962 = CARTESIAN_POINT('',(7.306485131923,-19.89819462303,
    10.015182815796));
#5963 = CARTESIAN_POINT('',(7.30575220112,-19.89843276668,
    10.007826135394));
#5964 = CARTESIAN_POINT('',(7.304338031896,-19.89889225812,
    10.000377140279));
#5965 = CARTESIAN_POINT('',(7.302300484039,-19.89955429755,
    9.992921257151));
#5966 = CARTESIAN_POINT('',(7.299722227804,-19.90039202378,
    9.985573695267));
#5967 = CARTESIAN_POINT('',(7.295091666437,-19.90189658437,
    9.974644712312));
#5968 = CARTESIAN_POINT('',(7.29336569683,-19.90245738589,9.970922864801
    ));
#5969 = CARTESIAN_POINT('',(7.291526482915,-19.90305498272,
    9.967268314916));
#5970 = CARTESIAN_POINT('',(7.289587334647,-19.90368505019,
    9.963691234188));
#5971 = CARTESIAN_POINT('',(7.287560370746,-19.90434365068,
    9.960198997693));
#5972 = CARTESIAN_POINT('',(7.284256319632,-19.90541720197,
    9.954859411057));
#5973 = CARTESIAN_POINT('',(7.283032132829,-19.90581496437,
    9.952951676009));
#5974 = CARTESIAN_POINT('',(7.281784955188,-19.90622019695,
    9.951073239475));
#5975 = CARTESIAN_POINT('',(7.280517219418,-19.90663210927,9.94922118032
    ));
#5976 = CARTESIAN_POINT('',(7.279230989277,-19.90705003078,
    9.947392565527));
#5977 = CARTESIAN_POINT('',(7.276393104991,-19.90797211528,
    9.943461656409));
#5978 = CARTESIAN_POINT('',(7.274834953062,-19.90847838953,
    9.941368552376));
#5979 = CARTESIAN_POINT('',(7.27325607053,-19.90899139956,9.939307988245
    ));
#5980 = CARTESIAN_POINT('',(7.271658417796,-19.9095105084,9.937278990036
    ));
#5981 = CARTESIAN_POINT('',(7.270043205478,-19.9100353227,9.935279778398
    ));
#5982 = CARTESIAN_POINT('',(7.266717857574,-19.91111579373,9.93126239547
    ));
#5983 = CARTESIAN_POINT('',(7.265006407665,-19.91167187751,
    9.929246111921));
#5984 = CARTESIAN_POINT('',(7.263277125193,-19.91223375545,
    9.927256125229));
#5985 = CARTESIAN_POINT('',(7.261529656282,-19.91280154252,
    9.925287857144));
#5986 = CARTESIAN_POINT('',(7.259762712668,-19.9133756573,9.9233349439)
  );
#5987 = CARTESIAN_POINT('',(7.257566696404,-19.91408918624,
    9.920946087888));
#5988 = CARTESIAN_POINT('',(7.25715956686,-19.91422147065,9.920504800828
    ));
#5989 = CARTESIAN_POINT('',(7.256752692985,-19.91435367198,9.920065295)
  );
#5990 = CARTESIAN_POINT('',(7.256346084269,-19.91448578716,
    9.919627488611));
#5991 = CARTESIAN_POINT('',(7.255939749774,-19.91461781324,
    9.919191298103));
#5992 = CARTESIAN_POINT('',(7.255092333403,-19.91489315551,
    9.918284177136));
#5993 = CARTESIAN_POINT('',(7.254751188698,-19.91500400015,
    9.917923521998));
#5994 = CARTESIAN_POINT('',(7.254359882283,-19.91513114331,
    9.917494861246));
#5995 = CARTESIAN_POINT('',(7.253884575753,-19.91528557976,
    9.917007560263));
#5996 = CARTESIAN_POINT('',(7.253421974627,-19.91543588798,9.91650418255
    ));
#5997 = CARTESIAN_POINT('',(7.253207515568,-19.91550556995,
    9.916281748735));
#5998 = PLANE('',#5999);
#5999 = AXIS2_PLACEMENT_3D('',#6000,#6001,#6002);
#6000 = CARTESIAN_POINT('',(5.784794705791,-20.39262181405,1.8));
#6001 = DIRECTION('',(-0.309016994375,0.951056516295,0.));
#6002 = DIRECTION('',(0.951056516295,0.309016994375,0.));
#6003 = ADVANCED_FACE('',(#6004),#6039,.T.);
#6004 = FACE_BOUND('',#6005,.T.);
#6005 = EDGE_LOOP('',(#6006,#6015,#6023,#6032,#6038));
#6006 = ORIENTED_EDGE('',*,*,#6007,.F.);
#6007 = EDGE_CURVE('',#6008,#3434,#6010,.T.);
#6008 = VERTEX_POINT('',#6009);
#6009 = CARTESIAN_POINT('',(20.882135733657,-1.100000000032,6.1));
#6010 = CIRCLE('',#6011,0.3);
#6011 = AXIS2_PLACEMENT_3D('',#6012,#6013,#6014);
#6012 = CARTESIAN_POINT('',(21.182135733657,-1.100000000032,6.1));
#6013 = DIRECTION('',(0.,0.,-1.));
#6014 = DIRECTION('',(0.,1.,0.));
#6015 = ORIENTED_EDGE('',*,*,#6016,.T.);
#6016 = EDGE_CURVE('',#6008,#6017,#6019,.T.);
#6017 = VERTEX_POINT('',#6018);
#6018 = CARTESIAN_POINT('',(20.882135733657,-1.100000000032,19.95));
#6019 = LINE('',#6020,#6021);
#6020 = CARTESIAN_POINT('',(20.882135733657,-1.100000000032,20.25));
#6021 = VECTOR('',#6022,1.);
#6022 = DIRECTION('',(0.,0.,1.));
#6023 = ORIENTED_EDGE('',*,*,#6024,.T.);
#6024 = EDGE_CURVE('',#6017,#6025,#6027,.T.);
#6025 = VERTEX_POINT('',#6026);
#6026 = CARTESIAN_POINT('',(21.182135733657,-0.800000000032,19.95));
#6027 = CIRCLE('',#6028,0.3);
#6028 = AXIS2_PLACEMENT_3D('',#6029,#6030,#6031);
#6029 = CARTESIAN_POINT('',(21.182135733657,-1.100000000032,19.95));
#6030 = DIRECTION('',(0.,0.,-1.));
#6031 = DIRECTION('',(-1.,0.,0.));
#6032 = ORIENTED_EDGE('',*,*,#6033,.T.);
#6033 = EDGE_CURVE('',#6025,#3442,#6034,.T.);
#6034 = LINE('',#6035,#6036);
#6035 = CARTESIAN_POINT('',(21.182135733657,-0.800000000032,20.25));
#6036 = VECTOR('',#6037,1.);
#6037 = DIRECTION('',(0.,0.,-1.));
#6038 = ORIENTED_EDGE('',*,*,#3441,.T.);
#6039 = CYLINDRICAL_SURFACE('',#6040,0.3);
#6040 = AXIS2_PLACEMENT_3D('',#6041,#6042,#6043);
#6041 = CARTESIAN_POINT('',(21.182135733657,-1.100000000032,20.25));
#6042 = DIRECTION('',(0.,0.,-1.));
#6043 = DIRECTION('',(-0.707106781187,0.707106781187,0.));
#6044 = ADVANCED_FACE('',(#6045),#6057,.T.);
#6045 = FACE_BOUND('',#6046,.T.);
#6046 = EDGE_LOOP('',(#6047,#6054,#6055,#6056));
#6047 = ORIENTED_EDGE('',*,*,#6048,.F.);
#6048 = EDGE_CURVE('',#3434,#3507,#6049,.T.);
#6049 = CIRCLE('',#6050,0.3);
#6050 = AXIS2_PLACEMENT_3D('',#6051,#6052,#6053);
#6051 = CARTESIAN_POINT('',(21.182135733657,-1.100000000032,6.1));
#6052 = DIRECTION('',(-1.,0.,0.));
#6053 = DIRECTION('',(0.,0.,-1.));
#6054 = ORIENTED_EDGE('',*,*,#3433,.T.);
#6055 = ORIENTED_EDGE('',*,*,#3473,.F.);
#6056 = ORIENTED_EDGE('',*,*,#3514,.T.);
#6057 = CYLINDRICAL_SURFACE('',#6058,0.3);
#6058 = AXIS2_PLACEMENT_3D('',#6059,#6060,#6061);
#6059 = CARTESIAN_POINT('',(21.283045120245,-1.100000000032,6.1));
#6060 = DIRECTION('',(-1.,-8.653942930801E-16,0.));
#6061 = DIRECTION('',(-6.119261730371E-16,0.707106781187,-0.707106781187
    ));
#6062 = ADVANCED_FACE('',(#6063),#6082,.T.);
#6063 = FACE_BOUND('',#6064,.T.);
#6064 = EDGE_LOOP('',(#6065,#6066,#6074,#6081));
#6065 = ORIENTED_EDGE('',*,*,#3540,.T.);
#6066 = ORIENTED_EDGE('',*,*,#6067,.T.);
#6067 = EDGE_CURVE('',#3532,#6068,#6070,.T.);
#6068 = VERTEX_POINT('',#6069);
#6069 = CARTESIAN_POINT('',(21.182135733657,-2.300000000032,6.1));
#6070 = LINE('',#6071,#6072);
#6071 = CARTESIAN_POINT('',(22.033045120245,-2.300000000032,6.1));
#6072 = VECTOR('',#6073,1.);
#6073 = DIRECTION('',(-1.,-7.401486830834E-16,0.));
#6074 = ORIENTED_EDGE('',*,*,#6075,.F.);
#6075 = EDGE_CURVE('',#3499,#6068,#6076,.T.);
#6076 = CIRCLE('',#6077,0.3);
#6077 = AXIS2_PLACEMENT_3D('',#6078,#6079,#6080);
#6078 = CARTESIAN_POINT('',(21.182135733657,-2.000000000032,6.1));
#6079 = DIRECTION('',(-1.,0.,1.480297366167E-14));
#6080 = DIRECTION('',(0.,-1.,0.));
#6081 = ORIENTED_EDGE('',*,*,#3498,.T.);
#6082 = CYLINDRICAL_SURFACE('',#6083,0.3);
#6083 = AXIS2_PLACEMENT_3D('',#6084,#6085,#6086);
#6084 = CARTESIAN_POINT('',(22.033045120245,-2.000000000032,6.1));
#6085 = DIRECTION('',(1.,7.401486830834E-16,0.));
#6086 = DIRECTION('',(5.233641528946E-16,-0.707106781187,-0.707106781187
    ));
#6087 = ADVANCED_FACE('',(#6088),#6113,.T.);
#6088 = FACE_BOUND('',#6089,.T.);
#6089 = EDGE_LOOP('',(#6090,#6099,#6105,#6112));
#6090 = ORIENTED_EDGE('',*,*,#6091,.F.);
#6091 = EDGE_CURVE('',#6092,#3499,#6094,.T.);
#6092 = VERTEX_POINT('',#6093);
#6093 = CARTESIAN_POINT('',(20.882135733657,-2.000000000032,6.1));
#6094 = CIRCLE('',#6095,0.3);
#6095 = AXIS2_PLACEMENT_3D('',#6096,#6097,#6098);
#6096 = CARTESIAN_POINT('',(21.182135733657,-2.000000000032,6.1));
#6097 = DIRECTION('',(1.850371707709E-15,-1.,0.));
#6098 = DIRECTION('',(0.,0.,-1.));
#6099 = ORIENTED_EDGE('',*,*,#6100,.T.);
#6100 = EDGE_CURVE('',#6092,#6008,#6101,.T.);
#6101 = LINE('',#6102,#6103);
#6102 = CARTESIAN_POINT('',(20.882135733657,0.400000000016,6.1));
#6103 = VECTOR('',#6104,1.);
#6104 = DIRECTION('',(0.,1.,0.));
#6105 = ORIENTED_EDGE('',*,*,#6106,.F.);
#6106 = EDGE_CURVE('',#3507,#6008,#6107,.T.);
#6107 = CIRCLE('',#6108,0.3);
#6108 = AXIS2_PLACEMENT_3D('',#6109,#6110,#6111);
#6109 = CARTESIAN_POINT('',(21.182135733657,-1.100000000032,6.1));
#6110 = DIRECTION('',(0.,1.,-0.));
#6111 = DIRECTION('',(-1.,0.,0.));
#6112 = ORIENTED_EDGE('',*,*,#3506,.T.);
#6113 = CYLINDRICAL_SURFACE('',#6114,0.3);
#6114 = AXIS2_PLACEMENT_3D('',#6115,#6116,#6117);
#6115 = CARTESIAN_POINT('',(21.182135733657,0.400000000016,6.1));
#6116 = DIRECTION('',(0.,-1.,0.));
#6117 = DIRECTION('',(-0.707106781187,-0.,-0.707106781187));
#6118 = ADVANCED_FACE('',(#6119),#6137,.T.);
#6119 = FACE_BOUND('',#6120,.T.);
#6120 = EDGE_LOOP('',(#6121,#6129,#6130,#6131));
#6121 = ORIENTED_EDGE('',*,*,#6122,.F.);
#6122 = EDGE_CURVE('',#6068,#6123,#6125,.T.);
#6123 = VERTEX_POINT('',#6124);
#6124 = CARTESIAN_POINT('',(21.182135733657,-2.300000000032,21.45));
#6125 = LINE('',#6126,#6127);
#6126 = CARTESIAN_POINT('',(21.182135733657,-2.300000000032,20.25));
#6127 = VECTOR('',#6128,1.);
#6128 = DIRECTION('',(0.,0.,1.));
#6129 = ORIENTED_EDGE('',*,*,#6067,.F.);
#6130 = ORIENTED_EDGE('',*,*,#3556,.F.);
#6131 = ORIENTED_EDGE('',*,*,#6132,.F.);
#6132 = EDGE_CURVE('',#6123,#3557,#6133,.T.);
#6133 = LINE('',#6134,#6135);
#6134 = CARTESIAN_POINT('',(22.036601800243,-2.300000000032,21.45));
#6135 = VECTOR('',#6136,1.);
#6136 = DIRECTION('',(1.,7.401486830834E-16,0.));
#6137 = PLANE('',#6138);
#6138 = AXIS2_PLACEMENT_3D('',#6139,#6140,#6141);
#6139 = CARTESIAN_POINT('',(22.382135733657,-2.300000000032,20.25));
#6140 = DIRECTION('',(7.401486830834E-16,-1.,0.));
#6141 = DIRECTION('',(-1.,-7.401486830834E-16,0.));
#6142 = ADVANCED_FACE('',(#6143),#6162,.T.);
#6143 = FACE_BOUND('',#6144,.T.);
#6144 = EDGE_LOOP('',(#6145,#6154,#6155,#6156));
#6145 = ORIENTED_EDGE('',*,*,#6146,.F.);
#6146 = EDGE_CURVE('',#6123,#6147,#6149,.T.);
#6147 = VERTEX_POINT('',#6148);
#6148 = CARTESIAN_POINT('',(21.182135733657,-2.000000000032,21.75));
#6149 = CIRCLE('',#6150,0.3);
#6150 = AXIS2_PLACEMENT_3D('',#6151,#6152,#6153);
#6151 = CARTESIAN_POINT('',(21.182135733657,-2.000000000032,21.45));
#6152 = DIRECTION('',(-1.,-7.401486830834E-16,0.));
#6153 = DIRECTION('',(5.233641528946E-16,-0.707106781187,0.707106781187)
  );
#6154 = ORIENTED_EDGE('',*,*,#6132,.T.);
#6155 = ORIENTED_EDGE('',*,*,#3581,.F.);
#6156 = ORIENTED_EDGE('',*,*,#6157,.T.);
#6157 = EDGE_CURVE('',#3582,#6147,#6158,.T.);
#6158 = LINE('',#6159,#6160);
#6159 = CARTESIAN_POINT('',(22.036601800243,-2.000000000032,21.75));
#6160 = VECTOR('',#6161,1.);
#6161 = DIRECTION('',(-1.,-7.401486830834E-16,0.));
#6162 = CYLINDRICAL_SURFACE('',#6163,0.3);
#6163 = AXIS2_PLACEMENT_3D('',#6164,#6165,#6166);
#6164 = CARTESIAN_POINT('',(22.036601800243,-2.000000000032,21.45));
#6165 = DIRECTION('',(1.,7.401486830834E-16,0.));
#6166 = DIRECTION('',(5.233641528946E-16,-0.707106781187,0.707106781187)
  );
#6167 = ADVANCED_FACE('',(#6168),#6186,.T.);
#6168 = FACE_BOUND('',#6169,.T.);
#6169 = EDGE_LOOP('',(#6170,#6178,#6179,#6180));
#6170 = ORIENTED_EDGE('',*,*,#6171,.F.);
#6171 = EDGE_CURVE('',#6147,#6172,#6174,.T.);
#6172 = VERTEX_POINT('',#6173);
#6173 = CARTESIAN_POINT('',(21.182135733657,2.000000000032,21.75));
#6174 = LINE('',#6175,#6176);
#6175 = CARTESIAN_POINT('',(21.182135733657,0.400000000016,21.75));
#6176 = VECTOR('',#6177,1.);
#6177 = DIRECTION('',(0.,1.,0.));
#6178 = ORIENTED_EDGE('',*,*,#6157,.F.);
#6179 = ORIENTED_EDGE('',*,*,#3629,.F.);
#6180 = ORIENTED_EDGE('',*,*,#6181,.F.);
#6181 = EDGE_CURVE('',#6172,#3630,#6182,.T.);
#6182 = LINE('',#6183,#6184);
#6183 = CARTESIAN_POINT('',(21.286601800243,2.000000000032,21.75));
#6184 = VECTOR('',#6185,1.);
#6185 = DIRECTION('',(1.,0.,0.));
#6186 = PLANE('',#6187);
#6187 = AXIS2_PLACEMENT_3D('',#6188,#6189,#6190);
#6188 = CARTESIAN_POINT('',(21.691067866829,6.522560269673E-15,21.75));
#6189 = DIRECTION('',(0.,0.,1.));
#6190 = DIRECTION('',(1.,0.,0.));
#6191 = ADVANCED_FACE('',(#6192,#6195),#6206,.F.);
#6192 = FACE_BOUND('',#6193,.T.);
#6193 = EDGE_LOOP('',(#6194));
#6194 = ORIENTED_EDGE('',*,*,#3668,.F.);
#6195 = FACE_BOUND('',#6196,.T.);
#6196 = EDGE_LOOP('',(#6197));
#6197 = ORIENTED_EDGE('',*,*,#6198,.T.);
#6198 = EDGE_CURVE('',#6199,#6199,#6201,.T.);
#6199 = VERTEX_POINT('',#6200);
#6200 = CARTESIAN_POINT('',(17.,1.600334673603E-15,26.45));
#6201 = CIRCLE('',#6202,17.);
#6202 = AXIS2_PLACEMENT_3D('',#6203,#6204,#6205);
#6203 = CARTESIAN_POINT('',(4.440892098501E-15,-4.815648849472E-16,26.45
    ));
#6204 = DIRECTION('',(0.,0.,1.));
#6205 = DIRECTION('',(-1.,0.,0.));
#6206 = PLANE('',#6207);
#6207 = AXIS2_PLACEMENT_3D('',#6208,#6209,#6210);
#6208 = CARTESIAN_POINT('',(4.440892098501E-15,-4.815648849472E-16,26.45
    ));
#6209 = DIRECTION('',(0.,0.,1.));
#6210 = DIRECTION('',(1.,0.,0.));
#6211 = ADVANCED_FACE('',(#6212),#6231,.T.);
#6212 = FACE_BOUND('',#6213,.T.);
#6213 = EDGE_LOOP('',(#6214,#6223,#6224,#6225));
#6214 = ORIENTED_EDGE('',*,*,#6215,.F.);
#6215 = EDGE_CURVE('',#6172,#6216,#6218,.T.);
#6216 = VERTEX_POINT('',#6217);
#6217 = CARTESIAN_POINT('',(21.182135733657,2.300000000032,21.45));
#6218 = CIRCLE('',#6219,0.3);
#6219 = AXIS2_PLACEMENT_3D('',#6220,#6221,#6222);
#6220 = CARTESIAN_POINT('',(21.182135733657,2.000000000032,21.45));
#6221 = DIRECTION('',(-1.,0.,0.));
#6222 = DIRECTION('',(0.,0.707106781187,0.707106781187));
#6223 = ORIENTED_EDGE('',*,*,#6181,.T.);
#6224 = ORIENTED_EDGE('',*,*,#3693,.F.);
#6225 = ORIENTED_EDGE('',*,*,#6226,.T.);
#6226 = EDGE_CURVE('',#3685,#6216,#6227,.T.);
#6227 = LINE('',#6228,#6229);
#6228 = CARTESIAN_POINT('',(21.286601800243,2.300000000032,21.45));
#6229 = VECTOR('',#6230,1.);
#6230 = DIRECTION('',(-1.,0.,0.));
#6231 = CYLINDRICAL_SURFACE('',#6232,0.3);
#6232 = AXIS2_PLACEMENT_3D('',#6233,#6234,#6235);
#6233 = CARTESIAN_POINT('',(21.286601800243,2.000000000032,21.45));
#6234 = DIRECTION('',(-1.,0.,0.));
#6235 = DIRECTION('',(0.,0.707106781187,0.707106781187));
#6236 = ADVANCED_FACE('',(#6237),#6255,.T.);
#6237 = FACE_BOUND('',#6238,.T.);
#6238 = EDGE_LOOP('',(#6239,#6247,#6248,#6249));
#6239 = ORIENTED_EDGE('',*,*,#6240,.F.);
#6240 = EDGE_CURVE('',#6216,#6241,#6243,.T.);
#6241 = VERTEX_POINT('',#6242);
#6242 = CARTESIAN_POINT('',(21.182135733657,2.300000000032,6.1));
#6243 = LINE('',#6244,#6245);
#6244 = CARTESIAN_POINT('',(21.182135733657,2.300000000032,20.25));
#6245 = VECTOR('',#6246,1.);
#6246 = DIRECTION('',(0.,0.,-1.));
#6247 = ORIENTED_EDGE('',*,*,#6226,.F.);
#6248 = ORIENTED_EDGE('',*,*,#3733,.F.);
#6249 = ORIENTED_EDGE('',*,*,#6250,.F.);
#6250 = EDGE_CURVE('',#6241,#3734,#6251,.T.);
#6251 = LINE('',#6252,#6253);
#6252 = CARTESIAN_POINT('',(21.283045120245,2.300000000032,6.1));
#6253 = VECTOR('',#6254,1.);
#6254 = DIRECTION('',(1.,0.,0.));
#6255 = PLANE('',#6256);
#6256 = AXIS2_PLACEMENT_3D('',#6257,#6258,#6259);
#6257 = CARTESIAN_POINT('',(20.882135733657,2.300000000032,20.25));
#6258 = DIRECTION('',(0.,1.,0.));
#6259 = DIRECTION('',(1.,0.,0.));
#6260 = ADVANCED_FACE('',(#6261),#6273,.T.);
#6261 = FACE_BOUND('',#6262,.T.);
#6262 = EDGE_LOOP('',(#6263,#6270,#6271,#6272));
#6263 = ORIENTED_EDGE('',*,*,#6264,.F.);
#6264 = EDGE_CURVE('',#6241,#3794,#6265,.T.);
#6265 = CIRCLE('',#6266,0.3);
#6266 = AXIS2_PLACEMENT_3D('',#6267,#6268,#6269);
#6267 = CARTESIAN_POINT('',(21.182135733657,2.000000000032,6.1));
#6268 = DIRECTION('',(-1.,0.,0.));
#6269 = DIRECTION('',(0.,0.,-1.));
#6270 = ORIENTED_EDGE('',*,*,#6250,.T.);
#6271 = ORIENTED_EDGE('',*,*,#3756,.F.);
#6272 = ORIENTED_EDGE('',*,*,#3801,.T.);
#6273 = CYLINDRICAL_SURFACE('',#6274,0.3);
#6274 = AXIS2_PLACEMENT_3D('',#6275,#6276,#6277);
#6275 = CARTESIAN_POINT('',(21.283045120245,2.000000000032,6.1));
#6276 = DIRECTION('',(-1.,0.,0.));
#6277 = DIRECTION('',(0.,0.707106781187,-0.707106781187));
#6278 = ADVANCED_FACE('',(#6279),#6304,.T.);
#6279 = FACE_BOUND('',#6280,.T.);
#6280 = EDGE_LOOP('',(#6281,#6288,#6296,#6303));
#6281 = ORIENTED_EDGE('',*,*,#6282,.F.);
#6282 = EDGE_CURVE('',#4166,#3786,#6283,.T.);
#6283 = CIRCLE('',#6284,0.3);
#6284 = AXIS2_PLACEMENT_3D('',#6285,#6286,#6287);
#6285 = CARTESIAN_POINT('',(21.182135733657,1.100000000032,6.1));
#6286 = DIRECTION('',(0.,-1.,0.));
#6287 = DIRECTION('',(0.,0.,-1.));
#6288 = ORIENTED_EDGE('',*,*,#6289,.T.);
#6289 = EDGE_CURVE('',#4166,#6290,#6292,.T.);
#6290 = VERTEX_POINT('',#6291);
#6291 = CARTESIAN_POINT('',(20.882135733657,2.000000000032,6.1));
#6292 = LINE('',#6293,#6294);
#6293 = CARTESIAN_POINT('',(20.882135733657,0.400000000016,6.1));
#6294 = VECTOR('',#6295,1.);
#6295 = DIRECTION('',(0.,1.,0.));
#6296 = ORIENTED_EDGE('',*,*,#6297,.F.);
#6297 = EDGE_CURVE('',#3794,#6290,#6298,.T.);
#6298 = CIRCLE('',#6299,0.3);
#6299 = AXIS2_PLACEMENT_3D('',#6300,#6301,#6302);
#6300 = CARTESIAN_POINT('',(21.182135733657,2.000000000032,6.1));
#6301 = DIRECTION('',(0.,1.,-0.));
#6302 = DIRECTION('',(-1.,0.,0.));
#6303 = ORIENTED_EDGE('',*,*,#3793,.T.);
#6304 = CYLINDRICAL_SURFACE('',#6305,0.3);
#6305 = AXIS2_PLACEMENT_3D('',#6306,#6307,#6308);
#6306 = CARTESIAN_POINT('',(21.182135733657,0.400000000016,6.1));
#6307 = DIRECTION('',(0.,-1.,0.));
#6308 = DIRECTION('',(-0.707106781187,-0.,-0.707106781187));
#6309 = ADVANCED_FACE('',(#6310),#6322,.T.);
#6310 = FACE_BOUND('',#6311,.T.);
#6311 = EDGE_LOOP('',(#6312,#6319,#6320,#6321));
#6312 = ORIENTED_EDGE('',*,*,#6313,.F.);
#6313 = EDGE_CURVE('',#3833,#3935,#6314,.T.);
#6314 = CIRCLE('',#6315,0.3);
#6315 = AXIS2_PLACEMENT_3D('',#6316,#6317,#6318);
#6316 = CARTESIAN_POINT('',(7.021168177035,19.990899721346,20.55));
#6317 = DIRECTION('',(-0.951056516295,0.309016994375,0.));
#6318 = DIRECTION('',(0.,0.,-1.));
#6319 = ORIENTED_EDGE('',*,*,#3832,.T.);
#6320 = ORIENTED_EDGE('',*,*,#4303,.F.);
#6321 = ORIENTED_EDGE('',*,*,#3942,.T.);
#6322 = TOROIDAL_SURFACE('',#6323,0.6,0.3);
#6323 = AXIS2_PLACEMENT_3D('',#6324,#6325,#6326);
#6324 = CARTESIAN_POINT('',(7.021168177035,19.990899721346,19.95));
#6325 = DIRECTION('',(0.309016994375,0.951056516295,0.));
#6326 = DIRECTION('',(0.,0.,1.));
#6327 = ADVANCED_FACE('',(#6328),#6334,.T.);
#6328 = FACE_BOUND('',#6329,.T.);
#6329 = EDGE_LOOP('',(#6330,#6331,#6332,#6333));
#6330 = ORIENTED_EDGE('',*,*,#3875,.T.);
#6331 = ORIENTED_EDGE('',*,*,#3860,.T.);
#6332 = ORIENTED_EDGE('',*,*,#6313,.T.);
#6333 = ORIENTED_EDGE('',*,*,#3934,.T.);
#6334 = CYLINDRICAL_SURFACE('',#6335,0.3);
#6335 = AXIS2_PLACEMENT_3D('',#6336,#6337,#6338);
#6336 = CARTESIAN_POINT('',(6.165217312324,20.269015016298,20.55));
#6337 = DIRECTION('',(-0.951056516295,0.309016994375,0.));
#6338 = DIRECTION('',(-0.218508012224,-0.672498511964,-0.707106781187));
#6339 = ADVANCED_FACE('',(#6340),#6358,.T.);
#6340 = FACE_BOUND('',#6341,.T.);
#6341 = EDGE_LOOP('',(#6342,#6349,#6350,#6357));
#6342 = ORIENTED_EDGE('',*,*,#6343,.F.);
#6343 = EDGE_CURVE('',#3901,#4388,#6344,.T.);
#6344 = CIRCLE('',#6345,0.3);
#6345 = AXIS2_PLACEMENT_3D('',#6346,#6347,#6348);
#6346 = CARTESIAN_POINT('',(8.447752951477,19.527374229783,21.45));
#6347 = DIRECTION('',(0.,0.,1.));
#6348 = DIRECTION('',(-0.309016994375,-0.951056516295,0.));
#6349 = ORIENTED_EDGE('',*,*,#3900,.T.);
#6350 = ORIENTED_EDGE('',*,*,#6351,.F.);
#6351 = EDGE_CURVE('',#4340,#3903,#6352,.T.);
#6352 = CIRCLE('',#6353,0.3);
#6353 = AXIS2_PLACEMENT_3D('',#6354,#6355,#6356);
#6354 = CARTESIAN_POINT('',(8.447752951477,19.527374229783,6.1));
#6355 = DIRECTION('',(0.,0.,-1.));
#6356 = DIRECTION('',(-0.309016994375,-0.951056516295,-0.));
#6357 = ORIENTED_EDGE('',*,*,#4387,.T.);
#6358 = CYLINDRICAL_SURFACE('',#6359,0.3);
#6359 = AXIS2_PLACEMENT_3D('',#6360,#6361,#6362);
#6360 = CARTESIAN_POINT('',(8.447752951477,19.527374229783,20.25));
#6361 = DIRECTION('',(0.,0.,-1.));
#6362 = DIRECTION('',(0.45399049974,-0.891006524188,0.));
#6363 = ADVANCED_FACE('',(#6364),#6382,.T.);
#6364 = FACE_BOUND('',#6365,.T.);
#6365 = EDGE_LOOP('',(#6366,#6373,#6374,#6381));
#6366 = ORIENTED_EDGE('',*,*,#6367,.F.);
#6367 = EDGE_CURVE('',#4412,#3901,#6368,.T.);
#6368 = CIRCLE('',#6369,0.3);
#6369 = AXIS2_PLACEMENT_3D('',#6370,#6371,#6372);
#6370 = CARTESIAN_POINT('',(8.447752951477,19.527374229783,21.45));
#6371 = DIRECTION('',(0.951056516295,-0.309016994375,0.));
#6372 = DIRECTION('',(-0.218508012224,-0.672498511964,0.707106781187));
#6373 = ORIENTED_EDGE('',*,*,#4436,.T.);
#6374 = ORIENTED_EDGE('',*,*,#6375,.F.);
#6375 = EDGE_CURVE('',#3911,#4437,#6376,.T.);
#6376 = CIRCLE('',#6377,0.3);
#6377 = AXIS2_PLACEMENT_3D('',#6378,#6379,#6380);
#6378 = CARTESIAN_POINT('',(4.643526886236,20.763442207303,21.45));
#6379 = DIRECTION('',(-0.951056516295,0.309016994375,0.));
#6380 = DIRECTION('',(-0.218508012224,-0.672498511964,0.707106781187));
#6381 = ORIENTED_EDGE('',*,*,#3910,.T.);
#6382 = CYLINDRICAL_SURFACE('',#6383,0.3);
#6383 = AXIS2_PLACEMENT_3D('',#6384,#6385,#6386);
#6384 = CARTESIAN_POINT('',(6.165217312324,20.269015016298,21.45));
#6385 = DIRECTION('',(0.951056516295,-0.309016994375,0.));
#6386 = DIRECTION('',(-0.218508012224,-0.672498511964,0.707106781187));
#6387 = ADVANCED_FACE('',(#6388),#6406,.T.);
#6388 = FACE_BOUND('',#6389,.T.);
#6389 = EDGE_LOOP('',(#6390,#6397,#6398,#6405));
#6390 = ORIENTED_EDGE('',*,*,#6391,.F.);
#6391 = EDGE_CURVE('',#4461,#3911,#6392,.T.);
#6392 = CIRCLE('',#6393,0.3);
#6393 = AXIS2_PLACEMENT_3D('',#6394,#6395,#6396);
#6394 = CARTESIAN_POINT('',(4.643526886236,20.763442207303,21.45));
#6395 = DIRECTION('',(0.,0.,1.));
#6396 = DIRECTION('',(-0.951056516295,0.309016994375,0.));
#6397 = ORIENTED_EDGE('',*,*,#4485,.T.);
#6398 = ORIENTED_EDGE('',*,*,#6399,.F.);
#6399 = EDGE_CURVE('',#3919,#4486,#6400,.T.);
#6400 = CIRCLE('',#6401,0.3);
#6401 = AXIS2_PLACEMENT_3D('',#6402,#6403,#6404);
#6402 = CARTESIAN_POINT('',(4.643526886236,20.763442207303,6.1));
#6403 = DIRECTION('',(0.,0.,-1.));
#6404 = DIRECTION('',(-0.951056516295,0.309016994375,0.));
#6405 = ORIENTED_EDGE('',*,*,#3918,.T.);
#6406 = CYLINDRICAL_SURFACE('',#6407,0.3);
#6407 = AXIS2_PLACEMENT_3D('',#6408,#6409,#6410);
#6408 = CARTESIAN_POINT('',(4.643526886236,20.763442207303,20.25));
#6409 = DIRECTION('',(0.,0.,-1.));
#6410 = DIRECTION('',(-0.891006524188,-0.45399049974,-0.));
#6411 = ADVANCED_FACE('',(#6412),#6433,.T.);
#6412 = FACE_BOUND('',#6413,.T.);
#6413 = EDGE_LOOP('',(#6414,#6415,#6424,#6431,#6432));
#6414 = ORIENTED_EDGE('',*,*,#3993,.T.);
#6415 = ORIENTED_EDGE('',*,*,#6416,.T.);
#6416 = EDGE_CURVE('',#3974,#6417,#6419,.T.);
#6417 = VERTEX_POINT('',#6418);
#6418 = CARTESIAN_POINT('',(23.794778676561,-2.914019954267E-15,
    26.576290045193));
#6419 = CIRCLE('',#6420,0.5);
#6420 = AXIS2_PLACEMENT_3D('',#6421,#6422,#6423);
#6421 = CARTESIAN_POINT('',(23.532729963729,-2.881928242528E-15,
    26.150460886841));
#6422 = DIRECTION('',(-1.224646799147E-16,-1.,0.));
#6423 = DIRECTION('',(1.,-1.224646799147E-16,0.));
#6424 = ORIENTED_EDGE('',*,*,#6425,.T.);
#6425 = EDGE_CURVE('',#6417,#6417,#6426,.T.);
#6426 = CIRCLE('',#6427,23.794778676561);
#6427 = AXIS2_PLACEMENT_3D('',#6428,#6429,#6430);
#6428 = CARTESIAN_POINT('',(0.,2.914642283325E-15,26.576290045193));
#6429 = DIRECTION('',(1.866330491603E-16,-1.803694494135E-32,-1.));
#6430 = DIRECTION('',(1.,-2.02644126495E-17,1.866330491603E-16));
#6431 = ORIENTED_EDGE('',*,*,#6416,.F.);
#6432 = ORIENTED_EDGE('',*,*,#3973,.T.);
#6433 = TOROIDAL_SURFACE('',#6434,23.532729963729,0.5);
#6434 = AXIS2_PLACEMENT_3D('',#6435,#6436,#6437);
#6435 = CARTESIAN_POINT('',(0.,0.,26.150460886841));
#6436 = DIRECTION('',(0.,0.,-1.));
#6437 = DIRECTION('',(-1.,0.,0.));
#6438 = ADVANCED_FACE('',(#6439),#6444,.T.);
#6439 = FACE_BOUND('',#6440,.T.);
#6440 = EDGE_LOOP('',(#6441,#6442,#6443));
#6441 = ORIENTED_EDGE('',*,*,#6282,.T.);
#6442 = ORIENTED_EDGE('',*,*,#4105,.T.);
#6443 = ORIENTED_EDGE('',*,*,#4173,.T.);
#6444 = SPHERICAL_SURFACE('',#6445,0.3);
#6445 = AXIS2_PLACEMENT_3D('',#6446,#6447,#6448);
#6446 = CARTESIAN_POINT('',(21.182135733657,1.100000000032,6.1));
#6447 = DIRECTION('',(0.408248290464,0.408248290464,-0.816496580928));
#6448 = DIRECTION('',(-0.57735026919,-0.57735026919,-0.57735026919));
#6449 = ADVANCED_FACE('',(#6450),#6461,.T.);
#6450 = FACE_BOUND('',#6451,.T.);
#6451 = EDGE_LOOP('',(#6452,#6459,#6460));
#6452 = ORIENTED_EDGE('',*,*,#6453,.F.);
#6453 = EDGE_CURVE('',#4122,#4191,#6454,.T.);
#6454 = CIRCLE('',#6455,6.125E-02);
#6455 = AXIS2_PLACEMENT_3D('',#6456,#6457,#6458);
#6456 = CARTESIAN_POINT('',(21.120885733657,0.743980337653,
    9.538781480394));
#6457 = DIRECTION('',(1.812609019796E-14,-3.118431766404E-15,-1.));
#6458 = DIRECTION('',(0.16955017301,0.985521556757,-7.96867843409E-27));
#6459 = ORIENTED_EDGE('',*,*,#4121,.T.);
#6460 = ORIENTED_EDGE('',*,*,#4190,.T.);
#6461 = B_SPLINE_SURFACE_WITH_KNOTS('',3,3,(
    (#6462,#6463,#6464,#6465,#6466)
    ,(#6467,#6468,#6469,#6470,#6471)
    ,(#6472,#6473,#6474,#6475,#6476)
    ,(#6477,#6478,#6479,#6480,#6481)
    ,(#6482,#6483,#6484,#6485,#6486
  )),.UNSPECIFIED.,.F.,.F.,.F.,(4,1,4),(4,1,4),(0.,0.571428571429,1.),(
    0.,5.503193798312E-03,1.284078552939E-02),.UNSPECIFIED.);
#6462 = CARTESIAN_POINT('',(21.182135733657,0.800000000032,
    9.432693368431));
#6463 = CARTESIAN_POINT('',(21.168942915301,0.800000000032,
    9.441865358095));
#6464 = CARTESIAN_POINT('',(21.142246789278,0.802145258843,
    9.471684992961));
#6465 = CARTESIAN_POINT('',(21.131270681754,0.804343533005,
    9.514322841291));
#6466 = CARTESIAN_POINT('',(21.131270681754,0.804343533005,
    9.538781480394));
#6467 = CARTESIAN_POINT('',(21.19129871223,0.800000000032,9.448564112868
    ));
#6468 = CARTESIAN_POINT('',(21.180370348469,0.799584731546,
    9.456131056972));
#6469 = CARTESIAN_POINT('',(21.15748404951,0.800207949972,9.480840931315
    ));
#6470 = CARTESIAN_POINT('',(21.147372398674,0.801573376562,
    9.517641960524));
#6471 = CARTESIAN_POINT('',(21.147372398674,0.801573376562,
    9.538781480394));
#6472 = CARTESIAN_POINT('',(21.207163279535,0.78461966797,9.476042349479
    ));
#6473 = CARTESIAN_POINT('',(21.199438757432,0.783979336336,
    9.480880868186));
#6474 = CARTESIAN_POINT('',(21.182028509999,0.783864408131,
    9.496811352712));
#6475 = CARTESIAN_POINT('',(21.173314185597,0.784861702071,
    9.523382476116));
#6476 = CARTESIAN_POINT('',(21.173314185597,0.784861702071,
    9.538781480394));
#6477 = CARTESIAN_POINT('',(21.212760733657,0.752494467891,
    9.485737424413));
#6478 = CARTESIAN_POINT('',(21.205274670389,0.752303739611,
    9.490055495104));
#6479 = CARTESIAN_POINT('',(21.189362310852,0.754081469636,
    9.504191243825));
#6480 = CARTESIAN_POINT('',(21.182135733657,0.756234039875,
    9.526137461465));
#6481 = CARTESIAN_POINT('',(21.182135733657,0.756234039875,
    9.538781480394));
#6482 = CARTESIAN_POINT('',(21.212760733657,0.738750000032,
    9.485737424413));
#6483 = CARTESIAN_POINT('',(21.204817557605,0.738750000032,
    9.490323419245));
#6484 = CARTESIAN_POINT('',(21.188744265062,0.741333249183,
    9.505233236678));
#6485 = CARTESIAN_POINT('',(21.182135733657,0.743980337653,
    9.526552160843));
#6486 = CARTESIAN_POINT('',(21.182135733657,0.743980337653,
    9.538781480394));
#6487 = ADVANCED_FACE('',(#6488),#6500,.F.);
#6488 = FACE_BOUND('',#6489,.F.);
#6489 = EDGE_LOOP('',(#6490,#6491,#6498,#6499));
#6490 = ORIENTED_EDGE('',*,*,#4131,.F.);
#6491 = ORIENTED_EDGE('',*,*,#6492,.F.);
#6492 = EDGE_CURVE('',#4228,#4132,#6493,.T.);
#6493 = CIRCLE('',#6494,6.125E-02);
#6494 = AXIS2_PLACEMENT_3D('',#6495,#6496,#6497);
#6495 = CARTESIAN_POINT('',(21.120885733657,0.743980337653,
    9.916281480394));
#6496 = DIRECTION('',(0.,0.,1.));
#6497 = DIRECTION('',(1.,0.,0.));
#6498 = ORIENTED_EDGE('',*,*,#4227,.F.);
#6499 = ORIENTED_EDGE('',*,*,#6453,.F.);
#6500 = CYLINDRICAL_SURFACE('',#6501,6.125E-02);
#6501 = AXIS2_PLACEMENT_3D('',#6502,#6503,#6504);
#6502 = CARTESIAN_POINT('',(21.120885733657,0.743980337653,20.25));
#6503 = DIRECTION('',(0.,0.,1.));
#6504 = DIRECTION('',(0.764705882353,0.644379479418,0.));
#6505 = ADVANCED_FACE('',(#6506),#6511,.T.);
#6506 = FACE_BOUND('',#6507,.T.);
#6507 = EDGE_LOOP('',(#6508,#6509,#6510));
#6508 = ORIENTED_EDGE('',*,*,#4235,.F.);
#6509 = ORIENTED_EDGE('',*,*,#4139,.T.);
#6510 = ORIENTED_EDGE('',*,*,#6492,.F.);
#6511 = B_SPLINE_SURFACE_WITH_KNOTS('',3,3,(
    (#6512,#6513,#6514,#6515,#6516)
    ,(#6517,#6518,#6519,#6520,#6521)
    ,(#6522,#6523,#6524,#6525,#6526)
    ,(#6527,#6528,#6529,#6530,#6531)
    ,(#6532,#6533,#6534,#6535,#6536
  )),.UNSPECIFIED.,.F.,.F.,.F.,(4,1,4),(4,1,4),(0.,0.571428571429,1.),(
    0.,5.503183281994E-03,1.284076099132E-02),.UNSPECIFIED.);
#6512 = CARTESIAN_POINT('',(21.131270681754,0.804343533005,
    9.916281480394));
#6513 = CARTESIAN_POINT('',(21.131270681754,0.804343533005,
    9.934625424668));
#6514 = CARTESIAN_POINT('',(21.139378073854,0.802775029909,
    9.977395605605));
#6515 = CARTESIAN_POINT('',(21.164545342796,0.800000000032,
    10.010140296176));
#6516 = CARTESIAN_POINT('',(21.182135733657,0.800000000032,
    10.022369592358));
#6517 = CARTESIAN_POINT('',(21.147372398674,0.801573376562,
    9.916281480394));
#6518 = CARTESIAN_POINT('',(21.147372398674,0.801573376562,9.93213609));
#6519 = CARTESIAN_POINT('',(21.154838420113,0.800593256971,
    9.969128715036));
#6520 = CARTESIAN_POINT('',(21.176727588394,0.799446309775,
    9.996409608396));
#6521 = CARTESIAN_POINT('',(21.19129871223,0.800000000032,
    10.006498847921));
#6522 = CARTESIAN_POINT('',(21.173314037832,0.784861596484,
    9.916281480394));
#6523 = CARTESIAN_POINT('',(21.173314037832,0.784861596484,
    9.927830711533));
#6524 = CARTESIAN_POINT('',(21.179748437033,0.78411972104,9.954750944894
    ));
#6525 = CARTESIAN_POINT('',(21.196863828278,0.783765713842,
    9.972569452659));
#6526 = CARTESIAN_POINT('',(21.207163171399,0.784619487723,
    9.979020798606));
#6527 = CARTESIAN_POINT('',(21.182135733657,0.756234039875,
    9.916281480394));
#6528 = CARTESIAN_POINT('',(21.182135733657,0.756234039875,9.92576447647
    ));
#6529 = CARTESIAN_POINT('',(21.187473259849,0.754688691977,
    9.947885946075));
#6530 = CARTESIAN_POINT('',(21.20277933504,0.752240164004,9.96356811979)
  );
#6531 = CARTESIAN_POINT('',(21.212760733657,0.752494467891,
    9.969325536376));
#6532 = CARTESIAN_POINT('',(21.182135733657,0.743980337653,
    9.916281480394));
#6533 = CARTESIAN_POINT('',(21.182135733657,0.743980337653,
    9.925453452531));
#6534 = CARTESIAN_POINT('',(21.187017059317,0.742091598509,9.946838543)
  );
#6535 = CARTESIAN_POINT('',(21.202169852493,0.738750000032,
    9.963210888285));
#6536 = CARTESIAN_POINT('',(21.212760733657,0.738750000032,
    9.969325536376));
#6537 = ADVANCED_FACE('',(#6538),#6567,.F.);
#6538 = FACE_BOUND('',#6539,.F.);
#6539 = EDGE_LOOP('',(#6540,#6549,#6550,#6551,#6552,#6561));
#6540 = ORIENTED_EDGE('',*,*,#6541,.T.);
#6541 = EDGE_CURVE('',#6542,#6025,#6544,.T.);
#6542 = VERTEX_POINT('',#6543);
#6543 = CARTESIAN_POINT('',(21.182135733657,-0.500000000032,20.25));
#6544 = CIRCLE('',#6545,0.3);
#6545 = AXIS2_PLACEMENT_3D('',#6546,#6547,#6548);
#6546 = CARTESIAN_POINT('',(21.182135733657,-0.500000000032,19.95));
#6547 = DIRECTION('',(1.,0.,-1.480297366167E-14));
#6548 = DIRECTION('',(0.,-1.,0.));
#6549 = ORIENTED_EDGE('',*,*,#6033,.T.);
#6550 = ORIENTED_EDGE('',*,*,#4281,.T.);
#6551 = ORIENTED_EDGE('',*,*,#4148,.T.);
#6552 = ORIENTED_EDGE('',*,*,#6553,.T.);
#6553 = EDGE_CURVE('',#4149,#6554,#6556,.T.);
#6554 = VERTEX_POINT('',#6555);
#6555 = CARTESIAN_POINT('',(21.182135733657,0.500000000032,20.25));
#6556 = CIRCLE('',#6557,0.3);
#6557 = AXIS2_PLACEMENT_3D('',#6558,#6559,#6560);
#6558 = CARTESIAN_POINT('',(21.182135733657,0.500000000032,19.95));
#6559 = DIRECTION('',(1.,0.,-0.));
#6560 = DIRECTION('',(0.,0.,1.));
#6561 = ORIENTED_EDGE('',*,*,#6562,.T.);
#6562 = EDGE_CURVE('',#6554,#6542,#6563,.T.);
#6563 = LINE('',#6564,#6565);
#6564 = CARTESIAN_POINT('',(21.182135733657,0.400000000016,20.25));
#6565 = VECTOR('',#6566,1.);
#6566 = DIRECTION('',(0.,-1.,0.));
#6567 = PLANE('',#6568);
#6568 = AXIS2_PLACEMENT_3D('',#6569,#6570,#6571);
#6569 = CARTESIAN_POINT('',(21.182135733657,-0.8,20.25));
#6570 = DIRECTION('',(1.,0.,0.));
#6571 = DIRECTION('',(0.,1.,0.));
#6572 = ADVANCED_FACE('',(#6573),#6593,.T.);
#6573 = FACE_BOUND('',#6574,.T.);
#6574 = EDGE_LOOP('',(#6575,#6576,#6585,#6592));
#6575 = ORIENTED_EDGE('',*,*,#6553,.T.);
#6576 = ORIENTED_EDGE('',*,*,#6577,.F.);
#6577 = EDGE_CURVE('',#6578,#6554,#6580,.T.);
#6578 = VERTEX_POINT('',#6579);
#6579 = CARTESIAN_POINT('',(20.882135733657,0.500000000032,20.55));
#6580 = CIRCLE('',#6581,0.3);
#6581 = AXIS2_PLACEMENT_3D('',#6582,#6583,#6584);
#6582 = CARTESIAN_POINT('',(21.182135733657,0.500000000032,20.55));
#6583 = DIRECTION('',(0.,-1.,0.));
#6584 = DIRECTION('',(-1.,0.,0.));
#6585 = ORIENTED_EDGE('',*,*,#6586,.T.);
#6586 = EDGE_CURVE('',#6578,#4157,#6587,.T.);
#6587 = CIRCLE('',#6588,0.6);
#6588 = AXIS2_PLACEMENT_3D('',#6589,#6590,#6591);
#6589 = CARTESIAN_POINT('',(20.882135733657,0.500000000032,19.95));
#6590 = DIRECTION('',(-1.,0.,0.));
#6591 = DIRECTION('',(0.,0.707106781187,0.707106781187));
#6592 = ORIENTED_EDGE('',*,*,#4156,.F.);
#6593 = TOROIDAL_SURFACE('',#6594,0.6,0.3);
#6594 = AXIS2_PLACEMENT_3D('',#6595,#6596,#6597);
#6595 = CARTESIAN_POINT('',(21.182135733657,0.500000000032,19.95));
#6596 = DIRECTION('',(1.,0.,0.));
#6597 = DIRECTION('',(0.,0.,-1.));
#6598 = ADVANCED_FACE('',(#6599),#6643,.T.);
#6599 = FACE_BOUND('',#6600,.T.);
#6600 = EDGE_LOOP('',(#6601,#6609,#6617,#6623,#6624,#6625,#6626,#6634,
    #6641,#6642));
#6601 = ORIENTED_EDGE('',*,*,#6602,.F.);
#6602 = EDGE_CURVE('',#6603,#6092,#6605,.T.);
#6603 = VERTEX_POINT('',#6604);
#6604 = CARTESIAN_POINT('',(20.882135733657,-2.000000000032,21.45));
#6605 = LINE('',#6606,#6607);
#6606 = CARTESIAN_POINT('',(20.882135733657,-2.000000000032,20.25));
#6607 = VECTOR('',#6608,1.);
#6608 = DIRECTION('',(0.,0.,-1.));
#6609 = ORIENTED_EDGE('',*,*,#6610,.F.);
#6610 = EDGE_CURVE('',#6611,#6603,#6613,.T.);
#6611 = VERTEX_POINT('',#6612);
#6612 = CARTESIAN_POINT('',(20.882135733657,2.000000000032,21.45));
#6613 = LINE('',#6614,#6615);
#6614 = CARTESIAN_POINT('',(20.882135733657,0.400000000016,21.45));
#6615 = VECTOR('',#6616,1.);
#6616 = DIRECTION('',(0.,-1.,0.));
#6617 = ORIENTED_EDGE('',*,*,#6618,.F.);
#6618 = EDGE_CURVE('',#6290,#6611,#6619,.T.);
#6619 = LINE('',#6620,#6621);
#6620 = CARTESIAN_POINT('',(20.882135733657,2.000000000032,20.25));
#6621 = VECTOR('',#6622,1.);
#6622 = DIRECTION('',(0.,0.,1.));
#6623 = ORIENTED_EDGE('',*,*,#6289,.F.);
#6624 = ORIENTED_EDGE('',*,*,#4165,.F.);
#6625 = ORIENTED_EDGE('',*,*,#6586,.F.);
#6626 = ORIENTED_EDGE('',*,*,#6627,.F.);
#6627 = EDGE_CURVE('',#6628,#6578,#6630,.T.);
#6628 = VERTEX_POINT('',#6629);
#6629 = CARTESIAN_POINT('',(20.882135733657,-0.500000000032,20.55));
#6630 = LINE('',#6631,#6632);
#6631 = CARTESIAN_POINT('',(20.882135733657,0.400000000016,20.55));
#6632 = VECTOR('',#6633,1.);
#6633 = DIRECTION('',(0.,1.,0.));
#6634 = ORIENTED_EDGE('',*,*,#6635,.F.);
#6635 = EDGE_CURVE('',#6017,#6628,#6636,.T.);
#6636 = CIRCLE('',#6637,0.6);
#6637 = AXIS2_PLACEMENT_3D('',#6638,#6639,#6640);
#6638 = CARTESIAN_POINT('',(20.882135733657,-0.500000000032,19.95));
#6639 = DIRECTION('',(-1.,0.,0.));
#6640 = DIRECTION('',(0.,-0.707106781187,0.707106781187));
#6641 = ORIENTED_EDGE('',*,*,#6016,.F.);
#6642 = ORIENTED_EDGE('',*,*,#6100,.F.);
#6643 = PLANE('',#6644);
#6644 = AXIS2_PLACEMENT_3D('',#6645,#6646,#6647);
#6645 = CARTESIAN_POINT('',(20.882135733657,0.800000000032,20.25));
#6646 = DIRECTION('',(-1.,0.,0.));
#6647 = DIRECTION('',(0.,1.,0.));
#6648 = ADVANCED_FACE('',(#6649),#6654,.T.);
#6649 = FACE_BOUND('',#6650,.T.);
#6650 = EDGE_LOOP('',(#6651,#6652,#6653));
#6651 = ORIENTED_EDGE('',*,*,#4295,.T.);
#6652 = ORIENTED_EDGE('',*,*,#4320,.T.);
#6653 = ORIENTED_EDGE('',*,*,#4371,.T.);
#6654 = SPHERICAL_SURFACE('',#6655,0.3);
#6655 = AXIS2_PLACEMENT_3D('',#6656,#6657,#6658);
#6656 = CARTESIAN_POINT('',(7.591802086812,19.805489524721,6.1));
#6657 = DIRECTION('',(0.51442285659,0.262111537234,-0.816496580928));
#6658 = DIRECTION('',(-0.727503780584,-0.370681690811,-0.57735026919));
#6659 = ADVANCED_FACE('',(#6660),#6665,.T.);
#6660 = FACE_BOUND('',#6661,.T.);
#6661 = EDGE_LOOP('',(#6662,#6663,#6664));
#6662 = ORIENTED_EDGE('',*,*,#6351,.T.);
#6663 = ORIENTED_EDGE('',*,*,#4363,.T.);
#6664 = ORIENTED_EDGE('',*,*,#4347,.T.);
#6665 = SPHERICAL_SURFACE('',#6666,0.3);
#6666 = AXIS2_PLACEMENT_3D('',#6667,#6668,#6669);
#6667 = CARTESIAN_POINT('',(8.447752951477,19.527374229783,6.1));
#6668 = DIRECTION('',(-0.928759971197,-0.290357401074,-0.230428938165));
#6669 = DIRECTION('',(0.370681690811,-0.727503780584,-0.57735026919));
#6670 = ADVANCED_FACE('',(#6671),#6676,.T.);
#6671 = FACE_BOUND('',#6672,.T.);
#6672 = EDGE_LOOP('',(#6673,#6674,#6675));
#6673 = ORIENTED_EDGE('',*,*,#6343,.T.);
#6674 = ORIENTED_EDGE('',*,*,#4411,.T.);
#6675 = ORIENTED_EDGE('',*,*,#6367,.T.);
#6676 = SPHERICAL_SURFACE('',#6677,0.3);
#6677 = AXIS2_PLACEMENT_3D('',#6678,#6679,#6680);
#6678 = CARTESIAN_POINT('',(8.447752951477,19.527374229783,21.45));
#6679 = DIRECTION('',(-0.928759971197,-0.290357401074,0.230428938165));
#6680 = DIRECTION('',(0.370681690811,-0.727503780584,0.57735026919));
#6681 = ADVANCED_FACE('',(#6682),#6687,.T.);
#6682 = FACE_BOUND('',#6683,.T.);
#6683 = EDGE_LOOP('',(#6684,#6685,#6686));
#6684 = ORIENTED_EDGE('',*,*,#6391,.T.);
#6685 = ORIENTED_EDGE('',*,*,#6375,.T.);
#6686 = ORIENTED_EDGE('',*,*,#4460,.T.);
#6687 = SPHERICAL_SURFACE('',#6688,0.3);
#6688 = AXIS2_PLACEMENT_3D('',#6689,#6690,#6691);
#6689 = CARTESIAN_POINT('',(4.643526886236,20.763442207303,21.45));
#6690 = DIRECTION('',(-0.51442285659,-0.262111537234,-0.816496580928));
#6691 = DIRECTION('',(-0.727503780584,-0.370681690811,0.57735026919));
#6692 = ADVANCED_FACE('',(#6693),#6698,.T.);
#6693 = FACE_BOUND('',#6694,.T.);
#6694 = EDGE_LOOP('',(#6695,#6696,#6697));
#6695 = ORIENTED_EDGE('',*,*,#6399,.T.);
#6696 = ORIENTED_EDGE('',*,*,#4509,.T.);
#6697 = ORIENTED_EDGE('',*,*,#4529,.T.);
#6698 = SPHERICAL_SURFACE('',#6699,0.3);
#6699 = AXIS2_PLACEMENT_3D('',#6700,#6701,#6702);
#6700 = CARTESIAN_POINT('',(4.643526886236,20.763442207303,6.1));
#6701 = DIRECTION('',(0.51442285659,0.262111537234,-0.816496580928));
#6702 = DIRECTION('',(-0.727503780584,-0.370681690811,-0.57735026919));
#6703 = ADVANCED_FACE('',(#6704),#6733,.F.);
#6704 = FACE_BOUND('',#6705,.F.);
#6705 = EDGE_LOOP('',(#6706,#6715,#6716,#6717,#6718,#6727));
#6706 = ORIENTED_EDGE('',*,*,#6707,.T.);
#6707 = EDGE_CURVE('',#6708,#4580,#6710,.T.);
#6708 = VERTEX_POINT('',#6709);
#6709 = CARTESIAN_POINT('',(-16.84281515952,12.855055493514,20.25));
#6710 = CIRCLE('',#6711,0.3);
#6711 = AXIS2_PLACEMENT_3D('',#6712,#6713,#6714);
#6712 = CARTESIAN_POINT('',(-16.84281515952,12.855055493514,19.95));
#6713 = DIRECTION('',(-0.809016994375,0.587785252292,5.987928629788E-15)
  );
#6714 = DIRECTION('',(0.587785252292,0.809016994375,0.));
#6715 = ORIENTED_EDGE('',*,*,#4588,.T.);
#6716 = ORIENTED_EDGE('',*,*,#4548,.T.);
#6717 = ORIENTED_EDGE('',*,*,#4895,.T.);
#6718 = ORIENTED_EDGE('',*,*,#6719,.T.);
#6719 = EDGE_CURVE('',#4896,#6720,#6722,.T.);
#6720 = VERTEX_POINT('',#6721);
#6721 = CARTESIAN_POINT('',(-17.43060041185,12.046038499088,20.25));
#6722 = CIRCLE('',#6723,0.3);
#6723 = AXIS2_PLACEMENT_3D('',#6724,#6725,#6726);
#6724 = CARTESIAN_POINT('',(-17.43060041185,12.046038499088,19.95));
#6725 = DIRECTION('',(-0.809016994375,0.587785252292,0.));
#6726 = DIRECTION('',(0.,0.,1.));
#6727 = ORIENTED_EDGE('',*,*,#6728,.T.);
#6728 = EDGE_CURVE('',#6720,#6708,#6729,.T.);
#6729 = LINE('',#6730,#6731);
#6730 = CARTESIAN_POINT('',(-17.37182188661,12.126940198538,20.25));
#6731 = VECTOR('',#6732,1.);
#6732 = DIRECTION('',(0.587785252292,0.809016994375,0.));
#6733 = PLANE('',#6734);
#6734 = AXIS2_PLACEMENT_3D('',#6735,#6736,#6737);
#6735 = CARTESIAN_POINT('',(-16.66647958385,13.097760591801,20.25));
#6736 = DIRECTION('',(-0.809016994375,0.587785252292,0.));
#6737 = DIRECTION('',(-0.587785252292,-0.809016994375,0.));
#6738 = ADVANCED_FACE('',(#6739),#6744,.T.);
#6739 = FACE_BOUND('',#6740,.T.);
#6740 = EDGE_LOOP('',(#6741,#6742,#6743));
#6741 = ORIENTED_EDGE('',*,*,#4562,.T.);
#6742 = ORIENTED_EDGE('',*,*,#4603,.T.);
#6743 = ORIENTED_EDGE('',*,*,#4661,.T.);
#6744 = SPHERICAL_SURFACE('',#6745,0.3);
#6745 = AXIS2_PLACEMENT_3D('',#6746,#6747,#6748);
#6746 = CARTESIAN_POINT('',(-16.49014400814,13.340465690139,6.1));
#6747 = DIRECTION('',(-0.991809208181,-0.103856330373,
    -7.435292334373E-02));
#6748 = DIRECTION('',(0.127728205845,-0.806444153118,-0.57735026919));
#6749 = ADVANCED_FACE('',(#6750),#6802,.T.);
#6750 = FACE_BOUND('',#6751,.T.);
#6751 = EDGE_LOOP('',(#6752,#6760,#6768,#6774,#6775,#6776,#6785,#6793,
    #6800,#6801));
#6752 = ORIENTED_EDGE('',*,*,#6753,.F.);
#6753 = EDGE_CURVE('',#6754,#4647,#6756,.T.);
#6754 = VERTEX_POINT('',#6755);
#6755 = CARTESIAN_POINT('',(-15.71843218277,13.892245409389,21.45));
#6756 = LINE('',#6757,#6758);
#6757 = CARTESIAN_POINT('',(-15.71843218277,13.892245409389,20.25));
#6758 = VECTOR('',#6759,1.);
#6759 = DIRECTION('',(0.,0.,-1.));
#6760 = ORIENTED_EDGE('',*,*,#6761,.F.);
#6761 = EDGE_CURVE('',#6762,#6754,#6764,.T.);
#6762 = VERTEX_POINT('',#6763);
#6763 = CARTESIAN_POINT('',(-18.06957319197,10.656177431838,21.45));
#6764 = LINE('',#6765,#6766);
#6765 = CARTESIAN_POINT('',(-17.12911678829,11.950604622851,21.45));
#6766 = VECTOR('',#6767,1.);
#6767 = DIRECTION('',(0.587785252292,0.809016994375,0.));
#6768 = ORIENTED_EDGE('',*,*,#6769,.F.);
#6769 = EDGE_CURVE('',#4845,#6762,#6770,.T.);
#6770 = LINE('',#6771,#6772);
#6771 = CARTESIAN_POINT('',(-18.06957319197,10.656177431838,20.25));
#6772 = VECTOR('',#6773,1.);
#6773 = DIRECTION('',(0.,0.,1.));
#6774 = ORIENTED_EDGE('',*,*,#4844,.F.);
#6775 = ORIENTED_EDGE('',*,*,#4912,.F.);
#6776 = ORIENTED_EDGE('',*,*,#6777,.F.);
#6777 = EDGE_CURVE('',#6778,#4904,#6780,.T.);
#6778 = VERTEX_POINT('',#6779);
#6779 = CARTESIAN_POINT('',(-17.18789531353,11.8697029234,20.55));
#6780 = CIRCLE('',#6781,0.6);
#6781 = AXIS2_PLACEMENT_3D('',#6782,#6783,#6784);
#6782 = CARTESIAN_POINT('',(-17.18789531353,11.8697029234,19.95));
#6783 = DIRECTION('',(0.809016994375,-0.587785252292,5.551115123126E-17)
  );
#6784 = DIRECTION('',(-0.415626937777,-0.572061402818,0.707106781187));
#6785 = ORIENTED_EDGE('',*,*,#6786,.F.);
#6786 = EDGE_CURVE('',#6787,#6778,#6789,.T.);
#6787 = VERTEX_POINT('',#6788);
#6788 = CARTESIAN_POINT('',(-16.6001100612,12.678719917826,20.55));
#6789 = LINE('',#6790,#6791);
#6790 = CARTESIAN_POINT('',(-17.12911678829,11.950604622851,20.55));
#6791 = VECTOR('',#6792,1.);
#6792 = DIRECTION('',(-0.587785252292,-0.809016994375,0.));
#6793 = ORIENTED_EDGE('',*,*,#6794,.F.);
#6794 = EDGE_CURVE('',#4572,#6787,#6795,.T.);
#6795 = CIRCLE('',#6796,0.6);
#6796 = AXIS2_PLACEMENT_3D('',#6797,#6798,#6799);
#6797 = CARTESIAN_POINT('',(-16.6001100612,12.678719917826,19.95));
#6798 = DIRECTION('',(0.809016994375,-0.587785252292,-5.551115123126E-17
    ));
#6799 = DIRECTION('',(0.415626937777,0.572061402818,0.707106781187));
#6800 = ORIENTED_EDGE('',*,*,#4571,.F.);
#6801 = ORIENTED_EDGE('',*,*,#4655,.F.);
#6802 = PLANE('',#6803);
#6803 = AXIS2_PLACEMENT_3D('',#6804,#6805,#6806);
#6804 = CARTESIAN_POINT('',(-17.36423088922,11.626997825088,20.25));
#6805 = DIRECTION('',(0.809016994375,-0.587785252292,0.));
#6806 = DIRECTION('',(-0.587785252292,-0.809016994375,0.));
#6807 = ADVANCED_FACE('',(#6808),#6820,.T.);
#6808 = FACE_BOUND('',#6809,.T.);
#6809 = EDGE_LOOP('',(#6810,#6817,#6818,#6819));
#6810 = ORIENTED_EDGE('',*,*,#6811,.F.);
#6811 = EDGE_CURVE('',#6708,#6787,#6812,.T.);
#6812 = CIRCLE('',#6813,0.3);
#6813 = AXIS2_PLACEMENT_3D('',#6814,#6815,#6816);
#6814 = CARTESIAN_POINT('',(-16.84281515952,12.855055493514,20.55));
#6815 = DIRECTION('',(-0.587785252292,-0.809016994375,-0.));
#6816 = DIRECTION('',(0.,0.,-1.));
#6817 = ORIENTED_EDGE('',*,*,#6707,.T.);
#6818 = ORIENTED_EDGE('',*,*,#4579,.F.);
#6819 = ORIENTED_EDGE('',*,*,#6794,.T.);
#6820 = TOROIDAL_SURFACE('',#6821,0.6,0.3);
#6821 = AXIS2_PLACEMENT_3D('',#6822,#6823,#6824);
#6822 = CARTESIAN_POINT('',(-16.84281515952,12.855055493514,19.95));
#6823 = DIRECTION('',(-0.809016994375,0.587785252292,0.));
#6824 = DIRECTION('',(0.,0.,1.));
#6825 = ADVANCED_FACE('',(#6826),#6837,.T.);
#6826 = FACE_BOUND('',#6827,.T.);
#6827 = EDGE_LOOP('',(#6828,#6835,#6836));
#6828 = ORIENTED_EDGE('',*,*,#6829,.T.);
#6829 = EDGE_CURVE('',#4623,#4647,#6830,.T.);
#6830 = CIRCLE('',#6831,0.3);
#6831 = AXIS2_PLACEMENT_3D('',#6832,#6833,#6834);
#6832 = CARTESIAN_POINT('',(-15.96113728108,14.068580985077,6.1));
#6833 = DIRECTION('',(0.,0.,-1.));
#6834 = DIRECTION('',(0.809016994375,-0.587785252292,0.));
#6835 = ORIENTED_EDGE('',*,*,#4646,.T.);
#6836 = ORIENTED_EDGE('',*,*,#4630,.T.);
#6837 = SPHERICAL_SURFACE('',#6838,0.3);
#6838 = AXIS2_PLACEMENT_3D('',#6839,#6840,#6841);
#6839 = CARTESIAN_POINT('',(-15.96113728108,14.068580985077,6.1));
#6840 = DIRECTION('',(-0.570242129318,-9.031748050149E-02,
    -0.816496580928));
#6841 = DIRECTION('',(0.806444153118,0.127728205845,-0.577350269189));
#6842 = ADVANCED_FACE('',(#6843),#6855,.T.);
#6843 = FACE_BOUND('',#6844,.T.);
#6844 = EDGE_LOOP('',(#6845,#6852,#6853,#6854));
#6845 = ORIENTED_EDGE('',*,*,#6846,.F.);
#6846 = EDGE_CURVE('',#6754,#4678,#6847,.T.);
#6847 = CIRCLE('',#6848,0.3);
#6848 = AXIS2_PLACEMENT_3D('',#6849,#6850,#6851);
#6849 = CARTESIAN_POINT('',(-15.96113728108,14.068580985077,21.45));
#6850 = DIRECTION('',(-0.,0.,1.));
#6851 = DIRECTION('',(0.809016994375,-0.587785252292,0.));
#6852 = ORIENTED_EDGE('',*,*,#6753,.T.);
#6853 = ORIENTED_EDGE('',*,*,#6829,.F.);
#6854 = ORIENTED_EDGE('',*,*,#4677,.T.);
#6855 = CYLINDRICAL_SURFACE('',#6856,0.3);
#6856 = AXIS2_PLACEMENT_3D('',#6857,#6858,#6859);
#6857 = CARTESIAN_POINT('',(-15.96113728108,14.068580985077,20.25));
#6858 = DIRECTION('',(0.,0.,-1.));
#6859 = DIRECTION('',(0.987688340595,0.15643446504,0.));
#6860 = ADVANCED_FACE('',(#6861),#6872,.T.);
#6861 = FACE_BOUND('',#6862,.T.);
#6862 = EDGE_LOOP('',(#6863,#6864,#6865));
#6863 = ORIENTED_EDGE('',*,*,#6846,.T.);
#6864 = ORIENTED_EDGE('',*,*,#4701,.T.);
#6865 = ORIENTED_EDGE('',*,*,#6866,.T.);
#6866 = EDGE_CURVE('',#4702,#6754,#6867,.T.);
#6867 = CIRCLE('',#6868,0.3);
#6868 = AXIS2_PLACEMENT_3D('',#6869,#6870,#6871);
#6869 = CARTESIAN_POINT('',(-15.96113728108,14.068580985077,21.45));
#6870 = DIRECTION('',(0.587785252292,0.809016994375,5.551115123126E-17)
  );
#6871 = DIRECTION('',(0.572061402818,-0.415626937777,0.707106781187));
#6872 = SPHERICAL_SURFACE('',#6873,0.3);
#6873 = AXIS2_PLACEMENT_3D('',#6874,#6875,#6876);
#6874 = CARTESIAN_POINT('',(-15.96113728108,14.068580985077,21.45));
#6875 = DIRECTION('',(0.570242129318,9.031748050149E-02,-0.816496580928)
  );
#6876 = DIRECTION('',(0.806444153118,0.127728205845,0.577350269189));
#6877 = ADVANCED_FACE('',(#6878),#6890,.T.);
#6878 = FACE_BOUND('',#6879,.T.);
#6879 = EDGE_LOOP('',(#6880,#6881,#6882,#6889));
#6880 = ORIENTED_EDGE('',*,*,#6866,.F.);
#6881 = ORIENTED_EDGE('',*,*,#4726,.T.);
#6882 = ORIENTED_EDGE('',*,*,#6883,.F.);
#6883 = EDGE_CURVE('',#6762,#4727,#6884,.T.);
#6884 = CIRCLE('',#6885,0.3);
#6885 = AXIS2_PLACEMENT_3D('',#6886,#6887,#6888);
#6886 = CARTESIAN_POINT('',(-18.31227829028,10.832513007526,21.45));
#6887 = DIRECTION('',(-0.587785252292,-0.809016994375,
    -5.551115123126E-17));
#6888 = DIRECTION('',(0.572061402818,-0.415626937777,0.707106781187));
#6889 = ORIENTED_EDGE('',*,*,#6761,.T.);
#6890 = CYLINDRICAL_SURFACE('',#6891,0.3);
#6891 = AXIS2_PLACEMENT_3D('',#6892,#6893,#6894);
#6892 = CARTESIAN_POINT('',(-17.37182188661,12.126940198538,21.45));
#6893 = DIRECTION('',(0.587785252292,0.809016994375,0.));
#6894 = DIRECTION('',(0.572061402818,-0.415626937777,0.707106781187));
#6895 = ADVANCED_FACE('',(#6896),#6907,.T.);
#6896 = FACE_BOUND('',#6897,.T.);
#6897 = EDGE_LOOP('',(#6898,#6905,#6906));
#6898 = ORIENTED_EDGE('',*,*,#6899,.T.);
#6899 = EDGE_CURVE('',#4751,#6762,#6900,.T.);
#6900 = CIRCLE('',#6901,0.3);
#6901 = AXIS2_PLACEMENT_3D('',#6902,#6903,#6904);
#6902 = CARTESIAN_POINT('',(-18.31227829028,10.832513007526,21.45));
#6903 = DIRECTION('',(0.,0.,1.));
#6904 = DIRECTION('',(-0.587785252292,-0.809016994375,0.));
#6905 = ORIENTED_EDGE('',*,*,#6883,.T.);
#6906 = ORIENTED_EDGE('',*,*,#4750,.T.);
#6907 = SPHERICAL_SURFACE('',#6908,0.3);
#6908 = AXIS2_PLACEMENT_3D('',#6909,#6910,#6911);
#6909 = CARTESIAN_POINT('',(-18.31227829028,10.832513007526,21.45));
#6910 = DIRECTION('',(-0.991809208181,-0.103856330373,7.435292334374E-02
    ));
#6911 = DIRECTION('',(0.127728205845,-0.806444153118,0.57735026919));
#6912 = ADVANCED_FACE('',(#6913),#6925,.T.);
#6913 = FACE_BOUND('',#6914,.T.);
#6914 = EDGE_LOOP('',(#6915,#6916,#6917,#6924));
#6915 = ORIENTED_EDGE('',*,*,#6899,.F.);
#6916 = ORIENTED_EDGE('',*,*,#4775,.T.);
#6917 = ORIENTED_EDGE('',*,*,#6918,.F.);
#6918 = EDGE_CURVE('',#4845,#4776,#6919,.T.);
#6919 = CIRCLE('',#6920,0.3);
#6920 = AXIS2_PLACEMENT_3D('',#6921,#6922,#6923);
#6921 = CARTESIAN_POINT('',(-18.31227829028,10.832513007526,6.1));
#6922 = DIRECTION('',(0.,0.,-1.));
#6923 = DIRECTION('',(-0.587785252292,-0.809016994375,-0.));
#6924 = ORIENTED_EDGE('',*,*,#6769,.T.);
#6925 = CYLINDRICAL_SURFACE('',#6926,0.3);
#6926 = AXIS2_PLACEMENT_3D('',#6927,#6928,#6929);
#6927 = CARTESIAN_POINT('',(-18.31227829028,10.832513007526,20.25));
#6928 = DIRECTION('',(0.,0.,-1.));
#6929 = DIRECTION('',(0.15643446504,-0.987688340595,0.));
#6930 = ADVANCED_FACE('',(#6931),#6936,.T.);
#6931 = FACE_BOUND('',#6932,.T.);
#6932 = EDGE_LOOP('',(#6933,#6934,#6935));
#6933 = ORIENTED_EDGE('',*,*,#6918,.T.);
#6934 = ORIENTED_EDGE('',*,*,#4799,.T.);
#6935 = ORIENTED_EDGE('',*,*,#4852,.T.);
#6936 = SPHERICAL_SURFACE('',#6937,0.3);
#6937 = AXIS2_PLACEMENT_3D('',#6938,#6939,#6940);
#6938 = CARTESIAN_POINT('',(-18.31227829028,10.832513007526,6.1));
#6939 = DIRECTION('',(-0.991809208181,-0.103856330373,
    -7.435292334374E-02));
#6940 = DIRECTION('',(0.127728205845,-0.806444153118,-0.57735026919));
#6941 = ADVANCED_FACE('',(#6942),#6947,.T.);
#6942 = FACE_BOUND('',#6943,.T.);
#6943 = EDGE_LOOP('',(#6944,#6945,#6946));
#6944 = ORIENTED_EDGE('',*,*,#4835,.T.);
#6945 = ORIENTED_EDGE('',*,*,#4819,.T.);
#6946 = ORIENTED_EDGE('',*,*,#4918,.T.);
#6947 = SPHERICAL_SURFACE('',#6948,0.3);
#6948 = AXIS2_PLACEMENT_3D('',#6949,#6950,#6951);
#6949 = CARTESIAN_POINT('',(-17.78327156322,11.560628302463,6.1));
#6950 = DIRECTION('',(-0.570242129318,-9.03174805015E-02,-0.816496580928
    ));
#6951 = DIRECTION('',(0.806444153118,0.127728205845,-0.577350269189));
#6952 = ADVANCED_FACE('',(#6953),#6964,.T.);
#6953 = FACE_BOUND('',#6954,.T.);
#6954 = EDGE_LOOP('',(#6955,#6962,#6963));
#6955 = ORIENTED_EDGE('',*,*,#6956,.F.);
#6956 = EDGE_CURVE('',#4869,#4936,#6957,.T.);
#6957 = CIRCLE('',#6958,6.125E-02);
#6958 = AXIS2_PLACEMENT_3D('',#6959,#6960,#6961);
#6959 = CARTESIAN_POINT('',(-17.52445616524,11.812652412956,
    9.538781480394));
#6960 = DIRECTION('',(-1.283134680915E-14,1.31771127949E-14,-1.));
#6961 = DIRECTION('',(-0.716444008243,-0.69764459652,6.915154695167E-27)
  );
#6962 = ORIENTED_EDGE('',*,*,#4868,.T.);
#6963 = ORIENTED_EDGE('',*,*,#4935,.T.);
#6964 = B_SPLINE_SURFACE_WITH_KNOTS('',3,3,(
    (#6965,#6966,#6967,#6968,#6969)
    ,(#6970,#6971,#6972,#6973,#6974)
    ,(#6975,#6976,#6977,#6978,#6979)
    ,(#6980,#6981,#6982,#6983,#6984)
    ,(#6985,#6986,#6987,#6988,#6989
  )),.UNSPECIFIED.,.F.,.F.,.F.,(4,1,4),(4,1,4),(0.,0.571428571429,1.),(
    0.,5.503193801059E-03,1.284078553581E-02),.UNSPECIFIED.);
#6965 = CARTESIAN_POINT('',(-17.60693598753,11.803333400776,
    9.432693368431));
#6966 = CARTESIAN_POINT('',(-17.59626277327,11.795578856706,
    9.441865358099));
#6967 = CARTESIAN_POINT('',(-17.57592610411,11.778151715809,
    9.471684995819));
#6968 = CARTESIAN_POINT('',(-17.56833836075,11.769921681419,
    9.514322841279));
#6969 = CARTESIAN_POINT('',(-17.56833836075,11.769921681419,
    9.538781480394));
#6970 = CARTESIAN_POINT('',(-17.61434899292,11.808719264448,
    9.448564112868));
#6971 = CARTESIAN_POINT('',(-17.60526367222,11.802631692657,
    9.456131056976));
#6972 = CARTESIAN_POINT('',(-17.5871145851,11.788675268889,
    9.480840933687));
#6973 = CARTESIAN_POINT('',(-17.57973666627,11.7816271368,9.517641960513
    ));
#6974 = CARTESIAN_POINT('',(-17.57973666627,11.7816271368,9.538781480394
    ));
#6975 = CARTESIAN_POINT('',(-17.6181409455,11.830488202181,
    9.476040006593));
#6976 = CARTESIAN_POINT('',(-17.61151529835,11.82646588118,
    9.480878525302));
#6977 = CARTESIAN_POINT('',(-17.59736261009,11.81632500617,
    9.496809831705));
#6978 = CARTESIAN_POINT('',(-17.59089886523,11.810395347326,
    9.523382476109));
#6979 = CARTESIAN_POINT('',(-17.59089886523,11.810395347326,
    9.538781480394));
#6980 = CARTESIAN_POINT('',(-17.60378908179,11.859767106956,
    9.485737424413));
#6981 = CARTESIAN_POINT('',(-17.59762062211,11.855521211786,
    9.490055495106));
#6982 = CARTESIAN_POINT('',(-17.58579217574,11.844729947108,
    9.504191245271));
#6983 = CARTESIAN_POINT('',(-17.5812110016,11.838740806317,
    9.526137461459));
#6984 = CARTESIAN_POINT('',(-17.5812110016,11.838740806317,
    9.538781480394));
#6985 = CARTESIAN_POINT('',(-17.59571028628,11.870886615033,
    9.485737424413));
#6986 = CARTESIAN_POINT('',(-17.58928412186,11.86621773329,
    9.490323419247));
#6987 = CARTESIAN_POINT('',(-17.57779895023,11.854680195917,
    9.505233238107));
#6988 = CARTESIAN_POINT('',(-17.57400845615,11.848654259659,
    9.526552160837));
#6989 = CARTESIAN_POINT('',(-17.57400845615,11.848654259659,
    9.538781480394));
#6990 = ADVANCED_FACE('',(#6991),#7003,.F.);
#6991 = FACE_BOUND('',#6992,.F.);
#6992 = EDGE_LOOP('',(#6993,#6994,#7001,#7002));
#6993 = ORIENTED_EDGE('',*,*,#4878,.F.);
#6994 = ORIENTED_EDGE('',*,*,#6995,.F.);
#6995 = EDGE_CURVE('',#4973,#4879,#6996,.T.);
#6996 = CIRCLE('',#6997,6.125E-02);
#6997 = AXIS2_PLACEMENT_3D('',#6998,#6999,#7000);
#6998 = CARTESIAN_POINT('',(-17.52445616524,11.812652412956,
    9.916281480394));
#6999 = DIRECTION('',(0.,0.,1.));
#7000 = DIRECTION('',(-0.809016994375,0.587785252292,0.));
#7001 = ORIENTED_EDGE('',*,*,#4972,.F.);
#7002 = ORIENTED_EDGE('',*,*,#6956,.F.);
#7003 = CYLINDRICAL_SURFACE('',#7004,6.125E-02);
#7004 = AXIS2_PLACEMENT_3D('',#7005,#7006,#7007);
#7005 = CARTESIAN_POINT('',(-17.52445616524,11.812652412956,20.25));
#7006 = DIRECTION('',(0.,0.,1.));
#7007 = DIRECTION('',(-0.997416809404,-7.183110968713E-02,0.));
#7008 = ADVANCED_FACE('',(#7009),#7014,.T.);
#7009 = FACE_BOUND('',#7010,.T.);
#7010 = EDGE_LOOP('',(#7011,#7012,#7013));
#7011 = ORIENTED_EDGE('',*,*,#4980,.F.);
#7012 = ORIENTED_EDGE('',*,*,#4886,.T.);
#7013 = ORIENTED_EDGE('',*,*,#6995,.F.);
#7014 = B_SPLINE_SURFACE_WITH_KNOTS('',3,3,(
    (#7015,#7016,#7017,#7018,#7019)
    ,(#7020,#7021,#7022,#7023,#7024)
    ,(#7025,#7026,#7027,#7028,#7029)
    ,(#7030,#7031,#7032,#7033,#7034)
    ,(#7035,#7036,#7037,#7038,#7039
  )),.UNSPECIFIED.,.F.,.F.,.F.,(4,1,4),(4,1,4),(0.,0.571428571429,1.),(
    2.242366951084E-16,5.503183215495E-03,1.284076083616E-02),
  .UNSPECIFIED.);
#7015 = CARTESIAN_POINT('',(-17.56833836075,11.769921681419,
    9.916281480394));
#7016 = CARTESIAN_POINT('',(-17.56833836075,11.769921681419,
    9.934625424446));
#7017 = CARTESIAN_POINT('',(-17.5739754365,11.775956033452,
    9.977395608026));
#7018 = CARTESIAN_POINT('',(-17.59270506256,11.79299402857,
    10.010140296324));
#7019 = CARTESIAN_POINT('',(-17.60693598753,11.803333400776,
    10.022369592358));
#7020 = CARTESIAN_POINT('',(-17.57973666627,11.7816271368,9.916281480394
    ));
#7021 = CARTESIAN_POINT('',(-17.57973666627,11.7816271368,9.932136089809
    ));
#7022 = CARTESIAN_POINT('',(-17.58520070542,11.78680848839,
    9.969128717067));
#7023 = CARTESIAN_POINT('',(-17.60223525529,11.800602517673,
    9.996409608517));
#7024 = CARTESIAN_POINT('',(-17.61434899292,11.808719264448,
    10.006498847921));
#7025 = CARTESIAN_POINT('',(-17.59089874365,11.810395346368,
    9.916281480394));
#7026 = CARTESIAN_POINT('',(-17.59089874365,11.810395346368,
    9.927830711393));
#7027 = CARTESIAN_POINT('',(-17.59566816869,11.814777938316,
    9.954751744378));
#7028 = CARTESIAN_POINT('',(-17.6093066368,11.825125172902,
    9.972571733718));
#7029 = CARTESIAN_POINT('',(-17.618140816,11.830488257254,9.979023079588
    ));
#7030 = CARTESIAN_POINT('',(-17.5812110016,11.838740806317,
    9.916281480394));
#7031 = CARTESIAN_POINT('',(-17.5812110016,11.838740806317,
    9.925764476355));
#7032 = CARTESIAN_POINT('',(-17.58462081876,11.843128338826,
    9.947885947222));
#7033 = CARTESIAN_POINT('',(-17.59556448471,11.854105924286,
    9.963568119859));
#7034 = CARTESIAN_POINT('',(-17.60378908179,11.859767106956,
    9.969325536376));
#7035 = CARTESIAN_POINT('',(-17.57400845615,11.848654259659,
    9.916281480394));
#7036 = CARTESIAN_POINT('',(-17.57400845615,11.848654259659,
    9.92545345242));
#7037 = CARTESIAN_POINT('',(-17.57684735891,11.853051453602,
    9.94683854421));
#7038 = CARTESIAN_POINT('',(-17.58714208354,11.864661451351,
    9.963210888359));
#7039 = CARTESIAN_POINT('',(-17.59571028628,11.870886615033,
    9.969325536376));
#7040 = ADVANCED_FACE('',(#7041),#7053,.T.);
#7041 = FACE_BOUND('',#7042,.T.);
#7042 = EDGE_LOOP('',(#7043,#7044,#7051,#7052));
#7043 = ORIENTED_EDGE('',*,*,#6719,.T.);
#7044 = ORIENTED_EDGE('',*,*,#7045,.F.);
#7045 = EDGE_CURVE('',#6778,#6720,#7046,.T.);
#7046 = CIRCLE('',#7047,0.3);
#7047 = AXIS2_PLACEMENT_3D('',#7048,#7049,#7050);
#7048 = CARTESIAN_POINT('',(-17.43060041185,12.046038499088,20.55));
#7049 = DIRECTION('',(0.587785252292,0.809016994375,0.));
#7050 = DIRECTION('',(0.809016994375,-0.587785252292,0.));
#7051 = ORIENTED_EDGE('',*,*,#6777,.T.);
#7052 = ORIENTED_EDGE('',*,*,#4903,.F.);
#7053 = TOROIDAL_SURFACE('',#7054,0.6,0.3);
#7054 = AXIS2_PLACEMENT_3D('',#7055,#7056,#7057);
#7055 = CARTESIAN_POINT('',(-17.43060041185,12.046038499088,19.95));
#7056 = DIRECTION('',(-0.809016994375,0.587785252292,0.));
#7057 = DIRECTION('',(0.,0.,1.));
#7058 = ADVANCED_FACE('',(#7059),#7088,.F.);
#7059 = FACE_BOUND('',#7060,.F.);
#7060 = EDGE_LOOP('',(#7061,#7070,#7071,#7072,#7073,#7082));
#7061 = ORIENTED_EDGE('',*,*,#7062,.T.);
#7062 = EDGE_CURVE('',#7063,#5058,#7065,.T.);
#7063 = VERTEX_POINT('',#7064);
#7064 = CARTESIAN_POINT('',(-17.43060041185,-12.04603849908,20.25));
#7065 = CIRCLE('',#7066,0.3);
#7066 = AXIS2_PLACEMENT_3D('',#7067,#7068,#7069);
#7067 = CARTESIAN_POINT('',(-17.43060041185,-12.04603849908,19.95));
#7068 = DIRECTION('',(-0.809016994375,-0.587785252292,1.033841343399E-14
    ));
#7069 = DIRECTION('',(-0.587785252292,0.809016994375,-1.577721810442E-30
    ));
#7070 = ORIENTED_EDGE('',*,*,#5066,.T.);
#7071 = ORIENTED_EDGE('',*,*,#5026,.T.);
#7072 = ORIENTED_EDGE('',*,*,#5373,.T.);
#7073 = ORIENTED_EDGE('',*,*,#7074,.T.);
#7074 = EDGE_CURVE('',#5374,#7075,#7077,.T.);
#7075 = VERTEX_POINT('',#7076);
#7076 = CARTESIAN_POINT('',(-16.84281515952,-12.85505549351,20.25));
#7077 = CIRCLE('',#7078,0.3);
#7078 = AXIS2_PLACEMENT_3D('',#7079,#7080,#7081);
#7079 = CARTESIAN_POINT('',(-16.84281515952,-12.85505549351,19.95));
#7080 = DIRECTION('',(-0.809016994375,-0.587785252292,0.));
#7081 = DIRECTION('',(0.,0.,1.));
#7082 = ORIENTED_EDGE('',*,*,#7083,.T.);
#7083 = EDGE_CURVE('',#7075,#7063,#7084,.T.);
#7084 = LINE('',#7085,#7086);
#7085 = CARTESIAN_POINT('',(-16.90159368475,-12.77415379406,20.25));
#7086 = VECTOR('',#7087,1.);
#7087 = DIRECTION('',(-0.587785252292,0.809016994375,0.));
#7088 = PLANE('',#7089);
#7089 = AXIS2_PLACEMENT_3D('',#7090,#7091,#7092);
#7090 = CARTESIAN_POINT('',(-17.60693598751,-11.8033334008,20.25));
#7091 = DIRECTION('',(-0.809016994375,-0.587785252292,0.));
#7092 = DIRECTION('',(0.587785252292,-0.809016994375,0.));
#7093 = ADVANCED_FACE('',(#7094),#7099,.T.);
#7094 = FACE_BOUND('',#7095,.T.);
#7095 = EDGE_LOOP('',(#7096,#7097,#7098));
#7096 = ORIENTED_EDGE('',*,*,#5040,.T.);
#7097 = ORIENTED_EDGE('',*,*,#5081,.T.);
#7098 = ORIENTED_EDGE('',*,*,#5139,.T.);
#7099 = SPHERICAL_SURFACE('',#7100,0.3);
#7100 = AXIS2_PLACEMENT_3D('',#7101,#7102,#7103);
#7101 = CARTESIAN_POINT('',(-17.78327156322,-11.56062830246,6.1));
#7102 = DIRECTION('',(-0.570242129318,9.03174805015E-02,-0.816496580928)
  );
#7103 = DIRECTION('',(0.806444153118,-0.127728205845,-0.577350269189));
#7104 = ADVANCED_FACE('',(#7105),#7157,.T.);
#7105 = FACE_BOUND('',#7106,.T.);
#7106 = EDGE_LOOP('',(#7107,#7115,#7123,#7129,#7130,#7131,#7140,#7148,
    #7155,#7156));
#7107 = ORIENTED_EDGE('',*,*,#7108,.F.);
#7108 = EDGE_CURVE('',#7109,#5125,#7111,.T.);
#7109 = VERTEX_POINT('',#7110);
#7110 = CARTESIAN_POINT('',(-18.06957319197,-10.65617743183,21.45));
#7111 = LINE('',#7112,#7113);
#7112 = CARTESIAN_POINT('',(-18.06957319197,-10.65617743183,20.25));
#7113 = VECTOR('',#7114,1.);
#7114 = DIRECTION('',(0.,0.,-1.));
#7115 = ORIENTED_EDGE('',*,*,#7116,.F.);
#7116 = EDGE_CURVE('',#7117,#7109,#7119,.T.);
#7117 = VERTEX_POINT('',#7118);
#7118 = CARTESIAN_POINT('',(-15.71843218277,-13.89224540938,21.45));
#7119 = LINE('',#7120,#7121);
#7120 = CARTESIAN_POINT('',(-16.65888858644,-12.59781821837,21.45));
#7121 = VECTOR('',#7122,1.);
#7122 = DIRECTION('',(-0.587785252292,0.809016994375,0.));
#7123 = ORIENTED_EDGE('',*,*,#7124,.F.);
#7124 = EDGE_CURVE('',#5323,#7117,#7125,.T.);
#7125 = LINE('',#7126,#7127);
#7126 = CARTESIAN_POINT('',(-15.71843218277,-13.89224540938,20.25));
#7127 = VECTOR('',#7128,1.);
#7128 = DIRECTION('',(0.,0.,1.));
#7129 = ORIENTED_EDGE('',*,*,#5322,.F.);
#7130 = ORIENTED_EDGE('',*,*,#5390,.F.);
#7131 = ORIENTED_EDGE('',*,*,#7132,.F.);
#7132 = EDGE_CURVE('',#7133,#5382,#7135,.T.);
#7133 = VERTEX_POINT('',#7134);
#7134 = CARTESIAN_POINT('',(-16.6001100612,-12.67871991782,20.55));
#7135 = CIRCLE('',#7136,0.6);
#7136 = AXIS2_PLACEMENT_3D('',#7137,#7138,#7139);
#7137 = CARTESIAN_POINT('',(-16.6001100612,-12.67871991782,19.95));
#7138 = DIRECTION('',(0.809016994375,0.587785252292,-5.551115123126E-17)
  );
#7139 = DIRECTION('',(0.415626937777,-0.572061402818,0.707106781187));
#7140 = ORIENTED_EDGE('',*,*,#7141,.F.);
#7141 = EDGE_CURVE('',#7142,#7133,#7144,.T.);
#7142 = VERTEX_POINT('',#7143);
#7143 = CARTESIAN_POINT('',(-17.18789531353,-11.8697029234,20.55));
#7144 = LINE('',#7145,#7146);
#7145 = CARTESIAN_POINT('',(-16.65888858644,-12.59781821837,20.55));
#7146 = VECTOR('',#7147,1.);
#7147 = DIRECTION('',(0.587785252292,-0.809016994375,0.));
#7148 = ORIENTED_EDGE('',*,*,#7149,.F.);
#7149 = EDGE_CURVE('',#5050,#7142,#7150,.T.);
#7150 = CIRCLE('',#7151,0.6);
#7151 = AXIS2_PLACEMENT_3D('',#7152,#7153,#7154);
#7152 = CARTESIAN_POINT('',(-17.18789531353,-11.8697029234,19.95));
#7153 = DIRECTION('',(0.809016994375,0.587785252292,5.551115123126E-17)
  );
#7154 = DIRECTION('',(-0.415626937777,0.572061402818,0.707106781187));
#7155 = ORIENTED_EDGE('',*,*,#5049,.F.);
#7156 = ORIENTED_EDGE('',*,*,#5133,.F.);
#7157 = PLANE('',#7158);
#7158 = AXIS2_PLACEMENT_3D('',#7159,#7160,#7161);
#7159 = CARTESIAN_POINT('',(-16.42377448552,-12.92142501613,20.25));
#7160 = DIRECTION('',(0.809016994375,0.587785252292,0.));
#7161 = DIRECTION('',(0.587785252292,-0.809016994375,0.));
#7162 = ADVANCED_FACE('',(#7163),#7175,.T.);
#7163 = FACE_BOUND('',#7164,.T.);
#7164 = EDGE_LOOP('',(#7165,#7172,#7173,#7174));
#7165 = ORIENTED_EDGE('',*,*,#7166,.F.);
#7166 = EDGE_CURVE('',#7063,#7142,#7167,.T.);
#7167 = CIRCLE('',#7168,0.3);
#7168 = AXIS2_PLACEMENT_3D('',#7169,#7170,#7171);
#7169 = CARTESIAN_POINT('',(-17.43060041185,-12.04603849908,20.55));
#7170 = DIRECTION('',(0.587785252292,-0.809016994375,0.));
#7171 = DIRECTION('',(0.,0.,-1.));
#7172 = ORIENTED_EDGE('',*,*,#7062,.T.);
#7173 = ORIENTED_EDGE('',*,*,#5057,.F.);
#7174 = ORIENTED_EDGE('',*,*,#7149,.T.);
#7175 = TOROIDAL_SURFACE('',#7176,0.6,0.3);
#7176 = AXIS2_PLACEMENT_3D('',#7177,#7178,#7179);
#7177 = CARTESIAN_POINT('',(-17.43060041185,-12.04603849908,19.95));
#7178 = DIRECTION('',(-0.809016994375,-0.587785252292,0.));
#7179 = DIRECTION('',(0.,0.,1.));
#7180 = ADVANCED_FACE('',(#7181),#7192,.T.);
#7181 = FACE_BOUND('',#7182,.T.);
#7182 = EDGE_LOOP('',(#7183,#7190,#7191));
#7183 = ORIENTED_EDGE('',*,*,#7184,.T.);
#7184 = EDGE_CURVE('',#5101,#5125,#7185,.T.);
#7185 = CIRCLE('',#7186,0.3);
#7186 = AXIS2_PLACEMENT_3D('',#7187,#7188,#7189);
#7187 = CARTESIAN_POINT('',(-18.31227829028,-10.83251300752,6.1));
#7188 = DIRECTION('',(0.,0.,-1.));
#7189 = DIRECTION('',(0.809016994375,0.587785252292,0.));
#7190 = ORIENTED_EDGE('',*,*,#5124,.T.);
#7191 = ORIENTED_EDGE('',*,*,#5108,.T.);
#7192 = SPHERICAL_SURFACE('',#7193,0.3);
#7193 = AXIS2_PLACEMENT_3D('',#7194,#7195,#7196);
#7194 = CARTESIAN_POINT('',(-18.31227829028,-10.83251300752,6.1));
#7195 = DIRECTION('',(-0.991809208181,0.103856330373,-7.435292334374E-02
    ));
#7196 = DIRECTION('',(0.127728205845,0.806444153118,-0.57735026919));
#7197 = ADVANCED_FACE('',(#7198),#7210,.T.);
#7198 = FACE_BOUND('',#7199,.T.);
#7199 = EDGE_LOOP('',(#7200,#7207,#7208,#7209));
#7200 = ORIENTED_EDGE('',*,*,#7201,.F.);
#7201 = EDGE_CURVE('',#7109,#5156,#7202,.T.);
#7202 = CIRCLE('',#7203,0.3);
#7203 = AXIS2_PLACEMENT_3D('',#7204,#7205,#7206);
#7204 = CARTESIAN_POINT('',(-18.31227829028,-10.83251300752,21.45));
#7205 = DIRECTION('',(0.,-0.,1.));
#7206 = DIRECTION('',(0.809016994375,0.587785252292,0.));
#7207 = ORIENTED_EDGE('',*,*,#7108,.T.);
#7208 = ORIENTED_EDGE('',*,*,#7184,.F.);
#7209 = ORIENTED_EDGE('',*,*,#5155,.T.);
#7210 = CYLINDRICAL_SURFACE('',#7211,0.3);
#7211 = AXIS2_PLACEMENT_3D('',#7212,#7213,#7214);
#7212 = CARTESIAN_POINT('',(-18.31227829028,-10.83251300752,20.25));
#7213 = DIRECTION('',(0.,0.,-1.));
#7214 = DIRECTION('',(0.15643446504,0.987688340595,0.));
#7215 = ADVANCED_FACE('',(#7216),#7227,.T.);
#7216 = FACE_BOUND('',#7217,.T.);
#7217 = EDGE_LOOP('',(#7218,#7219,#7220));
#7218 = ORIENTED_EDGE('',*,*,#7201,.T.);
#7219 = ORIENTED_EDGE('',*,*,#5179,.T.);
#7220 = ORIENTED_EDGE('',*,*,#7221,.T.);
#7221 = EDGE_CURVE('',#5180,#7109,#7222,.T.);
#7222 = CIRCLE('',#7223,0.3);
#7223 = AXIS2_PLACEMENT_3D('',#7224,#7225,#7226);
#7224 = CARTESIAN_POINT('',(-18.31227829028,-10.83251300752,21.45));
#7225 = DIRECTION('',(-0.587785252292,0.809016994375,-5.551115123126E-17
    ));
#7226 = DIRECTION('',(0.572061402818,0.415626937777,0.707106781187));
#7227 = SPHERICAL_SURFACE('',#7228,0.3);
#7228 = AXIS2_PLACEMENT_3D('',#7229,#7230,#7231);
#7229 = CARTESIAN_POINT('',(-18.31227829028,-10.83251300752,21.45));
#7230 = DIRECTION('',(-0.991809208181,0.103856330373,7.435292334374E-02)
  );
#7231 = DIRECTION('',(0.127728205845,0.806444153118,0.57735026919));
#7232 = ADVANCED_FACE('',(#7233),#7245,.T.);
#7233 = FACE_BOUND('',#7234,.T.);
#7234 = EDGE_LOOP('',(#7235,#7236,#7237,#7244));
#7235 = ORIENTED_EDGE('',*,*,#7221,.F.);
#7236 = ORIENTED_EDGE('',*,*,#5204,.T.);
#7237 = ORIENTED_EDGE('',*,*,#7238,.F.);
#7238 = EDGE_CURVE('',#7117,#5205,#7239,.T.);
#7239 = CIRCLE('',#7240,0.3);
#7240 = AXIS2_PLACEMENT_3D('',#7241,#7242,#7243);
#7241 = CARTESIAN_POINT('',(-15.96113728108,-14.06858098507,21.45));
#7242 = DIRECTION('',(0.587785252292,-0.809016994375,5.551115123126E-17)
  );
#7243 = DIRECTION('',(0.572061402818,0.415626937777,0.707106781187));
#7244 = ORIENTED_EDGE('',*,*,#7116,.T.);
#7245 = CYLINDRICAL_SURFACE('',#7246,0.3);
#7246 = AXIS2_PLACEMENT_3D('',#7247,#7248,#7249);
#7247 = CARTESIAN_POINT('',(-16.90159368475,-12.77415379406,21.45));
#7248 = DIRECTION('',(-0.587785252292,0.809016994375,0.));
#7249 = DIRECTION('',(0.572061402818,0.415626937777,0.707106781187));
#7250 = ADVANCED_FACE('',(#7251),#7262,.T.);
#7251 = FACE_BOUND('',#7252,.T.);
#7252 = EDGE_LOOP('',(#7253,#7260,#7261));
#7253 = ORIENTED_EDGE('',*,*,#7254,.T.);
#7254 = EDGE_CURVE('',#5229,#7117,#7255,.T.);
#7255 = CIRCLE('',#7256,0.3);
#7256 = AXIS2_PLACEMENT_3D('',#7257,#7258,#7259);
#7257 = CARTESIAN_POINT('',(-15.96113728108,-14.06858098507,21.45));
#7258 = DIRECTION('',(-0.,0.,1.));
#7259 = DIRECTION('',(0.587785252292,-0.809016994375,0.));
#7260 = ORIENTED_EDGE('',*,*,#7238,.T.);
#7261 = ORIENTED_EDGE('',*,*,#5228,.T.);
#7262 = SPHERICAL_SURFACE('',#7263,0.3);
#7263 = AXIS2_PLACEMENT_3D('',#7264,#7265,#7266);
#7264 = CARTESIAN_POINT('',(-15.96113728108,-14.06858098507,21.45));
#7265 = DIRECTION('',(0.570242129318,-9.031748050149E-02,-0.816496580928
    ));
#7266 = DIRECTION('',(0.806444153118,-0.127728205845,0.577350269189));
#7267 = ADVANCED_FACE('',(#7268),#7280,.T.);
#7268 = FACE_BOUND('',#7269,.T.);
#7269 = EDGE_LOOP('',(#7270,#7271,#7272,#7279));
#7270 = ORIENTED_EDGE('',*,*,#7254,.F.);
#7271 = ORIENTED_EDGE('',*,*,#5253,.T.);
#7272 = ORIENTED_EDGE('',*,*,#7273,.F.);
#7273 = EDGE_CURVE('',#5323,#5254,#7274,.T.);
#7274 = CIRCLE('',#7275,0.3);
#7275 = AXIS2_PLACEMENT_3D('',#7276,#7277,#7278);
#7276 = CARTESIAN_POINT('',(-15.96113728108,-14.06858098507,6.1));
#7277 = DIRECTION('',(0.,0.,-1.));
#7278 = DIRECTION('',(0.587785252292,-0.809016994375,0.));
#7279 = ORIENTED_EDGE('',*,*,#7124,.T.);
#7280 = CYLINDRICAL_SURFACE('',#7281,0.3);
#7281 = AXIS2_PLACEMENT_3D('',#7282,#7283,#7284);
#7282 = CARTESIAN_POINT('',(-15.96113728108,-14.06858098507,20.25));
#7283 = DIRECTION('',(0.,0.,-1.));
#7284 = DIRECTION('',(0.987688340595,-0.15643446504,0.));
#7285 = ADVANCED_FACE('',(#7286),#7291,.T.);
#7286 = FACE_BOUND('',#7287,.T.);
#7287 = EDGE_LOOP('',(#7288,#7289,#7290));
#7288 = ORIENTED_EDGE('',*,*,#7273,.T.);
#7289 = ORIENTED_EDGE('',*,*,#5277,.T.);
#7290 = ORIENTED_EDGE('',*,*,#5330,.T.);
#7291 = SPHERICAL_SURFACE('',#7292,0.3);
#7292 = AXIS2_PLACEMENT_3D('',#7293,#7294,#7295);
#7293 = CARTESIAN_POINT('',(-15.96113728108,-14.06858098507,6.1));
#7294 = DIRECTION('',(-0.570242129318,9.031748050149E-02,-0.816496580928
    ));
#7295 = DIRECTION('',(0.806444153118,-0.127728205845,-0.577350269189));
#7296 = ADVANCED_FACE('',(#7297),#7302,.T.);
#7297 = FACE_BOUND('',#7298,.T.);
#7298 = EDGE_LOOP('',(#7299,#7300,#7301));
#7299 = ORIENTED_EDGE('',*,*,#5313,.T.);
#7300 = ORIENTED_EDGE('',*,*,#5297,.T.);
#7301 = ORIENTED_EDGE('',*,*,#5396,.T.);
#7302 = SPHERICAL_SURFACE('',#7303,0.3);
#7303 = AXIS2_PLACEMENT_3D('',#7304,#7305,#7306);
#7304 = CARTESIAN_POINT('',(-16.49014400814,-13.34046569013,6.1));
#7305 = DIRECTION('',(-0.991809208181,0.103856330373,-7.435292334374E-02
    ));
#7306 = DIRECTION('',(0.127728205845,0.806444153118,-0.57735026919));
#7307 = ADVANCED_FACE('',(#7308),#7319,.T.);
#7308 = FACE_BOUND('',#7309,.T.);
#7309 = EDGE_LOOP('',(#7310,#7317,#7318));
#7310 = ORIENTED_EDGE('',*,*,#7311,.F.);
#7311 = EDGE_CURVE('',#5347,#5414,#7312,.T.);
#7312 = CIRCLE('',#7313,6.125E-02);
#7313 = AXIS2_PLACEMENT_3D('',#7314,#7315,#7316);
#7314 = CARTESIAN_POINT('',(-16.64985482431,-13.01643788624,
    9.538781480394));
#7315 = DIRECTION('',(1.64972832143E-14,8.131384205265E-15,-1.));
#7316 = DIRECTION('',(0.442106065513,-0.896962778958,-1.852245405459E-27
    ));
#7317 = ORIENTED_EDGE('',*,*,#5346,.T.);
#7318 = ORIENTED_EDGE('',*,*,#5413,.T.);
#7319 = B_SPLINE_SURFACE_WITH_KNOTS('',3,3,(
    (#7320,#7321,#7322,#7323,#7324)
    ,(#7325,#7326,#7327,#7328,#7329)
    ,(#7330,#7331,#7332,#7333,#7334)
    ,(#7335,#7336,#7337,#7338,#7339)
    ,(#7340,#7341,#7342,#7343,#7344
  )),.UNSPECIFIED.,.F.,.F.,.F.,(4,1,4),(4,1,4),(0.,0.571428571429,1.),(
    2.936092551226E-17,5.503193801263E-03,1.284078553628E-02),
  .UNSPECIFIED.);
#7320 = CARTESIAN_POINT('',(-16.66647958383,-13.09776059182,
    9.432693368431));
#7321 = CARTESIAN_POINT('',(-16.65580636957,-13.09000604775,9.4418653581
    ));
#7322 = CARTESIAN_POINT('',(-16.63294779718,-13.07605000866,
    9.47168499611));
#7323 = CARTESIAN_POINT('',(-16.62277582779,-13.07137685645,
    9.514322841278));
#7324 = CARTESIAN_POINT('',(-16.62277582779,-13.07137685645,
    9.538781480394));
#7325 = CARTESIAN_POINT('',(-16.67389258921,-13.10314645549,
    9.448564112868));
#7326 = CARTESIAN_POINT('',(-16.6652954459,-13.09638696518,
    9.456131056976));
#7327 = CARTESIAN_POINT('',(-16.64641372174,-13.08343892966,
    9.480840933924));
#7328 = CARTESIAN_POINT('',(-16.63743064752,-13.07860010455,
    9.517641960512));
#7329 = CARTESIAN_POINT('',(-16.63743064752,-13.07860010455,
    9.538781480394));
#7330 = CARTESIAN_POINT('',(-16.69576786571,-13.10002574717,
    9.476039919088));
#7331 = CARTESIAN_POINT('',(-16.68989497355,-13.09496734783,
    9.480878437797));
#7332 = CARTESIAN_POINT('',(-16.67587699457,-13.08464105016,
    9.496809775045));
#7333 = CARTESIAN_POINT('',(-16.66824012393,-13.08032604017,
    9.523382476108));
#7334 = CARTESIAN_POINT('',(-16.66824012393,-13.08032604017,
    9.538781480394));
#7335 = CARTESIAN_POINT('',(-16.71917878048,-13.07732873235,
    9.485737424413));
#7336 = CARTESIAN_POINT('',(-16.71323453534,-13.07277423234,
    9.490055495107));
#7337 = CARTESIAN_POINT('',(-16.69931624173,-13.06485939548,
    9.50419124542));
#7338 = CARTESIAN_POINT('',(-16.69220456976,-13.06235318628,
    9.526137461459));
#7339 = CARTESIAN_POINT('',(-16.69220456976,-13.06235318628,
    9.538781480394));
#7340 = CARTESIAN_POINT('',(-16.72725757598,-13.06620922427,
    9.485737424413));
#7341 = CARTESIAN_POINT('',(-16.72083141157,-13.06154034253,
    9.490323419247));
#7342 = CARTESIAN_POINT('',(-16.70630944818,-13.05418259029,
    9.505233238252));
#7343 = CARTESIAN_POINT('',(-16.69940711521,-13.05243973294,
    9.526552160836));
#7344 = CARTESIAN_POINT('',(-16.69940711521,-13.05243973294,
    9.538781480394));
#7345 = ADVANCED_FACE('',(#7346),#7358,.F.);
#7346 = FACE_BOUND('',#7347,.F.);
#7347 = EDGE_LOOP('',(#7348,#7349,#7356,#7357));
#7348 = ORIENTED_EDGE('',*,*,#5356,.F.);
#7349 = ORIENTED_EDGE('',*,*,#7350,.F.);
#7350 = EDGE_CURVE('',#5463,#5357,#7351,.T.);
#7351 = CIRCLE('',#7352,6.125E-02);
#7352 = AXIS2_PLACEMENT_3D('',#7353,#7354,#7355);
#7353 = CARTESIAN_POINT('',(-16.64985482431,-13.01643788624,
    9.916281480394));
#7354 = DIRECTION('',(-1.64972832143E-14,-8.131384205265E-15,1.));
#7355 = DIRECTION('',(-0.809016994375,-0.587785252292,
    -1.812609019797E-14));
#7356 = ORIENTED_EDGE('',*,*,#5462,.F.);
#7357 = ORIENTED_EDGE('',*,*,#7311,.F.);
#7358 = CYLINDRICAL_SURFACE('',#7359,6.125E-02);
#7359 = AXIS2_PLACEMENT_3D('',#7360,#7361,#7362);
#7360 = CARTESIAN_POINT('',(-16.64985482431,-13.01643788624,20.25));
#7361 = DIRECTION('',(0.,0.,1.));
#7362 = DIRECTION('',(-0.23990329964,-0.970796789664,0.));
#7363 = ADVANCED_FACE('',(#7364),#7369,.T.);
#7364 = FACE_BOUND('',#7365,.T.);
#7365 = EDGE_LOOP('',(#7366,#7367,#7368));
#7366 = ORIENTED_EDGE('',*,*,#5470,.F.);
#7367 = ORIENTED_EDGE('',*,*,#5364,.T.);
#7368 = ORIENTED_EDGE('',*,*,#7350,.F.);
#7369 = B_SPLINE_SURFACE_WITH_KNOTS('',3,3,(
    (#7370,#7371,#7372,#7373,#7374)
    ,(#7375,#7376,#7377,#7378,#7379)
    ,(#7380,#7381,#7382,#7383,#7384)
    ,(#7385,#7386,#7387,#7388,#7389)
    ,(#7390,#7391,#7392,#7393,#7394
  )),.UNSPECIFIED.,.F.,.F.,.F.,(4,1,4),(4,1,4),(0.,0.571428571429,1.),(
    0.,5.503183208962E-03,1.284076082091E-02),.UNSPECIFIED.);
#7370 = CARTESIAN_POINT('',(-16.62277582779,-13.07137685645,
    9.916281480394));
#7371 = CARTESIAN_POINT('',(-16.62277582779,-13.07137685645,
    9.934625424424));
#7372 = CARTESIAN_POINT('',(-16.63025678995,-13.07487331679,
    9.977395608249));
#7373 = CARTESIAN_POINT('',(-16.65224865887,-13.08742121963,
    10.010140296338));
#7374 = CARTESIAN_POINT('',(-16.66647958383,-13.09776059182,
    10.022369592358));
#7375 = CARTESIAN_POINT('',(-16.63743064752,-13.07860010455,
    9.916281480394));
#7376 = CARTESIAN_POINT('',(-16.63743064752,-13.07860010455,
    9.93213608979));
#7377 = CARTESIAN_POINT('',(-16.64404688682,-13.08219558894,
    9.96912871725));
#7378 = CARTESIAN_POINT('',(-16.66242975352,-13.09413381909,
    9.996409608529));
#7379 = CARTESIAN_POINT('',(-16.67389258921,-13.10314645549,
    10.006498847921));
#7380 = CARTESIAN_POINT('',(-16.66824008432,-13.08032592146,
    9.916281480394));
#7381 = CARTESIAN_POINT('',(-16.66824008432,-13.08032592146,
    9.92783071138));
#7382 = CARTESIAN_POINT('',(-16.67388202334,-13.08350761255,
    9.954751776378));
#7383 = CARTESIAN_POINT('',(-16.68793737062,-13.09328108341,9.9725718249
    ));
#7384 = CARTESIAN_POINT('',(-16.69576787843,-13.10002560289,
    9.979023170762));
#7385 = CARTESIAN_POINT('',(-16.69220456976,-13.06235318628,
    9.916281480394));
#7386 = CARTESIAN_POINT('',(-16.69220456976,-13.06235318628,
    9.925764476344));
#7387 = CARTESIAN_POINT('',(-16.69743105268,-13.06424029303,
    9.947885947319));
#7388 = CARTESIAN_POINT('',(-16.71125313555,-13.07125607736,
    9.963568119866));
#7389 = CARTESIAN_POINT('',(-16.71917878048,-13.07732873235,
    9.969325536376));
#7390 = CARTESIAN_POINT('',(-16.69940711521,-13.05243973294,
    9.916281480394));
#7391 = CARTESIAN_POINT('',(-16.69940711521,-13.05243973294,
    9.925453452409));
#7392 = CARTESIAN_POINT('',(-16.70446636445,-13.05378088227,
    9.946838544322));
#7393 = CARTESIAN_POINT('',(-16.71868937325,-13.05998406059,
    9.963210888366));
#7394 = CARTESIAN_POINT('',(-16.72725757598,-13.06620922427,
    9.969325536376));
#7395 = ADVANCED_FACE('',(#7396),#7408,.T.);
#7396 = FACE_BOUND('',#7397,.T.);
#7397 = EDGE_LOOP('',(#7398,#7399,#7406,#7407));
#7398 = ORIENTED_EDGE('',*,*,#7074,.T.);
#7399 = ORIENTED_EDGE('',*,*,#7400,.F.);
#7400 = EDGE_CURVE('',#7133,#7075,#7401,.T.);
#7401 = CIRCLE('',#7402,0.3);
#7402 = AXIS2_PLACEMENT_3D('',#7403,#7404,#7405);
#7403 = CARTESIAN_POINT('',(-16.84281515952,-12.85505549351,20.55));
#7404 = DIRECTION('',(-0.587785252292,0.809016994375,0.));
#7405 = DIRECTION('',(0.809016994375,0.587785252292,0.));
#7406 = ORIENTED_EDGE('',*,*,#7132,.T.);
#7407 = ORIENTED_EDGE('',*,*,#5381,.F.);
#7408 = TOROIDAL_SURFACE('',#7409,0.6,0.3);
#7409 = AXIS2_PLACEMENT_3D('',#7410,#7411,#7412);
#7410 = CARTESIAN_POINT('',(-16.84281515952,-12.85505549351,19.95));
#7411 = DIRECTION('',(-0.809016994375,-0.587785252292,0.));
#7412 = DIRECTION('',(0.,0.,1.));
#7413 = ADVANCED_FACE('',(#7414),#7443,.F.);
#7414 = FACE_BOUND('',#7415,.F.);
#7415 = EDGE_LOOP('',(#7416,#7425,#7426,#7427,#7428,#7437));
#7416 = ORIENTED_EDGE('',*,*,#7417,.T.);
#7417 = EDGE_CURVE('',#7418,#5553,#7420,.T.);
#7418 = VERTEX_POINT('',#7419);
#7419 = CARTESIAN_POINT('',(6.070111660679,-20.29991671574,20.25));
#7420 = CIRCLE('',#7421,0.3);
#7421 = AXIS2_PLACEMENT_3D('',#7422,#7423,#7424);
#7422 = CARTESIAN_POINT('',(6.070111660679,-20.29991671574,19.95));
#7423 = DIRECTION('',(0.309016994375,-0.951056516295,0.));
#7424 = DIRECTION('',(-0.951056516295,-0.309016994375,0.));
#7425 = ORIENTED_EDGE('',*,*,#5561,.T.);
#7426 = ORIENTED_EDGE('',*,*,#5521,.T.);
#7427 = ORIENTED_EDGE('',*,*,#5868,.T.);
#7428 = ORIENTED_EDGE('',*,*,#7429,.T.);
#7429 = EDGE_CURVE('',#5869,#7430,#7432,.T.);
#7430 = VERTEX_POINT('',#7431);
#7431 = CARTESIAN_POINT('',(7.021168177035,-19.99089972134,20.25));
#7432 = CIRCLE('',#7433,0.3);
#7433 = AXIS2_PLACEMENT_3D('',#7434,#7435,#7436);
#7434 = CARTESIAN_POINT('',(7.021168177035,-19.99089972134,19.95));
#7435 = DIRECTION('',(0.309016994375,-0.951056516295,0.));
#7436 = DIRECTION('',(0.,0.,1.));
#7437 = ORIENTED_EDGE('',*,*,#7438,.T.);
#7438 = EDGE_CURVE('',#7430,#7418,#7439,.T.);
#7439 = LINE('',#7440,#7441);
#7440 = CARTESIAN_POINT('',(6.92606252539,-20.02180142078,20.25));
#7441 = VECTOR('',#7442,1.);
#7442 = DIRECTION('',(-0.951056516295,-0.309016994375,0.));
#7443 = PLANE('',#7444);
#7444 = AXIS2_PLACEMENT_3D('',#7445,#7446,#7447);
#7445 = CARTESIAN_POINT('',(5.784794705821,-20.39262181404,20.25));
#7446 = DIRECTION('',(0.309016994375,-0.951056516295,0.));
#7447 = DIRECTION('',(0.951056516295,0.309016994375,0.));
#7448 = ADVANCED_FACE('',(#7449),#7454,.T.);
#7449 = FACE_BOUND('',#7450,.T.);
#7450 = EDGE_LOOP('',(#7451,#7452,#7453));
#7451 = ORIENTED_EDGE('',*,*,#5535,.T.);
#7452 = ORIENTED_EDGE('',*,*,#5576,.T.);
#7453 = ORIENTED_EDGE('',*,*,#5634,.T.);
#7454 = SPHERICAL_SURFACE('',#7455,0.3);
#7455 = AXIS2_PLACEMENT_3D('',#7456,#7457,#7458);
#7456 = CARTESIAN_POINT('',(5.499477750902,-20.48532691236,6.1));
#7457 = DIRECTION('',(-0.928759971197,0.290357401074,-0.230428938165));
#7458 = DIRECTION('',(0.370681690811,0.727503780584,-0.57735026919));
#7459 = ADVANCED_FACE('',(#7460),#7512,.T.);
#7460 = FACE_BOUND('',#7461,.T.);
#7461 = EDGE_LOOP('',(#7462,#7470,#7478,#7484,#7485,#7486,#7495,#7503,
    #7510,#7511));
#7462 = ORIENTED_EDGE('',*,*,#7463,.F.);
#7463 = EDGE_CURVE('',#7464,#5620,#7466,.T.);
#7464 = VERTEX_POINT('',#7465);
#7465 = CARTESIAN_POINT('',(4.550821787924,-20.47812525241,21.45));
#7466 = LINE('',#7467,#7468);
#7467 = CARTESIAN_POINT('',(4.550821787924,-20.47812525241,20.25));
#7468 = VECTOR('',#7469,1.);
#7469 = DIRECTION('',(0.,0.,-1.));
#7470 = ORIENTED_EDGE('',*,*,#7471,.F.);
#7471 = EDGE_CURVE('',#7472,#7464,#7474,.T.);
#7472 = VERTEX_POINT('',#7473);
#7473 = CARTESIAN_POINT('',(8.355047853165,-19.24205727489,21.45));
#7474 = LINE('',#7475,#7476);
#7475 = CARTESIAN_POINT('',(6.833357427078,-19.7364844659,21.45));
#7476 = VECTOR('',#7477,1.);
#7477 = DIRECTION('',(-0.951056516295,-0.309016994375,0.));
#7478 = ORIENTED_EDGE('',*,*,#7479,.F.);
#7479 = EDGE_CURVE('',#5818,#7472,#7480,.T.);
#7480 = LINE('',#7481,#7482);
#7481 = CARTESIAN_POINT('',(8.355047853165,-19.24205727489,20.25));
#7482 = VECTOR('',#7483,1.);
#7483 = DIRECTION('',(0.,0.,1.));
#7484 = ORIENTED_EDGE('',*,*,#5817,.F.);
#7485 = ORIENTED_EDGE('',*,*,#5885,.F.);
#7486 = ORIENTED_EDGE('',*,*,#7487,.F.);
#7487 = EDGE_CURVE('',#7488,#5877,#7490,.T.);
#7488 = VERTEX_POINT('',#7489);
#7489 = CARTESIAN_POINT('',(6.928463078722,-19.70558276645,20.55));
#7490 = CIRCLE('',#7491,0.6);
#7491 = AXIS2_PLACEMENT_3D('',#7492,#7493,#7494);
#7492 = CARTESIAN_POINT('',(6.928463078722,-19.70558276645,19.95));
#7493 = DIRECTION('',(-0.309016994375,0.951056516295,2.775557561563E-17)
  );
#7494 = DIRECTION('',(0.672498511964,0.218508012224,0.707106781187));
#7495 = ORIENTED_EDGE('',*,*,#7496,.F.);
#7496 = EDGE_CURVE('',#7497,#7488,#7499,.T.);
#7497 = VERTEX_POINT('',#7498);
#7498 = CARTESIAN_POINT('',(5.977406562367,-20.01459976085,20.55));
#7499 = LINE('',#7500,#7501);
#7500 = CARTESIAN_POINT('',(6.833357427078,-19.7364844659,20.55));
#7501 = VECTOR('',#7502,1.);
#7502 = DIRECTION('',(0.951056516295,0.309016994375,0.));
#7503 = ORIENTED_EDGE('',*,*,#7504,.F.);
#7504 = EDGE_CURVE('',#5545,#7497,#7505,.T.);
#7505 = CIRCLE('',#7506,0.6);
#7506 = AXIS2_PLACEMENT_3D('',#7507,#7508,#7509);
#7507 = CARTESIAN_POINT('',(5.977406562367,-20.01459976085,19.95));
#7508 = DIRECTION('',(-0.309016994375,0.951056516295,-8.326672684689E-17
    ));
#7509 = DIRECTION('',(-0.672498511964,-0.218508012224,0.707106781187));
#7510 = ORIENTED_EDGE('',*,*,#5544,.F.);
#7511 = ORIENTED_EDGE('',*,*,#5628,.F.);
#7512 = PLANE('',#7513);
#7513 = AXIS2_PLACEMENT_3D('',#7514,#7515,#7516);
#7514 = CARTESIAN_POINT('',(7.213780033611,-19.61287766814,20.25));
#7515 = DIRECTION('',(-0.309016994375,0.951056516295,0.));
#7516 = DIRECTION('',(0.951056516295,0.309016994375,0.));
#7517 = ADVANCED_FACE('',(#7518),#7530,.T.);
#7518 = FACE_BOUND('',#7519,.T.);
#7519 = EDGE_LOOP('',(#7520,#7527,#7528,#7529));
#7520 = ORIENTED_EDGE('',*,*,#7521,.F.);
#7521 = EDGE_CURVE('',#7418,#7497,#7522,.T.);
#7522 = CIRCLE('',#7523,0.3);
#7523 = AXIS2_PLACEMENT_3D('',#7524,#7525,#7526);
#7524 = CARTESIAN_POINT('',(6.070111660679,-20.29991671574,20.55));
#7525 = DIRECTION('',(0.951056516295,0.309016994375,0.));
#7526 = DIRECTION('',(0.,0.,-1.));
#7527 = ORIENTED_EDGE('',*,*,#7417,.T.);
#7528 = ORIENTED_EDGE('',*,*,#5552,.F.);
#7529 = ORIENTED_EDGE('',*,*,#7504,.T.);
#7530 = TOROIDAL_SURFACE('',#7531,0.6,0.3);
#7531 = AXIS2_PLACEMENT_3D('',#7532,#7533,#7534);
#7532 = CARTESIAN_POINT('',(6.070111660679,-20.29991671574,19.95));
#7533 = DIRECTION('',(0.309016994375,-0.951056516295,0.));
#7534 = DIRECTION('',(0.,0.,-1.));
#7535 = ADVANCED_FACE('',(#7536),#7547,.T.);
#7536 = FACE_BOUND('',#7537,.T.);
#7537 = EDGE_LOOP('',(#7538,#7545,#7546));
#7538 = ORIENTED_EDGE('',*,*,#7539,.T.);
#7539 = EDGE_CURVE('',#5596,#5620,#7540,.T.);
#7540 = CIRCLE('',#7541,0.3);
#7541 = AXIS2_PLACEMENT_3D('',#7542,#7543,#7544);
#7542 = CARTESIAN_POINT('',(4.643526886237,-20.7634422073,6.1));
#7543 = DIRECTION('',(0.,0.,-1.));
#7544 = DIRECTION('',(-0.309016994375,0.951056516295,0.));
#7545 = ORIENTED_EDGE('',*,*,#5619,.T.);
#7546 = ORIENTED_EDGE('',*,*,#5603,.T.);
#7547 = SPHERICAL_SURFACE('',#7548,0.3);
#7548 = AXIS2_PLACEMENT_3D('',#7549,#7550,#7551);
#7549 = CARTESIAN_POINT('',(4.643526886237,-20.7634422073,6.1));
#7550 = DIRECTION('',(0.51442285659,-0.262111537234,-0.816496580928));
#7551 = DIRECTION('',(-0.727503780584,0.370681690811,-0.57735026919));
#7552 = ADVANCED_FACE('',(#7553),#7565,.T.);
#7553 = FACE_BOUND('',#7554,.T.);
#7554 = EDGE_LOOP('',(#7555,#7562,#7563,#7564));
#7555 = ORIENTED_EDGE('',*,*,#7556,.F.);
#7556 = EDGE_CURVE('',#7464,#5651,#7557,.T.);
#7557 = CIRCLE('',#7558,0.3);
#7558 = AXIS2_PLACEMENT_3D('',#7559,#7560,#7561);
#7559 = CARTESIAN_POINT('',(4.643526886237,-20.7634422073,21.45));
#7560 = DIRECTION('',(0.,0.,1.));
#7561 = DIRECTION('',(-0.309016994375,0.951056516295,0.));
#7562 = ORIENTED_EDGE('',*,*,#7463,.T.);
#7563 = ORIENTED_EDGE('',*,*,#7539,.F.);
#7564 = ORIENTED_EDGE('',*,*,#5650,.T.);
#7565 = CYLINDRICAL_SURFACE('',#7566,0.3);
#7566 = AXIS2_PLACEMENT_3D('',#7567,#7568,#7569);
#7567 = CARTESIAN_POINT('',(4.643526886237,-20.7634422073,20.25));
#7568 = DIRECTION('',(0.,0.,-1.));
#7569 = DIRECTION('',(-0.891006524188,0.45399049974,0.));
#7570 = ADVANCED_FACE('',(#7571),#7582,.T.);
#7571 = FACE_BOUND('',#7572,.T.);
#7572 = EDGE_LOOP('',(#7573,#7574,#7575));
#7573 = ORIENTED_EDGE('',*,*,#7556,.T.);
#7574 = ORIENTED_EDGE('',*,*,#5674,.T.);
#7575 = ORIENTED_EDGE('',*,*,#7576,.T.);
#7576 = EDGE_CURVE('',#5675,#7464,#7577,.T.);
#7577 = CIRCLE('',#7578,0.3);
#7578 = AXIS2_PLACEMENT_3D('',#7579,#7580,#7581);
#7579 = CARTESIAN_POINT('',(4.643526886237,-20.7634422073,21.45));
#7580 = DIRECTION('',(-0.951056516295,-0.309016994375,2.775557561563E-17
    ));
#7581 = DIRECTION('',(-0.218508012224,0.672498511964,0.707106781187));
#7582 = SPHERICAL_SURFACE('',#7583,0.3);
#7583 = AXIS2_PLACEMENT_3D('',#7584,#7585,#7586);
#7584 = CARTESIAN_POINT('',(4.643526886237,-20.7634422073,21.45));
#7585 = DIRECTION('',(-0.51442285659,0.262111537234,-0.816496580928));
#7586 = DIRECTION('',(-0.727503780584,0.370681690811,0.57735026919));
#7587 = ADVANCED_FACE('',(#7588),#7600,.T.);
#7588 = FACE_BOUND('',#7589,.T.);
#7589 = EDGE_LOOP('',(#7590,#7591,#7592,#7599));
#7590 = ORIENTED_EDGE('',*,*,#7576,.F.);
#7591 = ORIENTED_EDGE('',*,*,#5699,.T.);
#7592 = ORIENTED_EDGE('',*,*,#7593,.F.);
#7593 = EDGE_CURVE('',#7472,#5700,#7594,.T.);
#7594 = CIRCLE('',#7595,0.3);
#7595 = AXIS2_PLACEMENT_3D('',#7596,#7597,#7598);
#7596 = CARTESIAN_POINT('',(8.447752951477,-19.52737422978,21.45));
#7597 = DIRECTION('',(0.951056516295,0.309016994375,-2.775557561563E-17)
  );
#7598 = DIRECTION('',(-0.218508012224,0.672498511964,0.707106781187));
#7599 = ORIENTED_EDGE('',*,*,#7471,.T.);
#7600 = CYLINDRICAL_SURFACE('',#7601,0.3);
#7601 = AXIS2_PLACEMENT_3D('',#7602,#7603,#7604);
#7602 = CARTESIAN_POINT('',(6.92606252539,-20.02180142078,21.45));
#7603 = DIRECTION('',(-0.951056516295,-0.309016994375,0.));
#7604 = DIRECTION('',(-0.218508012224,0.672498511964,0.707106781187));
#7605 = ADVANCED_FACE('',(#7606),#7617,.T.);
#7606 = FACE_BOUND('',#7607,.T.);
#7607 = EDGE_LOOP('',(#7608,#7615,#7616));
#7608 = ORIENTED_EDGE('',*,*,#7609,.T.);
#7609 = EDGE_CURVE('',#5724,#7472,#7610,.T.);
#7610 = CIRCLE('',#7611,0.3);
#7611 = AXIS2_PLACEMENT_3D('',#7612,#7613,#7614);
#7612 = CARTESIAN_POINT('',(8.447752951477,-19.52737422978,21.45));
#7613 = DIRECTION('',(0.,-0.,1.));
#7614 = DIRECTION('',(0.951056516295,0.309016994375,0.));
#7615 = ORIENTED_EDGE('',*,*,#7593,.T.);
#7616 = ORIENTED_EDGE('',*,*,#5723,.T.);
#7617 = SPHERICAL_SURFACE('',#7618,0.3);
#7618 = AXIS2_PLACEMENT_3D('',#7619,#7620,#7621);
#7619 = CARTESIAN_POINT('',(8.447752951477,-19.52737422978,21.45));
#7620 = DIRECTION('',(-0.928759971197,0.290357401074,0.230428938165));
#7621 = DIRECTION('',(0.370681690811,0.727503780584,0.57735026919));
#7622 = ADVANCED_FACE('',(#7623),#7635,.T.);
#7623 = FACE_BOUND('',#7624,.T.);
#7624 = EDGE_LOOP('',(#7625,#7626,#7627,#7634));
#7625 = ORIENTED_EDGE('',*,*,#7609,.F.);
#7626 = ORIENTED_EDGE('',*,*,#5748,.T.);
#7627 = ORIENTED_EDGE('',*,*,#7628,.F.);
#7628 = EDGE_CURVE('',#5818,#5749,#7629,.T.);
#7629 = CIRCLE('',#7630,0.3);
#7630 = AXIS2_PLACEMENT_3D('',#7631,#7632,#7633);
#7631 = CARTESIAN_POINT('',(8.447752951477,-19.52737422978,6.1));
#7632 = DIRECTION('',(0.,0.,-1.));
#7633 = DIRECTION('',(0.951056516295,0.309016994375,0.));
#7634 = ORIENTED_EDGE('',*,*,#7479,.T.);
#7635 = CYLINDRICAL_SURFACE('',#7636,0.3);
#7636 = AXIS2_PLACEMENT_3D('',#7637,#7638,#7639);
#7637 = CARTESIAN_POINT('',(8.447752951477,-19.52737422978,20.25));
#7638 = DIRECTION('',(0.,0.,-1.));
#7639 = DIRECTION('',(0.45399049974,0.891006524188,0.));
#7640 = ADVANCED_FACE('',(#7641),#7646,.T.);
#7641 = FACE_BOUND('',#7642,.T.);
#7642 = EDGE_LOOP('',(#7643,#7644,#7645));
#7643 = ORIENTED_EDGE('',*,*,#7628,.T.);
#7644 = ORIENTED_EDGE('',*,*,#5772,.T.);
#7645 = ORIENTED_EDGE('',*,*,#5825,.T.);
#7646 = SPHERICAL_SURFACE('',#7647,0.3);
#7647 = AXIS2_PLACEMENT_3D('',#7648,#7649,#7650);
#7648 = CARTESIAN_POINT('',(8.447752951477,-19.52737422978,6.1));
#7649 = DIRECTION('',(-0.928759971197,0.290357401074,-0.230428938165));
#7650 = DIRECTION('',(0.370681690811,0.727503780584,-0.57735026919));
#7651 = ADVANCED_FACE('',(#7652),#7657,.T.);
#7652 = FACE_BOUND('',#7653,.T.);
#7653 = EDGE_LOOP('',(#7654,#7655,#7656));
#7654 = ORIENTED_EDGE('',*,*,#5808,.T.);
#7655 = ORIENTED_EDGE('',*,*,#5792,.T.);
#7656 = ORIENTED_EDGE('',*,*,#5891,.T.);
#7657 = SPHERICAL_SURFACE('',#7658,0.3);
#7658 = AXIS2_PLACEMENT_3D('',#7659,#7660,#7661);
#7659 = CARTESIAN_POINT('',(7.591802086812,-19.80548952472,6.1));
#7660 = DIRECTION('',(0.51442285659,-0.262111537234,-0.816496580928));
#7661 = DIRECTION('',(-0.727503780584,0.370681690811,-0.57735026919));
#7662 = ADVANCED_FACE('',(#7663),#7674,.T.);
#7663 = FACE_BOUND('',#7664,.T.);
#7664 = EDGE_LOOP('',(#7665,#7672,#7673));
#7665 = ORIENTED_EDGE('',*,*,#7666,.F.);
#7666 = EDGE_CURVE('',#5842,#5909,#7667,.T.);
#7667 = CIRCLE('',#7668,6.125E-02);
#7668 = AXIS2_PLACEMENT_3D('',#7669,#7670,#7671);
#7669 = CARTESIAN_POINT('',(7.234279976072,-19.8572534391,9.538781480394
    ));
#7670 = DIRECTION('',(2.635465060683E-15,-1.820258460934E-14,-1.));
#7671 = DIRECTION('',(0.989680583362,0.14329111248,3.265489717162E-27));
#7672 = ORIENTED_EDGE('',*,*,#5841,.T.);
#7673 = ORIENTED_EDGE('',*,*,#5908,.T.);
#7674 = B_SPLINE_SURFACE_WITH_KNOTS('',3,3,(
    (#7675,#7676,#7677,#7678,#7679)
    ,(#7680,#7681,#7682,#7683,#7684)
    ,(#7685,#7686,#7687,#7688,#7689)
    ,(#7690,#7691,#7692,#7693,#7694)
    ,(#7695,#7696,#7697,#7698,#7699
  )),.UNSPECIFIED.,.F.,.F.,.F.,(4,1,4),(4,1,4),(0.,0.571428571429,1.),(
    0.,5.503193800648E-03,1.284078553485E-02),.UNSPECIFIED.);
#7675 = CARTESIAN_POINT('',(7.306485131923,-19.89819462303,
    9.432693368431));
#7676 = CARTESIAN_POINT('',(7.302408326846,-19.88564750716,
    9.441865358099));
#7677 = CARTESIAN_POINT('',(7.296199032345,-19.85959506011,
    9.471684995347));
#7678 = CARTESIAN_POINT('',(7.294897911803,-19.84847685846,9.51432284128
    ));
#7679 = CARTESIAN_POINT('',(7.294897911803,-19.84847685846,
    9.538781480394));
#7680 = CARTESIAN_POINT('',(7.309316648021,-19.90690913351,
    9.448564112868));
#7681 = CARTESIAN_POINT('',(7.305544654097,-19.89664396696,
    9.456131056975));
#7682 = CARTESIAN_POINT('',(7.299065114281,-19.87468521751,
    9.480840933279));
#7683 = CARTESIAN_POINT('',(7.297239040634,-19.86464652668,
    9.517641960515));
#7684 = CARTESIAN_POINT('',(7.297239040634,-19.86464652668,
    9.538781480394));
#7685 = CARTESIAN_POINT('',(7.299589627181,-19.92674958569,
    9.476040633504));
#7686 = CARTESIAN_POINT('',(7.296593627004,-19.91960100196,
    9.480879152213));
#7687 = CARTESIAN_POINT('',(7.291104449692,-19.90307819166,
    9.496810238993));
#7688 = CARTESIAN_POINT('',(7.289360408365,-19.894481835,9.52338247611)
  );
#7689 = CARTESIAN_POINT('',(7.289360408365,-19.894481835,9.538781480394)
  );
#7690 = CARTESIAN_POINT('',(7.270768331474,-19.9420007456,9.485737424413
    ));
#7691 = CARTESIAN_POINT('',(7.268273617328,-19.93494001462,
    9.490055495106));
#7692 = CARTESIAN_POINT('',(7.265047149451,-19.91925711196,
    9.504191245043));
#7693 = CARTESIAN_POINT('',(7.264861230324,-19.91171904849,9.52613746146
    ));
#7694 = CARTESIAN_POINT('',(7.264861230324,-19.91171904849,
    9.538781480394));
#7695 = CARTESIAN_POINT('',(7.257696565753,-19.94624801975,
    9.485737424413));
#7696 = CARTESIAN_POINT('',(7.255241989362,-19.9386936104,9.490323419247
    ));
#7697 = CARTESIAN_POINT('',(7.252731884645,-19.92260873228,
    9.505233237871));
#7698 = CARTESIAN_POINT('',(7.253207266978,-19.91550565072,
    9.526552160837));
#7699 = CARTESIAN_POINT('',(7.253207266978,-19.91550565072,
    9.538781480394));
#7700 = ADVANCED_FACE('',(#7701),#7713,.F.);
#7701 = FACE_BOUND('',#7702,.F.);
#7702 = EDGE_LOOP('',(#7703,#7704,#7711,#7712));
#7703 = ORIENTED_EDGE('',*,*,#5851,.F.);
#7704 = ORIENTED_EDGE('',*,*,#7705,.F.);
#7705 = EDGE_CURVE('',#5952,#5852,#7706,.T.);
#7706 = CIRCLE('',#7707,6.125E-02);
#7707 = AXIS2_PLACEMENT_3D('',#7708,#7709,#7710);
#7708 = CARTESIAN_POINT('',(7.234279976072,-19.8572534391,9.916281480394
    ));
#7709 = DIRECTION('',(-0.,0.,1.));
#7710 = DIRECTION('',(0.309016994375,-0.951056516295,0.));
#7711 = ORIENTED_EDGE('',*,*,#5951,.F.);
#7712 = ORIENTED_EDGE('',*,*,#7666,.F.);
#7713 = CYLINDRICAL_SURFACE('',#7714,6.125E-02);
#7714 = AXIS2_PLACEMENT_3D('',#7715,#7716,#7717);
#7715 = CARTESIAN_POINT('',(7.234279976072,-19.8572534391,20.25));
#7716 = DIRECTION('',(0.,0.,1.));
#7717 = DIRECTION('',(0.849148416213,-0.528154302494,0.));
#7718 = ADVANCED_FACE('',(#7719),#7724,.T.);
#7719 = FACE_BOUND('',#7720,.T.);
#7720 = EDGE_LOOP('',(#7721,#7722,#7723));
#7721 = ORIENTED_EDGE('',*,*,#5959,.F.);
#7722 = ORIENTED_EDGE('',*,*,#5859,.T.);
#7723 = ORIENTED_EDGE('',*,*,#7705,.F.);
#7724 = B_SPLINE_SURFACE_WITH_KNOTS('',3,3,(
    (#7725,#7726,#7727,#7728,#7729)
    ,(#7730,#7731,#7732,#7733,#7734)
    ,(#7735,#7736,#7737,#7738,#7739)
    ,(#7740,#7741,#7742,#7743,#7744)
    ,(#7745,#7746,#7747,#7748,#7749
  )),.UNSPECIFIED.,.F.,.F.,.F.,(4,1,4),(4,1,4),(0.,0.571428571429,1.),(
    0.,5.503183227698E-03,1.284076086463E-02),.UNSPECIFIED.);
#7725 = CARTESIAN_POINT('',(7.294897911803,-19.84847685846,
    9.916281480394));
#7726 = CARTESIAN_POINT('',(7.294897911803,-19.84847685846,
    9.934625424487));
#7727 = CARTESIAN_POINT('',(7.295911498718,-19.85667214167,
    9.977395607536));
#7728 = CARTESIAN_POINT('',(7.301049402263,-19.88146516734,
    10.010140296297));
#7729 = CARTESIAN_POINT('',(7.306485131923,-19.89819462303,
    10.022369592358));
#7730 = CARTESIAN_POINT('',(7.297239040634,-19.86464652668,
    9.916281480394));
#7731 = CARTESIAN_POINT('',(7.297239040634,-19.86464652668,
    9.932136089844));
#7732 = CARTESIAN_POINT('',(7.29861401906,-19.87205000972,9.969128716641
    ));
#7733 = CARTESIAN_POINT('',(7.304287332452,-19.89322227107,
    9.996409608495));
#7734 = CARTESIAN_POINT('',(7.309316648021,-19.90690913351,
    10.006498847921));
#7735 = CARTESIAN_POINT('',(7.289360293243,-19.89448174996,
    9.916281480394));
#7736 = CARTESIAN_POINT('',(7.289360293243,-19.89448174996,
    9.927830711419));
#7737 = CARTESIAN_POINT('',(7.2906428826,-19.90083067028,9.954751532427)
  );
#7738 = CARTESIAN_POINT('',(7.295594806525,-19.91721812188,
    9.972571129003));
#7739 = CARTESIAN_POINT('',(7.299589465753,-19.92674954854,
    9.979022474887));
#7740 = CARTESIAN_POINT('',(7.264861230324,-19.91171904849,
    9.916281480394));
#7741 = CARTESIAN_POINT('',(7.264861230324,-19.91171904849,
    9.925764476376));
#7742 = CARTESIAN_POINT('',(7.265040903437,-19.91727287702,
    9.947885946958));
#7743 = CARTESIAN_POINT('',(7.267442052337,-19.93258645572,
    9.963568119846));
#7744 = CARTESIAN_POINT('',(7.270768331474,-19.9420007456,9.969325536376
    ));
#7745 = CARTESIAN_POINT('',(7.253207266978,-19.91550565072,
    9.916281480394));
#7746 = CARTESIAN_POINT('',(7.253207266978,-19.91550565072,
    9.925453452441));
#7747 = CARTESIAN_POINT('',(7.252919381788,-19.92073172045,
    9.946838543965));
#7748 = CARTESIAN_POINT('',(7.25442380352,-19.9361754933,9.963210888345)
  );
#7749 = CARTESIAN_POINT('',(7.257696565753,-19.94624801975,
    9.969325536376));
#7750 = ADVANCED_FACE('',(#7751),#7763,.T.);
#7751 = FACE_BOUND('',#7752,.T.);
#7752 = EDGE_LOOP('',(#7753,#7754,#7761,#7762));
#7753 = ORIENTED_EDGE('',*,*,#7429,.T.);
#7754 = ORIENTED_EDGE('',*,*,#7755,.F.);
#7755 = EDGE_CURVE('',#7488,#7430,#7756,.T.);
#7756 = CIRCLE('',#7757,0.3);
#7757 = AXIS2_PLACEMENT_3D('',#7758,#7759,#7760);
#7758 = CARTESIAN_POINT('',(7.021168177035,-19.99089972134,20.55));
#7759 = DIRECTION('',(-0.951056516295,-0.309016994375,-0.));
#7760 = DIRECTION('',(-0.309016994375,0.951056516295,0.));
#7761 = ORIENTED_EDGE('',*,*,#7487,.T.);
#7762 = ORIENTED_EDGE('',*,*,#5876,.F.);
#7763 = TOROIDAL_SURFACE('',#7764,0.6,0.3);
#7764 = AXIS2_PLACEMENT_3D('',#7765,#7766,#7767);
#7765 = CARTESIAN_POINT('',(7.021168177035,-19.99089972134,19.95));
#7766 = DIRECTION('',(0.309016994375,-0.951056516295,0.));
#7767 = DIRECTION('',(0.,0.,-1.));
#7768 = ADVANCED_FACE('',(#7769),#7774,.T.);
#7769 = FACE_BOUND('',#7770,.T.);
#7770 = EDGE_LOOP('',(#7771,#7772,#7773));
#7771 = ORIENTED_EDGE('',*,*,#6007,.T.);
#7772 = ORIENTED_EDGE('',*,*,#6048,.T.);
#7773 = ORIENTED_EDGE('',*,*,#6106,.T.);
#7774 = SPHERICAL_SURFACE('',#7775,0.3);
#7775 = AXIS2_PLACEMENT_3D('',#7776,#7777,#7778);
#7776 = CARTESIAN_POINT('',(21.182135733657,-1.100000000032,6.1));
#7777 = DIRECTION('',(-0.408248290464,-0.816496580928,-0.408248290464));
#7778 = DIRECTION('',(-0.57735026919,0.57735026919,-0.57735026919));
#7779 = ADVANCED_FACE('',(#7780),#7792,.T.);
#7780 = FACE_BOUND('',#7781,.T.);
#7781 = EDGE_LOOP('',(#7782,#7789,#7790,#7791));
#7782 = ORIENTED_EDGE('',*,*,#7783,.F.);
#7783 = EDGE_CURVE('',#6542,#6628,#7784,.T.);
#7784 = CIRCLE('',#7785,0.3);
#7785 = AXIS2_PLACEMENT_3D('',#7786,#7787,#7788);
#7786 = CARTESIAN_POINT('',(21.182135733657,-0.500000000032,20.55));
#7787 = DIRECTION('',(0.,1.,0.));
#7788 = DIRECTION('',(0.,0.,-1.));
#7789 = ORIENTED_EDGE('',*,*,#6541,.T.);
#7790 = ORIENTED_EDGE('',*,*,#6024,.F.);
#7791 = ORIENTED_EDGE('',*,*,#6635,.T.);
#7792 = TOROIDAL_SURFACE('',#7793,0.6,0.3);
#7793 = AXIS2_PLACEMENT_3D('',#7794,#7795,#7796);
#7794 = CARTESIAN_POINT('',(21.182135733657,-0.500000000032,19.95));
#7795 = DIRECTION('',(1.,0.,0.));
#7796 = DIRECTION('',(0.,0.,-1.));
#7797 = ADVANCED_FACE('',(#7798),#7809,.T.);
#7798 = FACE_BOUND('',#7799,.T.);
#7799 = EDGE_LOOP('',(#7800,#7807,#7808));
#7800 = ORIENTED_EDGE('',*,*,#7801,.T.);
#7801 = EDGE_CURVE('',#6068,#6092,#7802,.T.);
#7802 = CIRCLE('',#7803,0.3);
#7803 = AXIS2_PLACEMENT_3D('',#7804,#7805,#7806);
#7804 = CARTESIAN_POINT('',(21.182135733657,-2.000000000032,6.1));
#7805 = DIRECTION('',(0.,0.,-1.));
#7806 = DIRECTION('',(-1.,0.,0.));
#7807 = ORIENTED_EDGE('',*,*,#6091,.T.);
#7808 = ORIENTED_EDGE('',*,*,#6075,.T.);
#7809 = SPHERICAL_SURFACE('',#7810,0.3);
#7810 = AXIS2_PLACEMENT_3D('',#7811,#7812,#7813);
#7811 = CARTESIAN_POINT('',(21.182135733657,-2.000000000032,6.1));
#7812 = DIRECTION('',(0.408248290464,-0.816496580928,0.408248290464));
#7813 = DIRECTION('',(-0.57735026919,-0.57735026919,-0.57735026919));
#7814 = ADVANCED_FACE('',(#7815),#7827,.T.);
#7815 = FACE_BOUND('',#7816,.T.);
#7816 = EDGE_LOOP('',(#7817,#7824,#7825,#7826));
#7817 = ORIENTED_EDGE('',*,*,#7818,.F.);
#7818 = EDGE_CURVE('',#6603,#6123,#7819,.T.);
#7819 = CIRCLE('',#7820,0.3);
#7820 = AXIS2_PLACEMENT_3D('',#7821,#7822,#7823);
#7821 = CARTESIAN_POINT('',(21.182135733657,-2.000000000032,21.45));
#7822 = DIRECTION('',(0.,0.,1.));
#7823 = DIRECTION('',(-1.,0.,0.));
#7824 = ORIENTED_EDGE('',*,*,#6602,.T.);
#7825 = ORIENTED_EDGE('',*,*,#7801,.F.);
#7826 = ORIENTED_EDGE('',*,*,#6122,.T.);
#7827 = CYLINDRICAL_SURFACE('',#7828,0.3);
#7828 = AXIS2_PLACEMENT_3D('',#7829,#7830,#7831);
#7829 = CARTESIAN_POINT('',(21.182135733657,-2.000000000032,20.25));
#7830 = DIRECTION('',(0.,0.,-1.));
#7831 = DIRECTION('',(-0.707106781187,-0.707106781187,-0.));
#7832 = ADVANCED_FACE('',(#7833),#7844,.T.);
#7833 = FACE_BOUND('',#7834,.T.);
#7834 = EDGE_LOOP('',(#7835,#7836,#7837));
#7835 = ORIENTED_EDGE('',*,*,#7818,.T.);
#7836 = ORIENTED_EDGE('',*,*,#6146,.T.);
#7837 = ORIENTED_EDGE('',*,*,#7838,.T.);
#7838 = EDGE_CURVE('',#6147,#6603,#7839,.T.);
#7839 = CIRCLE('',#7840,0.3);
#7840 = AXIS2_PLACEMENT_3D('',#7841,#7842,#7843);
#7841 = CARTESIAN_POINT('',(21.182135733657,-2.000000000032,21.45));
#7842 = DIRECTION('',(0.,-1.,0.));
#7843 = DIRECTION('',(-0.707106781187,0.,0.707106781187));
#7844 = SPHERICAL_SURFACE('',#7845,0.3);
#7845 = AXIS2_PLACEMENT_3D('',#7846,#7847,#7848);
#7846 = CARTESIAN_POINT('',(21.182135733657,-2.000000000032,21.45));
#7847 = DIRECTION('',(-0.816496580928,0.408248290464,-0.408248290464));
#7848 = DIRECTION('',(-0.57735026919,-0.57735026919,0.57735026919));
#7849 = ADVANCED_FACE('',(#7850),#7862,.T.);
#7850 = FACE_BOUND('',#7851,.T.);
#7851 = EDGE_LOOP('',(#7852,#7853,#7854,#7861));
#7852 = ORIENTED_EDGE('',*,*,#7838,.F.);
#7853 = ORIENTED_EDGE('',*,*,#6171,.T.);
#7854 = ORIENTED_EDGE('',*,*,#7855,.F.);
#7855 = EDGE_CURVE('',#6611,#6172,#7856,.T.);
#7856 = CIRCLE('',#7857,0.3);
#7857 = AXIS2_PLACEMENT_3D('',#7858,#7859,#7860);
#7858 = CARTESIAN_POINT('',(21.182135733657,2.000000000032,21.45));
#7859 = DIRECTION('',(0.,1.,-0.));
#7860 = DIRECTION('',(-0.707106781187,0.,0.707106781187));
#7861 = ORIENTED_EDGE('',*,*,#6610,.T.);
#7862 = CYLINDRICAL_SURFACE('',#7863,0.3);
#7863 = AXIS2_PLACEMENT_3D('',#7864,#7865,#7866);
#7864 = CARTESIAN_POINT('',(21.182135733657,0.400000000016,21.45));
#7865 = DIRECTION('',(0.,-1.,0.));
#7866 = DIRECTION('',(-0.707106781187,0.,0.707106781187));
#7867 = ADVANCED_FACE('',(#7868),#7887,.F.);
#7868 = FACE_BOUND('',#7869,.F.);
#7869 = EDGE_LOOP('',(#7870,#7878,#7885,#7886));
#7870 = ORIENTED_EDGE('',*,*,#7871,.T.);
#7871 = EDGE_CURVE('',#6199,#7872,#7874,.T.);
#7872 = VERTEX_POINT('',#7873);
#7873 = CARTESIAN_POINT('',(17.,1.600334673603E-15,27.45));
#7874 = LINE('',#7875,#7876);
#7875 = CARTESIAN_POINT('',(17.,1.600334673603E-15,26.45));
#7876 = VECTOR('',#7877,1.);
#7877 = DIRECTION('',(0.,0.,1.));
#7878 = ORIENTED_EDGE('',*,*,#7879,.F.);
#7879 = EDGE_CURVE('',#7872,#7872,#7880,.T.);
#7880 = CIRCLE('',#7881,17.);
#7881 = AXIS2_PLACEMENT_3D('',#7882,#7883,#7884);
#7882 = CARTESIAN_POINT('',(4.440892098501E-15,-4.815648849472E-16,27.45
    ));
#7883 = DIRECTION('',(0.,0.,1.));
#7884 = DIRECTION('',(-1.,0.,0.));
#7885 = ORIENTED_EDGE('',*,*,#7871,.F.);
#7886 = ORIENTED_EDGE('',*,*,#6198,.T.);
#7887 = CYLINDRICAL_SURFACE('',#7888,17.);
#7888 = AXIS2_PLACEMENT_3D('',#7889,#7890,#7891);
#7889 = CARTESIAN_POINT('',(4.440892098501E-15,-4.815648849472E-16,26.45
    ));
#7890 = DIRECTION('',(0.,0.,1.));
#7891 = DIRECTION('',(-1.,0.,0.));
#7892 = ADVANCED_FACE('',(#7893),#7904,.T.);
#7893 = FACE_BOUND('',#7894,.T.);
#7894 = EDGE_LOOP('',(#7895,#7902,#7903));
#7895 = ORIENTED_EDGE('',*,*,#7896,.T.);
#7896 = EDGE_CURVE('',#6216,#6611,#7897,.T.);
#7897 = CIRCLE('',#7898,0.3);
#7898 = AXIS2_PLACEMENT_3D('',#7899,#7900,#7901);
#7899 = CARTESIAN_POINT('',(21.182135733657,2.000000000032,21.45));
#7900 = DIRECTION('',(0.,-0.,1.));
#7901 = DIRECTION('',(0.,1.,0.));
#7902 = ORIENTED_EDGE('',*,*,#7855,.T.);
#7903 = ORIENTED_EDGE('',*,*,#6215,.T.);
#7904 = SPHERICAL_SURFACE('',#7905,0.3);
#7905 = AXIS2_PLACEMENT_3D('',#7906,#7907,#7908);
#7906 = CARTESIAN_POINT('',(21.182135733657,2.000000000032,21.45));
#7907 = DIRECTION('',(-0.816496580928,-0.408248290464,-0.408248290464));
#7908 = DIRECTION('',(-0.57735026919,0.57735026919,0.57735026919));
#7909 = ADVANCED_FACE('',(#7910),#7922,.T.);
#7910 = FACE_BOUND('',#7911,.T.);
#7911 = EDGE_LOOP('',(#7912,#7913,#7914,#7921));
#7912 = ORIENTED_EDGE('',*,*,#7896,.F.);
#7913 = ORIENTED_EDGE('',*,*,#6240,.T.);
#7914 = ORIENTED_EDGE('',*,*,#7915,.F.);
#7915 = EDGE_CURVE('',#6290,#6241,#7916,.T.);
#7916 = CIRCLE('',#7917,0.3);
#7917 = AXIS2_PLACEMENT_3D('',#7918,#7919,#7920);
#7918 = CARTESIAN_POINT('',(21.182135733657,2.000000000032,6.1));
#7919 = DIRECTION('',(0.,0.,-1.));
#7920 = DIRECTION('',(0.,1.,0.));
#7921 = ORIENTED_EDGE('',*,*,#6618,.T.);
#7922 = CYLINDRICAL_SURFACE('',#7923,0.3);
#7923 = AXIS2_PLACEMENT_3D('',#7924,#7925,#7926);
#7924 = CARTESIAN_POINT('',(21.182135733657,2.000000000032,20.25));
#7925 = DIRECTION('',(0.,0.,-1.));
#7926 = DIRECTION('',(-0.707106781187,0.707106781187,0.));
#7927 = ADVANCED_FACE('',(#7928),#7933,.T.);
#7928 = FACE_BOUND('',#7929,.T.);
#7929 = EDGE_LOOP('',(#7930,#7931,#7932));
#7930 = ORIENTED_EDGE('',*,*,#7915,.T.);
#7931 = ORIENTED_EDGE('',*,*,#6264,.T.);
#7932 = ORIENTED_EDGE('',*,*,#6297,.T.);
#7933 = SPHERICAL_SURFACE('',#7934,0.3);
#7934 = AXIS2_PLACEMENT_3D('',#7935,#7936,#7937);
#7935 = CARTESIAN_POINT('',(21.182135733657,2.000000000032,6.1));
#7936 = DIRECTION('',(-0.408248290464,-0.816496580928,-0.408248290464));
#7937 = DIRECTION('',(-0.57735026919,0.57735026919,-0.57735026919));
#7938 = ADVANCED_FACE('',(#7939),#7958,.T.);
#7939 = FACE_BOUND('',#7940,.T.);
#7940 = EDGE_LOOP('',(#7941,#7950,#7956,#7957));
#7941 = ORIENTED_EDGE('',*,*,#7942,.T.);
#7942 = EDGE_CURVE('',#7943,#7943,#7945,.T.);
#7943 = VERTEX_POINT('',#7944);
#7944 = CARTESIAN_POINT('',(20.75,0.,28.45));
#7945 = CIRCLE('',#7946,20.75);
#7946 = AXIS2_PLACEMENT_3D('',#7947,#7948,#7949);
#7947 = CARTESIAN_POINT('',(0.,0.,28.45));
#7948 = DIRECTION('',(0.,0.,-1.));
#7949 = DIRECTION('',(1.,0.,0.));
#7950 = ORIENTED_EDGE('',*,*,#7951,.T.);
#7951 = EDGE_CURVE('',#7943,#6417,#7952,.T.);
#7952 = LINE('',#7953,#7954);
#7953 = CARTESIAN_POINT('',(24.,2.457587433006E-15,26.45));
#7954 = VECTOR('',#7955,1.);
#7955 = DIRECTION('',(0.851658316705,1.042980631519E-16,-0.524097425664)
  );
#7956 = ORIENTED_EDGE('',*,*,#6425,.F.);
#7957 = ORIENTED_EDGE('',*,*,#7951,.F.);
#7958 = CONICAL_SURFACE('',#7959,24.,1.019141344266);
#7959 = AXIS2_PLACEMENT_3D('',#7960,#7961,#7962);
#7960 = CARTESIAN_POINT('',(4.440892098501E-15,-4.815648849472E-16,26.45
    ));
#7961 = DIRECTION('',(0.,0.,-1.));
#7962 = DIRECTION('',(-1.,0.,0.));
#7963 = ADVANCED_FACE('',(#7964),#7970,.T.);
#7964 = FACE_BOUND('',#7965,.T.);
#7965 = EDGE_LOOP('',(#7966,#7967,#7968,#7969));
#7966 = ORIENTED_EDGE('',*,*,#6577,.T.);
#7967 = ORIENTED_EDGE('',*,*,#6562,.T.);
#7968 = ORIENTED_EDGE('',*,*,#7783,.T.);
#7969 = ORIENTED_EDGE('',*,*,#6627,.T.);
#7970 = CYLINDRICAL_SURFACE('',#7971,0.3);
#7971 = AXIS2_PLACEMENT_3D('',#7972,#7973,#7974);
#7972 = CARTESIAN_POINT('',(21.182135733657,0.400000000016,20.55));
#7973 = DIRECTION('',(0.,1.,0.));
#7974 = DIRECTION('',(-0.707106781187,0.,-0.707106781187));
#7975 = ADVANCED_FACE('',(#7976),#7982,.T.);
#7976 = FACE_BOUND('',#7977,.T.);
#7977 = EDGE_LOOP('',(#7978,#7979,#7980,#7981));
#7978 = ORIENTED_EDGE('',*,*,#7045,.T.);
#7979 = ORIENTED_EDGE('',*,*,#6728,.T.);
#7980 = ORIENTED_EDGE('',*,*,#6811,.T.);
#7981 = ORIENTED_EDGE('',*,*,#6786,.T.);
#7982 = CYLINDRICAL_SURFACE('',#7983,0.3);
#7983 = AXIS2_PLACEMENT_3D('',#7984,#7985,#7986);
#7984 = CARTESIAN_POINT('',(-17.37182188661,12.126940198538,20.55));
#7985 = DIRECTION('',(-0.587785252292,-0.809016994375,0.));
#7986 = DIRECTION('',(0.572061402818,-0.415626937777,-0.707106781187));
#7987 = ADVANCED_FACE('',(#7988),#7994,.T.);
#7988 = FACE_BOUND('',#7989,.T.);
#7989 = EDGE_LOOP('',(#7990,#7991,#7992,#7993));
#7990 = ORIENTED_EDGE('',*,*,#7400,.T.);
#7991 = ORIENTED_EDGE('',*,*,#7083,.T.);
#7992 = ORIENTED_EDGE('',*,*,#7166,.T.);
#7993 = ORIENTED_EDGE('',*,*,#7141,.T.);
#7994 = CYLINDRICAL_SURFACE('',#7995,0.3);
#7995 = AXIS2_PLACEMENT_3D('',#7996,#7997,#7998);
#7996 = CARTESIAN_POINT('',(-16.90159368475,-12.77415379406,20.55));
#7997 = DIRECTION('',(0.587785252292,-0.809016994375,0.));
#7998 = DIRECTION('',(0.572061402818,0.415626937777,-0.707106781187));
#7999 = ADVANCED_FACE('',(#8000),#8006,.T.);
#8000 = FACE_BOUND('',#8001,.T.);
#8001 = EDGE_LOOP('',(#8002,#8003,#8004,#8005));
#8002 = ORIENTED_EDGE('',*,*,#7755,.T.);
#8003 = ORIENTED_EDGE('',*,*,#7438,.T.);
#8004 = ORIENTED_EDGE('',*,*,#7521,.T.);
#8005 = ORIENTED_EDGE('',*,*,#7496,.T.);
#8006 = CYLINDRICAL_SURFACE('',#8007,0.3);
#8007 = AXIS2_PLACEMENT_3D('',#8008,#8009,#8010);
#8008 = CARTESIAN_POINT('',(6.92606252539,-20.02180142078,20.55));
#8009 = DIRECTION('',(0.951056516295,0.309016994375,0.));
#8010 = DIRECTION('',(-0.218508012224,0.672498511964,-0.707106781187));
#8011 = ADVANCED_FACE('',(#8012,#8023),#8026,.T.);
#8012 = FACE_BOUND('',#8013,.T.);
#8013 = EDGE_LOOP('',(#8014));
#8014 = ORIENTED_EDGE('',*,*,#8015,.T.);
#8015 = EDGE_CURVE('',#8016,#8016,#8018,.T.);
#8016 = VERTEX_POINT('',#8017);
#8017 = CARTESIAN_POINT('',(19.85,0.,27.45));
#8018 = CIRCLE('',#8019,19.85);
#8019 = AXIS2_PLACEMENT_3D('',#8020,#8021,#8022);
#8020 = CARTESIAN_POINT('',(0.,0.,27.45));
#8021 = DIRECTION('',(0.,0.,1.));
#8022 = DIRECTION('',(1.,0.,0.));
#8023 = FACE_BOUND('',#8024,.T.);
#8024 = EDGE_LOOP('',(#8025));
#8025 = ORIENTED_EDGE('',*,*,#7879,.F.);
#8026 = PLANE('',#8027);
#8027 = AXIS2_PLACEMENT_3D('',#8028,#8029,#8030);
#8028 = CARTESIAN_POINT('',(0.,0.,27.45));
#8029 = DIRECTION('',(0.,0.,1.));
#8030 = DIRECTION('',(1.,0.,0.));
#8031 = ADVANCED_FACE('',(#8032,#8035),#8046,.F.);
#8032 = FACE_BOUND('',#8033,.F.);
#8033 = EDGE_LOOP('',(#8034));
#8034 = ORIENTED_EDGE('',*,*,#7942,.T.);
#8035 = FACE_BOUND('',#8036,.F.);
#8036 = EDGE_LOOP('',(#8037));
#8037 = ORIENTED_EDGE('',*,*,#8038,.T.);
#8038 = EDGE_CURVE('',#8039,#8039,#8041,.T.);
#8039 = VERTEX_POINT('',#8040);
#8040 = CARTESIAN_POINT('',(19.85,0.,28.45));
#8041 = CIRCLE('',#8042,19.85);
#8042 = AXIS2_PLACEMENT_3D('',#8043,#8044,#8045);
#8043 = CARTESIAN_POINT('',(0.,0.,28.45));
#8044 = DIRECTION('',(0.,0.,1.));
#8045 = DIRECTION('',(1.,0.,0.));
#8046 = PLANE('',#8047);
#8047 = AXIS2_PLACEMENT_3D('',#8048,#8049,#8050);
#8048 = CARTESIAN_POINT('',(0.,0.,28.45));
#8049 = DIRECTION('',(0.,0.,-1.));
#8050 = DIRECTION('',(-1.,0.,0.));
#8051 = ADVANCED_FACE('',(#8052),#8063,.F.);
#8052 = FACE_BOUND('',#8053,.F.);
#8053 = EDGE_LOOP('',(#8054,#8060,#8061,#8062));
#8054 = ORIENTED_EDGE('',*,*,#8055,.F.);
#8055 = EDGE_CURVE('',#8039,#8016,#8056,.T.);
#8056 = LINE('',#8057,#8058);
#8057 = CARTESIAN_POINT('',(19.85,0.,28.45));
#8058 = VECTOR('',#8059,1.);
#8059 = DIRECTION('',(-0.,-0.,-1.));
#8060 = ORIENTED_EDGE('',*,*,#8038,.F.);
#8061 = ORIENTED_EDGE('',*,*,#8055,.T.);
#8062 = ORIENTED_EDGE('',*,*,#8015,.T.);
#8063 = CYLINDRICAL_SURFACE('',#8064,19.85);
#8064 = AXIS2_PLACEMENT_3D('',#8065,#8066,#8067);
#8065 = CARTESIAN_POINT('',(0.,0.,28.45));
#8066 = DIRECTION('',(0.,0.,1.));
#8067 = DIRECTION('',(1.,0.,0.));
#8068 = ( GEOMETRIC_REPRESENTATION_CONTEXT(3) 
GLOBAL_UNCERTAINTY_ASSIGNED_CONTEXT((#8072)) 
GLOBAL_UNIT_ASSIGNED_CONTEXT((#8069,#8070,#8071)) REPRESENTATION_CONTEXT
('Context #1','3D Context with UNIT and UNCERTAINTY') );
#8069 = ( LENGTH_UNIT() NAMED_UNIT(*) SI_UNIT(.MILLI.,.METRE.) );
#8070 = ( NAMED_UNIT(*) PLANE_ANGLE_UNIT() SI_UNIT($,.RADIAN.) );
#8071 = ( NAMED_UNIT(*) SI_UNIT($,.STERADIAN.) SOLID_ANGLE_UNIT() );
#8072 = UNCERTAINTY_MEASURE_WITH_UNIT(LENGTH_MEASURE(1.E-04),#8069,
  'distance_accuracy_value','confusion accuracy');
#8073 = PRODUCT_RELATED_PRODUCT_CATEGORY('part',$,(#7));
#8074 = MECHANICAL_DESIGN_GEOMETRIC_PRESENTATION_REPRESENTATION('',(
    #8075),#8068);
#8075 = STYLED_ITEM('color',(#8076),#15);
#8076 = PRESENTATION_STYLE_ASSIGNMENT((#8077,#8083));
#8077 = SURFACE_STYLE_USAGE(.BOTH.,#8078);
#8078 = SURFACE_SIDE_STYLE('',(#8079));
#8079 = SURFACE_STYLE_FILL_AREA(#8080);
#8080 = FILL_AREA_STYLE('',(#8081));
#8081 = FILL_AREA_STYLE_COLOUR('',#8082);
#8082 = COLOUR_RGB('',0.447059003357,0.474510015008,0.501960993452);
#8083 = CURVE_STYLE('',#8084,POSITIVE_LENGTH_MEASURE(0.1),#8085);
#8084 = DRAUGHTING_PRE_DEFINED_CURVE_FONT('continuous');
#8085 = COLOUR_RGB('',9.803921802644E-02,9.803921802644E-02,
  9.803921802644E-02);
ENDSEC;
END-ISO-10303-21;
