ISO-10303-21;
HEADER;
FILE_DESCRIPTION(('FreeCAD Model'),'2;1');
FILE_NAME('Open CASCADE Shape Model','2025-04-19T23:05:52',(''),(''),
  'Open CASCADE STEP processor 7.8','FreeCAD','Unknown');
FILE_SCHEMA(('AUTOMOTIVE_DESIGN { 1 0 10303 214 1 1 1 1 }'));
ENDSEC;
DATA;
#1 = APPLICATION_PROTOCOL_DEFINITION('international standard',
  'automotive_design',2000,#2);
#2 = APPLICATION_CONTEXT(
  'core data for automotive mechanical design processes');
#3 = SHAPE_DEFINITION_REPRESENTATION(#4,#10);
#4 = PRODUCT_DEFINITION_SHAPE('','',#5);
#5 = PRODUCT_DEFINITION('design','',#6,#9);
#6 = PRODUCT_DEFINITION_FORMATION('','',#7);
#7 = PRODUCT('Body','Body','',(#8));
#8 = PRODUCT_CONTEXT('',#2,'mechanical');
#9 = PRODUCT_DEFINITION_CONTEXT('part definition',#2,'design');
#10 = ADVANCED_BREP_SHAPE_REPRESENTATION('',(#11,#15),#5556);
#11 = AXIS2_PLACEMENT_3D('',#12,#13,#14);
#12 = CARTESIAN_POINT('',(0.,0.,0.));
#13 = DIRECTION('',(0.,0.,1.));
#14 = DIRECTION('',(1.,0.,-0.));
#15 = MANIFOLD_SOLID_BREP('',#16);
#16 = CLOSED_SHELL('',(#17,#59,#122,#185,#249,#317,#350,#375,#400,#453,
    #478,#503,#528,#553,#578,#899,#924,#949,#974,#999,#1071,#1089,#1123,
    #1180,#1222,#1300,#1347,#1403,#1450,#1500,#1569,#1587,#1621,#1678,
    #1720,#1798,#1845,#1901,#1948,#1998,#2067,#2085,#2119,#2176,#2218,
    #2296,#2343,#2399,#2446,#2496,#2568,#2586,#2620,#2680,#2722,#2776,
    #2839,#2903,#2950,#3000,#3072,#3090,#3124,#3172,#3211,#3242,#3260,
    #3303,#3336,#3354,#3385,#3418,#3461,#3494,#3527,#3568,#3659,#3682,
    #3700,#3743,#3761,#3792,#3825,#3868,#3901,#3934,#3975,#4066,#4109,
    #4148,#4219,#4230,#4253,#4265,#4277,#4308,#4341,#4382,#4473,#4516,
    #4555,#4626,#4637,#4660,#4672,#4684,#4715,#4748,#4789,#4880,#4923,
    #4962,#5033,#5044,#5067,#5079,#5091,#5122,#5155,#5246,#5257,#5275,
    #5286,#5297,#5315,#5326,#5337,#5355,#5366,#5377,#5395,#5406,#5417,
    #5435,#5446,#5458,#5470,#5482,#5494,#5506));
#17 = ADVANCED_FACE('',(#18),#54,.T.);
#18 = FACE_BOUND('',#19,.F.);
#19 = EDGE_LOOP('',(#20,#30,#39,#47));
#20 = ORIENTED_EDGE('',*,*,#21,.T.);
#21 = EDGE_CURVE('',#22,#24,#26,.T.);
#22 = VERTEX_POINT('',#23);
#23 = CARTESIAN_POINT('',(4.880224180771,-17.44683660207,20.85));
#24 = VERTEX_POINT('',#25);
#25 = CARTESIAN_POINT('',(4.880224180771,-17.44683660207,20.25));
#26 = LINE('',#27,#28);
#27 = CARTESIAN_POINT('',(4.880224180771,-17.44683660207,20.25));
#28 = VECTOR('',#29,1.);
#29 = DIRECTION('',(-0.,-0.,-1.));
#30 = ORIENTED_EDGE('',*,*,#31,.F.);
#31 = EDGE_CURVE('',#32,#24,#34,.T.);
#32 = VERTEX_POINT('',#33);
#33 = CARTESIAN_POINT('',(-14.20317755246,-11.24626350781,20.25));
#34 = CIRCLE('',#35,18.116531);
#35 = AXIS2_PLACEMENT_3D('',#36,#37,#38);
#36 = CARTESIAN_POINT('',(0.,0.,20.25));
#37 = DIRECTION('',(0.,0.,1.));
#38 = DIRECTION('',(1.,0.,0.));
#39 = ORIENTED_EDGE('',*,*,#40,.F.);
#40 = EDGE_CURVE('',#41,#32,#43,.T.);
#41 = VERTEX_POINT('',#42);
#42 = CARTESIAN_POINT('',(-14.20317755246,-11.24626350781,20.85));
#43 = LINE('',#44,#45);
#44 = CARTESIAN_POINT('',(-14.20317755246,-11.24626350781,20.25));
#45 = VECTOR('',#46,1.);
#46 = DIRECTION('',(-0.,-0.,-1.));
#47 = ORIENTED_EDGE('',*,*,#48,.F.);
#48 = EDGE_CURVE('',#22,#41,#49,.T.);
#49 = CIRCLE('',#50,18.116531);
#50 = AXIS2_PLACEMENT_3D('',#51,#52,#53);
#51 = CARTESIAN_POINT('',(0.,0.,20.85));
#52 = DIRECTION('',(0.,0.,-1.));
#53 = DIRECTION('',(1.,0.,0.));
#54 = CYLINDRICAL_SURFACE('',#55,18.116531);
#55 = AXIS2_PLACEMENT_3D('',#56,#57,#58);
#56 = CARTESIAN_POINT('',(0.,0.,20.25));
#57 = DIRECTION('',(-0.,-0.,-1.));
#58 = DIRECTION('',(1.,0.,0.));
#59 = ADVANCED_FACE('',(#60),#117,.T.);
#60 = FACE_BOUND('',#61,.T.);
#61 = EDGE_LOOP('',(#62,#72,#80,#86,#87,#95,#103,#111));
#62 = ORIENTED_EDGE('',*,*,#63,.F.);
#63 = EDGE_CURVE('',#64,#66,#68,.T.);
#64 = VERTEX_POINT('',#65);
#65 = CARTESIAN_POINT('',(6.11512669624,-21.24747574393,19.85));
#66 = VERTEX_POINT('',#67);
#67 = CARTESIAN_POINT('',(6.11512669624,-21.24747574393,10.15));
#68 = LINE('',#69,#70);
#69 = CARTESIAN_POINT('',(6.11512669624,-21.24747574393,20.25));
#70 = VECTOR('',#71,1.);
#71 = DIRECTION('',(0.,0.,-1.));
#72 = ORIENTED_EDGE('',*,*,#73,.T.);
#73 = EDGE_CURVE('',#64,#74,#76,.T.);
#74 = VERTEX_POINT('',#75);
#75 = CARTESIAN_POINT('',(6.11512669624,-21.24747574393,20.85));
#76 = LINE('',#77,#78);
#77 = CARTESIAN_POINT('',(6.11512669624,-21.24747574393,18.25));
#78 = VECTOR('',#79,1.);
#79 = DIRECTION('',(0.,0.,1.));
#80 = ORIENTED_EDGE('',*,*,#81,.F.);
#81 = EDGE_CURVE('',#22,#74,#82,.T.);
#82 = LINE('',#83,#84);
#83 = CARTESIAN_POINT('',(4.837649820961,-17.31580619577,20.85));
#84 = VECTOR('',#85,1.);
#85 = DIRECTION('',(0.309016994376,-0.951056516295,0.));
#86 = ORIENTED_EDGE('',*,*,#21,.T.);
#87 = ORIENTED_EDGE('',*,*,#88,.T.);
#88 = EDGE_CURVE('',#24,#89,#91,.T.);
#89 = VERTEX_POINT('',#90);
#90 = CARTESIAN_POINT('',(4.837649820961,-17.31580619577,20.25));
#91 = LINE('',#92,#93);
#92 = CARTESIAN_POINT('',(2.381547935672,-9.756701857824,20.25));
#93 = VECTOR('',#94,1.);
#94 = DIRECTION('',(-0.309016994376,0.951056516295,0.));
#95 = ORIENTED_EDGE('',*,*,#96,.F.);
#96 = EDGE_CURVE('',#97,#89,#99,.T.);
#97 = VERTEX_POINT('',#98);
#98 = CARTESIAN_POINT('',(4.837649820961,-17.31580619577,19.85));
#99 = LINE('',#100,#101);
#100 = CARTESIAN_POINT('',(4.837649820961,-17.31580619577,18.25));
#101 = VECTOR('',#102,1.);
#102 = DIRECTION('',(0.,0.,1.));
#103 = ORIENTED_EDGE('',*,*,#104,.F.);
#104 = EDGE_CURVE('',#105,#97,#107,.T.);
#105 = VERTEX_POINT('',#106);
#106 = CARTESIAN_POINT('',(4.837649820961,-17.31580619577,10.15));
#107 = LINE('',#108,#109);
#108 = CARTESIAN_POINT('',(4.837649820961,-17.31580619577,18.75));
#109 = VECTOR('',#110,1.);
#110 = DIRECTION('',(0.,0.,1.));
#111 = ORIENTED_EDGE('',*,*,#112,.F.);
#112 = EDGE_CURVE('',#66,#105,#113,.T.);
#113 = LINE('',#114,#115);
#114 = CARTESIAN_POINT('',(2.761216906471,-10.92520279882,10.15));
#115 = VECTOR('',#116,1.);
#116 = DIRECTION('',(-0.309016994376,0.951056516295,0.));
#117 = PLANE('',#118);
#118 = AXIS2_PLACEMENT_3D('',#119,#120,#121);
#119 = CARTESIAN_POINT('',(5.4763882586,-19.28164096985,15.5));
#120 = DIRECTION('',(-0.951056516295,-0.309016994376,7.62603149511E-16)
  );
#121 = DIRECTION('',(0.309016994376,-0.951056516295,0.));
#122 = ADVANCED_FACE('',(#123),#180,.T.);
#123 = FACE_BOUND('',#124,.T.);
#124 = EDGE_LOOP('',(#125,#135,#143,#149,#150,#158,#166,#174));
#125 = ORIENTED_EDGE('',*,*,#126,.F.);
#126 = EDGE_CURVE('',#127,#129,#131,.T.);
#127 = VERTEX_POINT('',#128);
#128 = CARTESIAN_POINT('',(-14.09171643142,-11.16528226316,19.85));
#129 = VERTEX_POINT('',#130);
#130 = CARTESIAN_POINT('',(-14.09171643142,-11.16528226316,10.15));
#131 = LINE('',#132,#133);
#132 = CARTESIAN_POINT('',(-14.09171643142,-11.16528226316,18.75));
#133 = VECTOR('',#134,1.);
#134 = DIRECTION('',(0.,0.,-1.));
#135 = ORIENTED_EDGE('',*,*,#136,.T.);
#136 = EDGE_CURVE('',#127,#137,#139,.T.);
#137 = VERTEX_POINT('',#138);
#138 = CARTESIAN_POINT('',(-14.09171643142,-11.16528226316,20.25));
#139 = LINE('',#140,#141);
#140 = CARTESIAN_POINT('',(-14.09171643142,-11.16528226316,18.25));
#141 = VECTOR('',#142,1.);
#142 = DIRECTION('',(0.,0.,1.));
#143 = ORIENTED_EDGE('',*,*,#144,.T.);
#144 = EDGE_CURVE('',#137,#32,#145,.T.);
#145 = LINE('',#146,#147);
#146 = CARTESIAN_POINT('',(-7.661558215929,-6.493498857802,20.25));
#147 = VECTOR('',#148,1.);
#148 = DIRECTION('',(-0.809016994375,-0.587785252293,0.));
#149 = ORIENTED_EDGE('',*,*,#40,.F.);
#150 = ORIENTED_EDGE('',*,*,#151,.F.);
#151 = EDGE_CURVE('',#152,#41,#154,.T.);
#152 = VERTEX_POINT('',#153);
#153 = CARTESIAN_POINT('',(-17.43619431073,-13.59518767646,20.85));
#154 = LINE('',#155,#156);
#155 = CARTESIAN_POINT('',(-17.43619431073,-13.59518767646,20.85));
#156 = VECTOR('',#157,1.);
#157 = DIRECTION('',(0.809016994375,0.587785252293,0.));
#158 = ORIENTED_EDGE('',*,*,#159,.F.);
#159 = EDGE_CURVE('',#160,#152,#162,.T.);
#160 = VERTEX_POINT('',#161);
#161 = CARTESIAN_POINT('',(-17.43619431073,-13.59518767646,19.85));
#162 = LINE('',#163,#164);
#163 = CARTESIAN_POINT('',(-17.43619431073,-13.59518767646,18.25));
#164 = VECTOR('',#165,1.);
#165 = DIRECTION('',(0.,0.,1.));
#166 = ORIENTED_EDGE('',*,*,#167,.F.);
#167 = EDGE_CURVE('',#168,#160,#170,.T.);
#168 = VERTEX_POINT('',#169);
#169 = CARTESIAN_POINT('',(-17.43619431073,-13.59518767646,10.15));
#170 = LINE('',#171,#172);
#171 = CARTESIAN_POINT('',(-17.43619431073,-13.59518767646,20.25));
#172 = VECTOR('',#173,1.);
#173 = DIRECTION('',(0.,0.,1.));
#174 = ORIENTED_EDGE('',*,*,#175,.F.);
#175 = EDGE_CURVE('',#129,#168,#176,.T.);
#176 = LINE('',#177,#178);
#177 = CARTESIAN_POINT('',(-6.672043582282,-5.774574394373,10.15));
#178 = VECTOR('',#179,1.);
#179 = DIRECTION('',(-0.809016994375,-0.587785252293,0.));
#180 = PLANE('',#181);
#181 = AXIS2_PLACEMENT_3D('',#182,#183,#184);
#182 = CARTESIAN_POINT('',(-15.76395537108,-12.38023496981,15.5));
#183 = DIRECTION('',(0.587785252293,-0.809016994375,1.219079290489E-16)
  );
#184 = DIRECTION('',(-0.809016994375,-0.587785252293,0.));
#185 = ADVANCED_FACE('',(#186),#244,.F.);
#186 = FACE_BOUND('',#187,.F.);
#187 = EDGE_LOOP('',(#188,#189,#190,#198,#213,#222,#237,#243));
#188 = ORIENTED_EDGE('',*,*,#31,.T.);
#189 = ORIENTED_EDGE('',*,*,#88,.T.);
#190 = ORIENTED_EDGE('',*,*,#191,.F.);
#191 = EDGE_CURVE('',#192,#89,#194,.T.);
#192 = VERTEX_POINT('',#193);
#193 = CARTESIAN_POINT('',(5.187591770265,-17.20210316391,20.25));
#194 = LINE('',#195,#196);
#195 = CARTESIAN_POINT('',(5.907588401813,-16.9681620771,20.25));
#196 = VECTOR('',#197,1.);
#197 = DIRECTION('',(-0.951056516295,-0.309016994374,0.));
#198 = ORIENTED_EDGE('',*,*,#199,.T.);
#199 = EDGE_CURVE('',#192,#200,#202,.T.);
#200 = VERTEX_POINT('',#201);
#201 = CARTESIAN_POINT('',(4.459822715,-17.02556845896,20.249999999999)
  );
#202 = B_SPLINE_CURVE_WITH_KNOTS('',3,(#203,#204,#205,#206,#207,#208,
    #209,#210,#211,#212),.UNSPECIFIED.,.F.,.F.,(4,2,2,2,4),(
    -3.953200747769E-04,0.,3.320697661912E-02,5.771935929301E-02,
    7.985343016909E-02),.UNSPECIFIED.);
#203 = CARTESIAN_POINT('',(5.228384502456,-17.22393670141,20.25));
#204 = CARTESIAN_POINT('',(5.227222130264,-17.22331596582,20.25));
#205 = CARTESIAN_POINT('',(5.22605986709,-17.222695061,20.25));
#206 = CARTESIAN_POINT('',(5.127273069334,-17.16990411942,20.25));
#207 = CARTESIAN_POINT('',(5.030876161654,-17.11697889128,20.25));
#208 = CARTESIAN_POINT('',(4.854752522485,-17.04648007674,20.25));
#209 = CARTESIAN_POINT('',(4.768410938966,-17.01965551058,20.25));
#210 = CARTESIAN_POINT('',(4.591047289082,-17.00212627157,20.25));
#211 = CARTESIAN_POINT('',(4.519381151626,-17.00996721374,20.25));
#212 = CARTESIAN_POINT('',(4.459822715001,-17.02556845896,20.25));
#213 = ORIENTED_EDGE('',*,*,#214,.F.);
#214 = EDGE_CURVE('',#215,#200,#217,.T.);
#215 = VERTEX_POINT('',#216);
#216 = CARTESIAN_POINT('',(-13.6154504204,-11.15255620247,
    20.249999999994));
#217 = CIRCLE('',#218,17.6);
#218 = AXIS2_PLACEMENT_3D('',#219,#220,#221);
#219 = CARTESIAN_POINT('',(4.440892098501E-15,-4.815648849472E-16,20.25)
  );
#220 = DIRECTION('',(0.,0.,1.));
#221 = DIRECTION('',(-1.,0.,0.));
#222 = ORIENTED_EDGE('',*,*,#223,.T.);
#223 = EDGE_CURVE('',#215,#224,#226,.T.);
#224 = VERTEX_POINT('',#225);
#225 = CARTESIAN_POINT('',(-14.30799245018,-10.86760386112,20.25));
#226 = B_SPLINE_CURVE_WITH_KNOTS('',3,(#227,#228,#229,#230,#231,#232,
    #233,#234,#235,#236),.UNSPECIFIED.,.F.,.F.,(4,2,2,2,4),(0.,
    1.847036983889E-02,3.892538499953E-02,6.663583864289E-02,
    6.696572422439E-02),.UNSPECIFIED.);
#227 = CARTESIAN_POINT('',(-13.61545042041,-11.15255620247,20.25));
#228 = CARTESIAN_POINT('',(-13.65446402603,-11.10492695914,20.25));
#229 = CARTESIAN_POINT('',(-13.70783435918,-11.05645920483,20.25));
#230 = CARTESIAN_POINT('',(-13.86162799182,-10.96638892107,20.25));
#231 = CARTESIAN_POINT('',(-13.94724688115,-10.93734014208,20.25));
#232 = CARTESIAN_POINT('',(-14.13117205988,-10.89085200264,20.25));
#233 = CARTESIAN_POINT('',(-14.24026746599,-10.87700873067,20.25));
#234 = CARTESIAN_POINT('',(-14.35121740749,-10.86165207583,20.25));
#235 = CARTESIAN_POINT('',(-14.35252265647,-10.86147123728,20.25));
#236 = CARTESIAN_POINT('',(-14.35382789513,-10.86129019762,20.25));
#237 = ORIENTED_EDGE('',*,*,#238,.F.);
#238 = EDGE_CURVE('',#137,#224,#239,.T.);
#239 = LINE('',#240,#241);
#240 = CARTESIAN_POINT('',(-14.31213590104,-10.86190089026,20.25));
#241 = VECTOR('',#242,1.);
#242 = DIRECTION('',(-0.587785252292,0.809016994375,0.));
#243 = ORIENTED_EDGE('',*,*,#144,.T.);
#244 = PLANE('',#245);
#245 = AXIS2_PLACEMENT_3D('',#246,#247,#248);
#246 = CARTESIAN_POINT('',(-1.243948403436E-15,2.412505994542E-15,20.25)
  );
#247 = DIRECTION('',(0.,0.,1.));
#248 = DIRECTION('',(1.,0.,0.));
#249 = ADVANCED_FACE('',(#250),#312,.T.);
#250 = FACE_BOUND('',#251,.T.);
#251 = EDGE_LOOP('',(#252,#263,#271,#278,#279,#288,#296,#305));
#252 = ORIENTED_EDGE('',*,*,#253,.F.);
#253 = EDGE_CURVE('',#254,#256,#258,.T.);
#254 = VERTEX_POINT('',#255);
#255 = CARTESIAN_POINT('',(4.358177720789,-17.05187048256,10.15));
#256 = VERTEX_POINT('',#257);
#257 = CARTESIAN_POINT('',(4.459822714983,-17.02556845896,9.750000000017
    ));
#258 = B_SPLINE_CURVE_WITH_KNOTS('',3,(#259,#260,#261,#262),
  .UNSPECIFIED.,.F.,.F.,(4,4),(0.502748189991,0.544640752447),
  .PIECEWISE_BEZIER_KNOTS.);
#259 = CARTESIAN_POINT('',(4.358177720789,-17.05187048256,10.15));
#260 = CARTESIAN_POINT('',(4.358177720789,-17.05187048256,
    10.010358125149));
#261 = CARTESIAN_POINT('',(4.394320868238,-17.04291204286,9.870612572217
    ));
#262 = CARTESIAN_POINT('',(4.460180336394,-17.02561064382,9.749707908232
    ));
#263 = ORIENTED_EDGE('',*,*,#264,.F.);
#264 = EDGE_CURVE('',#265,#254,#267,.T.);
#265 = VERTEX_POINT('',#266);
#266 = CARTESIAN_POINT('',(4.358177720789,-17.05187048256,19.85));
#267 = LINE('',#268,#269);
#268 = CARTESIAN_POINT('',(4.358177720789,-17.05187048256,18.75));
#269 = VECTOR('',#270,1.);
#270 = DIRECTION('',(0.,0.,-1.));
#271 = ORIENTED_EDGE('',*,*,#272,.F.);
#272 = EDGE_CURVE('',#200,#265,#273,.T.);
#273 = B_SPLINE_CURVE_WITH_KNOTS('',3,(#274,#275,#276,#277),
  .UNSPECIFIED.,.F.,.F.,(4,4),(0.460863782312,0.502748189991),
  .PIECEWISE_BEZIER_KNOTS.);
#274 = CARTESIAN_POINT('',(4.461190591981,-17.02533404239,
    20.249221890501));
#275 = CARTESIAN_POINT('',(4.395355889132,-17.04261603385,
    20.128281362999));
#276 = CARTESIAN_POINT('',(4.358177720789,-17.05187048256,
    19.989614692263));
#277 = CARTESIAN_POINT('',(4.358177720789,-17.05187048256,19.85));
#278 = ORIENTED_EDGE('',*,*,#214,.F.);
#279 = ORIENTED_EDGE('',*,*,#280,.F.);
#280 = EDGE_CURVE('',#281,#215,#283,.T.);
#281 = VERTEX_POINT('',#282);
#282 = CARTESIAN_POINT('',(-13.54867783427,-11.23358041511,19.85));
#283 = B_SPLINE_CURVE_WITH_KNOTS('',3,(#284,#285,#286,#287),
  .UNSPECIFIED.,.F.,.F.,(4,4),(0.502749859088,0.544634215803),
  .PIECEWISE_BEZIER_KNOTS.);
#284 = CARTESIAN_POINT('',(-13.54867783427,-11.23358041511,19.85));
#285 = CARTESIAN_POINT('',(-13.54867783427,-11.23358041511,
    19.989614522384));
#286 = CARTESIAN_POINT('',(-13.57331621487,-11.20424031895,
    20.128281171281));
#287 = CARTESIAN_POINT('',(-13.61641951491,-11.15156221642,
    20.249221662789));
#288 = ORIENTED_EDGE('',*,*,#289,.F.);
#289 = EDGE_CURVE('',#290,#281,#292,.T.);
#290 = VERTEX_POINT('',#291);
#291 = CARTESIAN_POINT('',(-13.54867783427,-11.23358041511,10.15));
#292 = LINE('',#293,#294);
#293 = CARTESIAN_POINT('',(-13.54867783427,-11.23358041511,18.75));
#294 = VECTOR('',#295,1.);
#295 = DIRECTION('',(0.,0.,1.));
#296 = ORIENTED_EDGE('',*,*,#297,.F.);
#297 = EDGE_CURVE('',#298,#290,#300,.T.);
#298 = VERTEX_POINT('',#299);
#299 = CARTESIAN_POINT('',(-13.61545042041,-11.15255620247,9.75));
#300 = B_SPLINE_CURVE_WITH_KNOTS('',3,(#301,#302,#303,#304),
  .UNSPECIFIED.,.F.,.F.,(4,4),(0.460857305876,0.502749859088),
  .PIECEWISE_BEZIER_KNOTS.);
#301 = CARTESIAN_POINT('',(-13.61576473902,-11.15237986259,
    9.749708084306));
#302 = CARTESIAN_POINT('',(-13.57265285705,-11.20508816399,
    9.870612646727));
#303 = CARTESIAN_POINT('',(-13.54867783427,-11.23358041511,
    10.010358155962));
#304 = CARTESIAN_POINT('',(-13.54867783427,-11.23358041511,10.15));
#305 = ORIENTED_EDGE('',*,*,#306,.F.);
#306 = EDGE_CURVE('',#256,#298,#307,.T.);
#307 = CIRCLE('',#308,17.6);
#308 = AXIS2_PLACEMENT_3D('',#309,#310,#311);
#309 = CARTESIAN_POINT('',(4.440892098501E-15,-4.815648849472E-16,9.75)
  );
#310 = DIRECTION('',(0.,0.,-1.));
#311 = DIRECTION('',(-1.,0.,0.));
#312 = CYLINDRICAL_SURFACE('',#313,17.6);
#313 = AXIS2_PLACEMENT_3D('',#314,#315,#316);
#314 = CARTESIAN_POINT('',(4.440892098501E-15,-4.815648849472E-16,18.75)
  );
#315 = DIRECTION('',(0.,0.,-1.));
#316 = DIRECTION('',(-1.,0.,0.));
#317 = ADVANCED_FACE('',(#318),#345,.F.);
#318 = FACE_BOUND('',#319,.F.);
#319 = EDGE_LOOP('',(#320,#330,#337,#338));
#320 = ORIENTED_EDGE('',*,*,#321,.T.);
#321 = EDGE_CURVE('',#322,#324,#326,.T.);
#322 = VERTEX_POINT('',#323);
#323 = CARTESIAN_POINT('',(-3.375,-9.093266739737,20.25));
#324 = VERTEX_POINT('',#325);
#325 = CARTESIAN_POINT('',(-4.375,-9.093266739737,19.25));
#326 = LINE('',#327,#328);
#327 = CARTESIAN_POINT('',(-3.875,-9.093266739737,19.75));
#328 = VECTOR('',#329,1.);
#329 = DIRECTION('',(-0.707106781187,-8.659560562355E-17,-0.707106781187
    ));
#330 = ORIENTED_EDGE('',*,*,#331,.F.);
#331 = EDGE_CURVE('',#324,#324,#332,.T.);
#332 = CIRCLE('',#333,0.875);
#333 = AXIS2_PLACEMENT_3D('',#334,#335,#336);
#334 = CARTESIAN_POINT('',(-5.25,-9.093266739737,19.25));
#335 = DIRECTION('',(0.,0.,-1.));
#336 = DIRECTION('',(-1.,0.,0.));
#337 = ORIENTED_EDGE('',*,*,#321,.F.);
#338 = ORIENTED_EDGE('',*,*,#339,.F.);
#339 = EDGE_CURVE('',#322,#322,#340,.T.);
#340 = CIRCLE('',#341,1.875);
#341 = AXIS2_PLACEMENT_3D('',#342,#343,#344);
#342 = CARTESIAN_POINT('',(-5.25,-9.093266739737,20.25));
#343 = DIRECTION('',(0.,0.,1.));
#344 = DIRECTION('',(-1.,0.,0.));
#345 = CONICAL_SURFACE('',#346,1.375,0.785398163397);
#346 = AXIS2_PLACEMENT_3D('',#347,#348,#349);
#347 = CARTESIAN_POINT('',(-5.25,-9.093266739737,19.75));
#348 = DIRECTION('',(0.,0.,1.));
#349 = DIRECTION('',(-1.,0.,0.));
#350 = ADVANCED_FACE('',(#351),#370,.F.);
#351 = FACE_BOUND('',#352,.F.);
#352 = EDGE_LOOP('',(#353,#361,#368,#369));
#353 = ORIENTED_EDGE('',*,*,#354,.T.);
#354 = EDGE_CURVE('',#324,#355,#357,.T.);
#355 = VERTEX_POINT('',#356);
#356 = CARTESIAN_POINT('',(-4.375,-9.093266739737,18.75));
#357 = LINE('',#358,#359);
#358 = CARTESIAN_POINT('',(-4.375,-9.093266739737,18.75));
#359 = VECTOR('',#360,1.);
#360 = DIRECTION('',(0.,0.,-1.));
#361 = ORIENTED_EDGE('',*,*,#362,.F.);
#362 = EDGE_CURVE('',#355,#355,#363,.T.);
#363 = CIRCLE('',#364,0.875);
#364 = AXIS2_PLACEMENT_3D('',#365,#366,#367);
#365 = CARTESIAN_POINT('',(-5.25,-9.093266739737,18.75));
#366 = DIRECTION('',(0.,0.,-1.));
#367 = DIRECTION('',(-1.,0.,0.));
#368 = ORIENTED_EDGE('',*,*,#354,.F.);
#369 = ORIENTED_EDGE('',*,*,#331,.T.);
#370 = CYLINDRICAL_SURFACE('',#371,0.875);
#371 = AXIS2_PLACEMENT_3D('',#372,#373,#374);
#372 = CARTESIAN_POINT('',(-5.25,-9.093266739737,18.75));
#373 = DIRECTION('',(0.,0.,1.));
#374 = DIRECTION('',(-1.,0.,0.));
#375 = ADVANCED_FACE('',(#376),#395,.F.);
#376 = FACE_BOUND('',#377,.T.);
#377 = EDGE_LOOP('',(#378,#386,#387,#388));
#378 = ORIENTED_EDGE('',*,*,#379,.F.);
#379 = EDGE_CURVE('',#322,#380,#382,.T.);
#380 = VERTEX_POINT('',#381);
#381 = CARTESIAN_POINT('',(-3.375,-9.093266739737,20.85));
#382 = LINE('',#383,#384);
#383 = CARTESIAN_POINT('',(-3.375,-9.093266739737,20.25));
#384 = VECTOR('',#385,1.);
#385 = DIRECTION('',(0.,0.,1.));
#386 = ORIENTED_EDGE('',*,*,#339,.F.);
#387 = ORIENTED_EDGE('',*,*,#379,.T.);
#388 = ORIENTED_EDGE('',*,*,#389,.F.);
#389 = EDGE_CURVE('',#380,#380,#390,.T.);
#390 = CIRCLE('',#391,1.875);
#391 = AXIS2_PLACEMENT_3D('',#392,#393,#394);
#392 = CARTESIAN_POINT('',(-5.25,-9.093266739737,20.85));
#393 = DIRECTION('',(0.,0.,-1.));
#394 = DIRECTION('',(1.,0.,0.));
#395 = CYLINDRICAL_SURFACE('',#396,1.875);
#396 = AXIS2_PLACEMENT_3D('',#397,#398,#399);
#397 = CARTESIAN_POINT('',(-5.25,-9.093266739737,20.25));
#398 = DIRECTION('',(-0.,-0.,-1.));
#399 = DIRECTION('',(1.,0.,0.));
#400 = ADVANCED_FACE('',(#401,#412,#415,#426,#437),#448,.F.);
#401 = FACE_BOUND('',#402,.T.);
#402 = EDGE_LOOP('',(#403));
#403 = ORIENTED_EDGE('',*,*,#404,.T.);
#404 = EDGE_CURVE('',#405,#405,#407,.T.);
#405 = VERTEX_POINT('',#406);
#406 = CARTESIAN_POINT('',(16.1,1.49011646168E-15,18.75));
#407 = CIRCLE('',#408,16.1);
#408 = AXIS2_PLACEMENT_3D('',#409,#410,#411);
#409 = CARTESIAN_POINT('',(4.440892098501E-15,-4.815648849472E-16,18.75)
  );
#410 = DIRECTION('',(0.,0.,-1.));
#411 = DIRECTION('',(-1.,0.,0.));
#412 = FACE_BOUND('',#413,.T.);
#413 = EDGE_LOOP('',(#414));
#414 = ORIENTED_EDGE('',*,*,#362,.F.);
#415 = FACE_BOUND('',#416,.T.);
#416 = EDGE_LOOP('',(#417));
#417 = ORIENTED_EDGE('',*,*,#418,.F.);
#418 = EDGE_CURVE('',#419,#419,#421,.T.);
#419 = VERTEX_POINT('',#420);
#420 = CARTESIAN_POINT('',(11.375,1.072782195623E-14,18.75));
#421 = CIRCLE('',#422,0.875);
#422 = AXIS2_PLACEMENT_3D('',#423,#424,#425);
#423 = CARTESIAN_POINT('',(10.5,1.06206653613E-14,18.75));
#424 = DIRECTION('',(0.,0.,-1.));
#425 = DIRECTION('',(-1.,0.,0.));
#426 = FACE_BOUND('',#427,.T.);
#427 = EDGE_LOOP('',(#428));
#428 = ORIENTED_EDGE('',*,*,#429,.F.);
#429 = EDGE_CURVE('',#430,#430,#432,.T.);
#430 = VERTEX_POINT('',#431);
#431 = CARTESIAN_POINT('',(-4.375,9.093266739737,18.75));
#432 = CIRCLE('',#433,0.875);
#433 = AXIS2_PLACEMENT_3D('',#434,#435,#436);
#434 = CARTESIAN_POINT('',(-5.25,9.093266739737,18.75));
#435 = DIRECTION('',(0.,0.,-1.));
#436 = DIRECTION('',(-1.,0.,0.));
#437 = FACE_BOUND('',#438,.T.);
#438 = EDGE_LOOP('',(#439));
#439 = ORIENTED_EDGE('',*,*,#440,.F.);
#440 = EDGE_CURVE('',#441,#441,#443,.T.);
#441 = VERTEX_POINT('',#442);
#442 = CARTESIAN_POINT('',(8.,4.981525543707E-16,18.75));
#443 = CIRCLE('',#444,8.);
#444 = AXIS2_PLACEMENT_3D('',#445,#446,#447);
#445 = CARTESIAN_POINT('',(4.440892098501E-15,-4.815648849472E-16,18.75)
  );
#446 = DIRECTION('',(0.,0.,-1.));
#447 = DIRECTION('',(-1.,0.,0.));
#448 = PLANE('',#449);
#449 = AXIS2_PLACEMENT_3D('',#450,#451,#452);
#450 = CARTESIAN_POINT('',(4.440892098501E-15,0.,18.75));
#451 = DIRECTION('',(0.,0.,1.));
#452 = DIRECTION('',(-1.,0.,0.));
#453 = ADVANCED_FACE('',(#454),#473,.F.);
#454 = FACE_BOUND('',#455,.F.);
#455 = EDGE_LOOP('',(#456,#464,#465,#466));
#456 = ORIENTED_EDGE('',*,*,#457,.T.);
#457 = EDGE_CURVE('',#458,#405,#460,.T.);
#458 = VERTEX_POINT('',#459);
#459 = CARTESIAN_POINT('',(16.1,1.49011646168E-15,9.75));
#460 = LINE('',#461,#462);
#461 = CARTESIAN_POINT('',(16.1,-2.453246231574E-15,18.75));
#462 = VECTOR('',#463,1.);
#463 = DIRECTION('',(0.,0.,1.));
#464 = ORIENTED_EDGE('',*,*,#404,.T.);
#465 = ORIENTED_EDGE('',*,*,#457,.F.);
#466 = ORIENTED_EDGE('',*,*,#467,.T.);
#467 = EDGE_CURVE('',#458,#458,#468,.T.);
#468 = CIRCLE('',#469,16.1);
#469 = AXIS2_PLACEMENT_3D('',#470,#471,#472);
#470 = CARTESIAN_POINT('',(4.440892098501E-15,-4.815648849472E-16,9.75)
  );
#471 = DIRECTION('',(0.,0.,1.));
#472 = DIRECTION('',(-1.,0.,0.));
#473 = CYLINDRICAL_SURFACE('',#474,16.1);
#474 = AXIS2_PLACEMENT_3D('',#475,#476,#477);
#475 = CARTESIAN_POINT('',(4.440892098501E-15,-4.815648849472E-16,18.75)
  );
#476 = DIRECTION('',(0.,0.,-1.));
#477 = DIRECTION('',(-1.,0.,0.));
#478 = ADVANCED_FACE('',(#479),#498,.F.);
#479 = FACE_BOUND('',#480,.F.);
#480 = EDGE_LOOP('',(#481,#489,#490,#491));
#481 = ORIENTED_EDGE('',*,*,#482,.T.);
#482 = EDGE_CURVE('',#483,#419,#485,.T.);
#483 = VERTEX_POINT('',#484);
#484 = CARTESIAN_POINT('',(11.375,1.051350876638E-14,19.25));
#485 = LINE('',#486,#487);
#486 = CARTESIAN_POINT('',(11.375,1.072782195623E-14,18.75));
#487 = VECTOR('',#488,1.);
#488 = DIRECTION('',(0.,0.,-1.));
#489 = ORIENTED_EDGE('',*,*,#418,.F.);
#490 = ORIENTED_EDGE('',*,*,#482,.F.);
#491 = ORIENTED_EDGE('',*,*,#492,.T.);
#492 = EDGE_CURVE('',#483,#483,#493,.T.);
#493 = CIRCLE('',#494,0.875);
#494 = AXIS2_PLACEMENT_3D('',#495,#496,#497);
#495 = CARTESIAN_POINT('',(10.5,1.06206653613E-14,19.25));
#496 = DIRECTION('',(0.,0.,-1.));
#497 = DIRECTION('',(-1.,0.,0.));
#498 = CYLINDRICAL_SURFACE('',#499,0.875);
#499 = AXIS2_PLACEMENT_3D('',#500,#501,#502);
#500 = CARTESIAN_POINT('',(10.5,1.06206653613E-14,18.75));
#501 = DIRECTION('',(0.,0.,1.));
#502 = DIRECTION('',(-1.,0.,0.));
#503 = ADVANCED_FACE('',(#504),#523,.F.);
#504 = FACE_BOUND('',#505,.F.);
#505 = EDGE_LOOP('',(#506,#514,#515,#516));
#506 = ORIENTED_EDGE('',*,*,#507,.T.);
#507 = EDGE_CURVE('',#508,#430,#510,.T.);
#508 = VERTEX_POINT('',#509);
#509 = CARTESIAN_POINT('',(-4.375,9.093266739737,19.25));
#510 = LINE('',#511,#512);
#511 = CARTESIAN_POINT('',(-4.375,9.093266739737,18.75));
#512 = VECTOR('',#513,1.);
#513 = DIRECTION('',(0.,0.,-1.));
#514 = ORIENTED_EDGE('',*,*,#429,.F.);
#515 = ORIENTED_EDGE('',*,*,#507,.F.);
#516 = ORIENTED_EDGE('',*,*,#517,.T.);
#517 = EDGE_CURVE('',#508,#508,#518,.T.);
#518 = CIRCLE('',#519,0.875);
#519 = AXIS2_PLACEMENT_3D('',#520,#521,#522);
#520 = CARTESIAN_POINT('',(-5.25,9.093266739737,19.25));
#521 = DIRECTION('',(0.,0.,-1.));
#522 = DIRECTION('',(-1.,0.,0.));
#523 = CYLINDRICAL_SURFACE('',#524,0.875);
#524 = AXIS2_PLACEMENT_3D('',#525,#526,#527);
#525 = CARTESIAN_POINT('',(-5.25,9.093266739737,18.75));
#526 = DIRECTION('',(0.,0.,1.));
#527 = DIRECTION('',(-1.,0.,0.));
#528 = ADVANCED_FACE('',(#529),#548,.F.);
#529 = FACE_BOUND('',#530,.F.);
#530 = EDGE_LOOP('',(#531,#539,#540,#541));
#531 = ORIENTED_EDGE('',*,*,#532,.T.);
#532 = EDGE_CURVE('',#533,#441,#535,.T.);
#533 = VERTEX_POINT('',#534);
#534 = CARTESIAN_POINT('',(8.000002820465,2.490762771853E-16,20.25));
#535 = LINE('',#536,#537);
#536 = CARTESIAN_POINT('',(8.,4.981525543707E-16,18.75));
#537 = VECTOR('',#538,1.);
#538 = DIRECTION('',(0.,0.,-1.));
#539 = ORIENTED_EDGE('',*,*,#440,.F.);
#540 = ORIENTED_EDGE('',*,*,#532,.F.);
#541 = ORIENTED_EDGE('',*,*,#542,.T.);
#542 = EDGE_CURVE('',#533,#533,#543,.T.);
#543 = CIRCLE('',#544,8.);
#544 = AXIS2_PLACEMENT_3D('',#545,#546,#547);
#545 = CARTESIAN_POINT('',(4.440892098501E-15,-4.815648849472E-16,20.25)
  );
#546 = DIRECTION('',(0.,0.,-1.));
#547 = DIRECTION('',(-1.,0.,0.));
#548 = CYLINDRICAL_SURFACE('',#549,8.);
#549 = AXIS2_PLACEMENT_3D('',#550,#551,#552);
#550 = CARTESIAN_POINT('',(4.440892098501E-15,-4.815648849472E-16,18.75)
  );
#551 = DIRECTION('',(0.,0.,1.));
#552 = DIRECTION('',(-1.,0.,0.));
#553 = ADVANCED_FACE('',(#554),#573,.F.);
#554 = FACE_BOUND('',#555,.T.);
#555 = EDGE_LOOP('',(#556,#564,#565,#566));
#556 = ORIENTED_EDGE('',*,*,#557,.F.);
#557 = EDGE_CURVE('',#533,#558,#560,.T.);
#558 = VERTEX_POINT('',#559);
#559 = CARTESIAN_POINT('',(8.00000564093,0.,20.85));
#560 = LINE('',#561,#562);
#561 = CARTESIAN_POINT('',(8.00000564093,0.,20.25));
#562 = VECTOR('',#563,1.);
#563 = DIRECTION('',(0.,0.,1.));
#564 = ORIENTED_EDGE('',*,*,#542,.T.);
#565 = ORIENTED_EDGE('',*,*,#557,.T.);
#566 = ORIENTED_EDGE('',*,*,#567,.F.);
#567 = EDGE_CURVE('',#558,#558,#568,.T.);
#568 = CIRCLE('',#569,8.00000564093);
#569 = AXIS2_PLACEMENT_3D('',#570,#571,#572);
#570 = CARTESIAN_POINT('',(0.,0.,20.85));
#571 = DIRECTION('',(0.,0.,-1.));
#572 = DIRECTION('',(1.,0.,0.));
#573 = CYLINDRICAL_SURFACE('',#574,8.00000564093);
#574 = AXIS2_PLACEMENT_3D('',#575,#576,#577);
#575 = CARTESIAN_POINT('',(0.,0.,20.25));
#576 = DIRECTION('',(-0.,-0.,-1.));
#577 = DIRECTION('',(1.,0.,0.));
#578 = ADVANCED_FACE('',(#579,#891),#894,.F.);
#579 = FACE_BOUND('',#580,.T.);
#580 = EDGE_LOOP('',(#581,#582,#597,#605,#614,#622,#637,#646,#661,#669,
    #678,#686,#701,#710,#725,#733,#742,#750,#765,#774,#789,#797,#806,
    #814,#829,#838,#853,#861,#870,#878));
#581 = ORIENTED_EDGE('',*,*,#306,.T.);
#582 = ORIENTED_EDGE('',*,*,#583,.F.);
#583 = EDGE_CURVE('',#584,#298,#586,.T.);
#584 = VERTEX_POINT('',#585);
#585 = CARTESIAN_POINT('',(-14.35382789513,-10.86129019762,9.75));
#586 = B_SPLINE_CURVE_WITH_KNOTS('',3,(#587,#588,#589,#590,#591,#592,
    #593,#594,#595,#596),.UNSPECIFIED.,.F.,.F.,(4,2,2,2,4),(
    -3.953204833572E-04,0.,3.320698048896E-02,5.771936551936E-02,
    7.985343941669E-02),.UNSPECIFIED.);
#587 = CARTESIAN_POINT('',(-14.35382789513,-10.86129019762,9.75));
#588 = CARTESIAN_POINT('',(-14.35252265569,-10.86147123739,9.75));
#589 = CARTESIAN_POINT('',(-14.35121740828,-10.86165207572,9.75));
#590 = CARTESIAN_POINT('',(-14.24026745903,-10.87700873162,9.75));
#591 = CARTESIAN_POINT('',(-14.1311720568,-10.89085200342,9.75));
#592 = CARTESIAN_POINT('',(-13.94724688115,-10.93734014208,9.75));
#593 = CARTESIAN_POINT('',(-13.86162799182,-10.96638892107,9.75));
#594 = CARTESIAN_POINT('',(-13.70783435918,-11.05645920483,9.75));
#595 = CARTESIAN_POINT('',(-13.65446402603,-11.10492695914,9.75));
#596 = CARTESIAN_POINT('',(-13.61545042041,-11.15255620247,9.75));
#597 = ORIENTED_EDGE('',*,*,#598,.F.);
#598 = EDGE_CURVE('',#599,#584,#601,.T.);
#599 = VERTEX_POINT('',#600);
#600 = CARTESIAN_POINT('',(-17.67130841165,-13.27158087871,9.75));
#601 = LINE('',#602,#603);
#602 = CARTESIAN_POINT('',(-6.907157683199,-5.450967596623,9.75));
#603 = VECTOR('',#604,1.);
#604 = DIRECTION('',(0.809016994375,0.587785252293,0.));
#605 = ORIENTED_EDGE('',*,*,#606,.F.);
#606 = EDGE_CURVE('',#607,#599,#609,.T.);
#607 = VERTEX_POINT('',#608);
#608 = CARTESIAN_POINT('',(-18.08275808827,-12.70526898262,9.75));
#609 = CIRCLE('',#610,22.1);
#610 = AXIS2_PLACEMENT_3D('',#611,#612,#613);
#611 = CARTESIAN_POINT('',(-3.875813915266E-15,-2.220696706704E-15,9.75)
  );
#612 = DIRECTION('',(0.,0.,1.));
#613 = DIRECTION('',(-0.809016994375,-0.587785252292,0.));
#614 = ORIENTED_EDGE('',*,*,#615,.F.);
#615 = EDGE_CURVE('',#616,#607,#618,.T.);
#616 = VERTEX_POINT('',#617);
#617 = CARTESIAN_POINT('',(-14.76527757175,-10.29497830153,9.75));
#618 = LINE('',#619,#620);
#619 = CARTESIAN_POINT('',(-9.302108263497,-6.325753461383,9.75));
#620 = VECTOR('',#621,1.);
#621 = DIRECTION('',(-0.809016994374,-0.587785252293,0.));
#622 = ORIENTED_EDGE('',*,*,#623,.F.);
#623 = EDGE_CURVE('',#624,#616,#626,.T.);
#624 = VERTEX_POINT('',#625);
#625 = CARTESIAN_POINT('',(-14.8141168157,-9.502733447316,9.750000000021
    ));
#626 = B_SPLINE_CURVE_WITH_KNOTS('',3,(#627,#628,#629,#630,#631,#632,
    #633,#634,#635,#636),.UNSPECIFIED.,.F.,.F.,(4,2,2,2,4),(0.,
    1.847036984378E-02,3.89253845767E-02,6.663583826921E-02,
    6.69657239186E-02),.UNSPECIFIED.);
#627 = CARTESIAN_POINT('',(-14.81411681568,-9.502733447336,9.75));
#628 = CARTESIAN_POINT('',(-14.78087458059,-9.554555836823,9.75));
#629 = CARTESIAN_POINT('',(-14.75127134695,-9.620291399724,9.75));
#630 = CARTESIAN_POINT('',(-14.7131342632,-9.794391082726,9.75));
#631 = CARTESIAN_POINT('',(-14.71196492417,-9.884796049707,9.75));
#632 = CARTESIAN_POINT('',(-14.72458808124,-10.07408491288,9.75));
#633 = CARTESIAN_POINT('',(-14.7451346815,-10.18211861575,9.75));
#634 = CARTESIAN_POINT('',(-14.76481505348,-10.29238375454,9.75));
#635 = CARTESIAN_POINT('',(-14.76504640971,-10.29368100113,9.75));
#636 = CARTESIAN_POINT('',(-14.76527757175,-10.29497830153,9.75));
#637 = ORIENTED_EDGE('',*,*,#638,.T.);
#638 = EDGE_CURVE('',#624,#639,#641,.T.);
#639 = VERTEX_POINT('',#640);
#640 = CARTESIAN_POINT('',(-14.81411681568,9.50273344734,9.75));
#641 = CIRCLE('',#642,17.6);
#642 = AXIS2_PLACEMENT_3D('',#643,#644,#645);
#643 = CARTESIAN_POINT('',(4.440892098501E-15,-4.815648849472E-16,9.75)
  );
#644 = DIRECTION('',(0.,0.,-1.));
#645 = DIRECTION('',(-1.,0.,0.));
#646 = ORIENTED_EDGE('',*,*,#647,.F.);
#647 = EDGE_CURVE('',#648,#639,#650,.T.);
#648 = VERTEX_POINT('',#649);
#649 = CARTESIAN_POINT('',(-14.76527757175,10.294978301539,9.75));
#650 = B_SPLINE_CURVE_WITH_KNOTS('',3,(#651,#652,#653,#654,#655,#656,
    #657,#658,#659,#660),.UNSPECIFIED.,.F.,.F.,(4,2,2,2,4),(
    -3.953204357301E-04,0.,3.32069895726E-02,5.77193649067E-02,
    7.985343775737E-02),.UNSPECIFIED.);
#651 = CARTESIAN_POINT('',(-14.76527757175,10.294978301538,9.75));
#652 = CARTESIAN_POINT('',(-14.76504640966,10.293681000858,9.75));
#653 = CARTESIAN_POINT('',(-14.76481505346,10.292383754426,9.75));
#654 = CARTESIAN_POINT('',(-14.74513467599,10.182118584912,9.75));
#655 = CARTESIAN_POINT('',(-14.72458806997,10.074084853211,9.75));
#656 = CARTESIAN_POINT('',(-14.71196492545,9.884795988512,9.75));
#657 = CARTESIAN_POINT('',(-14.7131342697,9.79439105317,9.75));
#658 = CARTESIAN_POINT('',(-14.7512713469,9.62029139984,9.75));
#659 = CARTESIAN_POINT('',(-14.78087458056,9.554555836867,9.75));
#660 = CARTESIAN_POINT('',(-14.81411681568,9.50273344734,9.75));
#661 = ORIENTED_EDGE('',*,*,#662,.F.);
#662 = EDGE_CURVE('',#663,#648,#665,.T.);
#663 = VERTEX_POINT('',#664);
#664 = CARTESIAN_POINT('',(-18.08275808827,12.705268982624,9.75));
#665 = LINE('',#666,#667);
#666 = CARTESIAN_POINT('',(-7.318607359818,4.884655700541,9.75));
#667 = VECTOR('',#668,1.);
#668 = DIRECTION('',(0.809016994375,-0.587785252292,0.));
#669 = ORIENTED_EDGE('',*,*,#670,.F.);
#670 = EDGE_CURVE('',#671,#663,#673,.T.);
#671 = VERTEX_POINT('',#672);
#672 = CARTESIAN_POINT('',(-17.67130841165,13.27158087871,9.75));
#673 = CIRCLE('',#674,22.1);
#674 = AXIS2_PLACEMENT_3D('',#675,#676,#677);
#675 = CARTESIAN_POINT('',(-3.309700440479E-15,2.999885058337E-15,9.75)
  );
#676 = DIRECTION('',(0.,0.,1.));
#677 = DIRECTION('',(-0.809016994375,0.587785252292,0.));
#678 = ORIENTED_EDGE('',*,*,#679,.F.);
#679 = EDGE_CURVE('',#680,#671,#682,.T.);
#680 = VERTEX_POINT('',#681);
#681 = CARTESIAN_POINT('',(-14.35382789512,10.861290197628,9.75));
#682 = LINE('',#683,#684);
#683 = CARTESIAN_POINT('',(-8.890658586861,6.892065357488,9.75));
#684 = VECTOR('',#685,1.);
#685 = DIRECTION('',(-0.809016994376,0.587785252292,0.));
#686 = ORIENTED_EDGE('',*,*,#687,.F.);
#687 = EDGE_CURVE('',#688,#680,#690,.T.);
#688 = VERTEX_POINT('',#689);
#689 = CARTESIAN_POINT('',(-13.61545042039,11.152556202491,
    9.750000000016));
#690 = B_SPLINE_CURVE_WITH_KNOTS('',3,(#691,#692,#693,#694,#695,#696,
    #697,#698,#699,#700),.UNSPECIFIED.,.F.,.F.,(4,2,2,2,4),(0.,
    1.847037005559E-02,3.892538866405E-02,6.663583588757E-02,
    6.696572168205E-02),.UNSPECIFIED.);
#691 = CARTESIAN_POINT('',(-13.6154504204,11.152556202477,9.75));
#692 = CARTESIAN_POINT('',(-13.65446402649,11.104926958587,9.75));
#693 = CARTESIAN_POINT('',(-13.70783436056,11.056459203536,9.75));
#694 = CARTESIAN_POINT('',(-13.86162800958,10.966388911224,9.75));
#695 = CARTESIAN_POINT('',(-13.94724691651,10.937340129849,9.75));
#696 = CARTESIAN_POINT('',(-14.13117209134,10.890851999167,9.75));
#697 = CARTESIAN_POINT('',(-14.24026747435,10.877008729509,9.75));
#698 = CARTESIAN_POINT('',(-14.35121740851,10.861652075701,9.75));
#699 = CARTESIAN_POINT('',(-14.35252265542,10.861471237436,9.75));
#700 = CARTESIAN_POINT('',(-14.35382789512,10.861290197628,9.75));
#701 = ORIENTED_EDGE('',*,*,#702,.T.);
#702 = EDGE_CURVE('',#688,#703,#705,.T.);
#703 = VERTEX_POINT('',#704);
#704 = CARTESIAN_POINT('',(4.459822715006,17.02556845896,9.75));
#705 = CIRCLE('',#706,17.6);
#706 = AXIS2_PLACEMENT_3D('',#707,#708,#709);
#707 = CARTESIAN_POINT('',(4.440892098501E-15,-4.815648849472E-16,9.75)
  );
#708 = DIRECTION('',(0.,0.,-1.));
#709 = DIRECTION('',(-1.,0.,0.));
#710 = ORIENTED_EDGE('',*,*,#711,.F.);
#711 = EDGE_CURVE('',#712,#703,#714,.T.);
#712 = VERTEX_POINT('',#713);
#713 = CARTESIAN_POINT('',(5.228384502461,17.223936701417,9.75));
#714 = B_SPLINE_CURVE_WITH_KNOTS('',3,(#715,#716,#717,#718,#719,#720,
    #721,#722,#723,#724),.UNSPECIFIED.,.F.,.F.,(4,2,2,2,4),(
    -3.953204436597E-04,0.,3.320698972931E-02,5.771936523166E-02,
    7.985343823422E-02),.UNSPECIFIED.);
#715 = CARTESIAN_POINT('',(5.228384502461,17.223936701417,9.75));
#716 = CARTESIAN_POINT('',(5.227222129185,17.22331596524,9.75));
#717 = CARTESIAN_POINT('',(5.226059867558,17.222695061248,9.75));
#718 = CARTESIAN_POINT('',(5.127273030181,17.169904098483,9.75));
#719 = CARTESIAN_POINT('',(5.030876096345,17.116978856046,9.75));
#720 = CARTESIAN_POINT('',(4.854752454508,17.046480056243,9.75));
#721 = CARTESIAN_POINT('',(4.768410904401,17.019655507313,9.75));
#722 = CARTESIAN_POINT('',(4.591047289647,17.0021262715,9.75));
#723 = CARTESIAN_POINT('',(4.519381151839,17.009967213685,9.75));
#724 = CARTESIAN_POINT('',(4.459822715006,17.02556845896,9.75));
#725 = ORIENTED_EDGE('',*,*,#726,.F.);
#726 = EDGE_CURVE('',#727,#712,#729,.T.);
#727 = VERTEX_POINT('',#728);
#728 = CARTESIAN_POINT('',(6.495549302758,21.123868946181,9.75));
#729 = LINE('',#730,#731);
#730 = CARTESIAN_POINT('',(2.384009584516,8.469850842898,9.75));
#731 = VECTOR('',#732,1.);
#732 = DIRECTION('',(-0.309016994375,-0.951056516295,0.));
#733 = ORIENTED_EDGE('',*,*,#734,.F.);
#734 = EDGE_CURVE('',#735,#727,#737,.T.);
#735 = VERTEX_POINT('',#736);
#736 = CARTESIAN_POINT('',(7.161288864193,20.907557050109,9.75));
#737 = CIRCLE('',#738,22.1);
#738 = AXIS2_PLACEMENT_3D('',#739,#740,#741);
#739 = CARTESIAN_POINT('',(1.83030655047E-15,4.0747276351E-15,9.75));
#740 = DIRECTION('',(0.,-0.,1.));
#741 = DIRECTION('',(0.309016994375,0.951056516295,0.));
#742 = ORIENTED_EDGE('',*,*,#743,.F.);
#743 = EDGE_CURVE('',#744,#735,#746,.T.);
#744 = VERTEX_POINT('',#745);
#745 = CARTESIAN_POINT('',(5.894124063899,17.007624805344,9.75));
#746 = LINE('',#747,#748);
#747 = CARTESIAN_POINT('',(3.807379074445,10.585284104996,9.75));
#748 = VECTOR('',#749,1.);
#749 = DIRECTION('',(0.309016994374,0.951056516295,0.));
#750 = ORIENTED_EDGE('',*,*,#751,.F.);
#751 = EDGE_CURVE('',#752,#744,#754,.T.);
#752 = VERTEX_POINT('',#753);
#753 = CARTESIAN_POINT('',(6.399305683764,16.3953922419,9.750000000024)
  );
#754 = B_SPLINE_CURVE_WITH_KNOTS('',3,(#755,#756,#757,#758,#759,#760,
    #761,#762,#763,#764),.UNSPECIFIED.,.F.,.F.,(4,2,2,2,4),(0.,
    1.847037016282E-02,3.892538721181E-02,6.663583592751E-02,
    6.69657217602E-02),.UNSPECIFIED.);
#755 = CARTESIAN_POINT('',(6.399305683738,16.39539224191,9.75));
#756 = CARTESIAN_POINT('',(6.341951713345,16.417778140539,9.75));
#757 = CARTESIAN_POINT('',(6.27936379836,16.453558984861,9.75));
#758 = CARTESIAN_POINT('',(6.146177013398,16.571992182385,9.75));
#759 = CARTESIAN_POINT('',(6.092092286527,16.644444028492,9.75));
#760 = CARTESIAN_POINT('',(5.991043440019,16.805001640917,9.75));
#761 = CARTESIAN_POINT('',(5.944165378225,16.90447971601,9.75));
#762 = CARTESIAN_POINT('',(5.895274915416,17.005253910916,9.75));
#763 = CARTESIAN_POINT('',(5.894699584296,17.006439392879,9.75));
#764 = CARTESIAN_POINT('',(5.894124063899,17.007624805344,9.75));
#765 = ORIENTED_EDGE('',*,*,#766,.T.);
#766 = EDGE_CURVE('',#752,#767,#769,.T.);
#767 = VERTEX_POINT('',#768);
#768 = CARTESIAN_POINT('',(17.570438837359,1.019646538085,9.75));
#769 = CIRCLE('',#770,17.6);
#770 = AXIS2_PLACEMENT_3D('',#771,#772,#773);
#771 = CARTESIAN_POINT('',(4.440892098501E-15,-4.815648849472E-16,9.75)
  );
#772 = DIRECTION('',(0.,0.,-1.));
#773 = DIRECTION('',(-1.,0.,0.));
#774 = ORIENTED_EDGE('',*,*,#775,.F.);
#775 = EDGE_CURVE('',#776,#767,#778,.T.);
#776 = VERTEX_POINT('',#777);
#777 = CARTESIAN_POINT('',(17.996596900525,0.350000000014,9.75));
#778 = B_SPLINE_CURVE_WITH_KNOTS('',3,(#779,#780,#781,#782,#783,#784,
    #785,#786,#787,#788),.UNSPECIFIED.,.F.,.F.,(4,2,2,2,4),(
    -3.953204744521E-04,0.,3.320698996326E-02,5.771936568994E-02,
    7.985343890616E-02),.UNSPECIFIED.);
#779 = CARTESIAN_POINT('',(17.996596900525,0.350000000014,9.75));
#780 = CARTESIAN_POINT('',(17.995647352169,0.350913664736,9.75));
#781 = CARTESIAN_POINT('',(17.994697678936,0.351827171201,9.75));
#782 = CARTESIAN_POINT('',(17.913963677591,0.42946573258,9.75));
#783 = CARTESIAN_POINT('',(17.833840490416,0.504789865089,9.75));
#784 = CARTESIAN_POINT('',(17.712366949259,0.650508074868,9.75));
#785 = CARTESIAN_POINT('',(17.660174280934,0.724334527204,9.75));
#786 = CARTESIAN_POINT('',(17.588694615863,0.887600516963,9.75));
#787 = CARTESIAN_POINT('',(17.574005740519,0.958182048711,9.75));
#788 = CARTESIAN_POINT('',(17.570438837359,1.019646538085,9.75));
#789 = ORIENTED_EDGE('',*,*,#790,.F.);
#790 = EDGE_CURVE('',#791,#776,#793,.T.);
#791 = VERTEX_POINT('',#792);
#792 = CARTESIAN_POINT('',(22.097228332983,0.350000000015,9.75));
#793 = LINE('',#794,#795);
#794 = CARTESIAN_POINT('',(8.792006312554,0.350000000012,9.75));
#795 = VECTOR('',#796,1.);
#796 = DIRECTION('',(-1.,-1.944057049673E-13,0.));
#797 = ORIENTED_EDGE('',*,*,#798,.F.);
#798 = EDGE_CURVE('',#799,#791,#801,.T.);
#799 = VERTEX_POINT('',#800);
#800 = CARTESIAN_POINT('',(22.097228332983,-0.350000000015,9.75));
#801 = CIRCLE('',#802,22.1);
#802 = AXIS2_PLACEMENT_3D('',#803,#804,#805);
#803 = CARTESIAN_POINT('',(4.440892098501E-15,-4.815648849472E-16,9.75)
  );
#804 = DIRECTION('',(0.,-0.,1.));
#805 = DIRECTION('',(1.,3.216245299353E-16,0.));
#806 = ORIENTED_EDGE('',*,*,#807,.F.);
#807 = EDGE_CURVE('',#808,#799,#810,.T.);
#808 = VERTEX_POINT('',#809);
#809 = CARTESIAN_POINT('',(17.996596900525,-0.350000000019,9.75));
#810 = LINE('',#811,#812);
#811 = CARTESIAN_POINT('',(11.243748262923,-0.350000000026,9.75));
#812 = VECTOR('',#813,1.);
#813 = DIRECTION('',(1.,9.983775874838E-13,0.));
#814 = ORIENTED_EDGE('',*,*,#815,.F.);
#815 = EDGE_CURVE('',#816,#808,#818,.T.);
#816 = VERTEX_POINT('',#817);
#817 = CARTESIAN_POINT('',(17.570438837358,-1.019646538095,
    9.750000000004));
#818 = B_SPLINE_CURVE_WITH_KNOTS('',3,(#819,#820,#821,#822,#823,#824,
    #825,#826,#827,#828),.UNSPECIFIED.,.F.,.F.,(4,2,2,2,4),(0.,
    1.847036985605E-02,3.892537793052E-02,6.663583947033E-02,
    6.696572523675E-02),.UNSPECIFIED.);
#819 = CARTESIAN_POINT('',(17.570438837359,-1.01964653809,9.75));
#820 = CARTESIAN_POINT('',(17.574005740518,-0.958182048723,9.75));
#821 = CARTESIAN_POINT('',(17.588694615859,-0.887600516986,9.75));
#822 = CARTESIAN_POINT('',(17.660174280961,-0.724334527134,9.75));
#823 = CARTESIAN_POINT('',(17.712366949369,-0.650508074714,9.75));
#824 = CARTESIAN_POINT('',(17.8338404904,-0.50478986515,9.75));
#825 = CARTESIAN_POINT('',(17.913963677265,-0.429465732897,9.75));
#826 = CARTESIAN_POINT('',(17.994697678987,-0.351827171157,9.75));
#827 = CARTESIAN_POINT('',(17.995647352119,-0.35091366479,9.75));
#828 = CARTESIAN_POINT('',(17.996596900525,-0.350000000019,9.75));
#829 = ORIENTED_EDGE('',*,*,#830,.T.);
#830 = EDGE_CURVE('',#816,#831,#833,.T.);
#831 = VERTEX_POINT('',#832);
#832 = CARTESIAN_POINT('',(6.399305684315,-16.39539224168,9.750000000552
    ));
#833 = CIRCLE('',#834,17.6);
#834 = AXIS2_PLACEMENT_3D('',#835,#836,#837);
#835 = CARTESIAN_POINT('',(4.440892098501E-15,-4.815648849472E-16,9.75)
  );
#836 = DIRECTION('',(0.,0.,-1.));
#837 = DIRECTION('',(-1.,0.,0.));
#838 = ORIENTED_EDGE('',*,*,#839,.F.);
#839 = EDGE_CURVE('',#840,#831,#842,.T.);
#840 = VERTEX_POINT('',#841);
#841 = CARTESIAN_POINT('',(5.894124063894,-17.00762480534,9.75));
#842 = B_SPLINE_CURVE_WITH_KNOTS('',3,(#843,#844,#845,#846,#847,#848,
    #849,#850,#851,#852),.UNSPECIFIED.,.F.,.F.,(4,2,2,2,4),(
    -3.953205921147E-04,0.,3.320697701961E-02,5.771936535576E-02,
    7.985344058319E-02),.UNSPECIFIED.);
#843 = CARTESIAN_POINT('',(5.894124063894,-17.00762480534,9.75));
#844 = CARTESIAN_POINT('',(5.894699584274,-17.00643939291,9.75));
#845 = CARTESIAN_POINT('',(5.895274915427,-17.00525391088,9.75));
#846 = CARTESIAN_POINT('',(5.944165378035,-16.90447971639,9.75));
#847 = CARTESIAN_POINT('',(5.991043439912,-16.80500164108,9.75));
#848 = CARTESIAN_POINT('',(6.092092286522,-16.64444402849,9.75));
#849 = CARTESIAN_POINT('',(6.146177013393,-16.57199218238,9.75));
#850 = CARTESIAN_POINT('',(6.279363798355,-16.45355898486,9.75));
#851 = CARTESIAN_POINT('',(6.341951713341,-16.41777814054,9.75));
#852 = CARTESIAN_POINT('',(6.399305683733,-16.39539224191,9.75));
#853 = ORIENTED_EDGE('',*,*,#854,.F.);
#854 = EDGE_CURVE('',#855,#840,#857,.T.);
#855 = VERTEX_POINT('',#856);
#856 = CARTESIAN_POINT('',(7.161288864193,-20.90755705011,9.75));
#857 = LINE('',#858,#859);
#858 = CARTESIAN_POINT('',(3.049749145946,-8.253538946828,9.75));
#859 = VECTOR('',#860,1.);
#860 = DIRECTION('',(-0.309016994375,0.951056516295,0.));
#861 = ORIENTED_EDGE('',*,*,#862,.F.);
#862 = EDGE_CURVE('',#863,#855,#865,.T.);
#863 = VERTEX_POINT('',#864);
#864 = CARTESIAN_POINT('',(6.495549302758,-21.12386894618,9.75));
#865 = CIRCLE('',#866,22.1);
#866 = AXIS2_PLACEMENT_3D('',#867,#868,#869);
#867 = CARTESIAN_POINT('',(9.143157067742E-16,-4.372351101786E-15,9.75)
  );
#868 = DIRECTION('',(-0.,0.,1.));
#869 = DIRECTION('',(0.309016994375,-0.951056516295,0.));
#870 = ORIENTED_EDGE('',*,*,#871,.F.);
#871 = EDGE_CURVE('',#872,#863,#874,.T.);
#872 = VERTEX_POINT('',#873);
#873 = CARTESIAN_POINT('',(5.228384502456,-17.22393670141,9.75));
#874 = LINE('',#875,#876);
#875 = CARTESIAN_POINT('',(3.141639512989,-10.80159600107,9.75));
#876 = VECTOR('',#877,1.);
#877 = DIRECTION('',(0.309016994376,-0.951056516295,0.));
#878 = ORIENTED_EDGE('',*,*,#879,.F.);
#879 = EDGE_CURVE('',#256,#872,#880,.T.);
#880 = B_SPLINE_CURVE_WITH_KNOTS('',3,(#881,#882,#883,#884,#885,#886,
    #887,#888,#889,#890),.UNSPECIFIED.,.F.,.F.,(4,2,2,2,4),(0.,
    1.84703697935E-02,3.892538572994E-02,6.663583780854E-02,
    6.696572351781E-02),.UNSPECIFIED.);
#881 = CARTESIAN_POINT('',(4.459822715001,-17.02556845896,9.75));
#882 = CARTESIAN_POINT('',(4.519381151626,-17.00996721374,9.75));
#883 = CARTESIAN_POINT('',(4.591047289082,-17.00212627157,9.75));
#884 = CARTESIAN_POINT('',(4.768410938966,-17.01965551058,9.75));
#885 = CARTESIAN_POINT('',(4.854752522486,-17.04648007674,9.75));
#886 = CARTESIAN_POINT('',(5.030876157099,-17.11697888946,9.75));
#887 = CARTESIAN_POINT('',(5.127273059757,-17.16990411429,9.75));
#888 = CARTESIAN_POINT('',(5.226059868164,-17.22269506157,9.75));
#889 = CARTESIAN_POINT('',(5.22722212919,-17.22331596524,9.75));
#890 = CARTESIAN_POINT('',(5.228384502456,-17.22393670141,9.75));
#891 = FACE_BOUND('',#892,.T.);
#892 = EDGE_LOOP('',(#893));
#893 = ORIENTED_EDGE('',*,*,#467,.T.);
#894 = PLANE('',#895);
#895 = AXIS2_PLACEMENT_3D('',#896,#897,#898);
#896 = CARTESIAN_POINT('',(4.440892098501E-15,0.,9.75));
#897 = DIRECTION('',(0.,0.,1.));
#898 = DIRECTION('',(-1.,0.,0.));
#899 = ADVANCED_FACE('',(#900),#919,.F.);
#900 = FACE_BOUND('',#901,.F.);
#901 = EDGE_LOOP('',(#902,#910,#911,#912));
#902 = ORIENTED_EDGE('',*,*,#903,.T.);
#903 = EDGE_CURVE('',#904,#483,#906,.T.);
#904 = VERTEX_POINT('',#905);
#905 = CARTESIAN_POINT('',(12.375,5.425143313661E-15,20.25));
#906 = LINE('',#907,#908);
#907 = CARTESIAN_POINT('',(11.875,1.078905429619E-14,19.75));
#908 = VECTOR('',#909,1.);
#909 = DIRECTION('',(-0.707106781187,-8.659560562355E-17,-0.707106781187
    ));
#910 = ORIENTED_EDGE('',*,*,#492,.F.);
#911 = ORIENTED_EDGE('',*,*,#903,.F.);
#912 = ORIENTED_EDGE('',*,*,#913,.F.);
#913 = EDGE_CURVE('',#904,#904,#914,.T.);
#914 = CIRCLE('',#915,1.875);
#915 = AXIS2_PLACEMENT_3D('',#916,#917,#918);
#916 = CARTESIAN_POINT('',(10.5,1.06206653613E-14,20.25));
#917 = DIRECTION('',(0.,0.,1.));
#918 = DIRECTION('',(-1.,0.,0.));
#919 = CONICAL_SURFACE('',#920,1.375,0.785398163397);
#920 = AXIS2_PLACEMENT_3D('',#921,#922,#923);
#921 = CARTESIAN_POINT('',(10.5,1.06206653613E-14,19.75));
#922 = DIRECTION('',(0.,0.,1.));
#923 = DIRECTION('',(-1.,0.,0.));
#924 = ADVANCED_FACE('',(#925),#944,.F.);
#925 = FACE_BOUND('',#926,.T.);
#926 = EDGE_LOOP('',(#927,#935,#936,#937));
#927 = ORIENTED_EDGE('',*,*,#928,.F.);
#928 = EDGE_CURVE('',#904,#929,#931,.T.);
#929 = VERTEX_POINT('',#930);
#930 = CARTESIAN_POINT('',(12.375,0.,20.85));
#931 = LINE('',#932,#933);
#932 = CARTESIAN_POINT('',(12.375,0.,20.25));
#933 = VECTOR('',#934,1.);
#934 = DIRECTION('',(0.,0.,1.));
#935 = ORIENTED_EDGE('',*,*,#913,.F.);
#936 = ORIENTED_EDGE('',*,*,#928,.T.);
#937 = ORIENTED_EDGE('',*,*,#938,.F.);
#938 = EDGE_CURVE('',#929,#929,#939,.T.);
#939 = CIRCLE('',#940,1.875);
#940 = AXIS2_PLACEMENT_3D('',#941,#942,#943);
#941 = CARTESIAN_POINT('',(10.5,0.,20.85));
#942 = DIRECTION('',(0.,0.,-1.));
#943 = DIRECTION('',(1.,0.,0.));
#944 = CYLINDRICAL_SURFACE('',#945,1.875);
#945 = AXIS2_PLACEMENT_3D('',#946,#947,#948);
#946 = CARTESIAN_POINT('',(10.5,0.,20.25));
#947 = DIRECTION('',(-0.,-0.,-1.));
#948 = DIRECTION('',(1.,0.,0.));
#949 = ADVANCED_FACE('',(#950),#969,.F.);
#950 = FACE_BOUND('',#951,.F.);
#951 = EDGE_LOOP('',(#952,#960,#961,#962));
#952 = ORIENTED_EDGE('',*,*,#953,.T.);
#953 = EDGE_CURVE('',#954,#508,#956,.T.);
#954 = VERTEX_POINT('',#955);
#955 = CARTESIAN_POINT('',(-3.375,9.093266739737,20.25));
#956 = LINE('',#957,#958);
#957 = CARTESIAN_POINT('',(-3.875,9.093266739737,19.75));
#958 = VECTOR('',#959,1.);
#959 = DIRECTION('',(-0.707106781187,-8.659560562355E-17,-0.707106781187
    ));
#960 = ORIENTED_EDGE('',*,*,#517,.F.);
#961 = ORIENTED_EDGE('',*,*,#953,.F.);
#962 = ORIENTED_EDGE('',*,*,#963,.F.);
#963 = EDGE_CURVE('',#954,#954,#964,.T.);
#964 = CIRCLE('',#965,1.875);
#965 = AXIS2_PLACEMENT_3D('',#966,#967,#968);
#966 = CARTESIAN_POINT('',(-5.25,9.093266739737,20.25));
#967 = DIRECTION('',(0.,0.,1.));
#968 = DIRECTION('',(-1.,0.,0.));
#969 = CONICAL_SURFACE('',#970,1.375,0.785398163397);
#970 = AXIS2_PLACEMENT_3D('',#971,#972,#973);
#971 = CARTESIAN_POINT('',(-5.25,9.093266739737,19.75));
#972 = DIRECTION('',(0.,0.,1.));
#973 = DIRECTION('',(-1.,0.,0.));
#974 = ADVANCED_FACE('',(#975),#994,.F.);
#975 = FACE_BOUND('',#976,.T.);
#976 = EDGE_LOOP('',(#977,#985,#986,#987));
#977 = ORIENTED_EDGE('',*,*,#978,.F.);
#978 = EDGE_CURVE('',#954,#979,#981,.T.);
#979 = VERTEX_POINT('',#980);
#980 = CARTESIAN_POINT('',(-3.375,9.093266739737,20.85));
#981 = LINE('',#982,#983);
#982 = CARTESIAN_POINT('',(-3.375,9.093266739737,20.25));
#983 = VECTOR('',#984,1.);
#984 = DIRECTION('',(0.,0.,1.));
#985 = ORIENTED_EDGE('',*,*,#963,.F.);
#986 = ORIENTED_EDGE('',*,*,#978,.T.);
#987 = ORIENTED_EDGE('',*,*,#988,.F.);
#988 = EDGE_CURVE('',#979,#979,#989,.T.);
#989 = CIRCLE('',#990,1.875);
#990 = AXIS2_PLACEMENT_3D('',#991,#992,#993);
#991 = CARTESIAN_POINT('',(-5.25,9.093266739737,20.85));
#992 = DIRECTION('',(0.,0.,-1.));
#993 = DIRECTION('',(1.,0.,0.));
#994 = CYLINDRICAL_SURFACE('',#995,1.875);
#995 = AXIS2_PLACEMENT_3D('',#996,#997,#998);
#996 = CARTESIAN_POINT('',(-5.25,9.093266739737,20.25));
#997 = DIRECTION('',(-0.,-0.,-1.));
#998 = DIRECTION('',(1.,0.,0.));
#999 = ADVANCED_FACE('',(#1000),#1045,.T.);
#1000 = FACE_BOUND('',#1001,.T.);
#1001 = EDGE_LOOP('',(#1002,#1009,#1043,#1044));
#1002 = ORIENTED_EDGE('',*,*,#1003,.T.);
#1003 = EDGE_CURVE('',#290,#129,#1004,.T.);
#1004 = CIRCLE('',#1005,0.4);
#1005 = AXIS2_PLACEMENT_3D('',#1006,#1007,#1008);
#1006 = CARTESIAN_POINT('',(-13.85660233051,-11.48888906091,10.15));
#1007 = DIRECTION('',(7.100745117878E-15,-8.564117977557E-15,1.));
#1008 = DIRECTION('',(0.769811240584,0.638271614495,8.677469957431E-30)
  );
#1009 = ORIENTED_EDGE('',*,*,#1010,.T.);
#1010 = EDGE_CURVE('',#129,#584,#1011,.T.);
#1011 = B_SPLINE_CURVE_WITH_KNOTS('',3,(#1012,#1013,#1014,#1015,#1016,
    #1017,#1018,#1019,#1020,#1021,#1022,#1023,#1024,#1025,#1026,#1027,
    #1028,#1029,#1030,#1031,#1032,#1033,#1034,#1035,#1036,#1037,#1038,
    #1039,#1040,#1041,#1042),.UNSPECIFIED.,.F.,.F.,(4,3,3,3,3,3,3,3,3,3,
    4),(-0.502749859088,-0.481933940678,-0.470848807851,-0.452666354488,
    -0.44885800192,-0.439719731624,-0.419864395964,-0.410216578847,
    -0.395668695776,-0.382833930281,-0.377040019422),.UNSPECIFIED.);
#1012 = CARTESIAN_POINT('',(-14.09171643142,-11.16528226316,10.15));
#1013 = CARTESIAN_POINT('',(-14.09171643142,-11.16528226316,
    10.11530680265));
#1014 = CARTESIAN_POINT('',(-14.09495667084,-11.16184588326,
    10.080654611937));
#1015 = CARTESIAN_POINT('',(-14.10112224844,-11.15524976664,
    10.047148937949));
#1016 = CARTESIAN_POINT('',(-14.10440561289,-11.15173712659,
    10.029306110203));
#1017 = CARTESIAN_POINT('',(-14.10851927084,-11.14732771972,
    10.011788364526));
#1018 = CARTESIAN_POINT('',(-14.11341975959,-11.14205931535,
    9.99476402566));
#1019 = CARTESIAN_POINT('',(-14.12145781465,-11.13341778455,
    9.966839755167));
#1020 = CARTESIAN_POINT('',(-14.13162117035,-11.1224342277,
    9.940184907002));
#1021 = CARTESIAN_POINT('',(-14.14363547023,-11.10923290802,
    9.915644503358));
#1022 = CARTESIAN_POINT('',(-14.14615189026,-11.10646786424,
    9.910504464919));
#1023 = CARTESIAN_POINT('',(-14.14874939069,-11.10360565354,
    9.905457136909));
#1024 = CARTESIAN_POINT('',(-14.15142526773,-11.10064761321,
    9.900510174139));
#1025 = CARTESIAN_POINT('',(-14.15784612487,-11.09354969575,
    9.888639770301));
#1026 = CARTESIAN_POINT('',(-14.16471836897,-11.08589988062,
    9.877347410554));
#1027 = CARTESIAN_POINT('',(-14.17196984937,-11.07776035015,
    9.86668338387));
#1028 = CARTESIAN_POINT('',(-14.18772562949,-11.06007504383,
    9.843512934492));
#1029 = CARTESIAN_POINT('',(-14.20524642015,-11.04011666954,
    9.823346013289));
#1030 = CARTESIAN_POINT('',(-14.22388464027,-11.01850105234,
    9.806581164837));
#1031 = CARTESIAN_POINT('',(-14.23294105423,-11.00799790471,
    9.798435032501));
#1032 = CARTESIAN_POINT('',(-14.24226179137,-10.99710291509,
    9.791092565377));
#1033 = CARTESIAN_POINT('',(-14.25177463186,-10.98588422833,
    9.784602350196));
#1034 = CARTESIAN_POINT('',(-14.26611898452,-10.96896764076,
    9.774815795329));
#1035 = CARTESIAN_POINT('',(-14.28090948769,-10.95130412183,
    9.766960356529));
#1036 = CARTESIAN_POINT('',(-14.29589422479,-10.9331236126,
    9.761221414943));
#1037 = CARTESIAN_POINT('',(-14.30911440161,-10.91708398873,
    9.756158274891));
#1038 = CARTESIAN_POINT('',(-14.32248998605,-10.90063652544,
    9.752743166254));
#1039 = CARTESIAN_POINT('',(-14.33582188775,-10.88397078695,
    9.751110691632));
#1040 = CARTESIAN_POINT('',(-14.34184021742,-10.87644748602,
    9.750373754722));
#1041 = CARTESIAN_POINT('',(-14.3478491978,-10.86888027655,9.75));
#1042 = CARTESIAN_POINT('',(-14.35382789513,-10.86129019762,9.75));
#1043 = ORIENTED_EDGE('',*,*,#583,.T.);
#1044 = ORIENTED_EDGE('',*,*,#297,.T.);
#1045 = B_SPLINE_SURFACE_WITH_KNOTS('',3,3,(
    (#1046,#1047,#1048,#1049,#1050)
    ,(#1051,#1052,#1053,#1054,#1055)
    ,(#1056,#1057,#1058,#1059,#1060)
    ,(#1061,#1062,#1063,#1064,#1065)
    ,(#1066,#1067,#1068,#1069,#1070
  )),.UNSPECIFIED.,.F.,.F.,.F.,(4,1,4),(4,1,4),(0.,0.5,1.),(
    0.377040019422,0.448874213517,0.502749859088),.UNSPECIFIED.);
#1046 = CARTESIAN_POINT('',(-14.35382789513,-10.86129019762,9.75));
#1047 = CARTESIAN_POINT('',(-14.27970267743,-10.95539368247,9.75));
#1048 = CARTESIAN_POINT('',(-14.14325804347,-11.11212783487,
    9.850490829805));
#1049 = CARTESIAN_POINT('',(-14.09171643142,-11.16528226316,
    10.060207257382));
#1050 = CARTESIAN_POINT('',(-14.09171643142,-11.16528226316,10.15));
#1051 = CARTESIAN_POINT('',(-14.27032070945,-10.79810177263,9.75));
#1052 = CARTESIAN_POINT('',(-14.19749798724,-10.89112501816,
    9.749376885846));
#1053 = CARTESIAN_POINT('',(-14.06285012008,-11.04951445162,
    9.846462451994));
#1054 = CARTESIAN_POINT('',(-14.01044453151,-11.10623477154,
    10.0589208996));
#1055 = CARTESIAN_POINT('',(-14.01044453151,-11.10623477154,10.15));
#1056 = CARTESIAN_POINT('',(-14.10399204906,-10.67224378814,
    9.663299369485));
#1057 = CARTESIAN_POINT('',(-14.01796666522,-10.78480316952,
    9.662159421878));
#1058 = CARTESIAN_POINT('',(-13.86226486266,-10.98027614339,
    9.777469647058));
#1059 = CARTESIAN_POINT('',(-13.80175807084,-11.05282235956,
    10.037976286865));
#1060 = CARTESIAN_POINT('',(-13.80175807084,-11.05282235956,10.15));
#1061 = CARTESIAN_POINT('',(-14.0348539419,-10.61992819323,9.45471975512
    ));
#1062 = CARTESIAN_POINT('',(-13.91253839742,-10.78159627255,
    9.454328025811));
#1063 = CARTESIAN_POINT('',(-13.69391371229,-11.0583455301,
    9.626741716246));
#1064 = CARTESIAN_POINT('',(-13.61279706432,-11.15624703085,
    9.993046412307));
#1065 = CARTESIAN_POINT('',(-13.61279706432,-11.15624703085,10.15));
#1066 = CARTESIAN_POINT('',(-14.0348539419,-10.61992819323,9.35));
#1067 = CARTESIAN_POINT('',(-13.89358097437,-10.80662865195,9.35));
#1068 = CARTESIAN_POINT('',(-13.64120028505,-11.12362544542,
    9.55098165961));
#1069 = CARTESIAN_POINT('',(-13.54867783427,-11.23358041511,
    9.970414514763));
#1070 = CARTESIAN_POINT('',(-13.54867783427,-11.23358041511,10.15));
#1071 = ADVANCED_FACE('',(#1072),#1084,.T.);
#1072 = FACE_BOUND('',#1073,.T.);
#1073 = EDGE_LOOP('',(#1074,#1075,#1076,#1083));
#1074 = ORIENTED_EDGE('',*,*,#1010,.F.);
#1075 = ORIENTED_EDGE('',*,*,#175,.T.);
#1076 = ORIENTED_EDGE('',*,*,#1077,.F.);
#1077 = EDGE_CURVE('',#599,#168,#1078,.T.);
#1078 = CIRCLE('',#1079,0.4);
#1079 = AXIS2_PLACEMENT_3D('',#1080,#1081,#1082);
#1080 = CARTESIAN_POINT('',(-17.67130841165,-13.27158087871,10.15));
#1081 = DIRECTION('',(-0.809016994375,-0.587785252293,-8.98189294468E-15
    ));
#1082 = DIRECTION('',(0.587785252293,-0.809016994375,1.577721810442E-30)
  );
#1083 = ORIENTED_EDGE('',*,*,#598,.T.);
#1084 = CYLINDRICAL_SURFACE('',#1085,0.4);
#1085 = AXIS2_PLACEMENT_3D('',#1086,#1087,#1088);
#1086 = CARTESIAN_POINT('',(-6.907157683199,-5.450967596623,10.15));
#1087 = DIRECTION('',(0.809016994375,0.587785252293,0.));
#1088 = DIRECTION('',(0.415626937778,-0.572061402818,-0.707106781187));
#1089 = ADVANCED_FACE('',(#1090),#1118,.T.);
#1090 = FACE_BOUND('',#1091,.T.);
#1091 = EDGE_LOOP('',(#1092,#1101,#1110,#1117));
#1092 = ORIENTED_EDGE('',*,*,#1093,.F.);
#1093 = EDGE_CURVE('',#1094,#599,#1096,.T.);
#1094 = VERTEX_POINT('',#1095);
#1095 = CARTESIAN_POINT('',(-17.99115109784,-13.51179048737,10.15));
#1096 = CIRCLE('',#1097,0.4);
#1097 = AXIS2_PLACEMENT_3D('',#1098,#1099,#1100);
#1098 = CARTESIAN_POINT('',(-17.67130841165,-13.27158087871,10.15));
#1099 = DIRECTION('',(0.600524021661,-0.79960671546,0.));
#1100 = DIRECTION('',(0.,0.,-1.));
#1101 = ORIENTED_EDGE('',*,*,#1102,.T.);
#1102 = EDGE_CURVE('',#1094,#1103,#1105,.T.);
#1103 = VERTEX_POINT('',#1104);
#1104 = CARTESIAN_POINT('',(-18.41004782743,-12.93522860221,10.15));
#1105 = CIRCLE('',#1106,22.5);
#1106 = AXIS2_PLACEMENT_3D('',#1107,#1108,#1109);
#1107 = CARTESIAN_POINT('',(-3.875813915266E-15,-2.220696706704E-15,
    10.15));
#1108 = DIRECTION('',(0.,0.,-1.));
#1109 = DIRECTION('',(-0.809016994375,-0.587785252292,-0.));
#1110 = ORIENTED_EDGE('',*,*,#1111,.F.);
#1111 = EDGE_CURVE('',#607,#1103,#1112,.T.);
#1112 = CIRCLE('',#1113,0.4);
#1113 = AXIS2_PLACEMENT_3D('',#1114,#1115,#1116);
#1114 = CARTESIAN_POINT('',(-18.08275808827,-12.70526898262,10.15));
#1115 = DIRECTION('',(-0.574899048987,0.818224347886,-7.733388356764E-15
    ));
#1116 = DIRECTION('',(-0.818224347886,-0.574899048987,0.));
#1117 = ORIENTED_EDGE('',*,*,#606,.T.);
#1118 = TOROIDAL_SURFACE('',#1119,22.1,0.4);
#1119 = AXIS2_PLACEMENT_3D('',#1120,#1121,#1122);
#1120 = CARTESIAN_POINT('',(-3.875813915266E-15,-2.220696706704E-15,
    10.15));
#1121 = DIRECTION('',(0.,0.,1.));
#1122 = DIRECTION('',(1.,0.,0.));
#1123 = ADVANCED_FACE('',(#1124),#1175,.T.);
#1124 = FACE_BOUND('',#1125,.T.);
#1125 = EDGE_LOOP('',(#1126,#1159,#1160,#1169));
#1126 = ORIENTED_EDGE('',*,*,#1127,.F.);
#1127 = EDGE_CURVE('',#616,#1128,#1130,.T.);
#1128 = VERTEX_POINT('',#1129);
#1129 = CARTESIAN_POINT('',(-14.97339430988,-9.951756771577,10.15));
#1130 = B_SPLINE_CURVE_WITH_KNOTS('',3,(#1131,#1132,#1133,#1134,#1135,
    #1136,#1137,#1138,#1139,#1140,#1141,#1142,#1143,#1144,#1145,#1146,
    #1147,#1148,#1149,#1150,#1151,#1152,#1153,#1154,#1155,#1156,#1157,
    #1158),.UNSPECIFIED.,.F.,.F.,(4,3,3,3,3,3,3,3,3,4),(-0.628457894331,
    -0.615683263897,-0.596072641689,-0.576375651633,-0.565965923257,
    -0.556639920293,-0.538465534864,-0.534525593165,-0.513681590626,
    -0.502748270812),.UNSPECIFIED.);
#1131 = CARTESIAN_POINT('',(-14.76527757175,-10.29497830153,9.75));
#1132 = CARTESIAN_POINT('',(-14.77711992919,-10.27727004069,9.75));
#1133 = CARTESIAN_POINT('',(-14.7888080482,-10.25946022859,
    9.751819180998));
#1134 = CARTESIAN_POINT('',(-14.80020920117,-10.24181512418,
    9.755334601924));
#1135 = CARTESIAN_POINT('',(-14.81771136726,-10.21472772794,
    9.760731203574));
#1136 = CARTESIAN_POINT('',(-14.83453505798,-10.18803371502,
    9.770114706569));
#1137 = CARTESIAN_POINT('',(-14.85033041064,-10.16250289818,
    9.783022715791));
#1138 = CARTESIAN_POINT('',(-14.86619532818,-10.13685964015,
    9.795987573642));
#1139 = CARTESIAN_POINT('',(-14.88103860593,-10.11236408311,
    9.812518873543));
#1140 = CARTESIAN_POINT('',(-14.89449659513,-10.08978415981,
    9.832211227011));
#1141 = CARTESIAN_POINT('',(-14.901609053,-10.07785082036,9.842618504981
    ));
#1142 = CARTESIAN_POINT('',(-14.90833431205,-10.06645292977,
    9.853909327699));
#1143 = CARTESIAN_POINT('',(-14.91461616616,-10.05570792929,
    9.866027479239));
#1144 = CARTESIAN_POINT('',(-14.9202440354,-10.04608155838,
    9.876884046585));
#1145 = CARTESIAN_POINT('',(-14.92550973422,-10.03698647049,
    9.888396140896));
#1146 = CARTESIAN_POINT('',(-14.93037405772,-10.02851607113,
    9.900510352626));
#1147 = CARTESIAN_POINT('',(-14.93985358399,-10.01200907416,
    9.924118360687));
#1148 = CARTESIAN_POINT('',(-14.94780731444,-9.997877210924,
    9.950014042032));
#1149 = CARTESIAN_POINT('',(-14.95419672975,-9.986428730565,
    9.977356714969));
#1150 = CARTESIAN_POINT('',(-14.9555818618,-9.983946866992,
    9.983284207687));
#1151 = CARTESIAN_POINT('',(-14.9568935656,-9.981590949313,
    9.989279642636));
#1152 = CARTESIAN_POINT('',(-14.95813159897,-9.979363836014,
    9.995334388375));
#1153 = CARTESIAN_POINT('',(-14.9646813331,-9.967581439521,
    10.027366622652));
#1154 = CARTESIAN_POINT('',(-14.96920296496,-9.959383061861,
    10.061135967575));
#1155 = CARTESIAN_POINT('',(-14.97154171345,-9.955131013683,
    10.095527470898));
#1156 = CARTESIAN_POINT('',(-14.9727684589,-9.952900683759,
    10.113566871153));
#1157 = CARTESIAN_POINT('',(-14.97339430988,-9.951756771577,
    10.13177780031));
#1158 = CARTESIAN_POINT('',(-14.97339430988,-9.951756771577,10.15));
#1159 = ORIENTED_EDGE('',*,*,#615,.T.);
#1160 = ORIENTED_EDGE('',*,*,#1161,.F.);
#1161 = EDGE_CURVE('',#1162,#607,#1164,.T.);
#1162 = VERTEX_POINT('',#1163);
#1163 = CARTESIAN_POINT('',(-18.31787218919,-12.38166218487,10.15));
#1164 = CIRCLE('',#1165,0.4);
#1165 = AXIS2_PLACEMENT_3D('',#1166,#1167,#1168);
#1166 = CARTESIAN_POINT('',(-18.08275808827,-12.70526898262,10.15));
#1167 = DIRECTION('',(-0.809016994374,-0.587785252293,-0.));
#1168 = DIRECTION('',(0.,0.,-1.));
#1169 = ORIENTED_EDGE('',*,*,#1170,.T.);
#1170 = EDGE_CURVE('',#1162,#1128,#1171,.T.);
#1171 = LINE('',#1172,#1173);
#1172 = CARTESIAN_POINT('',(-9.537222364414,-6.002146663633,10.15));
#1173 = VECTOR('',#1174,1.);
#1174 = DIRECTION('',(0.809016994374,0.587785252293,0.));
#1175 = CYLINDRICAL_SURFACE('',#1176,0.4);
#1176 = AXIS2_PLACEMENT_3D('',#1177,#1178,#1179);
#1177 = CARTESIAN_POINT('',(-9.302108263497,-6.325753461383,10.15));
#1178 = DIRECTION('',(-0.809016994374,-0.587785252293,0.));
#1179 = DIRECTION('',(-0.415626937778,0.572061402817,-0.707106781187));
#1180 = ADVANCED_FACE('',(#1181),#1217,.T.);
#1181 = FACE_BOUND('',#1182,.F.);
#1182 = EDGE_LOOP('',(#1183,#1194,#1202,#1211));
#1183 = ORIENTED_EDGE('',*,*,#1184,.F.);
#1184 = EDGE_CURVE('',#1185,#1187,#1189,.T.);
#1185 = VERTEX_POINT('',#1186);
#1186 = CARTESIAN_POINT('',(-15.08485543091,10.032738016231,20.25));
#1187 = VERTEX_POINT('',#1188);
#1188 = CARTESIAN_POINT('',(-15.08485543091,-10.03273801622,20.25));
#1189 = CIRCLE('',#1190,18.116531);
#1190 = AXIS2_PLACEMENT_3D('',#1191,#1192,#1193);
#1191 = CARTESIAN_POINT('',(0.,0.,20.25));
#1192 = DIRECTION('',(0.,0.,1.));
#1193 = DIRECTION('',(1.,0.,0.));
#1194 = ORIENTED_EDGE('',*,*,#1195,.F.);
#1195 = EDGE_CURVE('',#1196,#1185,#1198,.T.);
#1196 = VERTEX_POINT('',#1197);
#1197 = CARTESIAN_POINT('',(-15.08485543091,10.032738016231,20.85));
#1198 = LINE('',#1199,#1200);
#1199 = CARTESIAN_POINT('',(-15.08485543091,10.032738016231,20.25));
#1200 = VECTOR('',#1201,1.);
#1201 = DIRECTION('',(-0.,-0.,-1.));
#1202 = ORIENTED_EDGE('',*,*,#1203,.F.);
#1203 = EDGE_CURVE('',#1204,#1196,#1206,.T.);
#1204 = VERTEX_POINT('',#1205);
#1205 = CARTESIAN_POINT('',(-15.08485543091,-10.03273801622,20.85));
#1206 = CIRCLE('',#1207,18.116531);
#1207 = AXIS2_PLACEMENT_3D('',#1208,#1209,#1210);
#1208 = CARTESIAN_POINT('',(0.,0.,20.85));
#1209 = DIRECTION('',(0.,0.,-1.));
#1210 = DIRECTION('',(1.,0.,0.));
#1211 = ORIENTED_EDGE('',*,*,#1212,.T.);
#1212 = EDGE_CURVE('',#1204,#1187,#1213,.T.);
#1213 = LINE('',#1214,#1215);
#1214 = CARTESIAN_POINT('',(-15.08485543091,-10.03273801622,20.25));
#1215 = VECTOR('',#1216,1.);
#1216 = DIRECTION('',(-0.,-0.,-1.));
#1217 = CYLINDRICAL_SURFACE('',#1218,18.116531);
#1218 = AXIS2_PLACEMENT_3D('',#1219,#1220,#1221);
#1219 = CARTESIAN_POINT('',(0.,0.,20.25));
#1220 = DIRECTION('',(-0.,-0.,-1.));
#1221 = DIRECTION('',(1.,0.,0.));
#1222 = ADVANCED_FACE('',(#1223),#1295,.F.);
#1223 = FACE_BOUND('',#1224,.F.);
#1224 = EDGE_LOOP('',(#1225,#1233,#1234,#1242,#1250,#1265,#1274,#1289));
#1225 = ORIENTED_EDGE('',*,*,#1226,.T.);
#1226 = EDGE_CURVE('',#1227,#1185,#1229,.T.);
#1227 = VERTEX_POINT('',#1228);
#1228 = CARTESIAN_POINT('',(-14.97339430988,9.951756771582,20.25));
#1229 = LINE('',#1230,#1231);
#1230 = CARTESIAN_POINT('',(-8.543236094382,5.279973366219,20.25));
#1231 = VECTOR('',#1232,1.);
#1232 = DIRECTION('',(-0.809016994375,0.587785252292,0.));
#1233 = ORIENTED_EDGE('',*,*,#1184,.T.);
#1234 = ORIENTED_EDGE('',*,*,#1235,.T.);
#1235 = EDGE_CURVE('',#1187,#1236,#1238,.T.);
#1236 = VERTEX_POINT('',#1237);
#1237 = CARTESIAN_POINT('',(-14.97339430988,-9.951756771577,20.25));
#1238 = LINE('',#1239,#1240);
#1239 = CARTESIAN_POINT('',(-8.543236094391,-5.279973366207,20.25));
#1240 = VECTOR('',#1241,1.);
#1241 = DIRECTION('',(0.809016994374,0.587785252293,0.));
#1242 = ORIENTED_EDGE('',*,*,#1243,.F.);
#1243 = EDGE_CURVE('',#1244,#1236,#1246,.T.);
#1244 = VERTEX_POINT('',#1245);
#1245 = CARTESIAN_POINT('',(-14.75711829115,-10.24943517359,20.25));
#1246 = LINE('',#1247,#1248);
#1247 = CARTESIAN_POINT('',(-14.31213590104,-10.86190089026,20.25));
#1248 = VECTOR('',#1249,1.);
#1249 = DIRECTION('',(-0.587785252292,0.809016994375,0.));
#1250 = ORIENTED_EDGE('',*,*,#1251,.T.);
#1251 = EDGE_CURVE('',#1244,#1252,#1254,.T.);
#1252 = VERTEX_POINT('',#1253);
#1253 = CARTESIAN_POINT('',(-14.81411681568,-9.502733447335,20.25));
#1254 = B_SPLINE_CURVE_WITH_KNOTS('',3,(#1255,#1256,#1257,#1258,#1259,
    #1260,#1261,#1262,#1263,#1264),.UNSPECIFIED.,.F.,.F.,(4,2,2,2,4),(
    -3.953205959719E-04,0.,3.320698246974E-02,5.771936842931E-02,
    7.985344363484E-02),.UNSPECIFIED.);
#1255 = CARTESIAN_POINT('',(-14.76527757175,-10.29497830153,20.25));
#1256 = CARTESIAN_POINT('',(-14.76504640957,-10.29368100032,20.25));
#1257 = CARTESIAN_POINT('',(-14.76481505363,-10.29238375535,20.25));
#1258 = CARTESIAN_POINT('',(-14.74513468022,-10.18211860862,20.25));
#1259 = CARTESIAN_POINT('',(-14.72458808102,-10.07408490962,20.25));
#1260 = CARTESIAN_POINT('',(-14.71196492417,-9.884796049706,20.25));
#1261 = CARTESIAN_POINT('',(-14.7131342632,-9.794391082726,20.25));
#1262 = CARTESIAN_POINT('',(-14.75127134695,-9.620291399724,20.25));
#1263 = CARTESIAN_POINT('',(-14.78087458059,-9.554555836823,20.25));
#1264 = CARTESIAN_POINT('',(-14.81411681568,-9.502733447336,20.25));
#1265 = ORIENTED_EDGE('',*,*,#1266,.F.);
#1266 = EDGE_CURVE('',#1267,#1252,#1269,.T.);
#1267 = VERTEX_POINT('',#1268);
#1268 = CARTESIAN_POINT('',(-14.81411681568,9.502733447336,
    20.249999999996));
#1269 = CIRCLE('',#1270,17.6);
#1270 = AXIS2_PLACEMENT_3D('',#1271,#1272,#1273);
#1271 = CARTESIAN_POINT('',(4.440892098501E-15,-4.815648849472E-16,20.25
    ));
#1272 = DIRECTION('',(0.,0.,1.));
#1273 = DIRECTION('',(-1.,0.,0.));
#1274 = ORIENTED_EDGE('',*,*,#1275,.T.);
#1275 = EDGE_CURVE('',#1267,#1276,#1278,.T.);
#1276 = VERTEX_POINT('',#1277);
#1277 = CARTESIAN_POINT('',(-14.75711829113,10.249435173626,20.25));
#1278 = B_SPLINE_CURVE_WITH_KNOTS('',3,(#1279,#1280,#1281,#1282,#1283,
    #1284,#1285,#1286,#1287,#1288),.UNSPECIFIED.,.F.,.F.,(4,2,2,2,4),(0.
    ,1.847036985606E-02,3.892537793054E-02,6.663584031211E-02,
    6.6965725905E-02),.UNSPECIFIED.);
#1279 = CARTESIAN_POINT('',(-14.81411681568,9.50273344734,20.25));
#1280 = CARTESIAN_POINT('',(-14.78087458057,9.554555836862,20.25));
#1281 = CARTESIAN_POINT('',(-14.75127134691,9.620291399825,20.25));
#1282 = CARTESIAN_POINT('',(-14.71313426969,9.794391053204,20.25));
#1283 = CARTESIAN_POINT('',(-14.71196492545,9.884795988614,20.25));
#1284 = CARTESIAN_POINT('',(-14.72458807016,10.07408485581,20.25));
#1285 = CARTESIAN_POINT('',(-14.74513467697,10.18211859041,20.25));
#1286 = CARTESIAN_POINT('',(-14.76481505335,10.292383753818,20.25));
#1287 = CARTESIAN_POINT('',(-14.76504640977,10.29368100147,20.25));
#1288 = CARTESIAN_POINT('',(-14.76527757175,10.294978301538,20.25));
#1289 = ORIENTED_EDGE('',*,*,#1290,.F.);
#1290 = EDGE_CURVE('',#1227,#1276,#1291,.T.);
#1291 = LINE('',#1292,#1293);
#1292 = CARTESIAN_POINT('',(-14.75297484026,10.255138144482,20.25));
#1293 = VECTOR('',#1294,1.);
#1294 = DIRECTION('',(0.587785252293,0.809016994375,0.));
#1295 = PLANE('',#1296);
#1296 = AXIS2_PLACEMENT_3D('',#1297,#1298,#1299);
#1297 = CARTESIAN_POINT('',(-1.243948403436E-15,2.412505994542E-15,20.25
    ));
#1298 = DIRECTION('',(0.,0.,1.));
#1299 = DIRECTION('',(1.,0.,0.));
#1300 = ADVANCED_FACE('',(#1301),#1342,.T.);
#1301 = FACE_BOUND('',#1302,.T.);
#1302 = EDGE_LOOP('',(#1303,#1311,#1319,#1325,#1326,#1327,#1335,#1341));
#1303 = ORIENTED_EDGE('',*,*,#1304,.F.);
#1304 = EDGE_CURVE('',#1305,#1162,#1307,.T.);
#1305 = VERTEX_POINT('',#1306);
#1306 = CARTESIAN_POINT('',(-18.31787218919,-12.38166218487,19.85));
#1307 = LINE('',#1308,#1309);
#1308 = CARTESIAN_POINT('',(-18.31787218919,-12.38166218487,20.25));
#1309 = VECTOR('',#1310,1.);
#1310 = DIRECTION('',(0.,0.,-1.));
#1311 = ORIENTED_EDGE('',*,*,#1312,.T.);
#1312 = EDGE_CURVE('',#1305,#1313,#1315,.T.);
#1313 = VERTEX_POINT('',#1314);
#1314 = CARTESIAN_POINT('',(-18.31787218919,-12.38166218487,20.85));
#1315 = LINE('',#1316,#1317);
#1316 = CARTESIAN_POINT('',(-18.31787218919,-12.38166218487,18.25));
#1317 = VECTOR('',#1318,1.);
#1318 = DIRECTION('',(0.,0.,1.));
#1319 = ORIENTED_EDGE('',*,*,#1320,.F.);
#1320 = EDGE_CURVE('',#1204,#1313,#1321,.T.);
#1321 = LINE('',#1322,#1323);
#1322 = CARTESIAN_POINT('',(-14.97339430988,-9.951756771577,20.85));
#1323 = VECTOR('',#1324,1.);
#1324 = DIRECTION('',(-0.809016994374,-0.587785252293,0.));
#1325 = ORIENTED_EDGE('',*,*,#1212,.T.);
#1326 = ORIENTED_EDGE('',*,*,#1235,.T.);
#1327 = ORIENTED_EDGE('',*,*,#1328,.F.);
#1328 = EDGE_CURVE('',#1329,#1236,#1331,.T.);
#1329 = VERTEX_POINT('',#1330);
#1330 = CARTESIAN_POINT('',(-14.97339430988,-9.951756771577,19.85));
#1331 = LINE('',#1332,#1333);
#1332 = CARTESIAN_POINT('',(-14.97339430988,-9.951756771577,18.25));
#1333 = VECTOR('',#1334,1.);
#1334 = DIRECTION('',(0.,0.,1.));
#1335 = ORIENTED_EDGE('',*,*,#1336,.F.);
#1336 = EDGE_CURVE('',#1128,#1329,#1337,.T.);
#1337 = LINE('',#1338,#1339);
#1338 = CARTESIAN_POINT('',(-14.97339430988,-9.951756771577,18.75));
#1339 = VECTOR('',#1340,1.);
#1340 = DIRECTION('',(0.,0.,1.));
#1341 = ORIENTED_EDGE('',*,*,#1170,.F.);
#1342 = PLANE('',#1343);
#1343 = AXIS2_PLACEMENT_3D('',#1344,#1345,#1346);
#1344 = CARTESIAN_POINT('',(-16.64563324954,-11.16670947822,15.5));
#1345 = DIRECTION('',(-0.587785252293,0.809016994374,1.197951494895E-15)
  );
#1346 = DIRECTION('',(0.809016994374,0.587785252293,9.860761315263E-32)
  );
#1347 = ADVANCED_FACE('',(#1348),#1398,.T.);
#1348 = FACE_BOUND('',#1349,.T.);
#1349 = EDGE_LOOP('',(#1350,#1360,#1366,#1367,#1368,#1376,#1384,#1392));
#1350 = ORIENTED_EDGE('',*,*,#1351,.F.);
#1351 = EDGE_CURVE('',#1352,#1354,#1356,.T.);
#1352 = VERTEX_POINT('',#1353);
#1353 = CARTESIAN_POINT('',(-14.97339430988,9.951756771582,19.85));
#1354 = VERTEX_POINT('',#1355);
#1355 = CARTESIAN_POINT('',(-14.97339430988,9.951756771582,10.15));
#1356 = LINE('',#1357,#1358);
#1357 = CARTESIAN_POINT('',(-14.97339430988,9.951756771582,18.75));
#1358 = VECTOR('',#1359,1.);
#1359 = DIRECTION('',(0.,0.,-1.));
#1360 = ORIENTED_EDGE('',*,*,#1361,.T.);
#1361 = EDGE_CURVE('',#1352,#1227,#1362,.T.);
#1362 = LINE('',#1363,#1364);
#1363 = CARTESIAN_POINT('',(-14.97339430988,9.951756771582,18.25));
#1364 = VECTOR('',#1365,1.);
#1365 = DIRECTION('',(0.,0.,1.));
#1366 = ORIENTED_EDGE('',*,*,#1226,.T.);
#1367 = ORIENTED_EDGE('',*,*,#1195,.F.);
#1368 = ORIENTED_EDGE('',*,*,#1369,.F.);
#1369 = EDGE_CURVE('',#1370,#1196,#1372,.T.);
#1370 = VERTEX_POINT('',#1371);
#1371 = CARTESIAN_POINT('',(-18.31787218919,12.381662184874,20.85));
#1372 = LINE('',#1373,#1374);
#1373 = CARTESIAN_POINT('',(-18.31787218919,12.381662184874,20.85));
#1374 = VECTOR('',#1375,1.);
#1375 = DIRECTION('',(0.809016994375,-0.587785252292,0.));
#1376 = ORIENTED_EDGE('',*,*,#1377,.F.);
#1377 = EDGE_CURVE('',#1378,#1370,#1380,.T.);
#1378 = VERTEX_POINT('',#1379);
#1379 = CARTESIAN_POINT('',(-18.31787218919,12.381662184874,19.85));
#1380 = LINE('',#1381,#1382);
#1381 = CARTESIAN_POINT('',(-18.31787218919,12.381662184874,18.25));
#1382 = VECTOR('',#1383,1.);
#1383 = DIRECTION('',(0.,0.,1.));
#1384 = ORIENTED_EDGE('',*,*,#1385,.F.);
#1385 = EDGE_CURVE('',#1386,#1378,#1388,.T.);
#1386 = VERTEX_POINT('',#1387);
#1387 = CARTESIAN_POINT('',(-18.31787218919,12.381662184874,10.15));
#1388 = LINE('',#1389,#1390);
#1389 = CARTESIAN_POINT('',(-18.31787218919,12.381662184874,20.25));
#1390 = VECTOR('',#1391,1.);
#1391 = DIRECTION('',(0.,0.,1.));
#1392 = ORIENTED_EDGE('',*,*,#1393,.F.);
#1393 = EDGE_CURVE('',#1354,#1386,#1394,.T.);
#1394 = LINE('',#1395,#1396);
#1395 = CARTESIAN_POINT('',(-7.553721460735,4.561048902791,10.15));
#1396 = VECTOR('',#1397,1.);
#1397 = DIRECTION('',(-0.809016994375,0.587785252292,0.));
#1398 = PLANE('',#1399);
#1399 = AXIS2_PLACEMENT_3D('',#1400,#1401,#1402);
#1400 = CARTESIAN_POINT('',(-16.64563324953,11.166709478228,15.5));
#1401 = DIRECTION('',(-0.587785252292,-0.809016994375,-0.));
#1402 = DIRECTION('',(-0.809016994375,0.587785252292,0.));
#1403 = ADVANCED_FACE('',(#1404),#1424,.T.);
#1404 = FACE_BOUND('',#1405,.T.);
#1405 = EDGE_LOOP('',(#1406,#1407,#1408,#1417));
#1406 = ORIENTED_EDGE('',*,*,#623,.T.);
#1407 = ORIENTED_EDGE('',*,*,#1127,.T.);
#1408 = ORIENTED_EDGE('',*,*,#1409,.F.);
#1409 = EDGE_CURVE('',#1410,#1128,#1412,.T.);
#1410 = VERTEX_POINT('',#1411);
#1411 = CARTESIAN_POINT('',(-14.87054155723,-9.41419108552,10.15));
#1412 = CIRCLE('',#1413,0.4);
#1413 = AXIS2_PLACEMENT_3D('',#1414,#1415,#1416);
#1414 = CARTESIAN_POINT('',(-15.2085084108,-9.628149973827,10.15));
#1415 = DIRECTION('',(0.,0.,-1.));
#1416 = DIRECTION('',(0.844917133934,0.534897220768,0.));
#1417 = ORIENTED_EDGE('',*,*,#1418,.T.);
#1418 = EDGE_CURVE('',#1410,#624,#1419,.T.);
#1419 = B_SPLINE_CURVE_WITH_KNOTS('',3,(#1420,#1421,#1422,#1423),
  .UNSPECIFIED.,.F.,.F.,(4,4),(0.502748270812,0.544640838567),
  .PIECEWISE_BEZIER_KNOTS.);
#1420 = CARTESIAN_POINT('',(-14.87054155723,-9.41419108552,10.15));
#1421 = CARTESIAN_POINT('',(-14.87054155723,-9.41419108552,
    10.010358107485));
#1422 = CARTESIAN_POINT('',(-14.85085258364,-9.445797166568,
    9.870612425384));
#1423 = CARTESIAN_POINT('',(-14.81404624736,-9.50308686687,9.74970771107
    ));
#1424 = B_SPLINE_SURFACE_WITH_KNOTS('',3,3,(
    (#1425,#1426,#1427,#1428,#1429)
    ,(#1430,#1431,#1432,#1433,#1434)
    ,(#1435,#1436,#1437,#1438,#1439)
    ,(#1440,#1441,#1442,#1443,#1444)
    ,(#1445,#1446,#1447,#1448,#1449
  )),.UNSPECIFIED.,.F.,.F.,.F.,(4,1,4),(4,1,4),(0.,0.5,1.),(
    0.502748270812,0.556623823749,0.628457894331),.UNSPECIFIED.);
#1425 = CARTESIAN_POINT('',(-14.97339430988,-9.951756771577,10.15));
#1426 = CARTESIAN_POINT('',(-14.97339430988,-9.951756771577,
    10.060207411773));
#1427 = CARTESIAN_POINT('',(-14.93876897283,-10.01720088887,
    9.850491105253));
#1428 = CARTESIAN_POINT('',(-14.8318693017,-10.19540152975,9.75));
#1429 = CARTESIAN_POINT('',(-14.76527757175,-10.29497830153,9.75));
#1430 = CARTESIAN_POINT('',(-14.89212240997,-9.892709279956,10.15));
#1431 = CARTESIAN_POINT('',(-14.89212240997,-9.892709279956,
    10.058921056203));
#1432 = CARTESIAN_POINT('',(-14.85437269852,-9.960077010899,
    9.846462719632));
#1433 = CARTESIAN_POINT('',(-14.7453435239,-10.13708033175,
    9.749376886319));
#1434 = CARTESIAN_POINT('',(-14.67937666888,-10.2350845456,9.75));
#1435 = CARTESIAN_POINT('',(-14.77683543456,-9.710742213259,10.15));
#1436 = CARTESIAN_POINT('',(-14.77683543456,-9.710742213259,
    10.03797647948));
#1437 = CARTESIAN_POINT('',(-14.72653800806,-9.79070477252,
    9.777470293857));
#1438 = CARTESIAN_POINT('',(-14.58874644267,-9.999190644768,
    9.662160341592));
#1439 = CARTESIAN_POINT('',(-14.50827947616,-10.11578831985,
    9.663300288333));
#1440 = CARTESIAN_POINT('',(-14.81680706995,-9.499069427044,10.15));
#1441 = CARTESIAN_POINT('',(-14.81680706995,-9.499069427044,
    9.993046682175));
#1442 = CARTESIAN_POINT('',(-14.74876417187,-9.60646836246,
    9.626742190362));
#1443 = CARTESIAN_POINT('',(-14.55311810276,-9.899913952581,
    9.454328026108));
#1444 = CARTESIAN_POINT('',(-14.43716029238,-10.06620100594,
    9.45471975512));
#1445 = CARTESIAN_POINT('',(-14.87054155723,-9.41419108552,10.15));
#1446 = CARTESIAN_POINT('',(-14.87054155723,-9.41419108552,
    9.970414823545));
#1447 = CARTESIAN_POINT('',(-14.79455979165,-9.536162189349,
    9.550982210506));
#1448 = CARTESIAN_POINT('',(-14.57106713079,-9.874148960767,9.35));
#1449 = CARTESIAN_POINT('',(-14.43716029238,-10.06620100594,9.35));
#1450 = ADVANCED_FACE('',(#1451),#1495,.T.);
#1451 = FACE_BOUND('',#1452,.T.);
#1452 = EDGE_LOOP('',(#1453,#1454,#1462,#1469,#1470,#1479,#1487,#1494));
#1453 = ORIENTED_EDGE('',*,*,#1418,.F.);
#1454 = ORIENTED_EDGE('',*,*,#1455,.F.);
#1455 = EDGE_CURVE('',#1456,#1410,#1458,.T.);
#1456 = VERTEX_POINT('',#1457);
#1457 = CARTESIAN_POINT('',(-14.87054155723,-9.41419108552,19.85));
#1458 = LINE('',#1459,#1460);
#1459 = CARTESIAN_POINT('',(-14.87054155723,-9.41419108552,18.75));
#1460 = VECTOR('',#1461,1.);
#1461 = DIRECTION('',(0.,0.,-1.));
#1462 = ORIENTED_EDGE('',*,*,#1463,.F.);
#1463 = EDGE_CURVE('',#1252,#1456,#1464,.T.);
#1464 = B_SPLINE_CURVE_WITH_KNOTS('',3,(#1465,#1466,#1467,#1468),
  .UNSPECIFIED.,.F.,.F.,(4,4),(0.460863902706,0.502748270812),
  .PIECEWISE_BEZIER_KNOTS.);
#1465 = CARTESIAN_POINT('',(-14.81347106897,-9.503962090477,
    20.24922178559));
#1466 = CARTESIAN_POINT('',(-14.85025126398,-9.446689993909,
    20.128281243749));
#1467 = CARTESIAN_POINT('',(-14.87054155723,-9.41419108552,
    19.989614560352));
#1468 = CARTESIAN_POINT('',(-14.87054155723,-9.41419108552,19.85));
#1469 = ORIENTED_EDGE('',*,*,#1266,.F.);
#1470 = ORIENTED_EDGE('',*,*,#1471,.F.);
#1471 = EDGE_CURVE('',#1472,#1267,#1474,.T.);
#1472 = VERTEX_POINT('',#1473);
#1473 = CARTESIAN_POINT('',(-14.87054155722,9.414191085525,19.85));
#1474 = B_SPLINE_CURVE_WITH_KNOTS('',3,(#1475,#1476,#1477,#1478),
  .UNSPECIFIED.,.F.,.F.,(4,4),(1.005499568533,1.047392125438),
  .PIECEWISE_BEZIER_KNOTS.);
#1475 = CARTESIAN_POINT('',(-14.87054155722,9.414191085525,19.85));
#1476 = CARTESIAN_POINT('',(-14.87054155722,9.414191085525,
    19.989641856352));
#1477 = CARTESIAN_POINT('',(-14.85085213904,9.445797831975,
    20.129386947944));
#1478 = CARTESIAN_POINT('',(-14.81404575662,9.503087603105,
    20.250291228998));
#1479 = ORIENTED_EDGE('',*,*,#1480,.F.);
#1480 = EDGE_CURVE('',#1481,#1472,#1483,.T.);
#1481 = VERTEX_POINT('',#1482);
#1482 = CARTESIAN_POINT('',(-14.87054155722,9.414191085525,10.15));
#1483 = LINE('',#1484,#1485);
#1484 = CARTESIAN_POINT('',(-14.87054155722,9.414191085525,18.75));
#1485 = VECTOR('',#1486,1.);
#1486 = DIRECTION('',(0.,0.,1.));
#1487 = ORIENTED_EDGE('',*,*,#1488,.F.);
#1488 = EDGE_CURVE('',#639,#1481,#1489,.T.);
#1489 = B_SPLINE_CURVE_WITH_KNOTS('',3,(#1490,#1491,#1492,#1493),
  .UNSPECIFIED.,.F.,.F.,(4,4),(0.460865541484,0.502749784266),
  .PIECEWISE_BEZIER_KNOTS.);
#1490 = CARTESIAN_POINT('',(-14.81347090963,9.503962350201,
    9.750778383636));
#1491 = CARTESIAN_POINT('',(-14.85025102299,9.446690363357,
    9.871719030413));
#1492 = CARTESIAN_POINT('',(-14.87054155722,9.414191085525,
    10.010385857391));
#1493 = CARTESIAN_POINT('',(-14.87054155722,9.414191085525,10.15));
#1494 = ORIENTED_EDGE('',*,*,#638,.F.);
#1495 = CYLINDRICAL_SURFACE('',#1496,17.6);
#1496 = AXIS2_PLACEMENT_3D('',#1497,#1498,#1499);
#1497 = CARTESIAN_POINT('',(4.440892098501E-15,-4.815648849472E-16,18.75
    ));
#1498 = DIRECTION('',(0.,0.,-1.));
#1499 = DIRECTION('',(-1.,0.,0.));
#1500 = ADVANCED_FACE('',(#1501),#1543,.T.);
#1501 = FACE_BOUND('',#1502,.T.);
#1502 = EDGE_LOOP('',(#1503,#1510,#1541,#1542));
#1503 = ORIENTED_EDGE('',*,*,#1504,.T.);
#1504 = EDGE_CURVE('',#1481,#1354,#1505,.T.);
#1505 = CIRCLE('',#1506,0.4);
#1506 = AXIS2_PLACEMENT_3D('',#1507,#1508,#1509);
#1507 = CARTESIAN_POINT('',(-15.2085084108,9.628149973832,10.15));
#1508 = DIRECTION('',(5.950709294726E-15,9.399667911805E-15,1.));
#1509 = DIRECTION('',(0.844917133933,-0.534897220768,2.366582715663E-30)
  );
#1510 = ORIENTED_EDGE('',*,*,#1511,.T.);
#1511 = EDGE_CURVE('',#1354,#648,#1512,.T.);
#1512 = B_SPLINE_CURVE_WITH_KNOTS('',3,(#1513,#1514,#1515,#1516,#1517,
    #1518,#1519,#1520,#1521,#1522,#1523,#1524,#1525,#1526,#1527,#1528,
    #1529,#1530,#1531,#1532,#1533,#1534,#1535,#1536,#1537,#1538,#1539,
    #1540),.UNSPECIFIED.,.F.,.F.,(4,3,3,3,3,3,3,3,3,4),(-0.502749784266,
    -0.48430343503,-0.470824956345,-0.451297295426,-0.439783718907,
    -0.430932776674,-0.413839884142,-0.395439814677,-0.38308698532,
    -0.377039745212),.UNSPECIFIED.);
#1513 = CARTESIAN_POINT('',(-14.97339430988,9.951756771582,10.15));
#1514 = CARTESIAN_POINT('',(-14.97339430988,9.951756771582,
    10.119256084606));
#1515 = CARTESIAN_POINT('',(-14.97154445595,9.955104076947,
    10.088569026579));
#1516 = CARTESIAN_POINT('',(-14.96801467559,9.96146158986,
    10.058712407749));
#1517 = CARTESIAN_POINT('',(-14.9654355165,9.966106931937,
    10.036896611282));
#1518 = CARTESIAN_POINT('',(-14.96195998624,9.972358254769,
    10.01552457686));
#1519 = CARTESIAN_POINT('',(-14.95766319497,9.980069474022,
    9.994893779117));
#1520 = CARTESIAN_POINT('',(-14.95143799072,9.991241511934,
    9.965003816589));
#1521 = CARTESIAN_POINT('',(-14.9434689336,10.005490267534,
    9.936601794652));
#1522 = CARTESIAN_POINT('',(-14.93383911149,10.022383082112,
    9.910499592048));
#1523 = CARTESIAN_POINT('',(-14.92816133503,10.032343144102,
    9.895109642979));
#1524 = CARTESIAN_POINT('',(-14.92190578667,10.043223046849,
    9.880519612464));
#1525 = CARTESIAN_POINT('',(-14.91508606611,10.054938564745,
    9.866902507684));
#1526 = CARTESIAN_POINT('',(-14.90984347684,10.063944747313,
    9.856434499972));
#1527 = CARTESIAN_POINT('',(-14.90426708401,10.073437324485,
    9.846548293263));
#1528 = CARTESIAN_POINT('',(-14.89837474482,10.083370224067,
    9.837330788352));
#1529 = CARTESIAN_POINT('',(-14.88699549075,10.102552586873,
    9.819529991929));
#1530 = CARTESIAN_POINT('',(-14.87443704996,10.123377928734,
    9.804226584381));
#1531 = CARTESIAN_POINT('',(-14.86103957296,10.145205613508,
    9.791652088194));
#1532 = CARTESIAN_POINT('',(-14.8466175255,10.168702567892,9.7781159589)
  );
#1533 = CARTESIAN_POINT('',(-14.83121037912,10.19338345367,
    9.767717310909));
#1534 = CARTESIAN_POINT('',(-14.81514202229,10.218572297206,
    9.760688037815));
#1535 = CARTESIAN_POINT('',(-14.80435458095,10.235482748903,
    9.755968957205));
#1536 = CARTESIAN_POINT('',(-14.79326683218,10.252625565534,
    9.752769425951));
#1537 = CARTESIAN_POINT('',(-14.78198077012,10.269787925677,
    9.751175546915));
#1538 = CARTESIAN_POINT('',(-14.77645575839,10.278189637511,
    9.750395274724));
#1539 = CARTESIAN_POINT('',(-14.77088348794,10.286595593381,9.75));
#1540 = CARTESIAN_POINT('',(-14.76527757175,10.294978301539,9.75));
#1541 = ORIENTED_EDGE('',*,*,#647,.T.);
#1542 = ORIENTED_EDGE('',*,*,#1488,.T.);
#1543 = B_SPLINE_SURFACE_WITH_KNOTS('',3,3,(
    (#1544,#1545,#1546,#1547,#1548)
    ,(#1549,#1550,#1551,#1552,#1553)
    ,(#1554,#1555,#1556,#1557,#1558)
    ,(#1559,#1560,#1561,#1562,#1563)
    ,(#1564,#1565,#1566,#1567,#1568
  )),.UNSPECIFIED.,.F.,.F.,.F.,(4,1,4),(4,1,4),(0.,0.5,1.),(
    0.377039745212,0.430915476236,0.502749784266),.UNSPECIFIED.);
#1544 = CARTESIAN_POINT('',(-14.76527757175,10.294978301539,9.75));
#1545 = CARTESIAN_POINT('',(-14.81522148465,10.220295550086,9.75));
#1546 = CARTESIAN_POINT('',(-14.92570670087,10.0414613098,9.823197598608
    ));
#1547 = CARTESIAN_POINT('',(-14.97339430988,9.951756771582,
    10.030276153282));
#1548 = CARTESIAN_POINT('',(-14.97339430988,9.951756771582,10.15));
#1549 = CARTESIAN_POINT('',(-14.67937666888,10.235084545611,9.75));
#1550 = CARTESIAN_POINT('',(-14.7288519245,10.161581215335,
    9.749532663659));
#1551 = CARTESIAN_POINT('',(-14.84038290314,9.984748656087,
    9.819358495689));
#1552 = CARTESIAN_POINT('',(-14.89212240996,9.89270927996,
    10.028561006853));
#1553 = CARTESIAN_POINT('',(-14.89212240996,9.89270927996,10.15));
#1554 = CARTESIAN_POINT('',(-14.50827947616,10.115788319858,
    9.663300288333));
#1555 = CARTESIAN_POINT('',(-14.56862984053,10.028339861422,
    9.662445326301));
#1556 = CARTESIAN_POINT('',(-14.70821733676,9.819585489651,
    9.745044280341));
#1557 = CARTESIAN_POINT('',(-14.77683543456,9.710742213264,
    10.000634812246));
#1558 = CARTESIAN_POINT('',(-14.77683543456,9.710742213264,10.15));
#1559 = CARTESIAN_POINT('',(-14.43716029237,10.066201005949,
    9.45471975512));
#1560 = CARTESIAN_POINT('',(-14.52412885117,9.941485427667,
    9.454425957682));
#1561 = CARTESIAN_POINT('',(-14.72345971482,9.646146417151,
    9.579492992124));
#1562 = CARTESIAN_POINT('',(-14.81680706994,9.499069427049,
    9.940728217817));
#1563 = CARTESIAN_POINT('',(-14.81680706994,9.499069427049,10.15));
#1564 = CARTESIAN_POINT('',(-14.43716029237,10.066201005949,9.35));
#1565 = CARTESIAN_POINT('',(-14.53759065331,9.922161639144,9.35));
#1566 = CARTESIAN_POINT('',(-14.76609502649,9.581482729082,
    9.496395197216));
#1567 = CARTESIAN_POINT('',(-14.87054155722,9.414191085525,
    9.910552306564));
#1568 = CARTESIAN_POINT('',(-14.87054155722,9.414191085525,10.15));
#1569 = ADVANCED_FACE('',(#1570),#1582,.T.);
#1570 = FACE_BOUND('',#1571,.T.);
#1571 = EDGE_LOOP('',(#1572,#1573,#1574,#1581));
#1572 = ORIENTED_EDGE('',*,*,#1511,.F.);
#1573 = ORIENTED_EDGE('',*,*,#1393,.T.);
#1574 = ORIENTED_EDGE('',*,*,#1575,.F.);
#1575 = EDGE_CURVE('',#663,#1386,#1576,.T.);
#1576 = CIRCLE('',#1577,0.4);
#1577 = AXIS2_PLACEMENT_3D('',#1578,#1579,#1580);
#1578 = CARTESIAN_POINT('',(-18.08275808827,12.705268982624,10.15));
#1579 = DIRECTION('',(-0.809016994375,0.587785252292,0.));
#1580 = DIRECTION('',(-0.587785252292,-0.809016994375,0.));
#1581 = ORIENTED_EDGE('',*,*,#662,.T.);
#1582 = CYLINDRICAL_SURFACE('',#1583,0.4);
#1583 = AXIS2_PLACEMENT_3D('',#1584,#1585,#1586);
#1584 = CARTESIAN_POINT('',(-7.318607359818,4.884655700541,10.15));
#1585 = DIRECTION('',(0.809016994375,-0.587785252292,0.));
#1586 = DIRECTION('',(-0.415626937777,-0.572061402818,-0.707106781187));
#1587 = ADVANCED_FACE('',(#1588),#1616,.T.);
#1588 = FACE_BOUND('',#1589,.T.);
#1589 = EDGE_LOOP('',(#1590,#1599,#1608,#1615));
#1590 = ORIENTED_EDGE('',*,*,#1591,.F.);
#1591 = EDGE_CURVE('',#1592,#663,#1594,.T.);
#1592 = VERTEX_POINT('',#1593);
#1593 = CARTESIAN_POINT('',(-18.41004782743,12.935228602219,10.15));
#1594 = CIRCLE('',#1595,0.4);
#1595 = AXIS2_PLACEMENT_3D('',#1596,#1597,#1598);
#1596 = CARTESIAN_POINT('',(-18.08275808827,12.705268982624,10.15));
#1597 = DIRECTION('',(-0.574899048988,-0.818224347886,-0.));
#1598 = DIRECTION('',(0.,0.,-1.));
#1599 = ORIENTED_EDGE('',*,*,#1600,.T.);
#1600 = EDGE_CURVE('',#1592,#1601,#1603,.T.);
#1601 = VERTEX_POINT('',#1602);
#1602 = CARTESIAN_POINT('',(-17.99115109783,13.511790487375,10.15));
#1603 = CIRCLE('',#1604,22.5);
#1604 = AXIS2_PLACEMENT_3D('',#1605,#1606,#1607);
#1605 = CARTESIAN_POINT('',(-3.309700440479E-15,2.999885058337E-15,10.15
    ));
#1606 = DIRECTION('',(0.,0.,-1.));
#1607 = DIRECTION('',(-0.809016994375,0.587785252292,0.));
#1608 = ORIENTED_EDGE('',*,*,#1609,.F.);
#1609 = EDGE_CURVE('',#671,#1601,#1610,.T.);
#1610 = CIRCLE('',#1611,0.4);
#1611 = AXIS2_PLACEMENT_3D('',#1612,#1613,#1614);
#1612 = CARTESIAN_POINT('',(-17.67130841165,13.27158087871,10.15));
#1613 = DIRECTION('',(0.600524021661,0.79960671546,7.772286909184E-15));
#1614 = DIRECTION('',(-0.79960671546,0.600524021661,0.));
#1615 = ORIENTED_EDGE('',*,*,#670,.T.);
#1616 = TOROIDAL_SURFACE('',#1617,22.1,0.4);
#1617 = AXIS2_PLACEMENT_3D('',#1618,#1619,#1620);
#1618 = CARTESIAN_POINT('',(-3.309700440479E-15,2.999885058337E-15,10.15
    ));
#1619 = DIRECTION('',(0.,0.,1.));
#1620 = DIRECTION('',(1.,0.,0.));
#1621 = ADVANCED_FACE('',(#1622),#1673,.T.);
#1622 = FACE_BOUND('',#1623,.T.);
#1623 = EDGE_LOOP('',(#1624,#1657,#1658,#1667));
#1624 = ORIENTED_EDGE('',*,*,#1625,.F.);
#1625 = EDGE_CURVE('',#680,#1626,#1628,.T.);
#1626 = VERTEX_POINT('',#1627);
#1627 = CARTESIAN_POINT('',(-14.09171643142,11.165282263171,10.15));
#1628 = B_SPLINE_CURVE_WITH_KNOTS('',3,(#1629,#1630,#1631,#1632,#1633,
    #1634,#1635,#1636,#1637,#1638,#1639,#1640,#1641,#1642,#1643,#1644,
    #1645,#1646,#1647,#1648,#1649,#1650,#1651,#1652,#1653,#1654,#1655,
    #1656),.UNSPECIFIED.,.F.,.F.,(4,3,3,3,3,3,3,3,3,4),(-0.628459389193,
    -0.615517683302,-0.596720859143,-0.577087920083,-0.565944303028,
    -0.556641439105,-0.538471566984,-0.534553149212,-0.513712340056,
    -0.502749865484),.UNSPECIFIED.);
#1629 = CARTESIAN_POINT('',(-14.35382789512,10.861290197628,9.75));
#1630 = CARTESIAN_POINT('',(-14.34047343628,10.878243957146,9.75));
#1631 = CARTESIAN_POINT('',(-14.32697104779,10.895079221633,
    9.751867146274));
#1632 = CARTESIAN_POINT('',(-14.31354105952,10.911579623156,
    9.755473430697));
#1633 = CARTESIAN_POINT('',(-14.29403504307,10.935545176738,
    9.760711279149));
#1634 = CARTESIAN_POINT('',(-14.27468498051,10.958801768243,
    9.769608604827));
#1635 = CARTESIAN_POINT('',(-14.25604109426,10.98084614741,
    9.781757258586));
#1636 = CARTESIAN_POINT('',(-14.23656789606,11.00387109828,
    9.794446305251));
#1637 = CARTESIAN_POINT('',(-14.21784612171,11.025595878592,
    9.810692219794));
#1638 = CARTESIAN_POINT('',(-14.20048681088,11.045445009239,
    9.830092354514));
#1639 = CARTESIAN_POINT('',(-14.19063370068,11.056711336208,
    9.84110383229));
#1640 = CARTESIAN_POINT('',(-14.1812198151,11.067372999215,9.85313222922
    ));
#1641 = CARTESIAN_POINT('',(-14.17236075047,11.077320173013,
    9.866108623209));
#1642 = CARTESIAN_POINT('',(-14.16496506626,11.085624227594,
    9.876941517672));
#1643 = CARTESIAN_POINT('',(-14.15796095339,11.093421989738,
    9.888426561182));
#1644 = CARTESIAN_POINT('',(-14.15142457746,11.100647805148,
    9.900510730187));
#1645 = CARTESIAN_POINT('',(-14.13865806645,11.114760893661,
    9.924112903381));
#1646 = CARTESIAN_POINT('',(-14.12767800148,11.126689891961,
    9.950001588757));
#1647 = CARTESIAN_POINT('',(-14.11876551885,11.136303080504,
    9.977336686409));
#1648 = CARTESIAN_POINT('',(-14.11684350036,11.138376209505,
    9.983231627866));
#1649 = CARTESIAN_POINT('',(-14.11501751306,11.140341769916,
    9.989193777666));
#1650 = CARTESIAN_POINT('',(-14.11329015855,11.142198666885,
    9.995214644508));
#1651 = CARTESIAN_POINT('',(-14.10410291312,11.152074907148,
    10.027237706903));
#1652 = CARTESIAN_POINT('',(-14.09769633377,11.158915918946,
    10.060998687617));
#1653 = CARTESIAN_POINT('',(-14.0943669991,11.162462806568,
    10.095383171457));
#1654 = CARTESIAN_POINT('',(-14.09261573568,11.16432850502,
    10.113469754706));
#1655 = CARTESIAN_POINT('',(-14.09171643142,11.165282263171,
    10.131729209046));
#1656 = CARTESIAN_POINT('',(-14.09171643142,11.165282263171,10.15));
#1657 = ORIENTED_EDGE('',*,*,#679,.T.);
#1658 = ORIENTED_EDGE('',*,*,#1659,.F.);
#1659 = EDGE_CURVE('',#1660,#671,#1662,.T.);
#1660 = VERTEX_POINT('',#1661);
#1661 = CARTESIAN_POINT('',(-17.43619431073,13.595187676461,10.15));
#1662 = CIRCLE('',#1663,0.4);
#1663 = AXIS2_PLACEMENT_3D('',#1664,#1665,#1666);
#1664 = CARTESIAN_POINT('',(-17.67130841165,13.27158087871,10.15));
#1665 = DIRECTION('',(-0.809016994376,0.587785252292,0.));
#1666 = DIRECTION('',(0.,0.,-1.));
#1667 = ORIENTED_EDGE('',*,*,#1668,.T.);
#1668 = EDGE_CURVE('',#1660,#1626,#1669,.T.);
#1669 = LINE('',#1670,#1671);
#1670 = CARTESIAN_POINT('',(-8.655544485944,7.215672155238,10.15));
#1671 = VECTOR('',#1672,1.);
#1672 = DIRECTION('',(0.809016994376,-0.587785252292,0.));
#1673 = CYLINDRICAL_SURFACE('',#1674,0.4);
#1674 = AXIS2_PLACEMENT_3D('',#1675,#1676,#1677);
#1675 = CARTESIAN_POINT('',(-8.890658586861,6.892065357488,10.15));
#1676 = DIRECTION('',(-0.809016994376,0.587785252292,0.));
#1677 = DIRECTION('',(0.415626937777,0.572061402818,-0.707106781187));
#1678 = ADVANCED_FACE('',(#1679),#1715,.T.);
#1679 = FACE_BOUND('',#1680,.F.);
#1680 = EDGE_LOOP('',(#1681,#1692,#1700,#1709));
#1681 = ORIENTED_EDGE('',*,*,#1682,.F.);
#1682 = EDGE_CURVE('',#1683,#1685,#1687,.T.);
#1683 = VERTEX_POINT('',#1684);
#1684 = CARTESIAN_POINT('',(4.880224180776,17.44683660207,20.25));
#1685 = VERTEX_POINT('',#1686);
#1686 = CARTESIAN_POINT('',(-14.20317755245,11.24626350782,20.25));
#1687 = CIRCLE('',#1688,18.116531);
#1688 = AXIS2_PLACEMENT_3D('',#1689,#1690,#1691);
#1689 = CARTESIAN_POINT('',(0.,0.,20.25));
#1690 = DIRECTION('',(0.,0.,1.));
#1691 = DIRECTION('',(1.,0.,0.));
#1692 = ORIENTED_EDGE('',*,*,#1693,.F.);
#1693 = EDGE_CURVE('',#1694,#1683,#1696,.T.);
#1694 = VERTEX_POINT('',#1695);
#1695 = CARTESIAN_POINT('',(4.880224180776,17.44683660207,20.85));
#1696 = LINE('',#1697,#1698);
#1697 = CARTESIAN_POINT('',(4.880224180776,17.44683660207,20.25));
#1698 = VECTOR('',#1699,1.);
#1699 = DIRECTION('',(-0.,-0.,-1.));
#1700 = ORIENTED_EDGE('',*,*,#1701,.F.);
#1701 = EDGE_CURVE('',#1702,#1694,#1704,.T.);
#1702 = VERTEX_POINT('',#1703);
#1703 = CARTESIAN_POINT('',(-14.20317755245,11.24626350782,20.85));
#1704 = CIRCLE('',#1705,18.116531);
#1705 = AXIS2_PLACEMENT_3D('',#1706,#1707,#1708);
#1706 = CARTESIAN_POINT('',(0.,0.,20.85));
#1707 = DIRECTION('',(0.,0.,-1.));
#1708 = DIRECTION('',(1.,0.,0.));
#1709 = ORIENTED_EDGE('',*,*,#1710,.T.);
#1710 = EDGE_CURVE('',#1702,#1685,#1711,.T.);
#1711 = LINE('',#1712,#1713);
#1712 = CARTESIAN_POINT('',(-14.20317755245,11.24626350782,20.25));
#1713 = VECTOR('',#1714,1.);
#1714 = DIRECTION('',(-0.,-0.,-1.));
#1715 = CYLINDRICAL_SURFACE('',#1716,18.116531);
#1716 = AXIS2_PLACEMENT_3D('',#1717,#1718,#1719);
#1717 = CARTESIAN_POINT('',(0.,0.,20.25));
#1718 = DIRECTION('',(-0.,-0.,-1.));
#1719 = DIRECTION('',(1.,0.,0.));
#1720 = ADVANCED_FACE('',(#1721),#1793,.F.);
#1721 = FACE_BOUND('',#1722,.F.);
#1722 = EDGE_LOOP('',(#1723,#1731,#1732,#1740,#1748,#1763,#1772,#1787));
#1723 = ORIENTED_EDGE('',*,*,#1724,.T.);
#1724 = EDGE_CURVE('',#1725,#1683,#1727,.T.);
#1725 = VERTEX_POINT('',#1726);
#1726 = CARTESIAN_POINT('',(4.837649820966,17.315806195777,20.25));
#1727 = LINE('',#1728,#1729);
#1728 = CARTESIAN_POINT('',(2.381547935686,9.756701857819,20.25));
#1729 = VECTOR('',#1730,1.);
#1730 = DIRECTION('',(0.309016994375,0.951056516295,0.));
#1731 = ORIENTED_EDGE('',*,*,#1682,.T.);
#1732 = ORIENTED_EDGE('',*,*,#1733,.T.);
#1733 = EDGE_CURVE('',#1685,#1734,#1736,.T.);
#1734 = VERTEX_POINT('',#1735);
#1735 = CARTESIAN_POINT('',(-14.09171643142,11.165282263171,20.25));
#1736 = LINE('',#1737,#1738);
#1737 = CARTESIAN_POINT('',(-7.661558215921,6.493498857814,20.25));
#1738 = VECTOR('',#1739,1.);
#1739 = DIRECTION('',(0.809016994376,-0.587785252292,0.));
#1740 = ORIENTED_EDGE('',*,*,#1741,.F.);
#1741 = EDGE_CURVE('',#1742,#1734,#1744,.T.);
#1742 = VERTEX_POINT('',#1743);
#1743 = CARTESIAN_POINT('',(-14.30799245016,10.867603861149,20.25));
#1744 = LINE('',#1745,#1746);
#1745 = CARTESIAN_POINT('',(-14.75297484026,10.255138144482,20.25));
#1746 = VECTOR('',#1747,1.);
#1747 = DIRECTION('',(0.587785252293,0.809016994375,0.));
#1748 = ORIENTED_EDGE('',*,*,#1749,.T.);
#1749 = EDGE_CURVE('',#1742,#1750,#1752,.T.);
#1750 = VERTEX_POINT('',#1751);
#1751 = CARTESIAN_POINT('',(-13.61545042001,11.15255620296,
    20.249999999448));
#1752 = B_SPLINE_CURVE_WITH_KNOTS('',3,(#1753,#1754,#1755,#1756,#1757,
    #1758,#1759,#1760,#1761,#1762),.UNSPECIFIED.,.F.,.F.,(4,2,2,2,4),(
    -3.953205628626E-04,0.,3.320697582784E-02,5.771936651191E-02,
    7.985344204382E-02),.UNSPECIFIED.);
#1753 = CARTESIAN_POINT('',(-14.35382789512,10.861290197628,20.25));
#1754 = CARTESIAN_POINT('',(-14.35252265542,10.861471237436,20.25));
#1755 = CARTESIAN_POINT('',(-14.35121740851,10.861652075701,20.25));
#1756 = CARTESIAN_POINT('',(-14.24026747439,10.877008729503,20.25));
#1757 = CARTESIAN_POINT('',(-14.13117209136,10.890851999162,20.25));
#1758 = CARTESIAN_POINT('',(-13.94724691651,10.937340129849,20.25));
#1759 = CARTESIAN_POINT('',(-13.86162800958,10.966388911224,20.25));
#1760 = CARTESIAN_POINT('',(-13.70783436055,11.056459203536,20.25));
#1761 = CARTESIAN_POINT('',(-13.65446402649,11.104926958588,20.25));
#1762 = CARTESIAN_POINT('',(-13.6154504204,11.152556202477,20.25));
#1763 = ORIENTED_EDGE('',*,*,#1764,.F.);
#1764 = EDGE_CURVE('',#1765,#1750,#1767,.T.);
#1765 = VERTEX_POINT('',#1766);
#1766 = CARTESIAN_POINT('',(4.459822715001,17.025568458961,
    20.249999999996));
#1767 = CIRCLE('',#1768,17.6);
#1768 = AXIS2_PLACEMENT_3D('',#1769,#1770,#1771);
#1769 = CARTESIAN_POINT('',(4.440892098501E-15,-4.815648849472E-16,20.25
    ));
#1770 = DIRECTION('',(0.,0.,1.));
#1771 = DIRECTION('',(-1.,0.,0.));
#1772 = ORIENTED_EDGE('',*,*,#1773,.T.);
#1773 = EDGE_CURVE('',#1765,#1774,#1776,.T.);
#1774 = VERTEX_POINT('',#1775);
#1775 = CARTESIAN_POINT('',(5.187591770259,17.202103163913,20.25));
#1776 = B_SPLINE_CURVE_WITH_KNOTS('',3,(#1777,#1778,#1779,#1780,#1781,
    #1782,#1783,#1784,#1785,#1786),.UNSPECIFIED.,.F.,.F.,(4,2,2,2,4),(0.
    ,1.847036985608E-02,3.892537793054E-02,6.663584024554E-02,
    6.696572584287E-02),.UNSPECIFIED.);
#1777 = CARTESIAN_POINT('',(4.459822715006,17.02556845896,20.25));
#1778 = CARTESIAN_POINT('',(4.519381151833,17.009967213687,20.25));
#1779 = CARTESIAN_POINT('',(4.59104728963,17.002126271502,20.25));
#1780 = CARTESIAN_POINT('',(4.768410904436,17.019655507312,20.25));
#1781 = CARTESIAN_POINT('',(4.854752454605,17.046480056271,20.25));
#1782 = CARTESIAN_POINT('',(5.030876098734,17.116978857016,20.25));
#1783 = CARTESIAN_POINT('',(5.127273035052,17.169904101092,20.25));
#1784 = CARTESIAN_POINT('',(5.226059867014,17.222695060957,20.25));
#1785 = CARTESIAN_POINT('',(5.227222129732,17.223315965532,20.25));
#1786 = CARTESIAN_POINT('',(5.228384502461,17.223936701417,20.25));
#1787 = ORIENTED_EDGE('',*,*,#1788,.F.);
#1788 = EDGE_CURVE('',#1725,#1774,#1789,.T.);
#1789 = LINE('',#1790,#1791);
#1790 = CARTESIAN_POINT('',(5.194296014589,17.199924822882,20.25));
#1791 = VECTOR('',#1792,1.);
#1792 = DIRECTION('',(0.951056516295,-0.309016994376,0.));
#1793 = PLANE('',#1794);
#1794 = AXIS2_PLACEMENT_3D('',#1795,#1796,#1797);
#1795 = CARTESIAN_POINT('',(-1.243948403436E-15,2.412505994542E-15,20.25
    ));
#1796 = DIRECTION('',(0.,0.,1.));
#1797 = DIRECTION('',(1.,0.,0.));
#1798 = ADVANCED_FACE('',(#1799),#1840,.T.);
#1799 = FACE_BOUND('',#1800,.T.);
#1800 = EDGE_LOOP('',(#1801,#1809,#1817,#1823,#1824,#1825,#1833,#1839));
#1801 = ORIENTED_EDGE('',*,*,#1802,.F.);
#1802 = EDGE_CURVE('',#1803,#1660,#1805,.T.);
#1803 = VERTEX_POINT('',#1804);
#1804 = CARTESIAN_POINT('',(-17.43619431073,13.595187676461,19.85));
#1805 = LINE('',#1806,#1807);
#1806 = CARTESIAN_POINT('',(-17.43619431073,13.595187676461,20.25));
#1807 = VECTOR('',#1808,1.);
#1808 = DIRECTION('',(0.,0.,-1.));
#1809 = ORIENTED_EDGE('',*,*,#1810,.T.);
#1810 = EDGE_CURVE('',#1803,#1811,#1813,.T.);
#1811 = VERTEX_POINT('',#1812);
#1812 = CARTESIAN_POINT('',(-17.43619431073,13.595187676461,20.85));
#1813 = LINE('',#1814,#1815);
#1814 = CARTESIAN_POINT('',(-17.43619431073,13.595187676461,18.25));
#1815 = VECTOR('',#1816,1.);
#1816 = DIRECTION('',(0.,0.,1.));
#1817 = ORIENTED_EDGE('',*,*,#1818,.F.);
#1818 = EDGE_CURVE('',#1702,#1811,#1819,.T.);
#1819 = LINE('',#1820,#1821);
#1820 = CARTESIAN_POINT('',(-14.09171643142,11.165282263171,20.85));
#1821 = VECTOR('',#1822,1.);
#1822 = DIRECTION('',(-0.809016994376,0.587785252292,0.));
#1823 = ORIENTED_EDGE('',*,*,#1710,.T.);
#1824 = ORIENTED_EDGE('',*,*,#1733,.T.);
#1825 = ORIENTED_EDGE('',*,*,#1826,.F.);
#1826 = EDGE_CURVE('',#1827,#1734,#1829,.T.);
#1827 = VERTEX_POINT('',#1828);
#1828 = CARTESIAN_POINT('',(-14.09171643142,11.165282263171,19.85));
#1829 = LINE('',#1830,#1831);
#1830 = CARTESIAN_POINT('',(-14.09171643142,11.165282263171,18.25));
#1831 = VECTOR('',#1832,1.);
#1832 = DIRECTION('',(0.,0.,1.));
#1833 = ORIENTED_EDGE('',*,*,#1834,.F.);
#1834 = EDGE_CURVE('',#1626,#1827,#1835,.T.);
#1835 = LINE('',#1836,#1837);
#1836 = CARTESIAN_POINT('',(-14.09171643142,11.165282263171,18.75));
#1837 = VECTOR('',#1838,1.);
#1838 = DIRECTION('',(0.,0.,1.));
#1839 = ORIENTED_EDGE('',*,*,#1668,.F.);
#1840 = PLANE('',#1841);
#1841 = AXIS2_PLACEMENT_3D('',#1842,#1843,#1844);
#1842 = CARTESIAN_POINT('',(-15.76395537108,12.380234969816,15.5));
#1843 = DIRECTION('',(0.587785252292,0.809016994376,9.424187764911E-16)
  );
#1844 = DIRECTION('',(0.809016994376,-0.587785252292,0.));
#1845 = ADVANCED_FACE('',(#1846),#1896,.T.);
#1846 = FACE_BOUND('',#1847,.T.);
#1847 = EDGE_LOOP('',(#1848,#1858,#1864,#1865,#1866,#1874,#1882,#1890));
#1848 = ORIENTED_EDGE('',*,*,#1849,.F.);
#1849 = EDGE_CURVE('',#1850,#1852,#1854,.T.);
#1850 = VERTEX_POINT('',#1851);
#1851 = CARTESIAN_POINT('',(4.837649820966,17.315806195777,19.85));
#1852 = VERTEX_POINT('',#1853);
#1853 = CARTESIAN_POINT('',(4.837649820966,17.315806195777,10.15));
#1854 = LINE('',#1855,#1856);
#1855 = CARTESIAN_POINT('',(4.837649820966,17.315806195777,18.75));
#1856 = VECTOR('',#1857,1.);
#1857 = DIRECTION('',(0.,0.,-1.));
#1858 = ORIENTED_EDGE('',*,*,#1859,.T.);
#1859 = EDGE_CURVE('',#1850,#1725,#1860,.T.);
#1860 = LINE('',#1861,#1862);
#1861 = CARTESIAN_POINT('',(4.837649820966,17.315806195777,18.25));
#1862 = VECTOR('',#1863,1.);
#1863 = DIRECTION('',(0.,0.,1.));
#1864 = ORIENTED_EDGE('',*,*,#1724,.T.);
#1865 = ORIENTED_EDGE('',*,*,#1693,.F.);
#1866 = ORIENTED_EDGE('',*,*,#1867,.F.);
#1867 = EDGE_CURVE('',#1868,#1694,#1870,.T.);
#1868 = VERTEX_POINT('',#1869);
#1869 = CARTESIAN_POINT('',(6.11512669624,21.247475743931,20.85));
#1870 = LINE('',#1871,#1872);
#1871 = CARTESIAN_POINT('',(6.11512669624,21.247475743931,20.85));
#1872 = VECTOR('',#1873,1.);
#1873 = DIRECTION('',(-0.309016994375,-0.951056516295,0.));
#1874 = ORIENTED_EDGE('',*,*,#1875,.F.);
#1875 = EDGE_CURVE('',#1876,#1868,#1878,.T.);
#1876 = VERTEX_POINT('',#1877);
#1877 = CARTESIAN_POINT('',(6.11512669624,21.247475743931,19.85));
#1878 = LINE('',#1879,#1880);
#1879 = CARTESIAN_POINT('',(6.11512669624,21.247475743931,18.25));
#1880 = VECTOR('',#1881,1.);
#1881 = DIRECTION('',(0.,0.,1.));
#1882 = ORIENTED_EDGE('',*,*,#1883,.F.);
#1883 = EDGE_CURVE('',#1884,#1876,#1886,.T.);
#1884 = VERTEX_POINT('',#1885);
#1885 = CARTESIAN_POINT('',(6.11512669624,21.247475743931,10.15));
#1886 = LINE('',#1887,#1888);
#1887 = CARTESIAN_POINT('',(6.11512669624,21.247475743931,20.25));
#1888 = VECTOR('',#1889,1.);
#1889 = DIRECTION('',(0.,0.,1.));
#1890 = ORIENTED_EDGE('',*,*,#1891,.F.);
#1891 = EDGE_CURVE('',#1852,#1884,#1892,.T.);
#1892 = LINE('',#1893,#1894);
#1893 = CARTESIAN_POINT('',(2.003586977998,8.593457640648,10.15));
#1894 = VECTOR('',#1895,1.);
#1895 = DIRECTION('',(0.309016994375,0.951056516295,0.));
#1896 = PLANE('',#1897);
#1897 = AXIS2_PLACEMENT_3D('',#1898,#1899,#1900);
#1898 = CARTESIAN_POINT('',(5.476388258603,19.281640969854,15.5));
#1899 = DIRECTION('',(-0.951056516295,0.309016994375,0.));
#1900 = DIRECTION('',(-0.309016994375,-0.951056516295,0.));
#1901 = ADVANCED_FACE('',(#1902),#1922,.T.);
#1902 = FACE_BOUND('',#1903,.T.);
#1903 = EDGE_LOOP('',(#1904,#1905,#1906,#1915));
#1904 = ORIENTED_EDGE('',*,*,#687,.T.);
#1905 = ORIENTED_EDGE('',*,*,#1625,.T.);
#1906 = ORIENTED_EDGE('',*,*,#1907,.F.);
#1907 = EDGE_CURVE('',#1908,#1626,#1910,.T.);
#1908 = VERTEX_POINT('',#1909);
#1909 = CARTESIAN_POINT('',(-13.54867783427,11.233580415123,10.15));
#1910 = CIRCLE('',#1911,0.4);
#1911 = AXIS2_PLACEMENT_3D('',#1912,#1913,#1914);
#1912 = CARTESIAN_POINT('',(-13.8566023305,11.488889060921,10.15));
#1913 = DIRECTION('',(0.,0.,-1.));
#1914 = DIRECTION('',(0.769811240584,-0.638271614496,0.));
#1915 = ORIENTED_EDGE('',*,*,#1916,.T.);
#1916 = EDGE_CURVE('',#1908,#688,#1917,.T.);
#1917 = B_SPLINE_CURVE_WITH_KNOTS('',3,(#1918,#1919,#1920,#1921),
  .UNSPECIFIED.,.F.,.F.,(4,4),(0.502749865484,0.544642434563),
  .PIECEWISE_BEZIER_KNOTS.);
#1918 = CARTESIAN_POINT('',(-13.54867783427,11.233580415123,10.15));
#1919 = CARTESIAN_POINT('',(-13.54867783427,11.233580415123,
    10.010358103069));
#1920 = CARTESIAN_POINT('',(-13.57265259292,11.205088505446,
    9.87061267115));
#1921 = CARTESIAN_POINT('',(-13.61576451674,11.152380152816,
    9.749708070858));
#1922 = B_SPLINE_SURFACE_WITH_KNOTS('',3,3,(
    (#1923,#1924,#1925,#1926,#1927)
    ,(#1928,#1929,#1930,#1931,#1932)
    ,(#1933,#1934,#1935,#1936,#1937)
    ,(#1938,#1939,#1940,#1941,#1942)
    ,(#1943,#1944,#1945,#1946,#1947
  )),.UNSPECIFIED.,.F.,.F.,.F.,(4,1,4),(4,1,4),(0.,0.5,1.),(
    0.502749865484,0.556625375645,0.628459389193),.UNSPECIFIED.);
#1923 = CARTESIAN_POINT('',(-14.09171643142,11.165282263171,10.15));
#1924 = CARTESIAN_POINT('',(-14.09171643142,11.165282263171,
    10.060207483065));
#1925 = CARTESIAN_POINT('',(-14.1432572034,11.112128801093,
    9.850491834486));
#1926 = CARTESIAN_POINT('',(-14.27970286205,10.955393448091,9.75));
#1927 = CARTESIAN_POINT('',(-14.35382789512,10.861290197628,9.75));
#1928 = CARTESIAN_POINT('',(-14.0104445315,11.10623477155,10.15));
#1929 = CARTESIAN_POINT('',(-14.0104445315,11.10623477155,
    10.058921128517));
#1930 = CARTESIAN_POINT('',(-14.06284928816,11.049515431339,
    9.846463447314));
#1931 = CARTESIAN_POINT('',(-14.19749816862,10.891124786472,
    9.749376887398));
#1932 = CARTESIAN_POINT('',(-14.27032070944,10.79810177264,9.75));
#1933 = CARTESIAN_POINT('',(-13.80175807084,11.052822359571,10.15));
#1934 = CARTESIAN_POINT('',(-13.80175807084,11.052822359571,
    10.037976568423));
#1935 = CARTESIAN_POINT('',(-13.86226389384,10.980277358931,
    9.777470857344));
#1936 = CARTESIAN_POINT('',(-14.01796687949,10.784802889164,
    9.662159424717));
#1937 = CARTESIAN_POINT('',(-14.10399204905,10.672243788144,
    9.663299369485));
#1938 = CARTESIAN_POINT('',(-13.61279706432,11.156247030862,10.15));
#1939 = CARTESIAN_POINT('',(-13.61279706432,11.156247030862,
    9.993046806791));
#1940 = CARTESIAN_POINT('',(-13.69391236338,11.058347238806,
    9.626743457588));
#1941 = CARTESIAN_POINT('',(-13.91253870208,10.781595869878,
    9.454328026787));
#1942 = CARTESIAN_POINT('',(-14.0348539419,10.619928193236,9.45471975512
    ));
#1943 = CARTESIAN_POINT('',(-13.54867783427,11.233580415123,10.15));
#1944 = CARTESIAN_POINT('',(-13.54867783427,11.233580415123,
    9.97041496613));
#1945 = CARTESIAN_POINT('',(-13.64119873061,11.123627399117,
    9.550983668971));
#1946 = CARTESIAN_POINT('',(-13.89358132625,10.806628186926,9.35));
#1947 = CARTESIAN_POINT('',(-14.0348539419,10.619928193236,9.35));
#1948 = ADVANCED_FACE('',(#1949),#1993,.T.);
#1949 = FACE_BOUND('',#1950,.T.);
#1950 = EDGE_LOOP('',(#1951,#1952,#1960,#1967,#1968,#1977,#1985,#1992));
#1951 = ORIENTED_EDGE('',*,*,#1916,.F.);
#1952 = ORIENTED_EDGE('',*,*,#1953,.F.);
#1953 = EDGE_CURVE('',#1954,#1908,#1956,.T.);
#1954 = VERTEX_POINT('',#1955);
#1955 = CARTESIAN_POINT('',(-13.54867783427,11.233580415123,19.85));
#1956 = LINE('',#1957,#1958);
#1957 = CARTESIAN_POINT('',(-13.54867783427,11.233580415123,18.75));
#1958 = VECTOR('',#1959,1.);
#1959 = DIRECTION('',(0.,0.,-1.));
#1960 = ORIENTED_EDGE('',*,*,#1961,.F.);
#1961 = EDGE_CURVE('',#1750,#1954,#1962,.T.);
#1962 = B_SPLINE_CURVE_WITH_KNOTS('',3,(#1963,#1964,#1965,#1966),
  .UNSPECIFIED.,.F.,.F.,(4,4),(0.207206288571,0.249090709571),
  .PIECEWISE_BEZIER_KNOTS.);
#1963 = CARTESIAN_POINT('',(-13.6164192426,11.151562576275,
    20.24922191602));
#1964 = CARTESIAN_POINT('',(-13.57331595,11.20424066532,20.128281399021)
  );
#1965 = CARTESIAN_POINT('',(-13.54867783427,11.233580415123,
    19.989614736667));
#1966 = CARTESIAN_POINT('',(-13.54867783427,11.233580415123,19.85));
#1967 = ORIENTED_EDGE('',*,*,#1764,.F.);
#1968 = ORIENTED_EDGE('',*,*,#1969,.F.);
#1969 = EDGE_CURVE('',#1970,#1765,#1972,.T.);
#1970 = VERTEX_POINT('',#1971);
#1971 = CARTESIAN_POINT('',(4.358177720794,17.051870482559,19.85));
#1972 = B_SPLINE_CURVE_WITH_KNOTS('',3,(#1973,#1974,#1975,#1976),
  .UNSPECIFIED.,.F.,.F.,(4,4),(0.502749784266,0.544642341172),
  .PIECEWISE_BEZIER_KNOTS.);
#1973 = CARTESIAN_POINT('',(4.358177720794,17.051870482559,19.85));
#1974 = CARTESIAN_POINT('',(4.358177720794,17.051870482559,
    19.989641856352));
#1975 = CARTESIAN_POINT('',(4.394321908618,17.04291174939,
    20.129386929646));
#1976 = CARTESIAN_POINT('',(4.460181528016,17.025610309374,
    20.250291200527));
#1977 = ORIENTED_EDGE('',*,*,#1978,.F.);
#1978 = EDGE_CURVE('',#1979,#1970,#1981,.T.);
#1979 = VERTEX_POINT('',#1980);
#1980 = CARTESIAN_POINT('',(4.358177720794,17.051870482559,10.15));
#1981 = LINE('',#1982,#1983);
#1982 = CARTESIAN_POINT('',(4.358177720794,17.051870482559,18.75));
#1983 = VECTOR('',#1984,1.);
#1984 = DIRECTION('',(0.,0.,1.));
#1985 = ORIENTED_EDGE('',*,*,#1986,.F.);
#1986 = EDGE_CURVE('',#703,#1979,#1987,.T.);
#1987 = B_SPLINE_CURVE_WITH_KNOTS('',3,(#1988,#1989,#1990,#1991),
  .UNSPECIFIED.,.F.,.F.,(4,4),(0.460865542515,0.502749784266),
  .PIECEWISE_BEZIER_KNOTS.);
#1988 = CARTESIAN_POINT('',(4.461191045162,17.025333924922,
    9.750778370526));
#1989 = CARTESIAN_POINT('',(4.395356479111,17.042615870783,
    9.871719024649));
#1990 = CARTESIAN_POINT('',(4.358177720794,17.051870482559,
    10.010385860828));
#1991 = CARTESIAN_POINT('',(4.358177720794,17.051870482559,10.15));
#1992 = ORIENTED_EDGE('',*,*,#702,.F.);
#1993 = CYLINDRICAL_SURFACE('',#1994,17.6);
#1994 = AXIS2_PLACEMENT_3D('',#1995,#1996,#1997);
#1995 = CARTESIAN_POINT('',(4.440892098501E-15,-4.815648849472E-16,18.75
    ));
#1996 = DIRECTION('',(0.,0.,-1.));
#1997 = DIRECTION('',(-1.,0.,0.));
#1998 = ADVANCED_FACE('',(#1999),#2041,.T.);
#1999 = FACE_BOUND('',#2000,.T.);
#2000 = EDGE_LOOP('',(#2001,#2008,#2039,#2040));
#2001 = ORIENTED_EDGE('',*,*,#2002,.T.);
#2002 = EDGE_CURVE('',#1979,#1852,#2003,.T.);
#2003 = CIRCLE('',#2004,0.4);
#2004 = AXIS2_PLACEMENT_3D('',#2005,#2006,#2007);
#2005 = CARTESIAN_POINT('',(4.457227214448,17.439412993527,10.15));
#2006 = DIRECTION('',(-1.788662917244E-14,-1.15802647151E-15,1.));
#2007 = DIRECTION('',(-0.247623734136,-0.968856277418,
    -5.551115123126E-15));
#2008 = ORIENTED_EDGE('',*,*,#2009,.T.);
#2009 = EDGE_CURVE('',#1852,#712,#2010,.T.);
#2010 = B_SPLINE_CURVE_WITH_KNOTS('',3,(#2011,#2012,#2013,#2014,#2015,
    #2016,#2017,#2018,#2019,#2020,#2021,#2022,#2023,#2024,#2025,#2026,
    #2027,#2028,#2029,#2030,#2031,#2032,#2033,#2034,#2035,#2036,#2037,
    #2038),.UNSPECIFIED.,.F.,.F.,(4,3,3,3,3,3,3,3,3,4),(-0.502749784266,
    -0.484303347391,-0.470824956345,-0.45129729639,-0.439783718907,
    -0.43093277674,-0.413839884142,-0.395439814677,-0.383086955365,
    -0.377039745212),.UNSPECIFIED.);
#2011 = CARTESIAN_POINT('',(4.837649820966,17.315806195777,10.15));
#2012 = CARTESIAN_POINT('',(4.837649820966,17.315806195777,
    10.119255938541));
#2013 = CARTESIAN_POINT('',(4.84140496852,17.315081247858,
    10.088568734859));
#2014 = CARTESIAN_POINT('',(4.8485421489,17.313688794405,10.058711981355
    ));
#2015 = CARTESIAN_POINT('',(4.853757123954,17.312671360401,
    10.03689633198));
#2016 = CARTESIAN_POINT('',(4.860776446514,17.311297707006,
    10.015524440511));
#2017 = CARTESIAN_POINT('',(4.869437975356,17.309594125072,
    9.994893775643));
#2018 = CARTESIAN_POINT('',(4.881986905667,17.307125954459,9.96500381275
    ));
#2019 = CARTESIAN_POINT('',(4.898000848356,17.303950039278,9.93660178938
    ));
#2020 = CARTESIAN_POINT('',(4.917042646096,17.300011701725,
    9.910499585302));
#2021 = CARTESIAN_POINT('',(4.928269757495,17.297689643952,
    9.895109633316));
#2022 = CARTESIAN_POINT('',(4.940550231373,17.295102338757,
    9.880519600088));
#2023 = CARTESIAN_POINT('',(4.953799762044,17.292236693022,
    9.866902493107));
#2024 = CARTESIAN_POINT('',(4.963985200053,17.29003375786,9.856434484659
    ));
#2025 = CARTESIAN_POINT('',(4.974736378077,17.287663660723,
    9.846548277464));
#2026 = CARTESIAN_POINT('',(4.986003960654,17.285129147739,
    9.837330772478));
#2027 = CARTESIAN_POINT('',(5.007763856403,17.280234509697,
    9.819529975707));
#2028 = CARTESIAN_POINT('',(5.031450707852,17.274726106436,
    9.804226569446));
#2029 = CARTESIAN_POINT('',(5.056350119967,17.268729473397,
    9.791652075487));
#2030 = CARTESIAN_POINT('',(5.083153711571,17.262274248581,
    9.778115948644));
#2031 = CARTESIAN_POINT('',(5.111387700564,17.255247994034,
    9.767717304007));
#2032 = CARTESIAN_POINT('',(5.140309110588,17.247749858828,
    9.760688033488));
#2033 = CARTESIAN_POINT('',(5.159725456261,17.242715996892,
    9.755968943163));
#2034 = CARTESIAN_POINT('',(5.179455595377,17.23746832942,9.752769409219
    ));
#2035 = CARTESIAN_POINT('',(5.199265603277,17.232038093381,
    9.751175534804));
#2036 = CARTESIAN_POINT('',(5.20896338076,17.229379779409,9.750395270631
    ));
#2037 = CARTESIAN_POINT('',(5.218679797942,17.226677831689,9.75));
#2038 = CARTESIAN_POINT('',(5.228384502461,17.223936701417,9.75));
#2039 = ORIENTED_EDGE('',*,*,#711,.T.);
#2040 = ORIENTED_EDGE('',*,*,#1986,.T.);
#2041 = B_SPLINE_SURFACE_WITH_KNOTS('',3,3,(
    (#2042,#2043,#2044,#2045,#2046)
    ,(#2047,#2048,#2049,#2050,#2051)
    ,(#2052,#2053,#2054,#2055,#2056)
    ,(#2057,#2058,#2059,#2060,#2061)
    ,(#2062,#2063,#2064,#2065,#2066
  )),.UNSPECIFIED.,.F.,.F.,.F.,(4,1,4),(4,1,4),(0.,0.5,1.),(
    0.377039745212,0.430915476236,0.502749784266),.UNSPECIFIED.);
#2042 = CARTESIAN_POINT('',(5.228384502461,17.223936701417,9.75));
#2043 = CARTESIAN_POINT('',(5.141923467186,17.248357945846,9.75));
#2044 = CARTESIAN_POINT('',(4.937700162817,17.298172820876,
    9.823197566203));
#2045 = CARTESIAN_POINT('',(4.837649820966,17.315806195777,
    10.030276153282));
#2046 = CARTESIAN_POINT('',(4.837649820966,17.315806195777,10.15));
#2047 = CARTESIAN_POINT('',(5.197966994419,17.123731899552,9.75));
#2048 = CARTESIAN_POINT('',(5.112772478403,17.148071885605,
    9.749532663659));
#2049 = CARTESIAN_POINT('',(4.910129697567,17.199499901904,
    9.819358448824));
#2050 = CARTESIAN_POINT('',(4.806606717528,17.220265347383,
    10.028561006853));
#2051 = CARTESIAN_POINT('',(4.806606717528,17.220265347383,10.15));
#2052 = CARTESIAN_POINT('',(5.137379111405,16.924136429592,
    9.663308448957));
#2053 = CARTESIAN_POINT('',(5.035561396963,16.954509977096,
    9.662453486925));
#2054 = CARTESIAN_POINT('',(4.793891809707,17.022756631474,
    9.745049562093));
#2055 = CARTESIAN_POINT('',(4.669176141099,17.054381366879,
    10.000634812246));
#2056 = CARTESIAN_POINT('',(4.669176141099,17.054381366879,10.15));
#2057 = CARTESIAN_POINT('',(5.112198180184,16.841182552497,9.45471975512
    ));
#2058 = CARTESIAN_POINT('',(4.966711854131,16.885355333903,
    9.454425957682));
#2059 = CARTESIAN_POINT('',(4.62423108837,16.983665491969,9.57949293208)
  );
#2060 = CARTESIAN_POINT('',(4.455506690345,17.026994798269,
    9.940728217817));
#2061 = CARTESIAN_POINT('',(4.455506690345,17.026994798269,10.15));
#2062 = CARTESIAN_POINT('',(5.112198180184,16.841182552497,9.35));
#2063 = CARTESIAN_POINT('',(4.944173913501,16.892186889495,9.35));
#2064 = CARTESIAN_POINT('',(4.549557231518,17.004231907368,
    9.496395132406));
#2065 = CARTESIAN_POINT('',(4.358177720794,17.051870482559,
    9.910552306564));
#2066 = CARTESIAN_POINT('',(4.358177720794,17.051870482559,10.15));
#2067 = ADVANCED_FACE('',(#2068),#2080,.T.);
#2068 = FACE_BOUND('',#2069,.T.);
#2069 = EDGE_LOOP('',(#2070,#2071,#2072,#2079));
#2070 = ORIENTED_EDGE('',*,*,#2009,.F.);
#2071 = ORIENTED_EDGE('',*,*,#1891,.T.);
#2072 = ORIENTED_EDGE('',*,*,#2073,.F.);
#2073 = EDGE_CURVE('',#727,#1884,#2074,.T.);
#2074 = CIRCLE('',#2075,0.4);
#2075 = AXIS2_PLACEMENT_3D('',#2076,#2077,#2078);
#2076 = CARTESIAN_POINT('',(6.495549302758,21.123868946181,10.15));
#2077 = DIRECTION('',(0.309016994375,0.951056516295,1.227423733188E-14)
  );
#2078 = DIRECTION('',(-0.951056516295,0.309016994375,7.88860905221E-31)
  );
#2079 = ORIENTED_EDGE('',*,*,#726,.T.);
#2080 = CYLINDRICAL_SURFACE('',#2081,0.4);
#2081 = AXIS2_PLACEMENT_3D('',#2082,#2083,#2084);
#2082 = CARTESIAN_POINT('',(2.384009584516,8.469850842898,10.15));
#2083 = DIRECTION('',(-0.309016994375,-0.951056516295,0.));
#2084 = DIRECTION('',(-0.672498511964,0.218508012224,-0.707106781187));
#2085 = ADVANCED_FACE('',(#2086),#2114,.T.);
#2086 = FACE_BOUND('',#2087,.T.);
#2087 = EDGE_LOOP('',(#2088,#2097,#2106,#2113));
#2088 = ORIENTED_EDGE('',*,*,#2089,.F.);
#2089 = EDGE_CURVE('',#2090,#727,#2092,.T.);
#2090 = VERTEX_POINT('',#2091);
#2091 = CARTESIAN_POINT('',(6.613115805975,21.506201415795,10.15));
#2092 = CIRCLE('',#2093,0.4);
#2093 = AXIS2_PLACEMENT_3D('',#2094,#2095,#2096);
#2094 = CARTESIAN_POINT('',(6.495549302758,21.123868946181,10.15));
#2095 = DIRECTION('',(-0.955831174035,0.293916258043,0.));
#2096 = DIRECTION('',(0.,0.,-1.));
#2097 = ORIENTED_EDGE('',*,*,#2098,.T.);
#2098 = EDGE_CURVE('',#2090,#2099,#2101,.T.);
#2099 = VERTEX_POINT('',#2100);
#2100 = CARTESIAN_POINT('',(7.290904952233,21.285974372283,10.15));
#2101 = CIRCLE('',#2102,22.5);
#2102 = AXIS2_PLACEMENT_3D('',#2103,#2104,#2105);
#2103 = CARTESIAN_POINT('',(1.83030655047E-15,4.0747276351E-15,10.15));
#2104 = DIRECTION('',(0.,0.,-1.));
#2105 = DIRECTION('',(0.309016994375,0.951056516295,0.));
#2106 = ORIENTED_EDGE('',*,*,#2107,.F.);
#2107 = EDGE_CURVE('',#735,#2099,#2108,.T.);
#2108 = CIRCLE('',#2109,0.4);
#2109 = AXIS2_PLACEMENT_3D('',#2110,#2111,#2112);
#2110 = CARTESIAN_POINT('',(7.161288864193,20.907557050109,10.15));
#2111 = DIRECTION('',(0.946043305435,-0.324040220099,-7.877392949897E-15
    ));
#2112 = DIRECTION('',(0.324040220099,0.946043305435,0.));
#2113 = ORIENTED_EDGE('',*,*,#734,.T.);
#2114 = TOROIDAL_SURFACE('',#2115,22.1,0.4);
#2115 = AXIS2_PLACEMENT_3D('',#2116,#2117,#2118);
#2116 = CARTESIAN_POINT('',(1.83030655047E-15,4.0747276351E-15,10.15));
#2117 = DIRECTION('',(0.,0.,1.));
#2118 = DIRECTION('',(1.,0.,0.));
#2119 = ADVANCED_FACE('',(#2120),#2171,.T.);
#2120 = FACE_BOUND('',#2121,.T.);
#2121 = EDGE_LOOP('',(#2122,#2155,#2156,#2165));
#2122 = ORIENTED_EDGE('',*,*,#2123,.F.);
#2123 = EDGE_CURVE('',#744,#2124,#2126,.T.);
#2124 = VERTEX_POINT('',#2125);
#2125 = CARTESIAN_POINT('',(6.26423459544,16.852280704203,10.15));
#2126 = B_SPLINE_CURVE_WITH_KNOTS('',3,(#2127,#2128,#2129,#2130,#2131,
    #2132,#2133,#2134,#2135,#2136,#2137,#2138,#2139,#2140,#2141,#2142,
    #2143,#2144,#2145,#2146,#2147,#2148,#2149,#2150,#2151,#2152,#2153,
    #2154),.UNSPECIFIED.,.F.,.F.,(4,3,3,3,3,3,3,3,3,4),(-0.628459956167,
    -0.615809650607,-0.595743738204,-0.576012851524,-0.565980245319,
    -0.556641929417,-0.538464405942,-0.534509468639,-0.513660041542,
    -0.502750296005),.UNSPECIFIED.);
#2127 = CARTESIAN_POINT('',(5.894124063899,17.007624805344,9.75));
#2128 = CARTESIAN_POINT('',(5.913918872357,17.000330957741,9.75));
#2129 = CARTESIAN_POINT('',(5.933650021876,16.992867581504,
    9.751783917813));
#2130 = CARTESIAN_POINT('',(5.953060739864,16.985368279795,9.75523245333
    ));
#2131 = CARTESIAN_POINT('',(5.983850017244,16.973472888775,
    9.760702519745));
#2132 = CARTESIAN_POINT('',(6.013827722918,16.961490289875,
    9.770349775412));
#2133 = CARTESIAN_POINT('',(6.042205964732,16.949867296236,
    9.783679334344));
#2134 = CARTESIAN_POINT('',(6.070110395995,16.93843836314,9.796786339473
    ));
#2135 = CARTESIAN_POINT('',(6.096496816419,16.927345288158,
    9.813465078669));
#2136 = CARTESIAN_POINT('',(6.120614628218,16.916997832081,
    9.833308654514));
#2137 = CARTESIAN_POINT('',(6.132877863633,16.911736438929,9.84339856002
    ));
#2138 = CARTESIAN_POINT('',(6.14455410495,16.906667984523,9.854307316841
    ));
#2139 = CARTESIAN_POINT('',(6.155540737086,16.901847957979,
    9.865984581086));
#2140 = CARTESIAN_POINT('',(6.165767057096,16.897361493584,
    9.876853739125));
#2141 = CARTESIAN_POINT('',(6.175386622012,16.893092493285,
    9.888380223024));
#2142 = CARTESIAN_POINT('',(6.184312468151,16.889093678355,
    9.900510417692));
#2143 = CARTESIAN_POINT('',(6.20168709752,16.881309774595,9.924122480152
    ));
#2144 = CARTESIAN_POINT('',(6.216430401752,16.874550953063,
    9.950023012867));
#2145 = CARTESIAN_POINT('',(6.22832989807,16.869044009246,9.977370952816
    ));
#2146 = CARTESIAN_POINT('',(6.23091890652,16.867845847266,9.983321124633
    ));
#2147 = CARTESIAN_POINT('',(6.233373462607,16.866706866765,
    9.989339752885));
#2148 = CARTESIAN_POINT('',(6.235691668523,16.865629262204,
    9.995418107793));
#2149 = CARTESIAN_POINT('',(6.247912662565,16.859948404077,
    10.027461654328));
#2150 = CARTESIAN_POINT('',(6.25638407294,16.855976083199,
    10.061242285592));
#2151 = CARTESIAN_POINT('',(6.260767355757,16.853914583095,
    10.09564415406));
#2152 = CARTESIAN_POINT('',(6.263060967948,16.852835875202,
    10.113645398374));
#2153 = CARTESIAN_POINT('',(6.26423459544,16.852280704203,
    10.131817090773));
#2154 = CARTESIAN_POINT('',(6.26423459544,16.852280704203,10.15));
#2155 = ORIENTED_EDGE('',*,*,#743,.T.);
#2156 = ORIENTED_EDGE('',*,*,#2157,.F.);
#2157 = EDGE_CURVE('',#2158,#735,#2160,.T.);
#2158 = VERTEX_POINT('',#2159);
#2159 = CARTESIAN_POINT('',(7.541711470711,20.78395025236,10.15));
#2160 = CIRCLE('',#2161,0.4);
#2161 = AXIS2_PLACEMENT_3D('',#2162,#2163,#2164);
#2162 = CARTESIAN_POINT('',(7.161288864193,20.907557050109,10.15));
#2163 = DIRECTION('',(0.309016994374,0.951056516295,0.));
#2164 = DIRECTION('',(0.,0.,-1.));
#2165 = ORIENTED_EDGE('',*,*,#2166,.T.);
#2166 = EDGE_CURVE('',#2158,#2124,#2167,.T.);
#2167 = LINE('',#2168,#2169);
#2168 = CARTESIAN_POINT('',(4.187801680963,10.461677307247,10.15));
#2169 = VECTOR('',#2170,1.);
#2170 = DIRECTION('',(-0.309016994374,-0.951056516295,0.));
#2171 = CYLINDRICAL_SURFACE('',#2172,0.4);
#2172 = AXIS2_PLACEMENT_3D('',#2173,#2174,#2175);
#2173 = CARTESIAN_POINT('',(3.807379074445,10.585284104996,10.15));
#2174 = DIRECTION('',(0.309016994374,0.951056516295,0.));
#2175 = DIRECTION('',(0.672498511964,-0.218508012224,-0.707106781187));
#2176 = ADVANCED_FACE('',(#2177),#2213,.T.);
#2177 = FACE_BOUND('',#2178,.F.);
#2178 = EDGE_LOOP('',(#2179,#2190,#2198,#2207));
#2179 = ORIENTED_EDGE('',*,*,#2180,.F.);
#2180 = EDGE_CURVE('',#2181,#2183,#2185,.T.);
#2181 = VERTEX_POINT('',#2182);
#2182 = CARTESIAN_POINT('',(18.100999847355,0.750000000014,20.25));
#2183 = VERTEX_POINT('',#2184);
#2184 = CARTESIAN_POINT('',(6.306808955251,16.983311110497,20.25));
#2185 = CIRCLE('',#2186,18.116531);
#2186 = AXIS2_PLACEMENT_3D('',#2187,#2188,#2189);
#2187 = CARTESIAN_POINT('',(0.,0.,20.25));
#2188 = DIRECTION('',(0.,0.,1.));
#2189 = DIRECTION('',(1.,0.,0.));
#2190 = ORIENTED_EDGE('',*,*,#2191,.F.);
#2191 = EDGE_CURVE('',#2192,#2181,#2194,.T.);
#2192 = VERTEX_POINT('',#2193);
#2193 = CARTESIAN_POINT('',(18.100999847355,0.750000000014,20.85));
#2194 = LINE('',#2195,#2196);
#2195 = CARTESIAN_POINT('',(18.100999847355,0.750000000014,20.25));
#2196 = VECTOR('',#2197,1.);
#2197 = DIRECTION('',(-0.,-0.,-1.));
#2198 = ORIENTED_EDGE('',*,*,#2199,.F.);
#2199 = EDGE_CURVE('',#2200,#2192,#2202,.T.);
#2200 = VERTEX_POINT('',#2201);
#2201 = CARTESIAN_POINT('',(6.30680895525,16.983311110497,20.85));
#2202 = CIRCLE('',#2203,18.116531);
#2203 = AXIS2_PLACEMENT_3D('',#2204,#2205,#2206);
#2204 = CARTESIAN_POINT('',(0.,0.,20.85));
#2205 = DIRECTION('',(0.,0.,-1.));
#2206 = DIRECTION('',(1.,0.,0.));
#2207 = ORIENTED_EDGE('',*,*,#2208,.T.);
#2208 = EDGE_CURVE('',#2200,#2183,#2209,.T.);
#2209 = LINE('',#2210,#2211);
#2210 = CARTESIAN_POINT('',(6.306808955251,16.983311110497,20.25));
#2211 = VECTOR('',#2212,1.);
#2212 = DIRECTION('',(-0.,-0.,-1.));
#2213 = CYLINDRICAL_SURFACE('',#2214,18.116531);
#2214 = AXIS2_PLACEMENT_3D('',#2215,#2216,#2217);
#2215 = CARTESIAN_POINT('',(0.,0.,20.25));
#2216 = DIRECTION('',(-0.,-0.,-1.));
#2217 = DIRECTION('',(1.,0.,0.));
#2218 = ADVANCED_FACE('',(#2219),#2291,.F.);
#2219 = FACE_BOUND('',#2220,.F.);
#2220 = EDGE_LOOP('',(#2221,#2229,#2230,#2238,#2246,#2261,#2270,#2285));
#2221 = ORIENTED_EDGE('',*,*,#2222,.T.);
#2222 = EDGE_CURVE('',#2223,#2181,#2225,.T.);
#2223 = VERTEX_POINT('',#2224);
#2224 = CARTESIAN_POINT('',(17.963226324911,0.750000000014,20.25));
#2225 = LINE('',#2226,#2227);
#2226 = CARTESIAN_POINT('',(10.015113664473,0.750000000012,20.25));
#2227 = VECTOR('',#2228,1.);
#2228 = DIRECTION('',(1.,1.94462469888E-13,0.));
#2229 = ORIENTED_EDGE('',*,*,#2180,.T.);
#2230 = ORIENTED_EDGE('',*,*,#2231,.T.);
#2231 = EDGE_CURVE('',#2183,#2232,#2234,.T.);
#2232 = VERTEX_POINT('',#2233);
#2233 = CARTESIAN_POINT('',(6.26423459544,16.852280704203,20.25));
#2234 = LINE('',#2235,#2236);
#2235 = CARTESIAN_POINT('',(3.808132710167,9.293176366245,20.25));
#2236 = VECTOR('',#2237,1.);
#2237 = DIRECTION('',(-0.309016994374,-0.951056516295,0.));
#2238 = ORIENTED_EDGE('',*,*,#2239,.F.);
#2239 = EDGE_CURVE('',#2240,#2232,#2242,.T.);
#2240 = VERTEX_POINT('',#2241);
#2241 = CARTESIAN_POINT('',(5.914292646148,16.965983736067,20.25));
#2242 = LINE('',#2243,#2244);
#2243 = CARTESIAN_POINT('',(5.194296014589,17.199924822882,20.25));
#2244 = VECTOR('',#2245,1.);
#2245 = DIRECTION('',(0.951056516295,-0.309016994376,0.));
#2246 = ORIENTED_EDGE('',*,*,#2247,.T.);
#2247 = EDGE_CURVE('',#2240,#2248,#2250,.T.);
#2248 = VERTEX_POINT('',#2249);
#2249 = CARTESIAN_POINT('',(6.39930568432,16.395392241683,
    20.249999999448));
#2250 = B_SPLINE_CURVE_WITH_KNOTS('',3,(#2251,#2252,#2253,#2254,#2255,
    #2256,#2257,#2258,#2259,#2260),.UNSPECIFIED.,.F.,.F.,(4,2,2,2,4),(
    -3.953203579335E-04,0.,3.320697494652E-02,5.771936105112E-02,
    7.985343426351E-02),.UNSPECIFIED.);
#2251 = CARTESIAN_POINT('',(5.894124063899,17.007624805344,20.25));
#2252 = CARTESIAN_POINT('',(5.894699583938,17.006439393615,20.25));
#2253 = CARTESIAN_POINT('',(5.895274915773,17.00525391018,20.25));
#2254 = CARTESIAN_POINT('',(5.944165375029,16.904479722614,20.25));
#2255 = CARTESIAN_POINT('',(5.991043438254,16.805001643722,20.25));
#2256 = CARTESIAN_POINT('',(6.092092286527,16.644444028492,20.25));
#2257 = CARTESIAN_POINT('',(6.146177013398,16.571992182385,20.25));
#2258 = CARTESIAN_POINT('',(6.27936379836,16.453558984861,20.25));
#2259 = CARTESIAN_POINT('',(6.341951713345,16.417778140539,20.25));
#2260 = CARTESIAN_POINT('',(6.399305683738,16.39539224191,20.25));
#2261 = ORIENTED_EDGE('',*,*,#2262,.F.);
#2262 = EDGE_CURVE('',#2263,#2248,#2265,.T.);
#2263 = VERTEX_POINT('',#2264);
#2264 = CARTESIAN_POINT('',(17.570438837359,1.01964653809,
    20.249999999996));
#2265 = CIRCLE('',#2266,17.6);
#2266 = AXIS2_PLACEMENT_3D('',#2267,#2268,#2269);
#2267 = CARTESIAN_POINT('',(4.440892098501E-15,-4.815648849472E-16,20.25
    ));
#2268 = DIRECTION('',(0.,0.,1.));
#2269 = DIRECTION('',(-1.,0.,0.));
#2270 = ORIENTED_EDGE('',*,*,#2271,.T.);
#2271 = EDGE_CURVE('',#2263,#2272,#2274,.T.);
#2272 = VERTEX_POINT('',#2273);
#2273 = CARTESIAN_POINT('',(17.963226324911,0.382049259666,20.25));
#2274 = B_SPLINE_CURVE_WITH_KNOTS('',3,(#2275,#2276,#2277,#2278,#2279,
    #2280,#2281,#2282,#2283,#2284),.UNSPECIFIED.,.F.,.F.,(4,2,2,2,4),(0.
    ,1.847036985619E-02,3.892537792053E-02,6.663583984225E-02,
    6.696572553074E-02),.UNSPECIFIED.);
#2275 = CARTESIAN_POINT('',(17.570438837359,1.019646538085,20.25));
#2276 = CARTESIAN_POINT('',(17.574005740518,0.958182048717,20.25));
#2277 = CARTESIAN_POINT('',(17.58869461586,0.88760051698,20.25));
#2278 = CARTESIAN_POINT('',(17.660174280944,0.72433452717,20.25));
#2279 = CARTESIAN_POINT('',(17.712366949317,0.650508074784,20.25));
#2280 = CARTESIAN_POINT('',(17.833840491266,0.504789864089,20.25));
#2281 = CARTESIAN_POINT('',(17.913963679556,0.429465730693,20.25));
#2282 = CARTESIAN_POINT('',(17.994697678724,0.351827171405,20.25));
#2283 = CARTESIAN_POINT('',(17.995647352383,0.35091366453,20.25));
#2284 = CARTESIAN_POINT('',(17.996596900525,0.350000000014,20.25));
#2285 = ORIENTED_EDGE('',*,*,#2286,.F.);
#2286 = EDGE_CURVE('',#2223,#2272,#2287,.T.);
#2287 = LINE('',#2288,#2289);
#2288 = CARTESIAN_POINT('',(17.963226324911,0.375000000002,20.25));
#2289 = VECTOR('',#2290,1.);
#2290 = DIRECTION('',(-5.99224373811E-13,-1.,0.));
#2291 = PLANE('',#2292);
#2292 = AXIS2_PLACEMENT_3D('',#2293,#2294,#2295);
#2293 = CARTESIAN_POINT('',(-1.243948403436E-15,2.412505994542E-15,20.25
    ));
#2294 = DIRECTION('',(0.,0.,1.));
#2295 = DIRECTION('',(1.,0.,0.));
#2296 = ADVANCED_FACE('',(#2297),#2338,.T.);
#2297 = FACE_BOUND('',#2298,.T.);
#2298 = EDGE_LOOP('',(#2299,#2307,#2315,#2321,#2322,#2323,#2331,#2337));
#2299 = ORIENTED_EDGE('',*,*,#2300,.F.);
#2300 = EDGE_CURVE('',#2301,#2158,#2303,.T.);
#2301 = VERTEX_POINT('',#2302);
#2302 = CARTESIAN_POINT('',(7.541711470711,20.78395025236,19.85));
#2303 = LINE('',#2304,#2305);
#2304 = CARTESIAN_POINT('',(7.541711470711,20.78395025236,20.25));
#2305 = VECTOR('',#2306,1.);
#2306 = DIRECTION('',(0.,0.,-1.));
#2307 = ORIENTED_EDGE('',*,*,#2308,.T.);
#2308 = EDGE_CURVE('',#2301,#2309,#2311,.T.);
#2309 = VERTEX_POINT('',#2310);
#2310 = CARTESIAN_POINT('',(7.541711470711,20.78395025236,20.85));
#2311 = LINE('',#2312,#2313);
#2312 = CARTESIAN_POINT('',(7.541711470711,20.78395025236,18.25));
#2313 = VECTOR('',#2314,1.);
#2314 = DIRECTION('',(0.,0.,1.));
#2315 = ORIENTED_EDGE('',*,*,#2316,.F.);
#2316 = EDGE_CURVE('',#2200,#2309,#2317,.T.);
#2317 = LINE('',#2318,#2319);
#2318 = CARTESIAN_POINT('',(6.26423459544,16.852280704203,20.85));
#2319 = VECTOR('',#2320,1.);
#2320 = DIRECTION('',(0.309016994374,0.951056516295,0.));
#2321 = ORIENTED_EDGE('',*,*,#2208,.T.);
#2322 = ORIENTED_EDGE('',*,*,#2231,.T.);
#2323 = ORIENTED_EDGE('',*,*,#2324,.F.);
#2324 = EDGE_CURVE('',#2325,#2232,#2327,.T.);
#2325 = VERTEX_POINT('',#2326);
#2326 = CARTESIAN_POINT('',(6.26423459544,16.852280704203,19.85));
#2327 = LINE('',#2328,#2329);
#2328 = CARTESIAN_POINT('',(6.26423459544,16.852280704203,18.25));
#2329 = VECTOR('',#2330,1.);
#2330 = DIRECTION('',(0.,0.,1.));
#2331 = ORIENTED_EDGE('',*,*,#2332,.F.);
#2332 = EDGE_CURVE('',#2124,#2325,#2333,.T.);
#2333 = LINE('',#2334,#2335);
#2334 = CARTESIAN_POINT('',(6.26423459544,16.852280704203,18.75));
#2335 = VECTOR('',#2336,1.);
#2336 = DIRECTION('',(0.,0.,1.));
#2337 = ORIENTED_EDGE('',*,*,#2166,.F.);
#2338 = PLANE('',#2339);
#2339 = AXIS2_PLACEMENT_3D('',#2340,#2341,#2342);
#2340 = CARTESIAN_POINT('',(6.902973033076,18.818115478282,15.5));
#2341 = DIRECTION('',(0.951056516295,-0.309016994374,4.834334778574E-16)
  );
#2342 = DIRECTION('',(0.309016994374,0.951056516295,0.));
#2343 = ADVANCED_FACE('',(#2344),#2394,.T.);
#2344 = FACE_BOUND('',#2345,.T.);
#2345 = EDGE_LOOP('',(#2346,#2356,#2362,#2363,#2364,#2372,#2380,#2388));
#2346 = ORIENTED_EDGE('',*,*,#2347,.F.);
#2347 = EDGE_CURVE('',#2348,#2350,#2352,.T.);
#2348 = VERTEX_POINT('',#2349);
#2349 = CARTESIAN_POINT('',(17.963226324911,0.750000000014,19.85));
#2350 = VERTEX_POINT('',#2351);
#2351 = CARTESIAN_POINT('',(17.963226324911,0.750000000014,10.15));
#2352 = LINE('',#2353,#2354);
#2353 = CARTESIAN_POINT('',(17.963226324911,0.750000000014,18.75));
#2354 = VECTOR('',#2355,1.);
#2355 = DIRECTION('',(0.,0.,-1.));
#2356 = ORIENTED_EDGE('',*,*,#2357,.T.);
#2357 = EDGE_CURVE('',#2348,#2223,#2358,.T.);
#2358 = LINE('',#2359,#2360);
#2359 = CARTESIAN_POINT('',(17.963226324911,0.750000000014,18.25));
#2360 = VECTOR('',#2361,1.);
#2361 = DIRECTION('',(0.,0.,1.));
#2362 = ORIENTED_EDGE('',*,*,#2222,.T.);
#2363 = ORIENTED_EDGE('',*,*,#2191,.F.);
#2364 = ORIENTED_EDGE('',*,*,#2365,.F.);
#2365 = EDGE_CURVE('',#2366,#2192,#2368,.T.);
#2366 = VERTEX_POINT('',#2367);
#2367 = CARTESIAN_POINT('',(22.097228332983,0.750000000015,20.85));
#2368 = LINE('',#2369,#2370);
#2369 = CARTESIAN_POINT('',(22.097228332983,0.750000000015,20.85));
#2370 = VECTOR('',#2371,1.);
#2371 = DIRECTION('',(-1.,-1.944097864386E-13,0.));
#2372 = ORIENTED_EDGE('',*,*,#2373,.F.);
#2373 = EDGE_CURVE('',#2374,#2366,#2376,.T.);
#2374 = VERTEX_POINT('',#2375);
#2375 = CARTESIAN_POINT('',(22.097228332983,0.750000000015,19.85));
#2376 = LINE('',#2377,#2378);
#2377 = CARTESIAN_POINT('',(22.097228332983,0.750000000015,18.25));
#2378 = VECTOR('',#2379,1.);
#2379 = DIRECTION('',(0.,0.,1.));
#2380 = ORIENTED_EDGE('',*,*,#2381,.F.);
#2381 = EDGE_CURVE('',#2382,#2374,#2384,.T.);
#2382 = VERTEX_POINT('',#2383);
#2383 = CARTESIAN_POINT('',(22.097228332983,0.750000000015,10.15));
#2384 = LINE('',#2385,#2386);
#2385 = CARTESIAN_POINT('',(22.097228332983,0.750000000015,20.25));
#2386 = VECTOR('',#2387,1.);
#2387 = DIRECTION('',(0.,0.,1.));
#2388 = ORIENTED_EDGE('',*,*,#2389,.F.);
#2389 = EDGE_CURVE('',#2350,#2382,#2390,.T.);
#2390 = LINE('',#2391,#2392);
#2391 = CARTESIAN_POINT('',(8.792006312554,0.750000000012,10.15));
#2392 = VECTOR('',#2393,1.);
#2393 = DIRECTION('',(1.,1.944057049673E-13,0.));
#2394 = PLANE('',#2395);
#2395 = AXIS2_PLACEMENT_3D('',#2396,#2397,#2398);
#2396 = CARTESIAN_POINT('',(20.030227328947,0.750000000014,15.5));
#2397 = DIRECTION('',(-1.94462469888E-13,1.,0.));
#2398 = DIRECTION('',(1.,1.94462469888E-13,0.));
#2399 = ADVANCED_FACE('',(#2400),#2420,.T.);
#2400 = FACE_BOUND('',#2401,.T.);
#2401 = EDGE_LOOP('',(#2402,#2403,#2404,#2413));
#2402 = ORIENTED_EDGE('',*,*,#751,.T.);
#2403 = ORIENTED_EDGE('',*,*,#2123,.T.);
#2404 = ORIENTED_EDGE('',*,*,#2405,.F.);
#2405 = EDGE_CURVE('',#2406,#2124,#2408,.T.);
#2406 = VERTEX_POINT('',#2407);
#2407 = CARTESIAN_POINT('',(6.496998153026,16.356925597421,10.15));
#2408 = CIRCLE('',#2409,0.4);
#2409 = AXIS2_PLACEMENT_3D('',#2410,#2411,#2412);
#2410 = CARTESIAN_POINT('',(6.644657201959,16.728673906454,10.15));
#2411 = DIRECTION('',(0.,0.,-1.));
#2412 = DIRECTION('',(-0.369147622331,-0.929370772581,-0.));
#2413 = ORIENTED_EDGE('',*,*,#2414,.T.);
#2414 = EDGE_CURVE('',#2406,#752,#2415,.T.);
#2415 = B_SPLINE_CURVE_WITH_KNOTS('',3,(#2416,#2417,#2418,#2419),
  .UNSPECIFIED.,.F.,.F.,(4,4),(0.502750296005,0.544642873429),
  .PIECEWISE_BEZIER_KNOTS.);
#2416 = CARTESIAN_POINT('',(6.496998153026,16.356925597421,10.15));
#2417 = CARTESIAN_POINT('',(6.496998153026,16.356925597421,
    10.010358075256));
#2418 = CARTESIAN_POINT('',(6.46249177431,16.370922592362,9.870612482701
    ));
#2419 = CARTESIAN_POINT('',(6.399040774159,16.39563671448,9.749707826039
    ));
#2420 = B_SPLINE_SURFACE_WITH_KNOTS('',3,3,(
    (#2421,#2422,#2423,#2424,#2425)
    ,(#2426,#2427,#2428,#2429,#2430)
    ,(#2431,#2432,#2433,#2434,#2435)
    ,(#2436,#2437,#2438,#2439,#2440)
    ,(#2441,#2442,#2443,#2444,#2445
  )),.UNSPECIFIED.,.F.,.F.,.F.,(4,1,4),(4,1,4),(0.,0.5,1.),(
    0.502750296005,0.556625864646,0.628459956167),.UNSPECIFIED.);
#2421 = CARTESIAN_POINT('',(6.26423459544,16.852280704203,10.15));
#2422 = CARTESIAN_POINT('',(6.26423459544,16.852280704203,
    10.060207385599));
#2423 = CARTESIAN_POINT('',(6.19775486501,16.884873904376,9.850491252954
    ));
#2424 = CARTESIAN_POINT('',(6.006527837514,16.96620707723,9.75));
#2425 = CARTESIAN_POINT('',(5.894124063899,17.007624805344,9.75));
#2426 = CARTESIAN_POINT('',(6.233191492003,16.756739855809,10.15));
#2427 = CARTESIAN_POINT('',(6.233191492003,16.756739855809,
    10.058921029654));
#2428 = CARTESIAN_POINT('',(6.163053440991,16.789052822157,9.846462845)
  );
#2429 = CARTESIAN_POINT('',(5.970807350682,16.868165662192,
    9.749376885352));
#2430 = CARTESIAN_POINT('',(5.859833440087,16.908678455079,9.75));
#2431 = CARTESIAN_POINT('',(6.246874218592,16.541758739762,10.15));
#2432 = CARTESIAN_POINT('',(6.246874218592,16.541758739762,
    10.037976446826));
#2433 = CARTESIAN_POINT('',(6.159183115109,16.576885013076,
    9.777472334683));
#2434 = CARTESIAN_POINT('',(5.925165500217,16.664560162503,
    9.662165562289));
#2435 = CARTESIAN_POINT('',(5.791531755535,16.711592439948,9.6633055108)
  );
#2436 = CARTESIAN_POINT('',(6.403635802247,16.394009279007,10.15));
#2437 = CARTESIAN_POINT('',(6.403635802247,16.394009279007,
    9.993046636424));
#2438 = CARTESIAN_POINT('',(6.285460167583,16.440902322393,
    9.626742443239));
#2439 = CARTESIAN_POINT('',(5.954696743321,16.56330672314,9.4543280255)
  );
#2440 = CARTESIAN_POINT('',(5.763143529146,16.629677587448,9.45471975512
    ));
#2441 = CARTESIAN_POINT('',(6.496998153026,16.356925597421,10.15));
#2442 = CARTESIAN_POINT('',(6.496998153026,16.356925597421,
    9.970414771197));
#2443 = CARTESIAN_POINT('',(6.363834487285,16.410941441013,
    9.550982505909));
#2444 = CARTESIAN_POINT('',(5.984362140289,16.553012564892,9.35));
#2445 = CARTESIAN_POINT('',(5.763143529146,16.629677587448,9.35));
#2446 = ADVANCED_FACE('',(#2447),#2491,.T.);
#2447 = FACE_BOUND('',#2448,.T.);
#2448 = EDGE_LOOP('',(#2449,#2450,#2458,#2465,#2466,#2475,#2483,#2490));
#2449 = ORIENTED_EDGE('',*,*,#2414,.F.);
#2450 = ORIENTED_EDGE('',*,*,#2451,.F.);
#2451 = EDGE_CURVE('',#2452,#2406,#2454,.T.);
#2452 = VERTEX_POINT('',#2453);
#2453 = CARTESIAN_POINT('',(6.496998153026,16.356925597421,19.85));
#2454 = LINE('',#2455,#2456);
#2455 = CARTESIAN_POINT('',(6.496998153026,16.356925597421,18.75));
#2456 = VECTOR('',#2457,1.);
#2457 = DIRECTION('',(0.,0.,-1.));
#2458 = ORIENTED_EDGE('',*,*,#2459,.F.);
#2459 = EDGE_CURVE('',#2248,#2452,#2460,.T.);
#2460 = B_SPLINE_CURVE_WITH_KNOTS('',3,(#2461,#2462,#2463,#2464),
  .UNSPECIFIED.,.F.,.F.,(4,4),(0.157769748806,0.199662326153),
  .PIECEWISE_BEZIER_KNOTS.);
#2461 = CARTESIAN_POINT('',(6.399040125824,16.395636966216,
    20.250291581155));
#2462 = CARTESIAN_POINT('',(6.462491357525,16.370922754189,
    20.129387136216));
#2463 = CARTESIAN_POINT('',(6.496998153026,16.356925597421,
    19.989641924492));
#2464 = CARTESIAN_POINT('',(6.496998153026,16.356925597421,19.85));
#2465 = ORIENTED_EDGE('',*,*,#2262,.F.);
#2466 = ORIENTED_EDGE('',*,*,#2467,.F.);
#2467 = EDGE_CURVE('',#2468,#2263,#2470,.T.);
#2468 = VERTEX_POINT('',#2469);
#2469 = CARTESIAN_POINT('',(17.564043517691,1.124444444458,19.85));
#2470 = B_SPLINE_CURVE_WITH_KNOTS('',3,(#2471,#2472,#2473,#2474),
  .UNSPECIFIED.,.F.,.F.,(4,4),(0.502749779286,0.54464233626),
  .PIECEWISE_BEZIER_KNOTS.);
#2471 = CARTESIAN_POINT('',(17.564043517691,1.124444444458,19.85));
#2472 = CARTESIAN_POINT('',(17.564043517691,1.124444444458,
    19.989641856578));
#2473 = CARTESIAN_POINT('',(17.566692423817,1.087300889461,
    20.129386940822));
#2474 = CARTESIAN_POINT('',(17.570589517878,1.01931823578,
    20.250291217964));
#2475 = ORIENTED_EDGE('',*,*,#2476,.F.);
#2476 = EDGE_CURVE('',#2477,#2468,#2479,.T.);
#2477 = VERTEX_POINT('',#2478);
#2478 = CARTESIAN_POINT('',(17.564043517691,1.124444444458,10.15));
#2479 = LINE('',#2480,#2481);
#2480 = CARTESIAN_POINT('',(17.564043517691,1.124444444458,18.75));
#2481 = VECTOR('',#2482,1.);
#2482 = DIRECTION('',(0.,0.,1.));
#2483 = ORIENTED_EDGE('',*,*,#2484,.F.);
#2484 = EDGE_CURVE('',#767,#2477,#2485,.T.);
#2485 = B_SPLINE_CURVE_WITH_KNOTS('',3,(#2486,#2487,#2488,#2489),
  .UNSPECIFIED.,.F.,.F.,(4,4),(0.46086554093,0.502749779286),
  .PIECEWISE_BEZIER_KNOTS.);
#2486 = CARTESIAN_POINT('',(17.570638619889,1.01827277608,9.750778329373
    ));
#2487 = CARTESIAN_POINT('',(17.566730727323,1.086225550088,
    9.871719006872));
#2488 = CARTESIAN_POINT('',(17.564043517691,1.124444444458,
    10.010385872145));
#2489 = CARTESIAN_POINT('',(17.564043517691,1.124444444458,10.15));
#2490 = ORIENTED_EDGE('',*,*,#766,.F.);
#2491 = CYLINDRICAL_SURFACE('',#2492,17.6);
#2492 = AXIS2_PLACEMENT_3D('',#2493,#2494,#2495);
#2493 = CARTESIAN_POINT('',(4.440892098501E-15,-4.815648849472E-16,18.75
    ));
#2494 = DIRECTION('',(0.,0.,-1.));
#2495 = DIRECTION('',(-1.,0.,0.));
#2496 = ADVANCED_FACE('',(#2497),#2542,.T.);
#2497 = FACE_BOUND('',#2498,.T.);
#2498 = EDGE_LOOP('',(#2499,#2506,#2540,#2541));
#2499 = ORIENTED_EDGE('',*,*,#2500,.T.);
#2500 = EDGE_CURVE('',#2477,#2350,#2501,.T.);
#2501 = CIRCLE('',#2502,0.4);
#2502 = AXIS2_PLACEMENT_3D('',#2503,#2504,#2505);
#2503 = CARTESIAN_POINT('',(17.963226324911,1.150000000014,10.15));
#2504 = DIRECTION('',(0.,0.,1.));
#2505 = DIRECTION('',(-0.997957018051,-6.388888888967E-02,0.));
#2506 = ORIENTED_EDGE('',*,*,#2507,.T.);
#2507 = EDGE_CURVE('',#2350,#776,#2508,.T.);
#2508 = B_SPLINE_CURVE_WITH_KNOTS('',3,(#2509,#2510,#2511,#2512,#2513,
    #2514,#2515,#2516,#2517,#2518,#2519,#2520,#2521,#2522,#2523,#2524,
    #2525,#2526,#2527,#2528,#2529,#2530,#2531,#2532,#2533,#2534,#2535,
    #2536,#2537,#2538,#2539),.UNSPECIFIED.,.F.,.F.,(4,3,3,3,3,3,3,3,3,3,
    4),(-0.502749779286,-0.484303056912,-0.470824932304,-0.451297290217,
    -0.43978377002,-0.430932772493,-0.413842384064,-0.396251593054,
    -0.383818179157,-0.378660802045,-0.377039740893),.UNSPECIFIED.);
#2509 = CARTESIAN_POINT('',(17.963226324911,0.750000000014,10.15));
#2510 = CARTESIAN_POINT('',(17.963226324911,0.750000000014,
    10.11925546271));
#2511 = CARTESIAN_POINT('',(17.963697277556,0.746204507094,10.0885677846
    ));
#2512 = CARTESIAN_POINT('',(17.964578511927,0.738986141884,
    10.058710592465));
#2513 = CARTESIAN_POINT('',(17.965222387107,0.733712032814,
    10.036895391484));
#2514 = CARTESIAN_POINT('',(17.966085042323,0.726611886249,
    10.015523936196));
#2515 = CARTESIAN_POINT('',(17.967141378801,0.717848021072,9.99489367719
    ));
#2516 = CARTESIAN_POINT('',(17.968671841034,0.70515058523,9.965003738808
    ));
#2517 = CARTESIAN_POINT('',(17.970599945001,0.688939028113,
    9.936601735179));
#2518 = CARTESIAN_POINT('',(17.972738601674,0.669612210101,
    9.910499547334));
#2519 = CARTESIAN_POINT('',(17.973999556104,0.658217096009,
    9.895109667409));
#2520 = CARTESIAN_POINT('',(17.975333751834,0.645738218164,
    9.880519698544));
#2521 = CARTESIAN_POINT('',(17.976702685482,0.632251708278,
    9.866902646459));
#2522 = CARTESIAN_POINT('',(17.977755050713,0.621883978548,
    9.856434562652));
#2523 = CARTESIAN_POINT('',(17.978823258081,0.610926532489,
    9.846548286652));
#2524 = CARTESIAN_POINT('',(17.979894674004,0.599427141427,
    9.837330722751));
#2525 = CARTESIAN_POINT('',(17.981963470685,0.577222970727,9.81953253142
    ));
#2526 = CARTESIAN_POINT('',(17.984043998741,0.552997081319,9.80423100387
    ));
#2527 = CARTESIAN_POINT('',(17.986034936946,0.527467394957,
    9.791657564666));
#2528 = CARTESIAN_POINT('',(17.988084169357,0.501190205343,
    9.778715978101));
#2529 = CARTESIAN_POINT('',(17.990041033267,0.473508123283,9.76864230552
    ));
#2530 = CARTESIAN_POINT('',(17.991787356199,0.445065832286,
    9.761638060716));
#2531 = CARTESIAN_POINT('',(17.993021681352,0.424962428411,
    9.756687363807));
#2532 = CARTESIAN_POINT('',(17.994150977106,0.404475616111,9.75327082652
    ));
#2533 = CARTESIAN_POINT('',(17.995132009589,0.383839558474,
    9.751475449752));
#2534 = CARTESIAN_POINT('',(17.995538941628,0.3752797267,9.750730727898)
  );
#2535 = CARTESIAN_POINT('',(17.995920319019,0.366694889279,
    9.750265113006));
#2536 = CARTESIAN_POINT('',(17.996272976881,0.358103056134,
    9.750085010836));
#2537 = CARTESIAN_POINT('',(17.996383823917,0.355402480506,
    9.750028401319));
#2538 = CARTESIAN_POINT('',(17.996491831745,0.352701257856,9.75));
#2539 = CARTESIAN_POINT('',(17.996596900525,0.350000000014,9.75));
#2540 = ORIENTED_EDGE('',*,*,#775,.T.);
#2541 = ORIENTED_EDGE('',*,*,#2484,.T.);
#2542 = B_SPLINE_SURFACE_WITH_KNOTS('',3,3,(
    (#2543,#2544,#2545,#2546,#2547)
    ,(#2548,#2549,#2550,#2551,#2552)
    ,(#2553,#2554,#2555,#2556,#2557)
    ,(#2558,#2559,#2560,#2561,#2562)
    ,(#2563,#2564,#2565,#2566,#2567
  )),.UNSPECIFIED.,.F.,.F.,.F.,(4,1,4),(4,1,4),(0.,0.5,1.),(
    0.377039740893,0.430915471633,0.502749779286),.UNSPECIFIED.);
#2543 = CARTESIAN_POINT('',(17.996596900525,0.350000000014,9.75));
#2544 = CARTESIAN_POINT('',(17.993104954944,0.439775910056,9.75));
#2545 = CARTESIAN_POINT('',(17.977373248553,0.649397543518,
    9.823197464293));
#2546 = CARTESIAN_POINT('',(17.963226324911,0.750000000014,
    10.030276153911));
#2547 = CARTESIAN_POINT('',(17.963226324911,0.750000000014,10.15));
#2548 = CARTESIAN_POINT('',(17.891896943836,0.347963782553,9.75));
#2549 = CARTESIAN_POINT('',(17.88871909292,0.436510050989,9.749532663662
    ));
#2550 = CARTESIAN_POINT('',(17.875009980562,0.645127101205,
    9.819358302266));
#2551 = CARTESIAN_POINT('',(17.862768731953,0.750000000014,
    10.028561007492));
#2552 = CARTESIAN_POINT('',(17.862768731953,0.750000000014,10.15));
#2553 = CARTESIAN_POINT('',(17.683336178075,0.343907667476,9.66331995906
    ));
#2554 = CARTESIAN_POINT('',(17.680759734276,0.45012801002,9.662464997033
    ));
#2555 = CARTESIAN_POINT('',(17.670986858919,0.701055317218,
    9.745056947802));
#2556 = CARTESIAN_POINT('',(17.662525796026,0.829433136133,
    10.000634813031));
#2557 = CARTESIAN_POINT('',(17.662525796026,0.829433136133,10.15));
#2558 = CARTESIAN_POINT('',(17.596672524958,0.342222222236,9.45471975512
    ));
#2559 = CARTESIAN_POINT('',(17.593725589374,0.494238079933,
    9.454425957684));
#2560 = CARTESIAN_POINT('',(17.581391723214,0.85033632111,9.579492743431
    ));
#2561 = CARTESIAN_POINT('',(17.570461641685,1.024192084549,
    9.940728218917));
#2562 = CARTESIAN_POINT('',(17.570461641685,1.024192084549,10.15));
#2563 = CARTESIAN_POINT('',(17.596672524958,0.342222222236,9.35));
#2564 = CARTESIAN_POINT('',(17.593258178167,0.517784001874,9.35));
#2565 = CARTESIAN_POINT('',(17.577876065252,0.927710751754,
    9.496394928586));
#2566 = CARTESIAN_POINT('',(17.564043517691,1.124444444458,
    9.910552307823));
#2567 = CARTESIAN_POINT('',(17.564043517691,1.124444444458,10.15));
#2568 = ADVANCED_FACE('',(#2569),#2581,.T.);
#2569 = FACE_BOUND('',#2570,.T.);
#2570 = EDGE_LOOP('',(#2571,#2572,#2573,#2580));
#2571 = ORIENTED_EDGE('',*,*,#2507,.F.);
#2572 = ORIENTED_EDGE('',*,*,#2389,.T.);
#2573 = ORIENTED_EDGE('',*,*,#2574,.F.);
#2574 = EDGE_CURVE('',#791,#2382,#2575,.T.);
#2575 = CIRCLE('',#2576,0.4);
#2576 = AXIS2_PLACEMENT_3D('',#2577,#2578,#2579);
#2577 = CARTESIAN_POINT('',(22.097228332983,0.350000000015,10.15));
#2578 = DIRECTION('',(1.,1.998401444325E-13,1.110223024625E-14));
#2579 = DIRECTION('',(-1.998401444325E-13,1.,0.));
#2580 = ORIENTED_EDGE('',*,*,#790,.T.);
#2581 = CYLINDRICAL_SURFACE('',#2582,0.4);
#2582 = AXIS2_PLACEMENT_3D('',#2583,#2584,#2585);
#2583 = CARTESIAN_POINT('',(8.792006312554,0.350000000012,10.15));
#2584 = DIRECTION('',(-1.,-1.944057049673E-13,0.));
#2585 = DIRECTION('',(-1.374655922837E-13,0.707106781187,-0.707106781187
    ));
#2586 = ADVANCED_FACE('',(#2587),#2615,.T.);
#2587 = FACE_BOUND('',#2588,.T.);
#2588 = EDGE_LOOP('',(#2589,#2598,#2607,#2614));
#2589 = ORIENTED_EDGE('',*,*,#2590,.F.);
#2590 = EDGE_CURVE('',#2591,#791,#2593,.T.);
#2591 = VERTEX_POINT('',#2592);
#2592 = CARTESIAN_POINT('',(22.497178167064,0.356334841644,10.15));
#2593 = CIRCLE('',#2594,0.4);
#2594 = AXIS2_PLACEMENT_3D('',#2595,#2596,#2597);
#2595 = CARTESIAN_POINT('',(22.097228332983,0.350000000015,10.15));
#2596 = DIRECTION('',(-1.583710407308E-02,0.999874585203,0.));
#2597 = DIRECTION('',(0.,0.,-1.));
#2598 = ORIENTED_EDGE('',*,*,#2599,.T.);
#2599 = EDGE_CURVE('',#2591,#2600,#2602,.T.);
#2600 = VERTEX_POINT('',#2601);
#2601 = CARTESIAN_POINT('',(22.497178167064,-0.356334841645,10.15));
#2602 = CIRCLE('',#2603,22.5);
#2603 = AXIS2_PLACEMENT_3D('',#2604,#2605,#2606);
#2604 = CARTESIAN_POINT('',(4.440892098501E-15,-4.815648849472E-16,10.15
    ));
#2605 = DIRECTION('',(0.,0.,-1.));
#2606 = DIRECTION('',(1.,3.216245299353E-16,0.));
#2607 = ORIENTED_EDGE('',*,*,#2608,.F.);
#2608 = EDGE_CURVE('',#799,#2600,#2609,.T.);
#2609 = CIRCLE('',#2610,0.4);
#2610 = AXIS2_PLACEMENT_3D('',#2611,#2612,#2613);
#2611 = CARTESIAN_POINT('',(22.097228332983,-0.350000000015,10.15));
#2612 = DIRECTION('',(-1.583710407309E-02,-0.999874585203,
    3.642462423566E-15));
#2613 = DIRECTION('',(0.999874585203,-1.583710407309E-02,0.));
#2614 = ORIENTED_EDGE('',*,*,#798,.T.);
#2615 = TOROIDAL_SURFACE('',#2616,22.1,0.4);
#2616 = AXIS2_PLACEMENT_3D('',#2617,#2618,#2619);
#2617 = CARTESIAN_POINT('',(4.440892098501E-15,-4.815648849472E-16,10.15
    ));
#2618 = DIRECTION('',(0.,0.,1.));
#2619 = DIRECTION('',(1.,0.,0.));
#2620 = ADVANCED_FACE('',(#2621),#2675,.T.);
#2621 = FACE_BOUND('',#2622,.T.);
#2622 = EDGE_LOOP('',(#2623,#2659,#2660,#2669));
#2623 = ORIENTED_EDGE('',*,*,#2624,.F.);
#2624 = EDGE_CURVE('',#808,#2625,#2627,.T.);
#2625 = VERTEX_POINT('',#2626);
#2626 = CARTESIAN_POINT('',(17.96322632491,-0.750000000019,10.15));
#2627 = B_SPLINE_CURVE_WITH_KNOTS('',3,(#2628,#2629,#2630,#2631,#2632,
    #2633,#2634,#2635,#2636,#2637,#2638,#2639,#2640,#2641,#2642,#2643,
    #2644,#2645,#2646,#2647,#2648,#2649,#2650,#2651,#2652,#2653,#2654,
    #2655,#2656,#2657,#2658),.UNSPECIFIED.,.F.,.F.,(4,3,3,3,3,3,3,3,3,3,
    4),(-1.131209607502,-1.119566919876,-1.106604972795,-1.094409491099,
    -1.073932143294,-1.068465634473,-1.059391542343,-1.041200095709,
    -1.037424396364,-1.016614652822,-1.005499568613),.UNSPECIFIED.);
#2628 = CARTESIAN_POINT('',(17.996596900525,-0.350000000019,9.75));
#2629 = CARTESIAN_POINT('',(17.99584228192,-0.369400809803,9.75));
#2630 = CARTESIAN_POINT('',(17.99493442573,-0.388795537737,
    9.751510763332));
#2631 = CARTESIAN_POINT('',(17.993910551069,-0.407959215875,
    9.754440058893));
#2632 = CARTESIAN_POINT('',(17.992770658838,-0.429294374034,
    9.757701279607));
#2633 = CARTESIAN_POINT('',(17.991487565859,-0.450338161546,
    9.762716668045));
#2634 = CARTESIAN_POINT('',(17.990110390253,-0.470851265514,
    9.769351428867));
#2635 = CARTESIAN_POINT('',(17.988814649746,-0.490151389362,
    9.775593863253));
#2636 = CARTESIAN_POINT('',(17.987435561418,-0.508982489057,
    9.78327003095));
#2637 = CARTESIAN_POINT('',(17.986013357737,-0.527147225763,
    9.792273303711));
#2638 = CARTESIAN_POINT('',(17.983625345507,-0.557647507801,
    9.807390635873));
#2639 = CARTESIAN_POINT('',(17.981112836326,-0.586305303216,
    9.826264610043));
#2640 = CARTESIAN_POINT('',(17.978648337784,-0.612161221488,
    9.848445150143));
#2641 = CARTESIAN_POINT('',(17.977990430171,-0.619063560925,
    9.85436633287));
#2642 = CARTESIAN_POINT('',(17.977335965171,-0.625765992822,
    9.86052331136));
#2643 = CARTESIAN_POINT('',(17.976688283995,-0.632249687844,
    9.866907831495));
#2644 = CARTESIAN_POINT('',(17.975613170271,-0.643012250917,
    9.877505769924));
#2645 = CARTESIAN_POINT('',(17.97455710719,-0.653163698789,
    9.888722880318));
#2646 = CARTESIAN_POINT('',(17.973541399813,-0.662613285236,
    9.900509919223));
#2647 = CARTESIAN_POINT('',(17.971505142491,-0.681557510742,
    9.924140193874));
#2648 = CARTESIAN_POINT('',(17.969631491064,-0.697677786528,
    9.950062068199));
#2649 = CARTESIAN_POINT('',(17.968070495525,-0.710701668183,
    9.977432522545));
#2650 = CARTESIAN_POINT('',(17.967746505358,-0.713404821067,
    9.983113357533));
#2651 = CARTESIAN_POINT('',(17.96743596177,-0.715974754746,
    9.988856540335));
#2652 = CARTESIAN_POINT('',(17.967140167861,-0.718409309079,
    9.994654476055));
#2653 = CARTESIAN_POINT('',(17.965509901563,-0.731827340199,
    10.026609762851));
#2654 = CARTESIAN_POINT('',(17.964342963837,-0.741169530706,
    10.060304030488));
#2655 = CARTESIAN_POINT('',(17.963727004325,-0.746054259739,
    10.094627996848));
#2656 = CARTESIAN_POINT('',(17.963398002584,-0.748663334399,
    10.112961417234));
#2657 = CARTESIAN_POINT('',(17.96322632491,-0.750000000019,
    10.131474859652));
#2658 = CARTESIAN_POINT('',(17.96322632491,-0.750000000019,10.15));
#2659 = ORIENTED_EDGE('',*,*,#807,.T.);
#2660 = ORIENTED_EDGE('',*,*,#2661,.F.);
#2661 = EDGE_CURVE('',#2662,#799,#2664,.T.);
#2662 = VERTEX_POINT('',#2663);
#2663 = CARTESIAN_POINT('',(22.097228332984,-0.750000000015,10.15));
#2664 = CIRCLE('',#2665,0.4);
#2665 = AXIS2_PLACEMENT_3D('',#2666,#2667,#2668);
#2666 = CARTESIAN_POINT('',(22.097228332983,-0.350000000015,10.15));
#2667 = DIRECTION('',(1.,9.992007221626E-13,0.));
#2668 = DIRECTION('',(0.,0.,-1.));
#2669 = ORIENTED_EDGE('',*,*,#2670,.T.);
#2670 = EDGE_CURVE('',#2662,#2625,#2671,.T.);
#2671 = LINE('',#2672,#2673);
#2672 = CARTESIAN_POINT('',(11.243748262924,-0.750000000026,10.15));
#2673 = VECTOR('',#2674,1.);
#2674 = DIRECTION('',(-1.,-9.983775874838E-13,0.));
#2675 = CYLINDRICAL_SURFACE('',#2676,0.4);
#2676 = AXIS2_PLACEMENT_3D('',#2677,#2678,#2679);
#2677 = CARTESIAN_POINT('',(11.243748262923,-0.350000000026,10.15));
#2678 = DIRECTION('',(1.,9.983775874838E-13,0.));
#2679 = DIRECTION('',(7.059595622944E-13,-0.707106781187,-0.707106781187
    ));
#2680 = ADVANCED_FACE('',(#2681),#2717,.T.);
#2681 = FACE_BOUND('',#2682,.F.);
#2682 = EDGE_LOOP('',(#2683,#2693,#2702,#2710));
#2683 = ORIENTED_EDGE('',*,*,#2684,.T.);
#2684 = EDGE_CURVE('',#2685,#2687,#2689,.T.);
#2685 = VERTEX_POINT('',#2686);
#2686 = CARTESIAN_POINT('',(18.100999847355,-0.750000000019,20.85));
#2687 = VERTEX_POINT('',#2688);
#2688 = CARTESIAN_POINT('',(18.100999847355,-0.750000000019,20.25));
#2689 = LINE('',#2690,#2691);
#2690 = CARTESIAN_POINT('',(18.100999847355,-0.750000000019,20.25));
#2691 = VECTOR('',#2692,1.);
#2692 = DIRECTION('',(-0.,-0.,-1.));
#2693 = ORIENTED_EDGE('',*,*,#2694,.F.);
#2694 = EDGE_CURVE('',#2695,#2687,#2697,.T.);
#2695 = VERTEX_POINT('',#2696);
#2696 = CARTESIAN_POINT('',(6.306808955246,-16.98331111049,20.25));
#2697 = CIRCLE('',#2698,18.116531);
#2698 = AXIS2_PLACEMENT_3D('',#2699,#2700,#2701);
#2699 = CARTESIAN_POINT('',(0.,0.,20.25));
#2700 = DIRECTION('',(0.,0.,1.));
#2701 = DIRECTION('',(1.,0.,0.));
#2702 = ORIENTED_EDGE('',*,*,#2703,.F.);
#2703 = EDGE_CURVE('',#2704,#2695,#2706,.T.);
#2704 = VERTEX_POINT('',#2705);
#2705 = CARTESIAN_POINT('',(6.306808955245,-16.98331111049,20.85));
#2706 = LINE('',#2707,#2708);
#2707 = CARTESIAN_POINT('',(6.306808955246,-16.98331111049,20.25));
#2708 = VECTOR('',#2709,1.);
#2709 = DIRECTION('',(-0.,-0.,-1.));
#2710 = ORIENTED_EDGE('',*,*,#2711,.F.);
#2711 = EDGE_CURVE('',#2685,#2704,#2712,.T.);
#2712 = CIRCLE('',#2713,18.116531);
#2713 = AXIS2_PLACEMENT_3D('',#2714,#2715,#2716);
#2714 = CARTESIAN_POINT('',(0.,0.,20.85));
#2715 = DIRECTION('',(0.,0.,-1.));
#2716 = DIRECTION('',(1.,0.,0.));
#2717 = CYLINDRICAL_SURFACE('',#2718,18.116531);
#2718 = AXIS2_PLACEMENT_3D('',#2719,#2720,#2721);
#2719 = CARTESIAN_POINT('',(0.,0.,20.25));
#2720 = DIRECTION('',(-0.,-0.,-1.));
#2721 = DIRECTION('',(1.,0.,0.));
#2722 = ADVANCED_FACE('',(#2723),#2771,.T.);
#2723 = FACE_BOUND('',#2724,.T.);
#2724 = EDGE_LOOP('',(#2725,#2733,#2741,#2747,#2748,#2756,#2764,#2770));
#2725 = ORIENTED_EDGE('',*,*,#2726,.F.);
#2726 = EDGE_CURVE('',#2727,#2662,#2729,.T.);
#2727 = VERTEX_POINT('',#2728);
#2728 = CARTESIAN_POINT('',(22.097228332984,-0.750000000015,19.85));
#2729 = LINE('',#2730,#2731);
#2730 = CARTESIAN_POINT('',(22.097228332984,-0.750000000015,20.25));
#2731 = VECTOR('',#2732,1.);
#2732 = DIRECTION('',(0.,0.,-1.));
#2733 = ORIENTED_EDGE('',*,*,#2734,.T.);
#2734 = EDGE_CURVE('',#2727,#2735,#2737,.T.);
#2735 = VERTEX_POINT('',#2736);
#2736 = CARTESIAN_POINT('',(22.097228332984,-0.750000000015,20.85));
#2737 = LINE('',#2738,#2739);
#2738 = CARTESIAN_POINT('',(22.097228332984,-0.750000000015,18.25));
#2739 = VECTOR('',#2740,1.);
#2740 = DIRECTION('',(0.,0.,1.));
#2741 = ORIENTED_EDGE('',*,*,#2742,.F.);
#2742 = EDGE_CURVE('',#2685,#2735,#2743,.T.);
#2743 = LINE('',#2744,#2745);
#2744 = CARTESIAN_POINT('',(17.96322632491,-0.750000000019,20.85));
#2745 = VECTOR('',#2746,1.);
#2746 = DIRECTION('',(1.,9.983945601105E-13,0.));
#2747 = ORIENTED_EDGE('',*,*,#2684,.T.);
#2748 = ORIENTED_EDGE('',*,*,#2749,.T.);
#2749 = EDGE_CURVE('',#2687,#2750,#2752,.T.);
#2750 = VERTEX_POINT('',#2751);
#2751 = CARTESIAN_POINT('',(17.96322632491,-0.750000000019,20.25));
#2752 = LINE('',#2753,#2754);
#2753 = CARTESIAN_POINT('',(10.015113664474,-0.750000000027,20.25));
#2754 = VECTOR('',#2755,1.);
#2755 = DIRECTION('',(-1.,-1.000681492525E-12,0.));
#2756 = ORIENTED_EDGE('',*,*,#2757,.F.);
#2757 = EDGE_CURVE('',#2758,#2750,#2760,.T.);
#2758 = VERTEX_POINT('',#2759);
#2759 = CARTESIAN_POINT('',(17.96322632491,-0.750000000019,19.85));
#2760 = LINE('',#2761,#2762);
#2761 = CARTESIAN_POINT('',(17.96322632491,-0.750000000019,18.25));
#2762 = VECTOR('',#2763,1.);
#2763 = DIRECTION('',(0.,0.,1.));
#2764 = ORIENTED_EDGE('',*,*,#2765,.F.);
#2765 = EDGE_CURVE('',#2625,#2758,#2766,.T.);
#2766 = LINE('',#2767,#2768);
#2767 = CARTESIAN_POINT('',(17.96322632491,-0.750000000019,18.75));
#2768 = VECTOR('',#2769,1.);
#2769 = DIRECTION('',(0.,0.,1.));
#2770 = ORIENTED_EDGE('',*,*,#2670,.F.);
#2771 = PLANE('',#2772);
#2772 = AXIS2_PLACEMENT_3D('',#2773,#2774,#2775);
#2773 = CARTESIAN_POINT('',(20.030227328947,-0.750000000017,15.5));
#2774 = DIRECTION('',(1.000681492525E-12,-1.,1.050551836282E-15));
#2775 = DIRECTION('',(-1.,-1.000681492525E-12,0.));
#2776 = ADVANCED_FACE('',(#2777),#2834,.T.);
#2777 = FACE_BOUND('',#2778,.T.);
#2778 = EDGE_LOOP('',(#2779,#2789,#2797,#2803,#2804,#2812,#2820,#2828));
#2779 = ORIENTED_EDGE('',*,*,#2780,.F.);
#2780 = EDGE_CURVE('',#2781,#2783,#2785,.T.);
#2781 = VERTEX_POINT('',#2782);
#2782 = CARTESIAN_POINT('',(6.264234595436,-16.8522807042,19.85));
#2783 = VERTEX_POINT('',#2784);
#2784 = CARTESIAN_POINT('',(6.264234595436,-16.8522807042,10.15));
#2785 = LINE('',#2786,#2787);
#2786 = CARTESIAN_POINT('',(6.264234595436,-16.8522807042,18.75));
#2787 = VECTOR('',#2788,1.);
#2788 = DIRECTION('',(0.,0.,-1.));
#2789 = ORIENTED_EDGE('',*,*,#2790,.T.);
#2790 = EDGE_CURVE('',#2781,#2791,#2793,.T.);
#2791 = VERTEX_POINT('',#2792);
#2792 = CARTESIAN_POINT('',(6.264234595436,-16.8522807042,20.25));
#2793 = LINE('',#2794,#2795);
#2794 = CARTESIAN_POINT('',(6.264234595436,-16.8522807042,18.25));
#2795 = VECTOR('',#2796,1.);
#2796 = DIRECTION('',(0.,0.,1.));
#2797 = ORIENTED_EDGE('',*,*,#2798,.T.);
#2798 = EDGE_CURVE('',#2791,#2695,#2799,.T.);
#2799 = LINE('',#2800,#2801);
#2800 = CARTESIAN_POINT('',(3.808132710152,-9.293176366249,20.25));
#2801 = VECTOR('',#2802,1.);
#2802 = DIRECTION('',(0.309016994375,-0.951056516295,0.));
#2803 = ORIENTED_EDGE('',*,*,#2703,.F.);
#2804 = ORIENTED_EDGE('',*,*,#2805,.F.);
#2805 = EDGE_CURVE('',#2806,#2704,#2808,.T.);
#2806 = VERTEX_POINT('',#2807);
#2807 = CARTESIAN_POINT('',(7.541711470711,-20.78395025236,20.85));
#2808 = LINE('',#2809,#2810);
#2809 = CARTESIAN_POINT('',(7.541711470711,-20.78395025236,20.85));
#2810 = VECTOR('',#2811,1.);
#2811 = DIRECTION('',(-0.309016994375,0.951056516295,0.));
#2812 = ORIENTED_EDGE('',*,*,#2813,.F.);
#2813 = EDGE_CURVE('',#2814,#2806,#2816,.T.);
#2814 = VERTEX_POINT('',#2815);
#2815 = CARTESIAN_POINT('',(7.541711470711,-20.78395025236,19.85));
#2816 = LINE('',#2817,#2818);
#2817 = CARTESIAN_POINT('',(7.541711470711,-20.78395025236,18.25));
#2818 = VECTOR('',#2819,1.);
#2819 = DIRECTION('',(0.,0.,1.));
#2820 = ORIENTED_EDGE('',*,*,#2821,.F.);
#2821 = EDGE_CURVE('',#2822,#2814,#2824,.T.);
#2822 = VERTEX_POINT('',#2823);
#2823 = CARTESIAN_POINT('',(7.541711470711,-20.78395025236,10.15));
#2824 = LINE('',#2825,#2826);
#2825 = CARTESIAN_POINT('',(7.541711470711,-20.78395025236,20.25));
#2826 = VECTOR('',#2827,1.);
#2827 = DIRECTION('',(0.,0.,1.));
#2828 = ORIENTED_EDGE('',*,*,#2829,.F.);
#2829 = EDGE_CURVE('',#2783,#2822,#2830,.T.);
#2830 = LINE('',#2831,#2832);
#2831 = CARTESIAN_POINT('',(3.430171752464,-8.129932149078,10.15));
#2832 = VECTOR('',#2833,1.);
#2833 = DIRECTION('',(0.309016994375,-0.951056516295,0.));
#2834 = PLANE('',#2835);
#2835 = AXIS2_PLACEMENT_3D('',#2836,#2837,#2838);
#2836 = CARTESIAN_POINT('',(6.902973033073,-18.81811547828,15.5));
#2837 = DIRECTION('',(0.951056516295,0.309016994375,-1.451307217156E-16)
  );
#2838 = DIRECTION('',(-0.309016994375,0.951056516295,0.));
#2839 = ADVANCED_FACE('',(#2840),#2898,.F.);
#2840 = FACE_BOUND('',#2841,.F.);
#2841 = EDGE_LOOP('',(#2842,#2843,#2844,#2852,#2867,#2876,#2891,#2897));
#2842 = ORIENTED_EDGE('',*,*,#2694,.T.);
#2843 = ORIENTED_EDGE('',*,*,#2749,.T.);
#2844 = ORIENTED_EDGE('',*,*,#2845,.F.);
#2845 = EDGE_CURVE('',#2846,#2750,#2848,.T.);
#2846 = VERTEX_POINT('',#2847);
#2847 = CARTESIAN_POINT('',(17.96322632491,-0.382049259708,20.25));
#2848 = LINE('',#2849,#2850);
#2849 = CARTESIAN_POINT('',(17.963226324911,0.375000000002,20.25));
#2850 = VECTOR('',#2851,1.);
#2851 = DIRECTION('',(-5.99224373811E-13,-1.,0.));
#2852 = ORIENTED_EDGE('',*,*,#2853,.T.);
#2853 = EDGE_CURVE('',#2846,#2854,#2856,.T.);
#2854 = VERTEX_POINT('',#2855);
#2855 = CARTESIAN_POINT('',(17.570438837359,-1.01964653809,20.25));
#2856 = B_SPLINE_CURVE_WITH_KNOTS('',3,(#2857,#2858,#2859,#2860,#2861,
    #2862,#2863,#2864,#2865,#2866),.UNSPECIFIED.,.F.,.F.,(4,2,2,2,4),(
    -3.953207991069E-04,0.,3.320699283205E-02,5.771937167451E-02,
    7.985344769293E-02),.UNSPECIFIED.);
#2857 = CARTESIAN_POINT('',(17.996596900525,-0.350000000019,20.25));
#2858 = CARTESIAN_POINT('',(17.995647351389,-0.350913665492,20.25));
#2859 = CARTESIAN_POINT('',(17.994697679714,-0.351827170459,20.25));
#2860 = CARTESIAN_POINT('',(17.91396367069,-0.42946573921,20.25));
#2861 = CARTESIAN_POINT('',(17.833840487702,-0.504789868366,20.25));
#2862 = CARTESIAN_POINT('',(17.712366949312,-0.650508074798,20.25));
#2863 = CARTESIAN_POINT('',(17.660174280951,-0.724334527168,20.25));
#2864 = CARTESIAN_POINT('',(17.588694615863,-0.887600516969,20.25));
#2865 = CARTESIAN_POINT('',(17.574005740518,-0.958182048716,20.25));
#2866 = CARTESIAN_POINT('',(17.570438837359,-1.01964653809,20.25));
#2867 = ORIENTED_EDGE('',*,*,#2868,.F.);
#2868 = EDGE_CURVE('',#2869,#2854,#2871,.T.);
#2869 = VERTEX_POINT('',#2870);
#2870 = CARTESIAN_POINT('',(6.399305683759,-16.3953922419,
    20.249999999976));
#2871 = CIRCLE('',#2872,17.6);
#2872 = AXIS2_PLACEMENT_3D('',#2873,#2874,#2875);
#2873 = CARTESIAN_POINT('',(4.440892098501E-15,-4.815648849472E-16,20.25
    ));
#2874 = DIRECTION('',(0.,0.,1.));
#2875 = DIRECTION('',(-1.,0.,0.));
#2876 = ORIENTED_EDGE('',*,*,#2877,.T.);
#2877 = EDGE_CURVE('',#2869,#2878,#2880,.T.);
#2878 = VERTEX_POINT('',#2879);
#2879 = CARTESIAN_POINT('',(5.914292646141,-16.96598373606,20.25));
#2880 = B_SPLINE_CURVE_WITH_KNOTS('',3,(#2881,#2882,#2883,#2884,#2885,
    #2886,#2887,#2888,#2889,#2890),.UNSPECIFIED.,.F.,.F.,(4,2,2,2,4),(0.
    ,1.847037016268E-02,3.892538721143E-02,6.663583682195E-02,
    6.696572247049E-02),.UNSPECIFIED.);
#2881 = CARTESIAN_POINT('',(6.399305683733,-16.39539224191,20.25));
#2882 = CARTESIAN_POINT('',(6.341951713341,-16.41777814054,20.25));
#2883 = CARTESIAN_POINT('',(6.279363798355,-16.45355898486,20.25));
#2884 = CARTESIAN_POINT('',(6.146177013393,-16.57199218238,20.25));
#2885 = CARTESIAN_POINT('',(6.092092286522,-16.64444402849,20.25));
#2886 = CARTESIAN_POINT('',(5.991043438136,-16.8050016439,20.25));
#2887 = CARTESIAN_POINT('',(5.944165374817,-16.90447972304,20.25));
#2888 = CARTESIAN_POINT('',(5.895274915791,-17.00525391013,20.25));
#2889 = CARTESIAN_POINT('',(5.89469958391,-17.00643939366,20.25));
#2890 = CARTESIAN_POINT('',(5.894124063894,-17.00762480534,20.25));
#2891 = ORIENTED_EDGE('',*,*,#2892,.F.);
#2892 = EDGE_CURVE('',#2791,#2878,#2893,.T.);
#2893 = LINE('',#2894,#2895);
#2894 = CARTESIAN_POINT('',(5.907588401813,-16.9681620771,20.25));
#2895 = VECTOR('',#2896,1.);
#2896 = DIRECTION('',(-0.951056516295,-0.309016994374,0.));
#2897 = ORIENTED_EDGE('',*,*,#2798,.T.);
#2898 = PLANE('',#2899);
#2899 = AXIS2_PLACEMENT_3D('',#2900,#2901,#2902);
#2900 = CARTESIAN_POINT('',(-1.243948403436E-15,2.412505994542E-15,20.25
    ));
#2901 = DIRECTION('',(0.,0.,1.));
#2902 = DIRECTION('',(1.,0.,0.));
#2903 = ADVANCED_FACE('',(#2904),#2924,.T.);
#2904 = FACE_BOUND('',#2905,.T.);
#2905 = EDGE_LOOP('',(#2906,#2907,#2908,#2917));
#2906 = ORIENTED_EDGE('',*,*,#815,.T.);
#2907 = ORIENTED_EDGE('',*,*,#2624,.T.);
#2908 = ORIENTED_EDGE('',*,*,#2909,.F.);
#2909 = EDGE_CURVE('',#2910,#2625,#2912,.T.);
#2910 = VERTEX_POINT('',#2911);
#2911 = CARTESIAN_POINT('',(17.56404351769,-1.124444444463,10.15));
#2912 = CIRCLE('',#2913,0.4);
#2913 = AXIS2_PLACEMENT_3D('',#2914,#2915,#2916);
#2914 = CARTESIAN_POINT('',(17.96322632491,-1.150000000019,10.15));
#2915 = DIRECTION('',(0.,0.,-1.));
#2916 = DIRECTION('',(-0.997957018051,6.388888888997E-02,0.));
#2917 = ORIENTED_EDGE('',*,*,#2918,.T.);
#2918 = EDGE_CURVE('',#2910,#816,#2919,.T.);
#2919 = B_SPLINE_CURVE_WITH_KNOTS('',3,(#2920,#2921,#2922,#2923),
  .UNSPECIFIED.,.F.,.F.,(4,4),(1.005499568613,1.047392125518),
  .PIECEWISE_BEZIER_KNOTS.);
#2920 = CARTESIAN_POINT('',(17.56404351769,-1.124444444463,10.15));
#2921 = CARTESIAN_POINT('',(17.56404351769,-1.124444444463,
    10.01035814365));
#2922 = CARTESIAN_POINT('',(17.566692394951,-1.08730140237,
    9.870612624445));
#2923 = CARTESIAN_POINT('',(17.570589472938,-1.019319034535,
    9.74970810567));
#2924 = B_SPLINE_SURFACE_WITH_KNOTS('',3,3,(
    (#2925,#2926,#2927,#2928,#2929)
    ,(#2930,#2931,#2932,#2933,#2934)
    ,(#2935,#2936,#2937,#2938,#2939)
    ,(#2940,#2941,#2942,#2943,#2944)
    ,(#2945,#2946,#2947,#2948,#2949
  )),.UNSPECIFIED.,.F.,.F.,.F.,(4,1,4),(4,1,4),(0.,0.5,1.),(
    1.005499568613,1.059375299565,1.131209607502),.UNSPECIFIED.);
#2925 = CARTESIAN_POINT('',(17.96322632491,-0.750000000019,10.15));
#2926 = CARTESIAN_POINT('',(17.96322632491,-0.750000000019,
    10.060207115079));
#2927 = CARTESIAN_POINT('',(17.973681012799,-0.67670122583,
    9.850490359384));
#2928 = CARTESIAN_POINT('',(17.991940973389,-0.469701205528,9.75));
#2929 = CARTESIAN_POINT('',(17.996596900525,-0.350000000019,9.75));
#2930 = CARTESIAN_POINT('',(17.862768731952,-0.75000000002,10.15));
#2931 = CARTESIAN_POINT('',(17.862768731952,-0.75000000002,
    10.058920755259));
#2932 = CARTESIAN_POINT('',(17.871826407265,-0.673308620916,
    9.846461869553));
#2933 = CARTESIAN_POINT('',(17.88765980956,-0.466025466033,
    9.749376884924));
#2934 = CARTESIAN_POINT('',(17.891896943836,-0.347963782559,9.75));
#2935 = CARTESIAN_POINT('',(17.662525796025,-0.829433136139,10.15));
#2936 = CARTESIAN_POINT('',(17.662525796025,-0.829433136139,
    10.037976109331));
#2937 = CARTESIAN_POINT('',(17.66883400163,-0.735182444024,9.77747637739
    ));
#2938 = CARTESIAN_POINT('',(17.679900919902,-0.485534781548,
    9.662180009765));
#2939 = CARTESIAN_POINT('',(17.683336178075,-0.343907667482,
    9.66331995906));
#2940 = CARTESIAN_POINT('',(17.570461641685,-1.024192084555,10.15));
#2941 = CARTESIAN_POINT('',(17.570461641685,-1.024192084555,
    9.993046163569));
#2942 = CARTESIAN_POINT('',(17.578541355324,-0.89730804469,
    9.626740869717));
#2943 = CARTESIAN_POINT('',(17.592743277771,-0.544910019159,
    9.454328025231));
#2944 = CARTESIAN_POINT('',(17.596672524958,-0.342222222241,
    9.45471975512));
#2945 = CARTESIAN_POINT('',(17.56404351769,-1.124444444463,10.15));
#2946 = CARTESIAN_POINT('',(17.56404351769,-1.124444444463,
    9.970414230159));
#2947 = CARTESIAN_POINT('',(17.574265879182,-0.981104619381,
    9.550980718769));
#2948 = CARTESIAN_POINT('',(17.59212006287,-0.57630457968,9.35));
#2949 = CARTESIAN_POINT('',(17.596672524958,-0.342222222241,9.35));
#2950 = ADVANCED_FACE('',(#2951),#2995,.T.);
#2951 = FACE_BOUND('',#2952,.T.);
#2952 = EDGE_LOOP('',(#2953,#2962,#2970,#2977,#2978,#2979,#2987,#2994));
#2953 = ORIENTED_EDGE('',*,*,#2954,.F.);
#2954 = EDGE_CURVE('',#2955,#2869,#2957,.T.);
#2955 = VERTEX_POINT('',#2956);
#2956 = CARTESIAN_POINT('',(6.496998153021,-16.35692559742,19.85));
#2957 = B_SPLINE_CURVE_WITH_KNOTS('',3,(#2958,#2959,#2960,#2961),
  .UNSPECIFIED.,.F.,.F.,(4,4),(0.502750296009,0.544634662704),
  .PIECEWISE_BEZIER_KNOTS.);
#2958 = CARTESIAN_POINT('',(6.496998153021,-16.35692559742,19.85));
#2959 = CARTESIAN_POINT('',(6.496998153021,-16.35692559742,
    19.989614555648));
#2960 = CARTESIAN_POINT('',(6.461480477133,-16.37129146925,
    20.128281194114));
#2961 = CARTESIAN_POINT('',(6.398060940046,-16.3960067273,
    20.249221697868));
#2962 = ORIENTED_EDGE('',*,*,#2963,.F.);
#2963 = EDGE_CURVE('',#2964,#2955,#2966,.T.);
#2964 = VERTEX_POINT('',#2965);
#2965 = CARTESIAN_POINT('',(6.496998153021,-16.35692559742,10.15));
#2966 = LINE('',#2967,#2968);
#2967 = CARTESIAN_POINT('',(6.496998153021,-16.35692559742,18.75));
#2968 = VECTOR('',#2969,1.);
#2969 = DIRECTION('',(0.,0.,1.));
#2970 = ORIENTED_EDGE('',*,*,#2971,.F.);
#2971 = EDGE_CURVE('',#831,#2964,#2972,.T.);
#2972 = B_SPLINE_CURVE_WITH_KNOTS('',3,(#2973,#2974,#2975,#2976),
  .UNSPECIFIED.,.F.,.F.,(4,4),(0.157769390851,0.199661968198),
  .PIECEWISE_BEZIER_KNOTS.);
#2973 = CARTESIAN_POINT('',(6.399040774511,-16.39563671434,
    9.749707826702));
#2974 = CARTESIAN_POINT('',(6.462491774441,-16.3709225923,9.870612483212
    ));
#2975 = CARTESIAN_POINT('',(6.496998153021,-16.35692559742,
    10.010358075509));
#2976 = CARTESIAN_POINT('',(6.496998153021,-16.35692559742,10.15));
#2977 = ORIENTED_EDGE('',*,*,#830,.F.);
#2978 = ORIENTED_EDGE('',*,*,#2918,.F.);
#2979 = ORIENTED_EDGE('',*,*,#2980,.F.);
#2980 = EDGE_CURVE('',#2981,#2910,#2983,.T.);
#2981 = VERTEX_POINT('',#2982);
#2982 = CARTESIAN_POINT('',(17.56404351769,-1.124444444463,19.85));
#2983 = LINE('',#2984,#2985);
#2984 = CARTESIAN_POINT('',(17.56404351769,-1.124444444463,18.75));
#2985 = VECTOR('',#2986,1.);
#2986 = DIRECTION('',(0.,0.,-1.));
#2987 = ORIENTED_EDGE('',*,*,#2988,.F.);
#2988 = EDGE_CURVE('',#2854,#2981,#2989,.T.);
#2989 = B_SPLINE_CURVE_WITH_KNOTS('',3,(#2990,#2991,#2992,#2993),
  .UNSPECIFIED.,.F.,.F.,(4,4),(0.460857227268,0.502749784307),
  .PIECEWISE_BEZIER_KNOTS.);
#2990 = CARTESIAN_POINT('',(17.570589516984,-1.019318266301,
    20.250291207147));
#2991 = CARTESIAN_POINT('',(17.566692423273,-1.087300907796,
    20.129386934075));
#2992 = CARTESIAN_POINT('',(17.56404351769,-1.124444444463,
    19.989641856794));
#2993 = CARTESIAN_POINT('',(17.56404351769,-1.124444444463,19.85));
#2994 = ORIENTED_EDGE('',*,*,#2868,.F.);
#2995 = CYLINDRICAL_SURFACE('',#2996,17.6);
#2996 = AXIS2_PLACEMENT_3D('',#2997,#2998,#2999);
#2997 = CARTESIAN_POINT('',(4.440892098501E-15,-4.815648849472E-16,18.75
    ));
#2998 = DIRECTION('',(0.,0.,-1.));
#2999 = DIRECTION('',(-1.,0.,0.));
#3000 = ADVANCED_FACE('',(#3001),#3046,.T.);
#3001 = FACE_BOUND('',#3002,.T.);
#3002 = EDGE_LOOP('',(#3003,#3010,#3044,#3045));
#3003 = ORIENTED_EDGE('',*,*,#3004,.T.);
#3004 = EDGE_CURVE('',#2964,#2783,#3005,.T.);
#3005 = CIRCLE('',#3006,0.4);
#3006 = AXIS2_PLACEMENT_3D('',#3007,#3008,#3009);
#3007 = CARTESIAN_POINT('',(6.644657201954,-16.72867390645,10.15));
#3008 = DIRECTION('',(0.,0.,1.));
#3009 = DIRECTION('',(-0.369147622331,0.929370772581,0.));
#3010 = ORIENTED_EDGE('',*,*,#3011,.T.);
#3011 = EDGE_CURVE('',#2783,#840,#3012,.T.);
#3012 = B_SPLINE_CURVE_WITH_KNOTS('',3,(#3013,#3014,#3015,#3016,#3017,
    #3018,#3019,#3020,#3021,#3022,#3023,#3024,#3025,#3026,#3027,#3028,
    #3029,#3030,#3031,#3032,#3033,#3034,#3035,#3036,#3037,#3038,#3039,
    #3040,#3041,#3042,#3043),.UNSPECIFIED.,.F.,.F.,(4,3,3,3,3,3,3,3,3,3,
    4),(-0.199661968198,-0.178812541502,-0.16790279367,-0.149725270605,
    -0.145770334787,-0.136432020011,-0.116701136611,-0.106668495684,
    -9.031040186154E-02,-7.869945969445E-02,-7.395230803885E-02),
  .UNSPECIFIED.);
#3013 = CARTESIAN_POINT('',(6.264234595436,-16.8522807042,10.15));
#3014 = CARTESIAN_POINT('',(6.264234595436,-16.8522807042,
    10.115250955506));
#3015 = CARTESIAN_POINT('',(6.259951288624,-16.85430676538,
    10.080542892452));
#3016 = CARTESIAN_POINT('',(6.251746965854,-16.85814424182,
    10.046987027316));
#3017 = CARTESIAN_POINT('',(6.247453941693,-16.86015225388,
    10.029428461691));
#3018 = CARTESIAN_POINT('',(6.242086467795,-16.86265667689,
    10.012185322793));
#3019 = CARTESIAN_POINT('',(6.235691665189,-16.86562926375,
    9.995418099055));
#3020 = CARTESIAN_POINT('',(6.225036820215,-16.87058210657,
    9.967481010046));
#3021 = CARTESIAN_POINT('',(6.211497916292,-16.876833307,9.940806396055)
  );
#3022 = CARTESIAN_POINT('',(6.195277654029,-16.88416074394,
    9.916238636917));
#3023 = CARTESIAN_POINT('',(6.191748565057,-16.8857549954,9.910893359113
    ));
#3024 = CARTESIAN_POINT('',(6.188092716002,-16.88740011212,
    9.905647761721));
#3025 = CARTESIAN_POINT('',(6.184312468152,-16.88909367835,
    9.900510417699));
#3026 = CARTESIAN_POINT('',(6.175386623087,-16.89309249279,
    9.888380224492));
#3027 = CARTESIAN_POINT('',(6.165767059411,-16.89736149254,
    9.876853741908));
#3028 = CARTESIAN_POINT('',(6.155540740777,-16.90184795634,
    9.865984585021));
#3029 = CARTESIAN_POINT('',(6.133933598008,-16.91132738556,9.84301919219
    ));
#3030 = CARTESIAN_POINT('',(6.109661905305,-16.9217665245,9.823024429879
    ));
#3031 = CARTESIAN_POINT('',(6.083495276431,-16.93274795991,
    9.806390411623));
#3032 = CARTESIAN_POINT('',(6.070190226351,-16.93833173414,
    9.797932446059));
#3033 = CARTESIAN_POINT('',(6.056394513506,-16.94405603419,
    9.790343838379));
#3034 = CARTESIAN_POINT('',(6.042205836077,-16.94986734892,
    9.783679273922));
#3035 = CARTESIAN_POINT('',(6.019071377436,-16.95934262392,
    9.772812786079));
#3036 = CARTESIAN_POINT('',(5.994874146217,-16.96905673134,
    9.764394083538));
#3037 = CARTESIAN_POINT('',(5.970040492967,-16.97876800238,9.7586896779)
  );
#3038 = CARTESIAN_POINT('',(5.952413615728,-16.98566104308,
    9.754640702226));
#3039 = CARTESIAN_POINT('',(5.934459669756,-16.99255495046,
    9.751959956718));
#3040 = CARTESIAN_POINT('',(5.916368230593,-16.99934902015,
    9.750746832182));
#3041 = CARTESIAN_POINT('',(5.908971517722,-17.00212678604,
    9.750250844339));
#3042 = CARTESIAN_POINT('',(5.901552260571,-17.00488771725,9.75));
#3043 = CARTESIAN_POINT('',(5.894124063894,-17.00762480534,9.75));
#3044 = ORIENTED_EDGE('',*,*,#839,.T.);
#3045 = ORIENTED_EDGE('',*,*,#2971,.T.);
#3046 = B_SPLINE_SURFACE_WITH_KNOTS('',3,3,(
    (#3047,#3048,#3049,#3050,#3051)
    ,(#3052,#3053,#3054,#3055,#3056)
    ,(#3057,#3058,#3059,#3060,#3061)
    ,(#3062,#3063,#3064,#3065,#3066)
    ,(#3067,#3068,#3069,#3070,#3071
  )),.UNSPECIFIED.,.F.,.F.,.F.,(4,1,4),(4,1,4),(0.,0.5,1.),(
    7.395230803885E-02,0.145786399558,0.199661968198),.UNSPECIFIED.);
#3047 = CARTESIAN_POINT('',(5.894124063894,-17.00762480534,9.75));
#3048 = CARTESIAN_POINT('',(6.006527837489,-16.96620707723,9.75));
#3049 = CARTESIAN_POINT('',(6.197754865028,-16.88487390436,
    9.850491252967));
#3050 = CARTESIAN_POINT('',(6.264234595436,-16.8522807042,10.0602073856)
  );
#3051 = CARTESIAN_POINT('',(6.264234595436,-16.8522807042,10.15));
#3052 = CARTESIAN_POINT('',(5.859833440082,-16.90867845508,9.75));
#3053 = CARTESIAN_POINT('',(5.970807350657,-16.8681656622,9.749376885352
    ));
#3054 = CARTESIAN_POINT('',(6.16305344101,-16.78905282215,9.846462845013
    ));
#3055 = CARTESIAN_POINT('',(6.233191491998,-16.75673985581,
    10.058921029656));
#3056 = CARTESIAN_POINT('',(6.233191491998,-16.75673985581,10.15));
#3057 = CARTESIAN_POINT('',(5.79153175553,-16.71159243995,9.6633055108)
  );
#3058 = CARTESIAN_POINT('',(5.925165500188,-16.66456016251,
    9.662165562289));
#3059 = CARTESIAN_POINT('',(6.159183115133,-16.57688501306,
    9.777472334698));
#3060 = CARTESIAN_POINT('',(6.246874218587,-16.54175873976,
    10.037976446828));
#3061 = CARTESIAN_POINT('',(6.246874218587,-16.54175873976,10.15));
#3062 = CARTESIAN_POINT('',(5.763143529141,-16.62967758744,9.45471975512
    ));
#3063 = CARTESIAN_POINT('',(5.954696743282,-16.56330672315,9.4543280255)
  );
#3064 = CARTESIAN_POINT('',(6.285460167618,-16.44090232238,
    9.626742443262));
#3065 = CARTESIAN_POINT('',(6.403635802242,-16.394009279,9.993046636427)
  );
#3066 = CARTESIAN_POINT('',(6.403635802242,-16.394009279,10.15));
#3067 = CARTESIAN_POINT('',(5.763143529141,-16.62967758744,9.35));
#3068 = CARTESIAN_POINT('',(5.984362140244,-16.5530125649,9.35));
#3069 = CARTESIAN_POINT('',(6.363834487327,-16.41094144099,
    9.550982505934));
#3070 = CARTESIAN_POINT('',(6.496998153021,-16.35692559742,
    9.970414771201));
#3071 = CARTESIAN_POINT('',(6.496998153021,-16.35692559742,10.15));
#3072 = ADVANCED_FACE('',(#3073),#3085,.T.);
#3073 = FACE_BOUND('',#3074,.T.);
#3074 = EDGE_LOOP('',(#3075,#3076,#3077,#3084));
#3075 = ORIENTED_EDGE('',*,*,#3011,.F.);
#3076 = ORIENTED_EDGE('',*,*,#2829,.T.);
#3077 = ORIENTED_EDGE('',*,*,#3078,.F.);
#3078 = EDGE_CURVE('',#855,#2822,#3079,.T.);
#3079 = CIRCLE('',#3080,0.4);
#3080 = AXIS2_PLACEMENT_3D('',#3081,#3082,#3083);
#3081 = CARTESIAN_POINT('',(7.161288864193,-20.90755705011,10.15));
#3082 = DIRECTION('',(0.309016994375,-0.951056516295,-1.313193178727E-14
    ));
#3083 = DIRECTION('',(0.951056516295,0.309016994375,-1.577721810442E-30)
  );
#3084 = ORIENTED_EDGE('',*,*,#854,.T.);
#3085 = CYLINDRICAL_SURFACE('',#3086,0.4);
#3086 = AXIS2_PLACEMENT_3D('',#3087,#3088,#3089);
#3087 = CARTESIAN_POINT('',(3.049749145946,-8.253538946828,10.15));
#3088 = DIRECTION('',(-0.309016994375,0.951056516295,0.));
#3089 = DIRECTION('',(0.672498511964,0.218508012225,-0.707106781187));
#3090 = ADVANCED_FACE('',(#3091),#3119,.T.);
#3091 = FACE_BOUND('',#3092,.T.);
#3092 = EDGE_LOOP('',(#3093,#3102,#3111,#3118));
#3093 = ORIENTED_EDGE('',*,*,#3094,.F.);
#3094 = EDGE_CURVE('',#3095,#855,#3097,.T.);
#3095 = VERTEX_POINT('',#3096);
#3096 = CARTESIAN_POINT('',(7.290904952232,-21.28597437228,10.15));
#3097 = CIRCLE('',#3098,0.4);
#3098 = AXIS2_PLACEMENT_3D('',#3099,#3100,#3101);
#3099 = CARTESIAN_POINT('',(7.161288864193,-20.90755705011,10.15));
#3100 = DIRECTION('',(0.946043305435,0.324040220099,0.));
#3101 = DIRECTION('',(0.,0.,-1.));
#3102 = ORIENTED_EDGE('',*,*,#3103,.T.);
#3103 = EDGE_CURVE('',#3095,#3104,#3106,.T.);
#3104 = VERTEX_POINT('',#3105);
#3105 = CARTESIAN_POINT('',(6.613115805975,-21.50620141579,10.15));
#3106 = CIRCLE('',#3107,22.5);
#3107 = AXIS2_PLACEMENT_3D('',#3108,#3109,#3110);
#3108 = CARTESIAN_POINT('',(9.143157067742E-16,-4.372351101786E-15,10.15
    ));
#3109 = DIRECTION('',(0.,0.,-1.));
#3110 = DIRECTION('',(0.309016994375,-0.951056516295,0.));
#3111 = ORIENTED_EDGE('',*,*,#3112,.F.);
#3112 = EDGE_CURVE('',#863,#3104,#3113,.T.);
#3113 = CIRCLE('',#3114,0.4);
#3114 = AXIS2_PLACEMENT_3D('',#3115,#3116,#3117);
#3115 = CARTESIAN_POINT('',(6.495549302758,-21.12386894618,10.15));
#3116 = DIRECTION('',(-0.955831174035,-0.293916258043,5.305928885343E-15
    ));
#3117 = DIRECTION('',(0.293916258043,-0.955831174035,3.944304526105E-31)
  );
#3118 = ORIENTED_EDGE('',*,*,#862,.T.);
#3119 = TOROIDAL_SURFACE('',#3120,22.1,0.4);
#3120 = AXIS2_PLACEMENT_3D('',#3121,#3122,#3123);
#3121 = CARTESIAN_POINT('',(9.143157067742E-16,-4.372351101786E-15,10.15
    ));
#3122 = DIRECTION('',(0.,0.,1.));
#3123 = DIRECTION('',(1.,0.,0.));
#3124 = ADVANCED_FACE('',(#3125),#3167,.T.);
#3125 = FACE_BOUND('',#3126,.T.);
#3126 = EDGE_LOOP('',(#3127,#3158,#3159,#3166));
#3127 = ORIENTED_EDGE('',*,*,#3128,.F.);
#3128 = EDGE_CURVE('',#872,#105,#3129,.T.);
#3129 = B_SPLINE_CURVE_WITH_KNOTS('',3,(#3130,#3131,#3132,#3133,#3134,
    #3135,#3136,#3137,#3138,#3139,#3140,#3141,#3142,#3143,#3144,#3145,
    #3146,#3147,#3148,#3149,#3150,#3151,#3152,#3153,#3154,#3155,#3156,
    #3157),.UNSPECIFIED.,.F.,.F.,(4,3,3,3,3,3,3,3,3,4),(-0.628457724585,
    -0.615528870808,-0.596656952619,-0.577017541618,-0.565944792832,
    -0.556639791186,-0.538469358152,-0.534549350647,-0.513709605896,
    -0.502748189991),.UNSPECIFIED.);
#3130 = CARTESIAN_POINT('',(5.228384502456,-17.22393670141,9.75));
#3131 = CARTESIAN_POINT('',(5.20763597311,-17.22979720152,9.75));
#3132 = CARTESIAN_POINT('',(5.18683750503,-17.23547525266,9.751863428913
    ));
#3133 = CARTESIAN_POINT('',(5.166293642338,-17.24092544304,
    9.755462678511));
#3134 = CARTESIAN_POINT('',(5.136306289806,-17.24888094697,
    9.760716411375));
#3135 = CARTESIAN_POINT('',(5.106865684558,-17.25635075092,
    9.769659169846));
#3136 = CARTESIAN_POINT('',(5.078721549149,-17.26325015046,
    9.781878002049));
#3137 = CARTESIAN_POINT('',(5.04943283366,-17.27043013832,9.794593755963
    ));
#3138 = CARTESIAN_POINT('',(5.021519655811,-17.27699927196,
    9.810867414983));
#3139 = CARTESIAN_POINT('',(4.99581562777,-17.28285093124,9.830296055124
    ));
#3140 = CARTESIAN_POINT('',(4.981323632807,-17.28615011131,
    9.841249970775));
#3141 = CARTESIAN_POINT('',(4.967534328059,-17.28922107644,
    9.853207494135));
#3142 = CARTESIAN_POINT('',(4.954602814452,-17.29204330432,9.86610100622
    ));
#3143 = CARTESIAN_POINT('',(4.943735796902,-17.2944149679,9.876936089133
    ));
#3144 = CARTESIAN_POINT('',(4.933483420144,-17.29660711487,
    9.888423633367));
#3145 = CARTESIAN_POINT('',(4.923945961401,-17.29861139214,
    9.900510580034));
#3146 = CARTESIAN_POINT('',(4.905321595494,-17.3025252642,9.924113483435
    ));
#3147 = CARTESIAN_POINT('',(4.889426441022,-17.30572218168,
    9.950003045501));
#3148 = CARTESIAN_POINT('',(4.876565386437,-17.30826082626,
    9.977339084871));
#3149 = CARTESIAN_POINT('',(4.873790800361,-17.30880850203,
    9.983236439066));
#3150 = CARTESIAN_POINT('',(4.871157246979,-17.30932557401,
    9.989201055036));
#3151 = CARTESIAN_POINT('',(4.868667477833,-17.30981268632,
    9.995224431132));
#3152 = CARTESIAN_POINT('',(4.855431239528,-17.31240229776,
    10.027246211758));
#3153 = CARTESIAN_POINT('',(4.846228288082,-17.31417088194,
    10.06100561955));
#3154 = CARTESIAN_POINT('',(4.841450684185,-17.31508330884,
    10.095388411028));
#3155 = CARTESIAN_POINT('',(4.838937730982,-17.3155632327,
    10.113473281157));
#3156 = CARTESIAN_POINT('',(4.837649820961,-17.31580619577,
    10.131730973493));
#3157 = CARTESIAN_POINT('',(4.837649820961,-17.31580619577,10.15));
#3158 = ORIENTED_EDGE('',*,*,#871,.T.);
#3159 = ORIENTED_EDGE('',*,*,#3160,.F.);
#3160 = EDGE_CURVE('',#66,#863,#3161,.T.);
#3161 = CIRCLE('',#3162,0.4);
#3162 = AXIS2_PLACEMENT_3D('',#3163,#3164,#3165);
#3163 = CARTESIAN_POINT('',(6.495549302758,-21.12386894618,10.15));
#3164 = DIRECTION('',(0.309016994376,-0.951056516295,0.));
#3165 = DIRECTION('',(0.,0.,-1.));
#3166 = ORIENTED_EDGE('',*,*,#112,.T.);
#3167 = CYLINDRICAL_SURFACE('',#3168,0.4);
#3168 = AXIS2_PLACEMENT_3D('',#3169,#3170,#3171);
#3169 = CARTESIAN_POINT('',(3.141639512989,-10.80159600107,10.15));
#3170 = DIRECTION('',(0.309016994376,-0.951056516295,0.));
#3171 = DIRECTION('',(-0.672498511964,-0.218508012225,-0.707106781187));
#3172 = ADVANCED_FACE('',(#3173),#3185,.T.);
#3173 = FACE_BOUND('',#3174,.T.);
#3174 = EDGE_LOOP('',(#3175,#3176,#3177,#3184));
#3175 = ORIENTED_EDGE('',*,*,#879,.T.);
#3176 = ORIENTED_EDGE('',*,*,#3128,.T.);
#3177 = ORIENTED_EDGE('',*,*,#3178,.F.);
#3178 = EDGE_CURVE('',#254,#105,#3179,.T.);
#3179 = CIRCLE('',#3180,0.4);
#3180 = AXIS2_PLACEMENT_3D('',#3181,#3182,#3183);
#3181 = CARTESIAN_POINT('',(4.457227214443,-17.43941299352,10.15));
#3182 = DIRECTION('',(0.,0.,-1.));
#3183 = DIRECTION('',(-0.247623734136,0.968856277418,0.));
#3184 = ORIENTED_EDGE('',*,*,#253,.T.);
#3185 = B_SPLINE_SURFACE_WITH_KNOTS('',3,3,(
    (#3186,#3187,#3188,#3189,#3190)
    ,(#3191,#3192,#3193,#3194,#3195)
    ,(#3196,#3197,#3198,#3199,#3200)
    ,(#3201,#3202,#3203,#3204,#3205)
    ,(#3206,#3207,#3208,#3209,#3210
  )),.UNSPECIFIED.,.F.,.F.,.F.,(4,1,4),(4,1,4),(0.,0.5,1.),(
    0.502748189991,0.556623704817,0.628457724585),.UNSPECIFIED.);
#3186 = CARTESIAN_POINT('',(4.837649820961,-17.31580619577,10.15));
#3187 = CARTESIAN_POINT('',(4.837649820961,-17.31580619577,
    10.060207475291));
#3188 = CARTESIAN_POINT('',(4.910590110044,-17.30309902385,
    9.850491532369));
#3189 = CARTESIAN_POINT('',(5.113103574,-17.25649823301,9.75));
#3190 = CARTESIAN_POINT('',(5.228384502456,-17.22393670141,9.75));
#3191 = CARTESIAN_POINT('',(4.806606717523,-17.22026534738,10.15));
#3192 = CARTESIAN_POINT('',(4.806606717523,-17.22026534738,
    10.058921120631));
#3193 = CARTESIAN_POINT('',(4.882341934964,-17.20518116174,9.84646311458
    ));
#3194 = CARTESIAN_POINT('',(5.084374751684,-17.15618508707,
    9.749376887322));
#3195 = CARTESIAN_POINT('',(5.197966994413,-17.12373189955,9.75));
#3196 = CARTESIAN_POINT('',(4.669176141093,-17.05438136688,10.15));
#3197 = CARTESIAN_POINT('',(4.669176141093,-17.05438136688,
    10.037976558724));
#3198 = CARTESIAN_POINT('',(4.760764662644,-17.03125593287,
    9.777473697602));
#3199 = CARTESIAN_POINT('',(5.001622690989,-16.96463433417,9.66216850405
    ));
#3200 = CARTESIAN_POINT('',(5.1373791114,-16.92413642959,9.663308448957)
  );
#3201 = CARTESIAN_POINT('',(4.45550669034,-17.02699479827,10.15));
#3202 = CARTESIAN_POINT('',(4.45550669034,-17.02699479827,9.993046793201
    ));
#3203 = CARTESIAN_POINT('',(4.578674574938,-16.99547053025,
    9.626742923224));
#3204 = CARTESIAN_POINT('',(4.918217172532,-16.90007936349,
    9.454328026739));
#3205 = CARTESIAN_POINT('',(5.112198180179,-16.84118255249,9.45471975512
    ));
#3206 = CARTESIAN_POINT('',(4.358177720789,-17.05187048256,10.15));
#3207 = CARTESIAN_POINT('',(4.358177720789,-17.05187048256,
    9.970414950581));
#3208 = CARTESIAN_POINT('',(4.497657666496,-17.0172989864,9.550983064738
    ));
#3209 = CARTESIAN_POINT('',(4.888166702826,-16.90918806857,9.35));
#3210 = CARTESIAN_POINT('',(5.112198180179,-16.84118255249,9.35));
#3211 = ADVANCED_FACE('',(#3212),#3237,.T.);
#3212 = FACE_BOUND('',#3213,.T.);
#3213 = EDGE_LOOP('',(#3214,#3222,#3229,#3230));
#3214 = ORIENTED_EDGE('',*,*,#3215,.T.);
#3215 = EDGE_CURVE('',#2600,#3216,#3218,.T.);
#3216 = VERTEX_POINT('',#3217);
#3217 = CARTESIAN_POINT('',(22.497178167064,-0.356334841645,19.85));
#3218 = LINE('',#3219,#3220);
#3219 = CARTESIAN_POINT('',(22.497178167064,-0.356334841645,20.25));
#3220 = VECTOR('',#3221,1.);
#3221 = DIRECTION('',(0.,0.,1.));
#3222 = ORIENTED_EDGE('',*,*,#3223,.F.);
#3223 = EDGE_CURVE('',#2727,#3216,#3224,.T.);
#3224 = CIRCLE('',#3225,0.4);
#3225 = AXIS2_PLACEMENT_3D('',#3226,#3227,#3228);
#3226 = CARTESIAN_POINT('',(22.097228332983,-0.350000000015,19.85));
#3227 = DIRECTION('',(-0.,0.,1.));
#3228 = DIRECTION('',(0.999874585203,-1.583710407309E-02,0.));
#3229 = ORIENTED_EDGE('',*,*,#2726,.T.);
#3230 = ORIENTED_EDGE('',*,*,#3231,.F.);
#3231 = EDGE_CURVE('',#2600,#2662,#3232,.T.);
#3232 = CIRCLE('',#3233,0.4);
#3233 = AXIS2_PLACEMENT_3D('',#3234,#3235,#3236);
#3234 = CARTESIAN_POINT('',(22.097228332983,-0.350000000015,10.15));
#3235 = DIRECTION('',(0.,0.,-1.));
#3236 = DIRECTION('',(9.992007221626E-13,-1.,0.));
#3237 = CYLINDRICAL_SURFACE('',#3238,0.4);
#3238 = AXIS2_PLACEMENT_3D('',#3239,#3240,#3241);
#3239 = CARTESIAN_POINT('',(22.097228332983,-0.350000000015,20.25));
#3240 = DIRECTION('',(0.,0.,-1.));
#3241 = DIRECTION('',(0.701485173018,-0.712684047833,0.));
#3242 = ADVANCED_FACE('',(#3243),#3255,.F.);
#3243 = FACE_BOUND('',#3244,.F.);
#3244 = EDGE_LOOP('',(#3245,#3246,#3253,#3254));
#3245 = ORIENTED_EDGE('',*,*,#2980,.F.);
#3246 = ORIENTED_EDGE('',*,*,#3247,.T.);
#3247 = EDGE_CURVE('',#2981,#2758,#3248,.T.);
#3248 = CIRCLE('',#3249,0.4);
#3249 = AXIS2_PLACEMENT_3D('',#3250,#3251,#3252);
#3250 = CARTESIAN_POINT('',(17.96322632491,-1.150000000019,19.85));
#3251 = DIRECTION('',(7.107612269907E-16,1.110223024625E-14,-1.));
#3252 = DIRECTION('',(-0.997957018051,6.388888888997E-02,
    2.662405555121E-30));
#3253 = ORIENTED_EDGE('',*,*,#2765,.F.);
#3254 = ORIENTED_EDGE('',*,*,#2909,.F.);
#3255 = CYLINDRICAL_SURFACE('',#3256,0.4);
#3256 = AXIS2_PLACEMENT_3D('',#3257,#3258,#3259);
#3257 = CARTESIAN_POINT('',(17.96322632491,-1.150000000019,18.75));
#3258 = DIRECTION('',(0.,0.,1.));
#3259 = DIRECTION('',(-0.684145858392,0.729345216235,0.));
#3260 = ADVANCED_FACE('',(#3261),#3298,.F.);
#3261 = FACE_BOUND('',#3262,.F.);
#3262 = EDGE_LOOP('',(#3263,#3296,#3297));
#3263 = ORIENTED_EDGE('',*,*,#3264,.F.);
#3264 = EDGE_CURVE('',#2846,#2758,#3265,.T.);
#3265 = B_SPLINE_CURVE_WITH_KNOTS('',5,(#3266,#3267,#3268,#3269,#3270,
    #3271,#3272,#3273,#3274,#3275,#3276,#3277,#3278,#3279,#3280,#3281,
    #3282,#3283,#3284,#3285,#3286,#3287,#3288,#3289,#3290,#3291,#3292,
    #3293,#3294,#3295),.UNSPECIFIED.,.F.,.F.,(6,4,4,4,4,4,4,6),(0.,
    0.100706737964,0.315950664187,0.492414105405,0.57247856479,
    0.76158448236,0.925341886706,1.),.UNSPECIFIED.);
#3266 = CARTESIAN_POINT('',(17.96322632491,-0.349351005016,
    20.251457038345));
#3267 = CARTESIAN_POINT('',(17.96322632491,-0.362049669709,
    20.251435045791));
#3268 = CARTESIAN_POINT('',(17.96322632491,-0.37474218394,20.25087190427
    ));
#3269 = CARTESIAN_POINT('',(17.96322632491,-0.38739799923,
    20.249779706631));
#3270 = CARTESIAN_POINT('',(17.96322632491,-0.399989307502,
    20.248171630208));
#3271 = CARTESIAN_POINT('',(17.96322632491,-0.439211420236,
    20.241552817603));
#3272 = CARTESIAN_POINT('',(17.96322632491,-0.465518399492,
    20.234752441355));
#3273 = CARTESIAN_POINT('',(17.96322632491,-0.491177976381,
    20.225795366137));
#3274 = CARTESIAN_POINT('',(17.96322632491,-0.515981011745,
    20.214814375526));
#3275 = CARTESIAN_POINT('',(17.96322632491,-0.559205684412,
    20.191334956794));
#3276 = CARTESIAN_POINT('',(17.96322632491,-0.577968760106,
    20.179468075411));
#3277 = CARTESIAN_POINT('',(17.96322632491,-0.595913658931,
    20.166369935189));
#3278 = CARTESIAN_POINT('',(17.96322632491,-0.612919507895,
    20.15209632066));
#3279 = CARTESIAN_POINT('',(17.96322632491,-0.636090642972,
    20.129726866808));
#3280 = CARTESIAN_POINT('',(17.96322632491,-0.643102751092,
    20.122516070221));
#3281 = CARTESIAN_POINT('',(17.96322632491,-0.649882837038,
    20.115082089311));
#3282 = CARTESIAN_POINT('',(17.96322632491,-0.656418283695,
    20.107431683691));
#3283 = CARTESIAN_POINT('',(17.96322632491,-0.677523758439,
    20.081009562365));
#3284 = CARTESIAN_POINT('',(17.96322632491,-0.690913503085,
    20.061284469936));
#3285 = CARTESIAN_POINT('',(17.96322632491,-0.702801633181,
    20.040578021754));
#3286 = CARTESIAN_POINT('',(17.96322632491,-0.713135104026,
    20.01906154994));
#3287 = CARTESIAN_POINT('',(17.96322632491,-0.729411805323,
    19.977689407455));
#3288 = CARTESIAN_POINT('',(17.96322632491,-0.735757360048,
    19.957999819344));
#3289 = CARTESIAN_POINT('',(17.96322632491,-0.74085716714,
    19.937921831303));
#3290 = CARTESIAN_POINT('',(17.96322632491,-0.744670117455,
    19.917562167182));
#3291 = CARTESIAN_POINT('',(17.96322632491,-0.748282890008,
    19.88767381704));
#3292 = CARTESIAN_POINT('',(17.96322632491,-0.749137498707,
    19.878279582192));
#3293 = CARTESIAN_POINT('',(17.96322632491,-0.749711206465,
    19.868861394078));
#3294 = CARTESIAN_POINT('',(17.96322632491,-0.749999990302,
    19.859430892149));
#3295 = CARTESIAN_POINT('',(17.96322632491,-0.750000000019,
    19.85000039669));
#3296 = ORIENTED_EDGE('',*,*,#2845,.T.);
#3297 = ORIENTED_EDGE('',*,*,#2757,.F.);
#3298 = PLANE('',#3299);
#3299 = AXIS2_PLACEMENT_3D('',#3300,#3301,#3302);
#3300 = CARTESIAN_POINT('',(17.963226324911,0.750000000014,18.25));
#3301 = DIRECTION('',(1.,-5.99224373811E-13,0.));
#3302 = DIRECTION('',(-5.99224373811E-13,-1.,0.));
#3303 = ADVANCED_FACE('',(#3304),#3331,.T.);
#3304 = FACE_BOUND('',#3305,.F.);
#3305 = EDGE_LOOP('',(#3306,#3307,#3308,#3317,#3325));
#3306 = ORIENTED_EDGE('',*,*,#3223,.F.);
#3307 = ORIENTED_EDGE('',*,*,#2734,.T.);
#3308 = ORIENTED_EDGE('',*,*,#3309,.T.);
#3309 = EDGE_CURVE('',#2735,#3310,#3312,.T.);
#3310 = VERTEX_POINT('',#3311);
#3311 = CARTESIAN_POINT('',(22.497178167064,-0.350050165934,20.85));
#3312 = CIRCLE('',#3313,0.399949834081);
#3313 = AXIS2_PLACEMENT_3D('',#3314,#3315,#3316);
#3314 = CARTESIAN_POINT('',(22.097228332983,-0.350050165934,20.85));
#3315 = DIRECTION('',(0.,0.,1.));
#3316 = DIRECTION('',(1.,0.,0.));
#3317 = ORIENTED_EDGE('',*,*,#3318,.F.);
#3318 = EDGE_CURVE('',#3319,#3310,#3321,.T.);
#3319 = VERTEX_POINT('',#3320);
#3320 = CARTESIAN_POINT('',(22.497178167064,-0.350050165934,
    19.858883305669));
#3321 = LINE('',#3322,#3323);
#3322 = CARTESIAN_POINT('',(22.497178167064,-0.350050165934,18.25));
#3323 = VECTOR('',#3324,1.);
#3324 = DIRECTION('',(0.,0.,1.));
#3325 = ORIENTED_EDGE('',*,*,#3326,.F.);
#3326 = EDGE_CURVE('',#3216,#3319,#3327,.T.);
#3327 = LINE('',#3328,#3329);
#3328 = CARTESIAN_POINT('',(22.497178167064,-0.350050165934,18.25));
#3329 = VECTOR('',#3330,1.);
#3330 = DIRECTION('',(0.,0.,1.));
#3331 = CYLINDRICAL_SURFACE('',#3332,0.399949834081);
#3332 = AXIS2_PLACEMENT_3D('',#3333,#3334,#3335);
#3333 = CARTESIAN_POINT('',(22.097228332983,-0.350050165934,18.25));
#3334 = DIRECTION('',(-0.,-0.,-1.));
#3335 = DIRECTION('',(1.,0.,0.));
#3336 = ADVANCED_FACE('',(#3337),#3349,.F.);
#3337 = FACE_BOUND('',#3338,.F.);
#3338 = EDGE_LOOP('',(#3339,#3340,#3341,#3342));
#3339 = ORIENTED_EDGE('',*,*,#2963,.F.);
#3340 = ORIENTED_EDGE('',*,*,#3004,.T.);
#3341 = ORIENTED_EDGE('',*,*,#2780,.F.);
#3342 = ORIENTED_EDGE('',*,*,#3343,.F.);
#3343 = EDGE_CURVE('',#2955,#2781,#3344,.T.);
#3344 = CIRCLE('',#3345,0.4);
#3345 = AXIS2_PLACEMENT_3D('',#3346,#3347,#3348);
#3346 = CARTESIAN_POINT('',(6.644657201954,-16.72867390645,19.85));
#3347 = DIRECTION('',(0.,0.,1.));
#3348 = DIRECTION('',(-0.369147622331,0.929370772581,0.));
#3349 = CYLINDRICAL_SURFACE('',#3350,0.4);
#3350 = AXIS2_PLACEMENT_3D('',#3351,#3352,#3353);
#3351 = CARTESIAN_POINT('',(6.644657201954,-16.72867390645,18.75));
#3352 = DIRECTION('',(0.,0.,-1.));
#3353 = DIRECTION('',(-0.905061217403,0.425281310137,0.));
#3354 = ADVANCED_FACE('',(#3355),#3380,.T.);
#3355 = FACE_BOUND('',#3356,.T.);
#3356 = EDGE_LOOP('',(#3357,#3358,#3367,#3373));
#3357 = ORIENTED_EDGE('',*,*,#2821,.T.);
#3358 = ORIENTED_EDGE('',*,*,#3359,.F.);
#3359 = EDGE_CURVE('',#3360,#2814,#3362,.T.);
#3360 = VERTEX_POINT('',#3361);
#3361 = CARTESIAN_POINT('',(7.290904952232,-21.28597437228,19.85));
#3362 = CIRCLE('',#3363,0.4);
#3363 = AXIS2_PLACEMENT_3D('',#3364,#3365,#3366);
#3364 = CARTESIAN_POINT('',(7.161288864193,-20.90755705011,19.85));
#3365 = DIRECTION('',(0.,-0.,1.));
#3366 = DIRECTION('',(0.951056516295,0.309016994375,0.));
#3367 = ORIENTED_EDGE('',*,*,#3368,.T.);
#3368 = EDGE_CURVE('',#3360,#3095,#3369,.T.);
#3369 = LINE('',#3370,#3371);
#3370 = CARTESIAN_POINT('',(7.290904952232,-21.28597437228,20.25));
#3371 = VECTOR('',#3372,1.);
#3372 = DIRECTION('',(0.,0.,-1.));
#3373 = ORIENTED_EDGE('',*,*,#3374,.F.);
#3374 = EDGE_CURVE('',#2822,#3095,#3375,.T.);
#3375 = CIRCLE('',#3376,0.4);
#3376 = AXIS2_PLACEMENT_3D('',#3377,#3378,#3379);
#3377 = CARTESIAN_POINT('',(7.161288864193,-20.90755705011,10.15));
#3378 = DIRECTION('',(0.,0.,-1.));
#3379 = DIRECTION('',(0.324040220099,-0.946043305435,0.));
#3380 = CYLINDRICAL_SURFACE('',#3381,0.4);
#3381 = AXIS2_PLACEMENT_3D('',#3382,#3383,#3384);
#3382 = CARTESIAN_POINT('',(7.161288864193,-20.90755705011,20.25));
#3383 = DIRECTION('',(0.,0.,-1.));
#3384 = DIRECTION('',(0.894573647516,-0.446920562482,0.));
#3385 = ADVANCED_FACE('',(#3386),#3413,.T.);
#3386 = FACE_BOUND('',#3387,.F.);
#3387 = EDGE_LOOP('',(#3388,#3396,#3404,#3411,#3412));
#3388 = ORIENTED_EDGE('',*,*,#3389,.T.);
#3389 = EDGE_CURVE('',#3360,#3390,#3392,.T.);
#3390 = VERTEX_POINT('',#3391);
#3391 = CARTESIAN_POINT('',(7.284927870445,-21.28791644388,
    19.858883305665));
#3392 = LINE('',#3393,#3394);
#3393 = CARTESIAN_POINT('',(7.284927870445,-21.28791644388,18.25));
#3394 = VECTOR('',#3395,1.);
#3395 = DIRECTION('',(0.,0.,1.));
#3396 = ORIENTED_EDGE('',*,*,#3397,.T.);
#3397 = EDGE_CURVE('',#3390,#3398,#3400,.T.);
#3398 = VERTEX_POINT('',#3399);
#3399 = CARTESIAN_POINT('',(7.284927870445,-21.28791644388,20.85));
#3400 = LINE('',#3401,#3402);
#3401 = CARTESIAN_POINT('',(7.284927870445,-21.28791644388,18.25));
#3402 = VECTOR('',#3403,1.);
#3403 = DIRECTION('',(0.,0.,1.));
#3404 = ORIENTED_EDGE('',*,*,#3405,.T.);
#3405 = EDGE_CURVE('',#3398,#2806,#3406,.T.);
#3406 = CIRCLE('',#3407,0.399949834081);
#3407 = AXIS2_PLACEMENT_3D('',#3408,#3409,#3410);
#3408 = CARTESIAN_POINT('',(7.161336574817,-20.90754154798,20.85));
#3409 = DIRECTION('',(-0.,0.,1.));
#3410 = DIRECTION('',(0.309016994375,-0.951056516295,0.));
#3411 = ORIENTED_EDGE('',*,*,#2813,.F.);
#3412 = ORIENTED_EDGE('',*,*,#3359,.F.);
#3413 = CYLINDRICAL_SURFACE('',#3414,0.399949834081);
#3414 = AXIS2_PLACEMENT_3D('',#3415,#3416,#3417);
#3415 = CARTESIAN_POINT('',(7.161336574817,-20.90754154798,18.25));
#3416 = DIRECTION('',(-0.,0.,-1.));
#3417 = DIRECTION('',(0.309016994375,-0.951056516295,0.));
#3418 = ADVANCED_FACE('',(#3419),#3456,.F.);
#3419 = FACE_BOUND('',#3420,.F.);
#3420 = EDGE_LOOP('',(#3421,#3422,#3455));
#3421 = ORIENTED_EDGE('',*,*,#2892,.T.);
#3422 = ORIENTED_EDGE('',*,*,#3423,.T.);
#3423 = EDGE_CURVE('',#2878,#2781,#3424,.T.);
#3424 = B_SPLINE_CURVE_WITH_KNOTS('',5,(#3425,#3426,#3427,#3428,#3429,
    #3430,#3431,#3432,#3433,#3434,#3435,#3436,#3437,#3438,#3439,#3440,
    #3441,#3442,#3443,#3444,#3445,#3446,#3447,#3448,#3449,#3450,#3451,
    #3452,#3453,#3454),.UNSPECIFIED.,.F.,.F.,(6,4,4,4,4,4,4,6),(0.,
    6.885509081755E-02,0.225092930459,0.429672672306,0.501786562668,
    0.665041590738,0.889632009554,1.),.UNSPECIFIED.);
#3425 = CARTESIAN_POINT('',(5.88319475799,-16.97608805244,
    20.251457204642));
#3426 = CARTESIAN_POINT('',(5.891452017615,-16.97340510615,
    20.251442164905));
#3427 = CARTESIAN_POINT('',(5.899706833721,-16.97072295381,
    20.251182013102));
#3428 = CARTESIAN_POINT('',(5.907950416421,-16.96804445142,
    20.250680077701));
#3429 = CARTESIAN_POINT('',(5.91617444173,-16.96537230361,
    20.249939715258));
#3430 = CARTESIAN_POINT('',(5.942969830515,-16.95666595403,
    20.24675103696));
#3431 = CARTESIAN_POINT('',(5.961426399706,-16.95066905117,
    20.243327463412));
#3432 = CARTESIAN_POINT('',(5.979651389587,-16.944747393,20.238733336209
    ));
#3433 = CARTESIAN_POINT('',(5.997559491312,-16.93892869803,
    20.233004145542));
#3434 = CARTESIAN_POINT('',(6.03799722006,-16.92578968348,
    20.217223884989));
#3435 = CARTESIAN_POINT('',(6.060238886336,-16.91856292803,20.206385049)
  );
#3436 = CARTESIAN_POINT('',(6.081614815062,-16.91161746777,
    20.193722422646));
#3437 = CARTESIAN_POINT('',(6.101921034626,-16.90501957707,
    20.17929698259));
#3438 = CARTESIAN_POINT('',(6.127645649026,-16.89666114318,
    20.157506296531));
#3439 = CARTESIAN_POINT('',(6.134190095816,-16.89453472351,
    20.151617919716));
#3440 = CARTESIAN_POINT('',(6.140569173193,-16.89246203563,
    20.145529833263));
#3441 = CARTESIAN_POINT('',(6.146778078226,-16.89044464009,
    20.13925118299));
#3442 = CARTESIAN_POINT('',(6.16647348206,-16.88404521546,
    20.118165589988));
#3443 = CARTESIAN_POINT('',(6.179239014803,-16.87989744244,
    20.10260992694));
#3444 = CARTESIAN_POINT('',(6.191061429777,-16.87605610696,
    20.08622503741));
#3445 = CARTESIAN_POINT('',(6.201894302023,-16.8725362934,
    20.069105772493));
#3446 = CARTESIAN_POINT('',(6.225171759327,-16.86497298904,
    20.02690111192));
#3447 = CARTESIAN_POINT('',(6.236690065497,-16.8612304645,
    20.001243249956));
#3448 = CARTESIAN_POINT('',(6.246131322423,-16.85816281417,
    19.974591241204));
#3449 = CARTESIAN_POINT('',(6.25334826658,-16.85581788687,
    19.947186186231));
#3450 = CARTESIAN_POINT('',(6.260581989242,-16.8534675079,19.90559852769
    ));
#3451 = CARTESIAN_POINT('',(6.262393901235,-16.852878782,19.891780874326
    ));
#3452 = CARTESIAN_POINT('',(6.263616587302,-16.85248150722,
    19.877882682292));
#3453 = CARTESIAN_POINT('',(6.264234581459,-16.85228070874,
    19.863941910233));
#3454 = CARTESIAN_POINT('',(6.264234595435,-16.8522807042,
    19.850000394239));
#3455 = ORIENTED_EDGE('',*,*,#2790,.T.);
#3456 = PLANE('',#3457);
#3457 = AXIS2_PLACEMENT_3D('',#3458,#3459,#3460);
#3458 = CARTESIAN_POINT('',(6.264234595436,-16.8522807042,18.25));
#3459 = DIRECTION('',(0.309016994374,-0.951056516295,0.));
#3460 = DIRECTION('',(-0.951056516295,-0.309016994374,0.));
#3461 = ADVANCED_FACE('',(#3462),#3468,.T.);
#3462 = FACE_BOUND('',#3463,.T.);
#3463 = EDGE_LOOP('',(#3464,#3465,#3466,#3467));
#3464 = ORIENTED_EDGE('',*,*,#2954,.T.);
#3465 = ORIENTED_EDGE('',*,*,#2877,.T.);
#3466 = ORIENTED_EDGE('',*,*,#3423,.T.);
#3467 = ORIENTED_EDGE('',*,*,#3343,.F.);
#3468 = B_SPLINE_SURFACE_WITH_KNOTS('',3,3,(
    (#3469,#3470,#3471,#3472,#3473)
    ,(#3474,#3475,#3476,#3477,#3478)
    ,(#3479,#3480,#3481,#3482,#3483)
    ,(#3484,#3485,#3486,#3487,#3488)
    ,(#3489,#3490,#3491,#3492,#3493
  )),.UNSPECIFIED.,.F.,.F.,.F.,(4,1,4),(4,1,4),(0.,0.5,1.),(
    0.502750296009,0.574584387529,0.628459956169),.UNSPECIFIED.);
#3469 = CARTESIAN_POINT('',(6.264234595436,-16.8522807042,19.85));
#3470 = CARTESIAN_POINT('',(6.264234595436,-16.8522807042,
    19.969723485866));
#3471 = CARTESIAN_POINT('',(6.172929389221,-16.89682223368,
    20.176799889936));
#3472 = CARTESIAN_POINT('',(5.97842689409,-16.97656150926,20.25));
#3473 = CARTESIAN_POINT('',(5.894124063894,-17.00762480534,20.25));
#3474 = CARTESIAN_POINT('',(6.233191491998,-16.75673985581,19.85));
#3475 = CARTESIAN_POINT('',(6.233191491998,-16.75673985581,
    19.971438627126));
#3476 = CARTESIAN_POINT('',(6.137235095992,-16.80078896744,
    20.180638647857));
#3477 = CARTESIAN_POINT('',(5.943063873013,-16.87829386042,
    20.250467335986));
#3478 = CARTESIAN_POINT('',(5.859833440082,-16.90867845508,20.25));
#3479 = CARTESIAN_POINT('',(6.246901346412,-16.54177148692,19.85));
#3480 = CARTESIAN_POINT('',(6.246901346412,-16.54177148692,
    19.999364737562));
#3481 = CARTESIAN_POINT('',(6.127404928529,-16.58949914484,
    20.254965535839));
#3482 = CARTESIAN_POINT('',(5.891765189625,-16.67634167847,
    20.337574265267));
#3483 = CARTESIAN_POINT('',(5.791539881132,-16.71161588655,
    20.336719303884));
#3484 = CARTESIAN_POINT('',(6.403635802242,-16.394009279,19.85));
#3485 = CARTESIAN_POINT('',(6.403635802242,-16.394009279,20.05927115143)
  );
#3486 = CARTESIAN_POINT('',(6.241669659161,-16.4581277037,
    20.420502564379));
#3487 = CARTESIAN_POINT('',(5.906808439746,-16.57989943922,
    20.545574042095));
#3488 = CARTESIAN_POINT('',(5.763143529141,-16.62967758744,
    20.54528024488));
#3489 = CARTESIAN_POINT('',(6.496998153021,-16.35692559742,19.85));
#3490 = CARTESIAN_POINT('',(6.496998153021,-16.35692559742,
    20.089446971732));
#3491 = CARTESIAN_POINT('',(6.314171339725,-16.43087375145,
    20.503599779872));
#3492 = CARTESIAN_POINT('',(5.929057487468,-16.57217882054,20.65));
#3493 = CARTESIAN_POINT('',(5.763143529141,-16.62967758744,20.65));
#3494 = ADVANCED_FACE('',(#3495),#3501,.T.);
#3495 = FACE_BOUND('',#3496,.T.);
#3496 = EDGE_LOOP('',(#3497,#3498,#3499,#3500));
#3497 = ORIENTED_EDGE('',*,*,#2988,.T.);
#3498 = ORIENTED_EDGE('',*,*,#3247,.T.);
#3499 = ORIENTED_EDGE('',*,*,#3264,.F.);
#3500 = ORIENTED_EDGE('',*,*,#2853,.T.);
#3501 = B_SPLINE_SURFACE_WITH_KNOTS('',3,3,(
    (#3502,#3503,#3504,#3505,#3506)
    ,(#3507,#3508,#3509,#3510,#3511)
    ,(#3512,#3513,#3514,#3515,#3516)
    ,(#3517,#3518,#3519,#3520,#3521)
    ,(#3522,#3523,#3524,#3525,#3526
  )),.UNSPECIFIED.,.F.,.F.,.F.,(4,1,4),(4,1,4),(0.,0.5,1.),(
    0.377039745247,0.448874053281,0.502749784307),.UNSPECIFIED.);
#3502 = CARTESIAN_POINT('',(17.996596900525,-0.350000000019,20.25));
#3503 = CARTESIAN_POINT('',(17.991940973056,-0.469701214101,20.25));
#3504 = CARTESIAN_POINT('',(17.973681124544,-0.676700250096,
    20.149508787442));
#3505 = CARTESIAN_POINT('',(17.96322632491,-0.750000000019,
    19.939792885043));
#3506 = CARTESIAN_POINT('',(17.96322632491,-0.750000000019,19.85));
#3507 = CARTESIAN_POINT('',(17.891896943836,-0.347963782558,20.25));
#3508 = CARTESIAN_POINT('',(17.887659809256,-0.466025474488,
    20.250623115121));
#3509 = CARTESIAN_POINT('',(17.871826513151,-0.673306925566,
    20.153536374657));
#3510 = CARTESIAN_POINT('',(17.862768731952,-0.75000000002,
    19.941079244865));
#3511 = CARTESIAN_POINT('',(17.862768731952,-0.75000000002,19.85));
#3512 = CARTESIAN_POINT('',(17.68336573995,-0.343908242405,
    20.336709608404));
#3513 = CARTESIAN_POINT('',(17.679930481531,-0.485535366615,
    20.337849557781));
#3514 = CARTESIAN_POINT('',(17.66886027986,-0.735198908286,
    20.222533144673));
#3515 = CARTESIAN_POINT('',(17.662550229828,-0.829459184206,
    19.962023890821));
#3516 = CARTESIAN_POINT('',(17.662550229828,-0.829459184206,19.85));
#3517 = CARTESIAN_POINT('',(17.596672524958,-0.342222222241,
    20.54528024488));
#3518 = CARTESIAN_POINT('',(17.59274327749,-0.544910033675,
    20.545671974797));
#3519 = CARTESIAN_POINT('',(17.578541471125,-0.897306196268,
    20.373257399905));
#3520 = CARTESIAN_POINT('',(17.570461641685,-1.024192084555,
    20.006953836645));
#3521 = CARTESIAN_POINT('',(17.570461641685,-1.024192084555,19.85));
#3522 = CARTESIAN_POINT('',(17.596672524958,-0.342222222241,20.65));
#3523 = CARTESIAN_POINT('',(17.592120062543,-0.576304596445,20.65));
#3524 = CARTESIAN_POINT('',(17.574265988443,-0.98110271128,
    20.449017574885));
#3525 = CARTESIAN_POINT('',(17.56404351769,-1.124444444463,
    20.029585770086));
#3526 = CARTESIAN_POINT('',(17.56404351769,-1.124444444463,19.85));
#3527 = ADVANCED_FACE('',(#3528),#3563,.T.);
#3528 = FACE_BOUND('',#3529,.F.);
#3529 = EDGE_LOOP('',(#3530,#3539,#3540,#3549,#3557));
#3530 = ORIENTED_EDGE('',*,*,#3531,.F.);
#3531 = EDGE_CURVE('',#64,#3532,#3534,.T.);
#3532 = VERTEX_POINT('',#3533);
#3533 = CARTESIAN_POINT('',(6.613115805975,-21.50620141579,19.85));
#3534 = CIRCLE('',#3535,0.4);
#3535 = AXIS2_PLACEMENT_3D('',#3536,#3537,#3538);
#3536 = CARTESIAN_POINT('',(6.495549302758,-21.12386894618,19.85));
#3537 = DIRECTION('',(-0.,0.,1.));
#3538 = DIRECTION('',(0.293916258043,-0.955831174035,0.));
#3539 = ORIENTED_EDGE('',*,*,#73,.T.);
#3540 = ORIENTED_EDGE('',*,*,#3541,.T.);
#3541 = EDGE_CURVE('',#74,#3542,#3544,.T.);
#3542 = VERTEX_POINT('',#3543);
#3543 = CARTESIAN_POINT('',(6.619092887762,-21.50425934419,20.85));
#3544 = CIRCLE('',#3545,0.399949834081);
#3545 = AXIS2_PLACEMENT_3D('',#3546,#3547,#3548);
#3546 = CARTESIAN_POINT('',(6.495501592134,-21.1238844483,20.85));
#3547 = DIRECTION('',(-0.,0.,1.));
#3548 = DIRECTION('',(0.309016994375,-0.951056516295,0.));
#3549 = ORIENTED_EDGE('',*,*,#3550,.F.);
#3550 = EDGE_CURVE('',#3551,#3542,#3553,.T.);
#3551 = VERTEX_POINT('',#3552);
#3552 = CARTESIAN_POINT('',(6.619092887762,-21.50425934419,
    19.858883305672));
#3553 = LINE('',#3554,#3555);
#3554 = CARTESIAN_POINT('',(6.619092887762,-21.50425934419,18.25));
#3555 = VECTOR('',#3556,1.);
#3556 = DIRECTION('',(0.,0.,1.));
#3557 = ORIENTED_EDGE('',*,*,#3558,.F.);
#3558 = EDGE_CURVE('',#3532,#3551,#3559,.T.);
#3559 = LINE('',#3560,#3561);
#3560 = CARTESIAN_POINT('',(6.619092887762,-21.50425934419,18.25));
#3561 = VECTOR('',#3562,1.);
#3562 = DIRECTION('',(0.,0.,1.));
#3563 = CYLINDRICAL_SURFACE('',#3564,0.399949834081);
#3564 = AXIS2_PLACEMENT_3D('',#3565,#3566,#3567);
#3565 = CARTESIAN_POINT('',(6.495501592134,-21.1238844483,18.25));
#3566 = DIRECTION('',(-0.,0.,-1.));
#3567 = DIRECTION('',(0.309016994375,-0.951056516295,0.));
#3568 = ADVANCED_FACE('',(#3569),#3654,.F.);
#3569 = FACE_BOUND('',#3570,.F.);
#3570 = EDGE_LOOP('',(#3571,#3646,#3647,#3653));
#3571 = ORIENTED_EDGE('',*,*,#3572,.T.);
#3572 = EDGE_CURVE('',#3390,#3551,#3573,.T.);
#3573 = B_SPLINE_CURVE_WITH_KNOTS('',8,(#3574,#3575,#3576,#3577,#3578,
    #3579,#3580,#3581,#3582,#3583,#3584,#3585,#3586,#3587,#3588,#3589,
    #3590,#3591,#3592,#3593,#3594,#3595,#3596,#3597,#3598,#3599,#3600,
    #3601,#3602,#3603,#3604,#3605,#3606,#3607,#3608,#3609,#3610,#3611,
    #3612,#3613,#3614,#3615,#3616,#3617,#3618,#3619,#3620,#3621,#3622,
    #3623,#3624,#3625,#3626,#3627,#3628,#3629,#3630,#3631,#3632,#3633,
    #3634,#3635,#3636,#3637,#3638,#3639,#3640,#3641,#3642,#3643,#3644,
    #3645),.UNSPECIFIED.,.F.,.F.,(9,7,7,7,7,7,7,7,7,7,9),(0.,
    4.933347967929E-02,8.654666611231E-02,0.131882289126,0.342968045887,
    0.499659417073,0.670310773921,0.850245600144,0.938586044072,
    0.96721158274,1.),.UNSPECIFIED.);
#3574 = CARTESIAN_POINT('',(7.290904952232,-21.28597437228,
    19.850000071463));
#3575 = CARTESIAN_POINT('',(7.290904932405,-21.28597437872,
    19.851848128109));
#3576 = CARTESIAN_POINT('',(7.29031861125,-21.28616488601,19.85369345725
    ));
#3577 = CARTESIAN_POINT('',(7.289150388453,-21.28654446461,
    19.855498667133));
#3578 = CARTESIAN_POINT('',(7.287461812256,-21.28709311627,
    19.857240941418));
#3579 = CARTESIAN_POINT('',(7.285336823322,-21.28778356703,
    19.858907463238));
#3580 = CARTESIAN_POINT('',(7.282858418152,-21.28858884969,
    19.860492203261));
#3581 = CARTESIAN_POINT('',(7.280096732037,-21.2894861759,
    19.861994071754));
#3582 = CARTESIAN_POINT('',(7.274854492384,-21.29118948282,
    19.864489350135));
#3583 = CARTESIAN_POINT('',(7.272467575675,-21.29196503907,
    19.865518870158));
#3584 = CARTESIAN_POINT('',(7.269967732076,-21.29277728749,
    19.86650751534));
#3585 = CARTESIAN_POINT('',(7.267371822722,-21.29362074957,
    19.867457655683));
#3586 = CARTESIAN_POINT('',(7.264693781985,-21.29449089775,
    19.868371565446));
#3587 = CARTESIAN_POINT('',(7.261944770224,-21.29538410582,
    19.869251478028));
#3588 = CARTESIAN_POINT('',(7.259133326533,-21.29629759925,
    19.870099640864));
#3589 = CARTESIAN_POINT('',(7.252771767233,-21.29836459517,
    19.871915801948));
#3590 = CARTESIAN_POINT('',(7.249196228897,-21.299526358,19.872869026812
    ));
#3591 = CARTESIAN_POINT('',(7.245551102565,-21.30071073134,
    19.873781802489));
#3592 = CARTESIAN_POINT('',(7.241846428965,-21.30191445276,
    19.874657269712));
#3593 = CARTESIAN_POINT('',(7.238090317531,-21.30313488734,
    19.875498086243));
#3594 = CARTESIAN_POINT('',(7.234289170472,-21.30436995489,
    19.876306560753));
#3595 = CARTESIAN_POINT('',(7.230447906844,-21.3056180571,
    19.877084786697));
#3596 = CARTESIAN_POINT('',(7.208515256421,-21.31274440721,
    19.881326778527));
#3597 = CARTESIAN_POINT('',(7.18972333922,-21.31885027124,
    19.884196273466));
#3598 = CARTESIAN_POINT('',(7.170515198028,-21.32509137464,
    19.886652533354));
#3599 = CARTESIAN_POINT('',(7.1510269804,-21.3314234804,19.888739662239)
  );
#3600 = CARTESIAN_POINT('',(7.131384402336,-21.33780574089,
    19.890529544801));
#3601 = CARTESIAN_POINT('',(7.111627219072,-21.34422523888,
    19.892046754312));
#3602 = CARTESIAN_POINT('',(7.091770749399,-21.35067699697,
    19.89332391815));
#3603 = CARTESIAN_POINT('',(7.056934008223,-21.36199614033,
    19.895160562864));
#3604 = CARTESIAN_POINT('',(7.042049156736,-21.36683252176,
    19.895818594751));
#3605 = CARTESIAN_POINT('',(7.027131083452,-21.3716796976,
    19.896359189798));
#3606 = CARTESIAN_POINT('',(7.012188133404,-21.37653495639,
    19.896787490722));
#3607 = CARTESIAN_POINT('',(6.997227634441,-21.38139591717,
    19.897107008154));
#3608 = CARTESIAN_POINT('',(6.982255978141,-21.38626050318,
    19.897319879229));
#3609 = CARTESIAN_POINT('',(6.967278700732,-21.39112691561,
    19.897427126165));
#3610 = CARTESIAN_POINT('',(6.935987991497,-21.40129388335,
    19.897430862895));
#3611 = CARTESIAN_POINT('',(6.919676572574,-21.40659378463,
    19.897307756307));
#3612 = CARTESIAN_POINT('',(6.90337217587,-21.41189140425,
    19.897059345495));
#3613 = CARTESIAN_POINT('',(6.887081844163,-21.41718445388,
    19.896684259554));
#3614 = CARTESIAN_POINT('',(6.87081394812,-21.42247021373,19.89617956459
    ));
#3615 = CARTESIAN_POINT('',(6.854578340039,-21.42774548257,
    19.895540322047));
#3616 = CARTESIAN_POINT('',(6.838386507589,-21.43300652785,
    19.894759147033));
#3617 = CARTESIAN_POINT('',(6.805239212122,-21.44377673703,
    19.892841610173));
#3618 = CARTESIAN_POINT('',(6.788313764575,-21.4492761483,
    19.891689631644));
#3619 = CARTESIAN_POINT('',(6.77146971727,-21.45474911104,
    19.890355944622));
#3620 = CARTESIAN_POINT('',(6.754718064831,-21.46019205286,
    19.888825126143));
#3621 = CARTESIAN_POINT('',(6.738096321054,-21.4655927848,
    19.887071251861));
#3622 = CARTESIAN_POINT('',(6.721662922855,-21.47093231955,
    19.885063941932));
#3623 = CARTESIAN_POINT('',(6.705500930858,-21.47618366908,
    19.882762483048));
#3624 = CARTESIAN_POINT('',(6.682025566453,-21.48381127735,
    19.878749732134));
#3625 = CARTESIAN_POINT('',(6.674420723269,-21.48628224069,
    19.877338648774));
#3626 = CARTESIAN_POINT('',(6.666939292206,-21.48871310499,
    19.875823723065));
#3627 = CARTESIAN_POINT('',(6.65960058941,-21.49109759408,
    19.874190739829));
#3628 = CARTESIAN_POINT('',(6.652454008367,-21.49341965902,
    19.87242173491));
#3629 = CARTESIAN_POINT('',(6.645573692304,-21.49565520922,
    19.870497587442));
#3630 = CARTESIAN_POINT('',(6.639062873046,-21.49777070264,
    19.86839519645));
#3631 = CARTESIAN_POINT('',(6.631156791013,-21.50033954441,
    19.865313348591));
#3632 = CARTESIAN_POINT('',(6.629280802069,-21.50094909017,
    19.864536307295));
#3633 = CARTESIAN_POINT('',(6.627469901944,-21.50153748729,
    19.863735185106));
#3634 = CARTESIAN_POINT('',(6.625732151257,-21.50210211671,
    19.862908886665));
#3635 = CARTESIAN_POINT('',(6.624077287865,-21.50263981443,
    19.862056547665));
#3636 = CARTESIAN_POINT('',(6.622516535114,-21.50314693373,
    19.861177589076));
#3637 = CARTESIAN_POINT('',(6.621062410102,-21.50361940759,
    19.860271771381));
#3638 = CARTESIAN_POINT('',(6.618200674079,-21.50454924199,
    19.858271113814));
#3639 = CARTESIAN_POINT('',(6.616829475894,-21.50499477129,
    19.857167035425));
#3640 = CARTESIAN_POINT('',(6.615637559611,-21.50538204837,
    19.856028942114));
#3641 = CARTESIAN_POINT('',(6.614649472723,-21.50570309726,
    19.854860018697));
#3642 = CARTESIAN_POINT('',(6.613888510359,-21.50595034892,
    19.853664998136));
#3643 = CARTESIAN_POINT('',(6.613373537649,-21.50611767369,
    19.852450453347));
#3644 = CARTESIAN_POINT('',(6.613115812103,-21.5062014138,
    19.851225088998));
#3645 = CARTESIAN_POINT('',(6.613115805975,-21.50620141579,
    19.85000003332));
#3646 = ORIENTED_EDGE('',*,*,#3550,.T.);
#3647 = ORIENTED_EDGE('',*,*,#3648,.T.);
#3648 = EDGE_CURVE('',#3542,#3398,#3649,.T.);
#3649 = LINE('',#3650,#3651);
#3650 = CARTESIAN_POINT('',(6.619092887762,-21.50425934419,20.85));
#3651 = VECTOR('',#3652,1.);
#3652 = DIRECTION('',(0.951056516295,0.309016994375,0.));
#3653 = ORIENTED_EDGE('',*,*,#3397,.F.);
#3654 = PLANE('',#3655);
#3655 = AXIS2_PLACEMENT_3D('',#3656,#3657,#3658);
#3656 = CARTESIAN_POINT('',(6.619092887762,-21.50425934419,18.25));
#3657 = DIRECTION('',(-0.309016994375,0.951056516295,0.));
#3658 = DIRECTION('',(0.951056516295,0.309016994375,0.));
#3659 = ADVANCED_FACE('',(#3660),#3677,.T.);
#3660 = FACE_BOUND('',#3661,.T.);
#3661 = EDGE_LOOP('',(#3662,#3668,#3669,#3670));
#3662 = ORIENTED_EDGE('',*,*,#3663,.T.);
#3663 = EDGE_CURVE('',#3104,#3532,#3664,.T.);
#3664 = LINE('',#3665,#3666);
#3665 = CARTESIAN_POINT('',(6.613115805975,-21.50620141579,20.25));
#3666 = VECTOR('',#3667,1.);
#3667 = DIRECTION('',(0.,0.,1.));
#3668 = ORIENTED_EDGE('',*,*,#3531,.F.);
#3669 = ORIENTED_EDGE('',*,*,#63,.T.);
#3670 = ORIENTED_EDGE('',*,*,#3671,.F.);
#3671 = EDGE_CURVE('',#3104,#66,#3672,.T.);
#3672 = CIRCLE('',#3673,0.4);
#3673 = AXIS2_PLACEMENT_3D('',#3674,#3675,#3676);
#3674 = CARTESIAN_POINT('',(6.495549302758,-21.12386894618,10.15));
#3675 = DIRECTION('',(0.,0.,-1.));
#3676 = DIRECTION('',(-0.951056516295,-0.309016994376,-0.));
#3677 = CYLINDRICAL_SURFACE('',#3678,0.4);
#3678 = AXIS2_PLACEMENT_3D('',#3679,#3680,#3681);
#3679 = CARTESIAN_POINT('',(6.495549302758,-21.12386894618,20.25));
#3680 = DIRECTION('',(0.,0.,-1.));
#3681 = DIRECTION('',(-0.461031967987,-0.887383527284,-0.));
#3682 = ADVANCED_FACE('',(#3683),#3695,.F.);
#3683 = FACE_BOUND('',#3684,.F.);
#3684 = EDGE_LOOP('',(#3685,#3686,#3693,#3694));
#3685 = ORIENTED_EDGE('',*,*,#264,.F.);
#3686 = ORIENTED_EDGE('',*,*,#3687,.T.);
#3687 = EDGE_CURVE('',#265,#97,#3688,.T.);
#3688 = CIRCLE('',#3689,0.4);
#3689 = AXIS2_PLACEMENT_3D('',#3690,#3691,#3692);
#3690 = CARTESIAN_POINT('',(4.457227214443,-17.43941299352,19.85));
#3691 = DIRECTION('',(5.389242859595E-15,1.377401862548E-15,-1.));
#3692 = DIRECTION('',(-0.247623734136,0.968856277418,-6.310887241768E-30
    ));
#3693 = ORIENTED_EDGE('',*,*,#104,.F.);
#3694 = ORIENTED_EDGE('',*,*,#3178,.F.);
#3695 = CYLINDRICAL_SURFACE('',#3696,0.4);
#3696 = AXIS2_PLACEMENT_3D('',#3697,#3698,#3699);
#3697 = CARTESIAN_POINT('',(4.457227214443,-17.43941299352,18.75));
#3698 = DIRECTION('',(0.,0.,1.));
#3699 = DIRECTION('',(0.482235823654,0.876041443303,0.));
#3700 = ADVANCED_FACE('',(#3701),#3738,.F.);
#3701 = FACE_BOUND('',#3702,.F.);
#3702 = EDGE_LOOP('',(#3703,#3736,#3737));
#3703 = ORIENTED_EDGE('',*,*,#3704,.F.);
#3704 = EDGE_CURVE('',#192,#97,#3705,.T.);
#3705 = B_SPLINE_CURVE_WITH_KNOTS('',5,(#3706,#3707,#3708,#3709,#3710,
    #3711,#3712,#3713,#3714,#3715,#3716,#3717,#3718,#3719,#3720,#3721,
    #3722,#3723,#3724,#3725,#3726,#3727,#3728,#3729,#3730,#3731,#3732,
    #3733,#3734,#3735),.UNSPECIFIED.,.F.,.F.,(6,4,4,4,4,4,4,6),(0.,
    6.885495769586E-02,0.225093042369,0.429673345653,0.501787288903,
    0.665042138362,0.889632136471,1.),.UNSPECIFIED.);
#3706 = CARTESIAN_POINT('',(5.218689658406,-17.19199884754,
    20.251457186335));
#3707 = CARTESIAN_POINT('',(5.21043241283,-17.19468178926,
    20.251442146978));
#3708 = CARTESIAN_POINT('',(5.202177610533,-17.19736393712,
    20.251181992883));
#3709 = CARTESIAN_POINT('',(5.193934041603,-17.20004243503,
    20.250680053498));
#3710 = CARTESIAN_POINT('',(5.185710030096,-17.20271457835,
    20.249939686217));
#3711 = CARTESIAN_POINT('',(5.158914621239,-17.21142093446,
    20.246750983863));
#3712 = CARTESIAN_POINT('',(5.140458019365,-17.21741784793,
    20.243327382026));
#3713 = CARTESIAN_POINT('',(5.122232997717,-17.22333951643,
    20.23873322583));
#3714 = CARTESIAN_POINT('',(5.104324864123,-17.22915822176,
    20.233004010147));
#3715 = CARTESIAN_POINT('',(5.063887030478,-17.24229727038,
    20.217223692444));
#3716 = CARTESIAN_POINT('',(5.041645303128,-17.24952404567,
    20.206384827755));
#3717 = CARTESIAN_POINT('',(5.02026929509,-17.25646953171,
    20.193722177825));
#3718 = CARTESIAN_POINT('',(4.999962988053,-17.26306745083,
    20.179296700561));
#3719 = CARTESIAN_POINT('',(4.974238304987,-17.27142590703,
    20.157505979472));
#3720 = CARTESIAN_POINT('',(4.967693850773,-17.27355232911,
    20.151617601348));
#3721 = CARTESIAN_POINT('',(4.961314766751,-17.27562501915,
    20.145529512691));
#3722 = CARTESIAN_POINT('',(4.955105856094,-17.27764241652,
    20.139250859157));
#3723 = CARTESIAN_POINT('',(4.935410462893,-17.28404183769,
    20.118165278601));
#3724 = CARTESIAN_POINT('',(4.922644949372,-17.28818960447,
    20.102609630461));
#3725 = CARTESIAN_POINT('',(4.910822558569,-17.2920309321,
    20.086224753469));
#3726 = CARTESIAN_POINT('',(4.899989715721,-17.2955507361,
    20.069105498653));
#3727 = CARTESIAN_POINT('',(4.876712350722,-17.30311401047,
    20.02690087611));
#3728 = CARTESIAN_POINT('',(4.865194108863,-17.30685651411,
    20.001243043873));
#3729 = CARTESIAN_POINT('',(4.855752920819,-17.30992414207,
    19.974591068885));
#3730 = CARTESIAN_POINT('',(4.848536040852,-17.31226904851,
    19.947186054997));
#3731 = CARTESIAN_POINT('',(4.841302387329,-17.31461940502,
    19.905598458696));
#3732 = CARTESIAN_POINT('',(4.839490493753,-17.31520812493,
    19.89178082066));
#3733 = CARTESIAN_POINT('',(4.83826782142,-17.31560539525,
    19.877882645322));
#3734 = CARTESIAN_POINT('',(4.83764983487,-17.31580619125,
    19.863941890824));
#3735 = CARTESIAN_POINT('',(4.837649820961,-17.31580619577,
    19.850000392347));
#3736 = ORIENTED_EDGE('',*,*,#191,.T.);
#3737 = ORIENTED_EDGE('',*,*,#96,.F.);
#3738 = PLANE('',#3739);
#3739 = AXIS2_PLACEMENT_3D('',#3740,#3741,#3742);
#3740 = CARTESIAN_POINT('',(6.264234595436,-16.8522807042,18.25));
#3741 = DIRECTION('',(0.309016994374,-0.951056516295,0.));
#3742 = DIRECTION('',(-0.951056516295,-0.309016994374,0.));
#3743 = ADVANCED_FACE('',(#3744),#3756,.F.);
#3744 = FACE_BOUND('',#3745,.F.);
#3745 = EDGE_LOOP('',(#3746,#3747,#3748,#3749));
#3746 = ORIENTED_EDGE('',*,*,#289,.F.);
#3747 = ORIENTED_EDGE('',*,*,#1003,.T.);
#3748 = ORIENTED_EDGE('',*,*,#126,.F.);
#3749 = ORIENTED_EDGE('',*,*,#3750,.F.);
#3750 = EDGE_CURVE('',#281,#127,#3751,.T.);
#3751 = CIRCLE('',#3752,0.4);
#3752 = AXIS2_PLACEMENT_3D('',#3753,#3754,#3755);
#3753 = CARTESIAN_POINT('',(-13.85660233051,-11.48888906091,19.85));
#3754 = DIRECTION('',(0.,-0.,1.));
#3755 = DIRECTION('',(0.769811240584,0.638271614495,0.));
#3756 = CYLINDRICAL_SURFACE('',#3757,0.4);
#3757 = AXIS2_PLACEMENT_3D('',#3758,#3759,#3760);
#3758 = CARTESIAN_POINT('',(-13.85660233051,-11.48888906091,18.75));
#3759 = DIRECTION('',(0.,0.,-1.));
#3760 = DIRECTION('',(0.124787264137,0.99218352068,0.));
#3761 = ADVANCED_FACE('',(#3762),#3787,.T.);
#3762 = FACE_BOUND('',#3763,.T.);
#3763 = EDGE_LOOP('',(#3764,#3765,#3774,#3780));
#3764 = ORIENTED_EDGE('',*,*,#167,.T.);
#3765 = ORIENTED_EDGE('',*,*,#3766,.F.);
#3766 = EDGE_CURVE('',#3767,#160,#3769,.T.);
#3767 = VERTEX_POINT('',#3768);
#3768 = CARTESIAN_POINT('',(-17.99115109784,-13.51179048737,19.85));
#3769 = CIRCLE('',#3770,0.4);
#3770 = AXIS2_PLACEMENT_3D('',#3771,#3772,#3773);
#3771 = CARTESIAN_POINT('',(-17.67130841165,-13.27158087871,19.85));
#3772 = DIRECTION('',(-0.,0.,1.));
#3773 = DIRECTION('',(0.587785252293,-0.809016994375,0.));
#3774 = ORIENTED_EDGE('',*,*,#3775,.T.);
#3775 = EDGE_CURVE('',#3767,#1094,#3776,.T.);
#3776 = LINE('',#3777,#3778);
#3777 = CARTESIAN_POINT('',(-17.99115109784,-13.51179048737,20.25));
#3778 = VECTOR('',#3779,1.);
#3779 = DIRECTION('',(0.,0.,-1.));
#3780 = ORIENTED_EDGE('',*,*,#3781,.F.);
#3781 = EDGE_CURVE('',#168,#1094,#3782,.T.);
#3782 = CIRCLE('',#3783,0.4);
#3783 = AXIS2_PLACEMENT_3D('',#3784,#3785,#3786);
#3784 = CARTESIAN_POINT('',(-17.67130841165,-13.27158087871,10.15));
#3785 = DIRECTION('',(0.,0.,-1.));
#3786 = DIRECTION('',(-0.79960671546,-0.600524021661,-0.));
#3787 = CYLINDRICAL_SURFACE('',#3788,0.4);
#3788 = AXIS2_PLACEMENT_3D('',#3789,#3790,#3791);
#3789 = CARTESIAN_POINT('',(-17.67130841165,-13.27158087871,20.25));
#3790 = DIRECTION('',(0.,0.,-1.));
#3791 = DIRECTION('',(-0.148608253412,-0.988896145719,-0.));
#3792 = ADVANCED_FACE('',(#3793),#3820,.T.);
#3793 = FACE_BOUND('',#3794,.F.);
#3794 = EDGE_LOOP('',(#3795,#3803,#3811,#3818,#3819));
#3795 = ORIENTED_EDGE('',*,*,#3796,.T.);
#3796 = EDGE_CURVE('',#3767,#3797,#3799,.T.);
#3797 = VERTEX_POINT('',#3798);
#3798 = CARTESIAN_POINT('',(-17.99484513753,-13.50670607792,
    19.858883305672));
#3799 = LINE('',#3800,#3801);
#3800 = CARTESIAN_POINT('',(-17.99484513753,-13.50670607792,18.25));
#3801 = VECTOR('',#3802,1.);
#3802 = DIRECTION('',(0.,0.,1.));
#3803 = ORIENTED_EDGE('',*,*,#3804,.T.);
#3804 = EDGE_CURVE('',#3797,#3805,#3807,.T.);
#3805 = VERTEX_POINT('',#3806);
#3806 = CARTESIAN_POINT('',(-17.99484513753,-13.50670607792,20.85));
#3807 = LINE('',#3808,#3809);
#3808 = CARTESIAN_POINT('',(-17.99484513753,-13.50670607792,18.25));
#3809 = VECTOR('',#3810,1.);
#3810 = DIRECTION('',(0.,0.,1.));
#3811 = ORIENTED_EDGE('',*,*,#3812,.T.);
#3812 = EDGE_CURVE('',#3805,#152,#3813,.T.);
#3813 = CIRCLE('',#3814,0.399949834081);
#3814 = AXIS2_PLACEMENT_3D('',#3815,#3816,#3817);
#3815 = CARTESIAN_POINT('',(-17.67127892486,-13.27162146379,20.85));
#3816 = DIRECTION('',(0.,0.,1.));
#3817 = DIRECTION('',(-0.809016994375,-0.587785252292,0.));
#3818 = ORIENTED_EDGE('',*,*,#159,.F.);
#3819 = ORIENTED_EDGE('',*,*,#3766,.F.);
#3820 = CYLINDRICAL_SURFACE('',#3821,0.399949834081);
#3821 = AXIS2_PLACEMENT_3D('',#3822,#3823,#3824);
#3822 = CARTESIAN_POINT('',(-17.67127892486,-13.27162146379,18.25));
#3823 = DIRECTION('',(0.,0.,-1.));
#3824 = DIRECTION('',(-0.809016994375,-0.587785252292,0.));
#3825 = ADVANCED_FACE('',(#3826),#3863,.F.);
#3826 = FACE_BOUND('',#3827,.F.);
#3827 = EDGE_LOOP('',(#3828,#3829,#3862));
#3828 = ORIENTED_EDGE('',*,*,#238,.T.);
#3829 = ORIENTED_EDGE('',*,*,#3830,.T.);
#3830 = EDGE_CURVE('',#224,#127,#3831,.T.);
#3831 = B_SPLINE_CURVE_WITH_KNOTS('',5,(#3832,#3833,#3834,#3835,#3836,
    #3837,#3838,#3839,#3840,#3841,#3842,#3843,#3844,#3845,#3846,#3847,
    #3848,#3849,#3850,#3851,#3852,#3853,#3854,#3855,#3856,#3857,#3858,
    #3859,#3860,#3861),.UNSPECIFIED.,.F.,.F.,(6,4,4,4,4,4,4,6),(0.,
    6.885508422766E-02,0.225092822306,0.429672443705,0.501786327702,
    0.665041383177,0.889631956884,1.),.UNSPECIFIED.);
#3832 = CARTESIAN_POINT('',(-14.32721200203,-10.84115041743,
    20.251457282312));
#3833 = CARTESIAN_POINT('',(-14.32210874011,-10.84817445487,
    20.251442241086));
#3834 = CARTESIAN_POINT('',(-14.31700698842,-10.85519641366,
    20.251182089666));
#3835 = CARTESIAN_POINT('',(-14.31191217933,-10.86220881678,
    20.250680156236));
#3836 = CARTESIAN_POINT('',(-14.30682945729,-10.8692045835,
    20.249939797086));
#3837 = CARTESIAN_POINT('',(-14.2902690191,-10.89199807123,
    20.246751134294));
#3838 = CARTESIAN_POINT('',(-14.27886224914,-10.90769814317,
    20.243327578774));
#3839 = CARTESIAN_POINT('',(-14.26759860214,-10.92320122326,
    20.238733473504));
#3840 = CARTESIAN_POINT('',(-14.25653080186,-10.93843474345,
    20.233004306588));
#3841 = CARTESIAN_POINT('',(-14.231538944,-10.97283308478,
    20.217224101807));
#3842 = CARTESIAN_POINT('',(-14.21779284118,-10.99175297218,
    20.206385289699));
#3843 = CARTESIAN_POINT('',(-14.20458180974,-11.009936397,
    20.193722684961));
#3844 = CARTESIAN_POINT('',(-14.19203190507,-11.02720985889,
    20.179297294712));
#3845 = CARTESIAN_POINT('',(-14.17613322272,-11.04909251783,
    20.157506627647));
#3846 = CARTESIAN_POINT('',(-14.17208853162,-11.05465955754,
    20.151618253367));
#3847 = CARTESIAN_POINT('',(-14.16814604438,-11.0600859257,
    20.145530169322));
#3848 = CARTESIAN_POINT('',(-14.16430872932,-11.06536753678,
    20.139251521463));
#3849 = CARTESIAN_POINT('',(-14.15213629521,-11.08212145501,
    20.118165932869));
#3850 = CARTESIAN_POINT('',(-14.14424674465,-11.09298048977,
    20.102610249437));
#3851 = CARTESIAN_POINT('',(-14.13694007669,-11.10303725544,
    20.086225344656));
#3852 = CARTESIAN_POINT('',(-14.13024498602,-11.1122522572,
    20.069106074324));
#3853 = CARTESIAN_POINT('',(-14.11585869041,-11.13205329438,
    20.026901368703));
#3854 = CARTESIAN_POINT('',(-14.1087399633,-11.14185138167,
    20.001243473209));
#3855 = CARTESIAN_POINT('',(-14.10290492346,-11.14988262501,
    19.974591428094));
#3856 = CARTESIAN_POINT('',(-14.09844458677,-11.15602175178,
    19.947186333196));
#3857 = CARTESIAN_POINT('',(-14.09397387876,-11.16217515346,
    19.905598612901));
#3858 = CARTESIAN_POINT('',(-14.0928540498,-11.1637164658,
    19.891780940424));
#3859 = CARTESIAN_POINT('',(-14.09209838398,-11.16475655057,
    19.877882728633));
#3860 = CARTESIAN_POINT('',(-14.09171644019,-11.16528225109,
    19.863941936414));
#3861 = CARTESIAN_POINT('',(-14.09171643142,-11.16528226316,
    19.850000400266));
#3862 = ORIENTED_EDGE('',*,*,#136,.T.);
#3863 = PLANE('',#3864);
#3864 = AXIS2_PLACEMENT_3D('',#3865,#3866,#3867);
#3865 = CARTESIAN_POINT('',(-14.09171643142,-11.16528226316,18.25));
#3866 = DIRECTION('',(-0.809016994375,-0.587785252292,0.));
#3867 = DIRECTION('',(-0.587785252292,0.809016994375,0.));
#3868 = ADVANCED_FACE('',(#3869),#3875,.T.);
#3869 = FACE_BOUND('',#3870,.T.);
#3870 = EDGE_LOOP('',(#3871,#3872,#3873,#3874));
#3871 = ORIENTED_EDGE('',*,*,#280,.T.);
#3872 = ORIENTED_EDGE('',*,*,#223,.T.);
#3873 = ORIENTED_EDGE('',*,*,#3830,.T.);
#3874 = ORIENTED_EDGE('',*,*,#3750,.F.);
#3875 = B_SPLINE_SURFACE_WITH_KNOTS('',3,3,(
    (#3876,#3877,#3878,#3879,#3880)
    ,(#3881,#3882,#3883,#3884,#3885)
    ,(#3886,#3887,#3888,#3889,#3890)
    ,(#3891,#3892,#3893,#3894,#3895)
    ,(#3896,#3897,#3898,#3899,#3900
  )),.UNSPECIFIED.,.F.,.F.,.F.,(4,1,4),(4,1,4),(0.,0.5,1.),(
    0.502749859088,0.574584053182,0.628459698753),.UNSPECIFIED.);
#3876 = CARTESIAN_POINT('',(-14.09171643142,-11.16528226316,19.85));
#3877 = CARTESIAN_POINT('',(-14.09171643142,-11.16528226316,
    19.969723656824));
#3878 = CARTESIAN_POINT('',(-14.16229319922,-11.09220949703,
    20.1768004644));
#3879 = CARTESIAN_POINT('',(-14.29823398185,-10.93186781126,20.25));
#3880 = CARTESIAN_POINT('',(-14.35382789513,-10.86129019762,20.25));
#3881 = CARTESIAN_POINT('',(-14.01044453151,-11.10623477154,19.85));
#3882 = CARTESIAN_POINT('',(-14.01044453151,-11.10623477154,
    19.971438800533));
#3883 = CARTESIAN_POINT('',(-14.08199027011,-11.02858629375,
    20.18063922147));
#3884 = CARTESIAN_POINT('',(-14.21570366779,-10.86786920678,
    20.250467335615));
#3885 = CARTESIAN_POINT('',(-14.27032070945,-10.79810177263,20.25));
#3886 = CARTESIAN_POINT('',(-13.80176156801,-11.05285016557,19.85));
#3887 = CARTESIAN_POINT('',(-13.80176156801,-11.05285016557,
    19.999364950847));
#3888 = CARTESIAN_POINT('',(-13.88408204329,-10.95394866756,
    20.254969177759));
#3889 = CARTESIAN_POINT('',(-14.03949151296,-10.75667732415,
    20.337578792842));
#3890 = CARTESIAN_POINT('',(-14.10401055084,-10.67225778811,
    20.336723832138));
#3891 = CARTESIAN_POINT('',(-13.61279706432,-11.15624703085,19.85));
#3892 = CARTESIAN_POINT('',(-13.61279706432,-11.15624703085,
    20.059271450258));
#3893 = CARTESIAN_POINT('',(-13.72382822997,-11.02202096776,
    20.420503561375));
#3894 = CARTESIAN_POINT('',(-13.94311728354,-10.74117925272,
    20.545574041862));
#3895 = CARTESIAN_POINT('',(-14.0348539419,-10.61992819323,
    20.54528024488));
#3896 = CARTESIAN_POINT('',(-13.54867783427,-11.23358041511,19.85));
#3897 = CARTESIAN_POINT('',(-13.54867783427,-11.23358041511,
    20.089447313649));
#3898 = CARTESIAN_POINT('',(-13.67550402735,-11.08255211651,
    20.5036009288));
#3899 = CARTESIAN_POINT('',(-13.92889921625,-10.75995353727,20.65));
#3900 = CARTESIAN_POINT('',(-14.0348539419,-10.61992819323,20.65));
#3901 = ADVANCED_FACE('',(#3902),#3908,.T.);
#3902 = FACE_BOUND('',#3903,.T.);
#3903 = EDGE_LOOP('',(#3904,#3905,#3906,#3907));
#3904 = ORIENTED_EDGE('',*,*,#272,.T.);
#3905 = ORIENTED_EDGE('',*,*,#3687,.T.);
#3906 = ORIENTED_EDGE('',*,*,#3704,.F.);
#3907 = ORIENTED_EDGE('',*,*,#199,.T.);
#3908 = B_SPLINE_SURFACE_WITH_KNOTS('',3,3,(
    (#3909,#3910,#3911,#3912,#3913)
    ,(#3914,#3915,#3916,#3917,#3918)
    ,(#3919,#3920,#3921,#3922,#3923)
    ,(#3924,#3925,#3926,#3927,#3928)
    ,(#3929,#3930,#3931,#3932,#3933
  )),.UNSPECIFIED.,.F.,.F.,.F.,(4,1,4),(4,1,4),(0.,0.5,1.),(
    0.377038655398,0.430914170224,0.502748189991),.UNSPECIFIED.);
#3909 = CARTESIAN_POINT('',(5.228384502456,-17.22393670141,20.25));
#3910 = CARTESIAN_POINT('',(5.141923806114,-17.24835785011,20.25));
#3911 = CARTESIAN_POINT('',(4.937696992045,-17.29817346321,
    20.176799302164));
#3912 = CARTESIAN_POINT('',(4.837649820961,-17.31580619577,
    19.969723366279));
#3913 = CARTESIAN_POINT('',(4.837649820961,-17.31580619577,19.85));
#3914 = CARTESIAN_POINT('',(5.197966994413,-17.12373189955,20.25));
#3915 = CARTESIAN_POINT('',(5.112772812367,-17.14807179019,
    20.250467334509));
#3916 = CARTESIAN_POINT('',(4.910127394828,-17.19950033827,
    20.180638053902));
#3917 = CARTESIAN_POINT('',(4.806606717523,-17.22026534738,
    19.971438505826));
#3918 = CARTESIAN_POINT('',(4.806606717523,-17.22026534738,19.85));
#3919 = CARTESIAN_POINT('',(5.137386862624,-16.92416196455,
    20.336718236539));
#3920 = CARTESIAN_POINT('',(5.035569547315,-16.95453539299,
    20.337573195219));
#3921 = CARTESIAN_POINT('',(4.793886837611,-17.02278431678,
    20.254964155776));
#3922 = CARTESIAN_POINT('',(4.669160597085,-17.0544096045,
    19.999364588368));
#3923 = CARTESIAN_POINT('',(4.669160597085,-17.0544096045,19.85));
#3924 = CARTESIAN_POINT('',(5.112198180179,-16.84118255249,
    20.54528024488));
#3925 = CARTESIAN_POINT('',(4.966712424444,-16.88535516074,
    20.545574041166));
#3926 = CARTESIAN_POINT('',(4.62422600532,-16.98366692652,
    20.420501546707));
#3927 = CARTESIAN_POINT('',(4.45550669034,-17.02699479827,
    20.059270942398));
#3928 = CARTESIAN_POINT('',(4.45550669034,-17.02699479827,19.85));
#3929 = CARTESIAN_POINT('',(5.112198180179,-16.84118255249,20.65));
#3930 = CARTESIAN_POINT('',(4.944174572164,-16.89218668955,20.65));
#3931 = CARTESIAN_POINT('',(4.549551142372,-17.00423350655,
    20.503598604329));
#3932 = CARTESIAN_POINT('',(4.358177720789,-17.05187048256,
    20.089446732559));
#3933 = CARTESIAN_POINT('',(4.358177720789,-17.05187048256,19.85));
#3934 = ADVANCED_FACE('',(#3935),#3970,.T.);
#3935 = FACE_BOUND('',#3936,.F.);
#3936 = EDGE_LOOP('',(#3937,#3946,#3947,#3956,#3964));
#3937 = ORIENTED_EDGE('',*,*,#3938,.F.);
#3938 = EDGE_CURVE('',#1305,#3939,#3941,.T.);
#3939 = VERTEX_POINT('',#3940);
#3940 = CARTESIAN_POINT('',(-18.41004782743,-12.93522860221,19.85));
#3941 = CIRCLE('',#3942,0.4);
#3942 = AXIS2_PLACEMENT_3D('',#3943,#3944,#3945);
#3943 = CARTESIAN_POINT('',(-18.08275808827,-12.70526898262,19.85));
#3944 = DIRECTION('',(0.,0.,1.));
#3945 = DIRECTION('',(-0.818224347886,-0.574899048987,0.));
#3946 = ORIENTED_EDGE('',*,*,#1312,.T.);
#3947 = ORIENTED_EDGE('',*,*,#3948,.T.);
#3948 = EDGE_CURVE('',#1313,#3949,#3951,.T.);
#3949 = VERTEX_POINT('',#3950);
#3950 = CARTESIAN_POINT('',(-18.40635378773,-12.94031301167,20.85));
#3951 = CIRCLE('',#3952,0.399949834081);
#3952 = AXIS2_PLACEMENT_3D('',#3953,#3954,#3955);
#3953 = CARTESIAN_POINT('',(-18.08278757506,-12.70522839754,20.85));
#3954 = DIRECTION('',(0.,0.,1.));
#3955 = DIRECTION('',(-0.809016994375,-0.587785252292,0.));
#3956 = ORIENTED_EDGE('',*,*,#3957,.F.);
#3957 = EDGE_CURVE('',#3958,#3949,#3960,.T.);
#3958 = VERTEX_POINT('',#3959);
#3959 = CARTESIAN_POINT('',(-18.40635378773,-12.94031301167,
    19.858883305665));
#3960 = LINE('',#3961,#3962);
#3961 = CARTESIAN_POINT('',(-18.40635378773,-12.94031301167,18.25));
#3962 = VECTOR('',#3963,1.);
#3963 = DIRECTION('',(0.,0.,1.));
#3964 = ORIENTED_EDGE('',*,*,#3965,.F.);
#3965 = EDGE_CURVE('',#3939,#3958,#3966,.T.);
#3966 = LINE('',#3967,#3968);
#3967 = CARTESIAN_POINT('',(-18.40635378773,-12.94031301167,18.25));
#3968 = VECTOR('',#3969,1.);
#3969 = DIRECTION('',(0.,0.,1.));
#3970 = CYLINDRICAL_SURFACE('',#3971,0.399949834081);
#3971 = AXIS2_PLACEMENT_3D('',#3972,#3973,#3974);
#3972 = CARTESIAN_POINT('',(-18.08278757506,-12.70522839754,18.25));
#3973 = DIRECTION('',(0.,0.,-1.));
#3974 = DIRECTION('',(-0.809016994375,-0.587785252292,0.));
#3975 = ADVANCED_FACE('',(#3976),#4061,.F.);
#3976 = FACE_BOUND('',#3977,.F.);
#3977 = EDGE_LOOP('',(#3978,#4053,#4054,#4060));
#3978 = ORIENTED_EDGE('',*,*,#3979,.T.);
#3979 = EDGE_CURVE('',#3797,#3958,#3980,.T.);
#3980 = B_SPLINE_CURVE_WITH_KNOTS('',8,(#3981,#3982,#3983,#3984,#3985,
    #3986,#3987,#3988,#3989,#3990,#3991,#3992,#3993,#3994,#3995,#3996,
    #3997,#3998,#3999,#4000,#4001,#4002,#4003,#4004,#4005,#4006,#4007,
    #4008,#4009,#4010,#4011,#4012,#4013,#4014,#4015,#4016,#4017,#4018,
    #4019,#4020,#4021,#4022,#4023,#4024,#4025,#4026,#4027,#4028,#4029,
    #4030,#4031,#4032,#4033,#4034,#4035,#4036,#4037,#4038,#4039,#4040,
    #4041,#4042,#4043,#4044,#4045,#4046,#4047,#4048,#4049,#4050,#4051,
    #4052),.UNSPECIFIED.,.F.,.F.,(9,7,7,7,7,7,7,7,7,7,9),(0.,
    4.933355452213E-02,8.654687099365E-02,0.131882652429,0.342969146812,
    0.500547323818,0.671206737471,0.850246384483,0.938586449742,
    0.967211868851,1.),.UNSPECIFIED.);
#3981 = CARTESIAN_POINT('',(-17.99115109784,-13.51179048737,
    19.850000101065));
#3982 = CARTESIAN_POINT('',(-17.99115111517,-13.51179046352,
    19.851848153972));
#3983 = CARTESIAN_POINT('',(-17.99151348517,-13.511291704,19.85369347898
    ));
#3984 = CARTESIAN_POINT('',(-17.99223548836,-13.51029795185,
    19.855498684647));
#3985 = CARTESIAN_POINT('',(-17.99327908594,-13.50886156302,
    19.857240954831));
#3986 = CARTESIAN_POINT('',(-17.9945924,-13.50705394129,19.858907472788)
  );
#3987 = CARTESIAN_POINT('',(-17.99612413622,-13.50494568725,
    19.860492209263));
#3988 = CARTESIAN_POINT('',(-17.99783094893,-13.5025964611,
    19.861994074566));
#3989 = CARTESIAN_POINT('',(-18.00107082756,-13.49813715073,
    19.864489350135));
#3990 = CARTESIAN_POINT('',(-18.00254602321,-13.4961067181,
    19.865518870158));
#3991 = CARTESIAN_POINT('',(-18.00409101152,-13.49398022412,
    19.866507515339));
#3992 = CARTESIAN_POINT('',(-18.00569537173,-13.49177201173,
    19.867457655683));
#3993 = CARTESIAN_POINT('',(-18.00735049193,-13.48949393421,
    19.868371565446));
#3994 = CARTESIAN_POINT('',(-18.00904947464,-13.48715548514,
    19.869251478028));
#3995 = CARTESIAN_POINT('',(-18.01078704239,-13.48476392829,
    19.870099640863));
#3996 = CARTESIAN_POINT('',(-18.01471870226,-13.47935246273,
    19.871915801948));
#3997 = CARTESIAN_POINT('',(-18.01692850648,-13.47631092815,
    19.872869026812));
#3998 = CARTESIAN_POINT('',(-18.01918131845,-13.47321019849,
    19.873781802488));
#3999 = CARTESIAN_POINT('',(-18.02147093265,-13.4700588149,
    19.874657269711));
#4000 = CARTESIAN_POINT('',(-18.02379233718,-13.46686367567,
    19.875498086243));
#4001 = CARTESIAN_POINT('',(-18.02614157526,-13.46363022685,
    19.876306560753));
#4002 = CARTESIAN_POINT('',(-18.02851560674,-13.46036265284,
    19.877084786697));
#4003 = CARTESIAN_POINT('',(-18.04207073017,-13.44170562603,
    19.881326778527));
#4004 = CARTESIAN_POINT('',(-18.05368477371,-13.42572026647,
    19.884196273466));
#4005 = CARTESIAN_POINT('',(-18.06555605783,-13.40938084564,
    19.886652533354));
#4006 = CARTESIAN_POINT('',(-18.0776004387,-13.39280317756,
    19.888739662239));
#4007 = CARTESIAN_POINT('',(-18.08974021958,-13.37609420265,
    19.8905295448));
#4008 = CARTESIAN_POINT('',(-18.10195083035,-13.35928773874,
    19.892046754312));
#4009 = CARTESIAN_POINT('',(-18.11422280351,-13.34239681676,
    19.89332391815));
#4010 = CARTESIAN_POINT('',(-18.13580497648,-13.31269150408,
    19.89516498874));
#4011 = CARTESIAN_POINT('',(-18.14505649668,-13.29995787894,
    19.895826035317));
#4012 = CARTESIAN_POINT('',(-18.15432874916,-13.28719571826,
    19.896368351527));
#4013 = CARTESIAN_POINT('',(-18.16361649539,-13.27441223227,
    19.896797157631));
#4014 = CARTESIAN_POINT('',(-18.17291513635,-13.26161375097,
    19.897116007256));
#4015 = CARTESIAN_POINT('',(-18.18222066123,-13.24880579476,
    19.897327051554));
#4016 = CARTESIAN_POINT('',(-18.19152959622,-13.23599314494,
    19.897431303346));
#4017 = CARTESIAN_POINT('',(-18.21092111955,-13.20930300283,
    19.897426299809));
#4018 = CARTESIAN_POINT('',(-18.22100242399,-13.19542727766,
    19.897298633814));
#4019 = CARTESIAN_POINT('',(-18.2310792446,-13.18155772394,
    19.897045610682));
#4020 = CARTESIAN_POINT('',(-18.24114722443,-13.16770033854,
    19.896665819837));
#4021 = CARTESIAN_POINT('',(-18.25120117453,-13.1538622634,
    19.896156284671));
#4022 = CARTESIAN_POINT('',(-18.26123497712,-13.14005191892,
    19.895512014491));
#4023 = CARTESIAN_POINT('',(-18.27124148867,-13.12627913733,
    19.894725556448));
#4024 = CARTESIAN_POINT('',(-18.29167302122,-13.09815754532,
    19.892801428465));
#4025 = CARTESIAN_POINT('',(-18.30208010466,-13.08383342382,
    19.891649782792));
#4026 = CARTESIAN_POINT('',(-18.31243703751,-13.0695783287,
    19.890317825728));
#4027 = CARTESIAN_POINT('',(-18.32273697822,-13.05540167653,
    19.888790220018));
#4028 = CARTESIAN_POINT('',(-18.3329569601,-13.04133507824,
    19.88704132682));
#4029 = CARTESIAN_POINT('',(-18.34306124616,-13.02742772158,
    19.885041065909));
#4030 = CARTESIAN_POINT('',(-18.35299905364,-13.01374950304,
    19.882749104145));
#4031 = CARTESIAN_POINT('',(-18.36745925635,-12.99384674146,
    19.878749731227));
#4032 = CARTESIAN_POINT('',(-18.37215930798,-12.98737767537,
    19.877338647778));
#4033 = CARTESIAN_POINT('',(-18.37678308671,-12.98101358993,
    19.87582372197));
#4034 = CARTESIAN_POINT('',(-18.38131865451,-12.97477091641,
    19.87419073862));
#4035 = CARTESIAN_POINT('',(-18.38573548451,-12.96869167145,
    19.872421733571));
#4036 = CARTESIAN_POINT('',(-18.38998775367,-12.96283892506,
    19.870497585951));
#4037 = CARTESIAN_POINT('',(-18.3940116612,-12.95730049149,
    19.868395194786));
#4038 = CARTESIAN_POINT('',(-18.39889788853,-12.95057517653,
    19.86531334657));
#4039 = CARTESIAN_POINT('',(-18.40005731352,-12.94897936493,
    19.864536305117));
#4040 = CARTESIAN_POINT('',(-18.40117651139,-12.94743892122,
    19.863735182761));
#4041 = CARTESIAN_POINT('',(-18.4022505004,-12.94596070216,
    19.862908884145));
#4042 = CARTESIAN_POINT('',(-18.40327326221,-12.94455299129,
    19.862056544961));
#4043 = CARTESIAN_POINT('',(-18.40423786042,-12.94322533576,
    19.861177586179));
#4044 = CARTESIAN_POINT('',(-18.40513655902,-12.94198838325,
    19.860271768285));
#4045 = CARTESIAN_POINT('',(-18.40690520459,-12.93955405146,
    19.858271115136));
#4046 = CARTESIAN_POINT('',(-18.40775264804,-12.93838764562,
    19.857167041722));
#4047 = CARTESIAN_POINT('',(-18.40848929019,-12.93737374468,
    19.856028953689));
#4048 = CARTESIAN_POINT('',(-18.40909996008,-12.93653322969,
    19.854860035796));
#4049 = CARTESIAN_POINT('',(-18.4095702607,-12.93588591642,
    19.853665020925));
#4050 = CARTESIAN_POINT('',(-18.40988853289,-12.93544785234,
    19.85245048189));
#4051 = CARTESIAN_POINT('',(-18.41004781913,-12.93522861363,
    19.851225123226));
#4052 = CARTESIAN_POINT('',(-18.41004782743,-12.93522860221,19.850000073
    ));
#4053 = ORIENTED_EDGE('',*,*,#3957,.T.);
#4054 = ORIENTED_EDGE('',*,*,#4055,.T.);
#4055 = EDGE_CURVE('',#3949,#3805,#4056,.T.);
#4056 = LINE('',#4057,#4058);
#4057 = CARTESIAN_POINT('',(-18.40635378773,-12.94031301167,20.85));
#4058 = VECTOR('',#4059,1.);
#4059 = DIRECTION('',(0.587785252292,-0.809016994375,0.));
#4060 = ORIENTED_EDGE('',*,*,#3804,.F.);
#4061 = PLANE('',#4062);
#4062 = AXIS2_PLACEMENT_3D('',#4063,#4064,#4065);
#4063 = CARTESIAN_POINT('',(-18.40635378773,-12.94031301167,18.25));
#4064 = DIRECTION('',(0.809016994375,0.587785252292,0.));
#4065 = DIRECTION('',(0.587785252292,-0.809016994375,0.));
#4066 = ADVANCED_FACE('',(#4067),#4104,.F.);
#4067 = FACE_BOUND('',#4068,.F.);
#4068 = EDGE_LOOP('',(#4069,#4070,#4103));
#4069 = ORIENTED_EDGE('',*,*,#1290,.T.);
#4070 = ORIENTED_EDGE('',*,*,#4071,.T.);
#4071 = EDGE_CURVE('',#1276,#1352,#4072,.T.);
#4072 = B_SPLINE_CURVE_WITH_KNOTS('',5,(#4073,#4074,#4075,#4076,#4077,
    #4078,#4079,#4080,#4081,#4082,#4083,#4084,#4085,#4086,#4087,#4088,
    #4089,#4090,#4091,#4092,#4093,#4094,#4095,#4096,#4097,#4098,#4099,
    #4100,#4101,#4102),.UNSPECIFIED.,.F.,.F.,(6,4,4,4,4,4,4,6),(0.,
    0.100706547218,0.315950341319,0.492414095927,0.57247868535,
    0.76158489855,0.925342552794,1.),.UNSPECIFIED.);
#4073 = CARTESIAN_POINT('',(-14.73789873927,10.275888617319,
    20.251457277045));
#4074 = CARTESIAN_POINT('',(-14.74536282789,10.265615180686,
    20.251435277727));
#4075 = CARTESIAN_POINT('',(-14.75282330114,10.255346720189,
    20.250872128043));
#4076 = CARTESIAN_POINT('',(-14.76026220299,10.245107950174,
    20.249779921311));
#4077 = CARTESIAN_POINT('',(-14.76766318825,10.234921367877,
    20.248171835281));
#4078 = CARTESIAN_POINT('',(-14.7907173867,10.203189985927,
    20.241552986282));
#4079 = CARTESIAN_POINT('',(-14.80618021051,10.181907234805,
    20.234752589789));
#4080 = CARTESIAN_POINT('',(-14.8212625347,10.161148196462,
    20.225795515563));
#4081 = CARTESIAN_POINT('',(-14.83584144288,10.141082050833,
    20.214814450057));
#4082 = CARTESIAN_POINT('',(-14.8612482327,10.106112604668,
    20.19133503242));
#4083 = CARTESIAN_POINT('',(-14.87227689104,10.090932958713,
    20.179468139407));
#4084 = CARTESIAN_POINT('',(-14.88282463735,10.076415231393,
    20.166369989113));
#4085 = CARTESIAN_POINT('',(-14.89282042423,10.062657211046,
    20.152096365496));
#4086 = CARTESIAN_POINT('',(-14.90644007482,10.043911370218,
    20.129726900318));
#4087 = CARTESIAN_POINT('',(-14.91056168791,10.038238456476,
    20.122516101113));
#4088 = CARTESIAN_POINT('',(-14.91454692186,10.032753252524,
    20.115082117736));
#4089 = CARTESIAN_POINT('',(-14.9183883605,10.027465965827,
    20.107431709768));
#4090 = CARTESIAN_POINT('',(-14.93079384521,10.010391280956,
    20.081009581995));
#4091 = CARTESIAN_POINT('',(-14.93866413844,9.999558751641,
    20.06128448605));
#4092 = CARTESIAN_POINT('',(-14.94565180522,9.98994105343,
    20.040578034782));
#4093 = CARTESIAN_POINT('',(-14.95172566663,9.981581100394,
    20.019061560181));
#4094 = CARTESIAN_POINT('',(-14.96129287135,9.96841297278,
    19.977689413525));
#4095 = CARTESIAN_POINT('',(-14.96502269492,9.963279311057,
    19.957999824024));
#4096 = CARTESIAN_POINT('',(-14.96802028661,9.959153480053,
    19.937921834648));
#4097 = CARTESIAN_POINT('',(-14.97026148294,9.956068737938,
    19.917562169179));
#4098 = CARTESIAN_POINT('',(-14.97238501082,9.953145952554,
    19.887673914807));
#4099 = CARTESIAN_POINT('',(-14.97288733377,9.952454564331,
    19.878279777837));
#4100 = CARTESIAN_POINT('',(-14.97322455073,9.951990425005,
    19.868861687982));
#4101 = CARTESIAN_POINT('',(-14.97339429711,9.951756789156,
    19.859431284323));
#4102 = CARTESIAN_POINT('',(-14.97339430988,9.951756771583,
    19.850000886755));
#4103 = ORIENTED_EDGE('',*,*,#1361,.T.);
#4104 = PLANE('',#4105);
#4105 = AXIS2_PLACEMENT_3D('',#4106,#4107,#4108);
#4106 = CARTESIAN_POINT('',(-14.97339430988,9.951756771582,18.25));
#4107 = DIRECTION('',(-0.809016994375,0.587785252293,0.));
#4108 = DIRECTION('',(0.587785252293,0.809016994375,0.));
#4109 = ADVANCED_FACE('',(#4110),#4122,.T.);
#4110 = FACE_BOUND('',#4111,.T.);
#4111 = EDGE_LOOP('',(#4112,#4113,#4114,#4115));
#4112 = ORIENTED_EDGE('',*,*,#1471,.T.);
#4113 = ORIENTED_EDGE('',*,*,#1275,.T.);
#4114 = ORIENTED_EDGE('',*,*,#4071,.T.);
#4115 = ORIENTED_EDGE('',*,*,#4116,.F.);
#4116 = EDGE_CURVE('',#1472,#1352,#4117,.T.);
#4117 = CIRCLE('',#4118,0.4);
#4118 = AXIS2_PLACEMENT_3D('',#4119,#4120,#4121);
#4119 = CARTESIAN_POINT('',(-15.2085084108,9.628149973832,19.85));
#4120 = DIRECTION('',(-0.,0.,1.));
#4121 = DIRECTION('',(0.844917133933,-0.534897220768,0.));
#4122 = B_SPLINE_SURFACE_WITH_KNOTS('',3,3,(
    (#4123,#4124,#4125,#4126,#4127)
    ,(#4128,#4129,#4130,#4131,#4132)
    ,(#4133,#4134,#4135,#4136,#4137)
    ,(#4138,#4139,#4140,#4141,#4142)
    ,(#4143,#4144,#4145,#4146,#4147
  )),.UNSPECIFIED.,.F.,.F.,.F.,(4,1,4),(4,1,4),(0.,0.5,1.),(
    1.005499568533,1.059375299483,1.131209607416),.UNSPECIFIED.);
#4123 = CARTESIAN_POINT('',(-14.97339430988,9.951756771582,19.85));
#4124 = CARTESIAN_POINT('',(-14.97339430988,9.951756771582,
    19.939792884916));
#4125 = CARTESIAN_POINT('',(-14.93876789887,10.017202704818,
    20.149508815491));
#4126 = CARTESIAN_POINT('',(-14.83186945085,10.195401306733,20.25));
#4127 = CARTESIAN_POINT('',(-14.76527757175,10.294978301538,20.25));
#4128 = CARTESIAN_POINT('',(-14.89212240996,9.89270927996,19.85));
#4129 = CARTESIAN_POINT('',(-14.89212240996,9.89270927996,
    19.941079244736));
#4130 = CARTESIAN_POINT('',(-14.85437125065,9.9600793103,20.153536422291
    ));
#4131 = CARTESIAN_POINT('',(-14.74534367165,10.137080112261,
    20.250623115076));
#4132 = CARTESIAN_POINT('',(-14.67937666888,10.235084545611,20.25));
#4133 = CARTESIAN_POINT('',(-14.77686368617,9.710736807867,19.85));
#4134 = CARTESIAN_POINT('',(-14.77686368617,9.710736807867,
    19.962023890663));
#4135 = CARTESIAN_POINT('',(-14.72656204563,9.790707809742,
    20.222538082635));
#4136 = CARTESIAN_POINT('',(-14.58876615689,9.999204003561,
    20.337863474399));
#4137 = CARTESIAN_POINT('',(-14.50829901016,10.115801939792,
    20.336723525105));
#4138 = CARTESIAN_POINT('',(-14.81680706994,9.499069427049,19.85));
#4139 = CARTESIAN_POINT('',(-14.81680706994,9.499069427049,
    20.006953836424));
#4140 = CARTESIAN_POINT('',(-14.74876212136,9.606471489652,
    20.373257453889));
#4141 = CARTESIAN_POINT('',(-14.55311836247,9.899913580148,
    20.545671974769));
#4142 = CARTESIAN_POINT('',(-14.43716029237,10.066201005949,
    20.54528024488));
#4143 = CARTESIAN_POINT('',(-14.87054155722,9.414191085525,19.85));
#4144 = CARTESIAN_POINT('',(-14.87054155722,9.414191085525,
    20.029585769833));
#4145 = CARTESIAN_POINT('',(-14.79455753441,9.536165626428,
    20.449017630981));
#4146 = CARTESIAN_POINT('',(-14.5710674307,9.874148530628,20.65));
#4147 = CARTESIAN_POINT('',(-14.43716029237,10.066201005949,20.65));
#4148 = ADVANCED_FACE('',(#4149),#4193,.T.);
#4149 = FACE_BOUND('',#4150,.T.);
#4150 = EDGE_LOOP('',(#4151,#4152,#4159,#4192));
#4151 = ORIENTED_EDGE('',*,*,#1463,.T.);
#4152 = ORIENTED_EDGE('',*,*,#4153,.T.);
#4153 = EDGE_CURVE('',#1456,#1329,#4154,.T.);
#4154 = CIRCLE('',#4155,0.4);
#4155 = AXIS2_PLACEMENT_3D('',#4156,#4157,#4158);
#4156 = CARTESIAN_POINT('',(-15.2085084108,-9.628149973827,19.85));
#4157 = DIRECTION('',(5.950709294724E-15,-9.399667911808E-15,-1.));
#4158 = DIRECTION('',(0.844917133934,0.534897220768,-3.944304526105E-30)
  );
#4159 = ORIENTED_EDGE('',*,*,#4160,.F.);
#4160 = EDGE_CURVE('',#1244,#1329,#4161,.T.);
#4161 = B_SPLINE_CURVE_WITH_KNOTS('',5,(#4162,#4163,#4164,#4165,#4166,
    #4167,#4168,#4169,#4170,#4171,#4172,#4173,#4174,#4175,#4176,#4177,
    #4178,#4179,#4180,#4181,#4182,#4183,#4184,#4185,#4186,#4187,#4188,
    #4189,#4190,#4191),.UNSPECIFIED.,.F.,.F.,(6,4,4,4,4,4,4,6),(0.,
    6.885506721147E-02,0.225093068489,0.429673107325,0.501787015112,
    0.665041918675,0.889632111958,1.),.UNSPECIFIED.);
#4162 = CARTESIAN_POINT('',(-14.73789873927,-10.27588861731,
    20.251457277045));
#4163 = CARTESIAN_POINT('',(-14.74300200149,-10.26886457946,
    20.25144223592));
#4164 = CARTESIAN_POINT('',(-14.74810375356,-10.26184262015,
    20.251182082304));
#4165 = CARTESIAN_POINT('',(-14.753198563,-10.25483021655,
    20.250680144999));
#4166 = CARTESIAN_POINT('',(-14.75828128531,-10.24783444945,
    20.24993978084));
#4167 = CARTESIAN_POINT('',(-14.77484174641,-10.2250409302,
    20.246751095199));
#4168 = CARTESIAN_POINT('',(-14.78624853825,-10.20934082814,
    20.243327514384));
#4169 = CARTESIAN_POINT('',(-14.79751220629,-10.19383771909,
    20.238733381296));
#4170 = CARTESIAN_POINT('',(-14.80858002704,-10.17860417071,
    20.23300418727));
#4171 = CARTESIAN_POINT('',(-14.8335719374,-10.14420575713,
    20.217223920299));
#4172 = CARTESIAN_POINT('',(-14.84731806805,-10.12528583143,
    20.206385075153));
#4173 = CARTESIAN_POINT('',(-14.86052913172,-10.10710236224,
    20.193722441254));
#4174 = CARTESIAN_POINT('',(-14.87307907123,-10.0898288524,
    20.179297014336));
#4175 = CARTESIAN_POINT('',(-14.88897778049,-10.06794615642,
    20.157506306094));
#4176 = CARTESIAN_POINT('',(-14.89302247313,-10.06237911459,
    20.151617928006));
#4177 = CARTESIAN_POINT('',(-14.89696496157,-10.05695274478,
    20.14552983969));
#4178 = CARTESIAN_POINT('',(-14.90080227739,-10.05167113267,
    20.139251186979));
#4179 = CARTESIAN_POINT('',(-14.91297470156,-10.03491722811,
    20.118165598935));
#4180 = CARTESIAN_POINT('',(-14.92086423706,-10.02405821408,
    20.102609927417));
#4181 = CARTESIAN_POINT('',(-14.9281708893,-10.01400147004,
    20.08622503088));
#4182 = CARTESIAN_POINT('',(-14.93486596404,-10.00478649021,
    20.069105764374));
#4183 = CARTESIAN_POINT('',(-14.94925220691,-9.984985525633,
    20.026901095136));
#4184 = CARTESIAN_POINT('',(-14.9563708993,-9.975187486131,
    20.001243230565));
#4185 = CARTESIAN_POINT('',(-14.9622059039,-9.96715629129,19.97459122089
    ));
#4186 = CARTESIAN_POINT('',(-14.96666620887,-9.961017208166,
    19.947186167788));
#4187 = CARTESIAN_POINT('',(-14.97113688253,-9.954863853769,
    19.905598514536));
#4188 = CARTESIAN_POINT('',(-14.97225670229,-9.953322554104,
    19.891780862751));
#4189 = CARTESIAN_POINT('',(-14.97301236133,-9.952282478657,
    19.877882672756));
#4190 = CARTESIAN_POINT('',(-14.97339430135,-9.95175678332,
    19.863941903032));
#4191 = CARTESIAN_POINT('',(-14.97339430988,-9.951756771577,
    19.850000389406));
#4192 = ORIENTED_EDGE('',*,*,#1251,.T.);
#4193 = B_SPLINE_SURFACE_WITH_KNOTS('',3,3,(
    (#4194,#4195,#4196,#4197,#4198)
    ,(#4199,#4200,#4201,#4202,#4203)
    ,(#4204,#4205,#4206,#4207,#4208)
    ,(#4209,#4210,#4211,#4212,#4213)
    ,(#4214,#4215,#4216,#4217,#4218
  )),.UNSPECIFIED.,.F.,.F.,.F.,(4,1,4),(4,1,4),(0.,0.5,1.),(
    0.377038647294,0.43091420023,0.502748270812),.UNSPECIFIED.);
#4194 = CARTESIAN_POINT('',(-14.76527757175,-10.29497830153,20.25));
#4195 = CARTESIAN_POINT('',(-14.81522136921,-10.22029572269,20.25));
#4196 = CARTESIAN_POINT('',(-14.9257078886,-10.04145917315,
    20.17679989909));
#4197 = CARTESIAN_POINT('',(-14.97339430988,-9.951756771577,
    19.96972345097));
#4198 = CARTESIAN_POINT('',(-14.97339430988,-9.951756771577,19.85));
#4199 = CARTESIAN_POINT('',(-14.67937666888,-10.2350845456,20.25));
#4200 = CARTESIAN_POINT('',(-14.72885181015,-10.16158138522,
    20.250467335261));
#4201 = CARTESIAN_POINT('',(-14.84038365874,-9.984747217661,
    20.180638661082));
#4202 = CARTESIAN_POINT('',(-14.89212240997,-9.892709279956,
    19.97143859173));
#4203 = CARTESIAN_POINT('',(-14.89212240997,-9.892709279956,19.85));
#4204 = CARTESIAN_POINT('',(-14.50829901016,-10.11580193978,
    20.336723525105));
#4205 = CARTESIAN_POINT('',(-14.56864923504,-10.02835368347,
    20.337578485161));
#4206 = CARTESIAN_POINT('',(-14.70824191367,-9.819589340248,
    20.254968311443));
#4207 = CARTESIAN_POINT('',(-14.77686368617,-9.710736807862,
    19.999364694027));
#4208 = CARTESIAN_POINT('',(-14.77686368617,-9.710736807862,19.85));
#4209 = CARTESIAN_POINT('',(-14.43716029238,-10.06620100594,
    20.54528024488));
#4210 = CARTESIAN_POINT('',(-14.52412865016,-9.941485715922,
    20.545574041639));
#4211 = CARTESIAN_POINT('',(-14.72346191216,-9.646143128572,
    20.420502584227));
#4212 = CARTESIAN_POINT('',(-14.81680706995,-9.499069427044,
    20.059271090434));
#4213 = CARTESIAN_POINT('',(-14.81680706995,-9.499069427044,19.85));
#4214 = CARTESIAN_POINT('',(-14.43716029238,-10.06620100594,20.65));
#4215 = CARTESIAN_POINT('',(-14.53759042118,-9.922161972062,20.65));
#4216 = CARTESIAN_POINT('',(-14.76609758251,-9.581478720299,
    20.503599798179));
#4217 = CARTESIAN_POINT('',(-14.87054155723,-9.41419108552,
    20.08944690194));
#4218 = CARTESIAN_POINT('',(-14.87054155723,-9.41419108552,19.85));
#4219 = ADVANCED_FACE('',(#4220),#4225,.F.);
#4220 = FACE_BOUND('',#4221,.F.);
#4221 = EDGE_LOOP('',(#4222,#4223,#4224));
#4222 = ORIENTED_EDGE('',*,*,#4160,.F.);
#4223 = ORIENTED_EDGE('',*,*,#1243,.T.);
#4224 = ORIENTED_EDGE('',*,*,#1328,.F.);
#4225 = PLANE('',#4226);
#4226 = AXIS2_PLACEMENT_3D('',#4227,#4228,#4229);
#4227 = CARTESIAN_POINT('',(-14.09171643142,-11.16528226316,18.25));
#4228 = DIRECTION('',(-0.809016994375,-0.587785252292,0.));
#4229 = DIRECTION('',(-0.587785252292,0.809016994375,0.));
#4230 = ADVANCED_FACE('',(#4231),#4248,.T.);
#4231 = FACE_BOUND('',#4232,.T.);
#4232 = EDGE_LOOP('',(#4233,#4239,#4240,#4241));
#4233 = ORIENTED_EDGE('',*,*,#4234,.T.);
#4234 = EDGE_CURVE('',#1103,#3939,#4235,.T.);
#4235 = LINE('',#4236,#4237);
#4236 = CARTESIAN_POINT('',(-18.41004782743,-12.93522860221,20.25));
#4237 = VECTOR('',#4238,1.);
#4238 = DIRECTION('',(0.,0.,1.));
#4239 = ORIENTED_EDGE('',*,*,#3938,.F.);
#4240 = ORIENTED_EDGE('',*,*,#1304,.T.);
#4241 = ORIENTED_EDGE('',*,*,#4242,.F.);
#4242 = EDGE_CURVE('',#1103,#1162,#4243,.T.);
#4243 = CIRCLE('',#4244,0.4);
#4244 = AXIS2_PLACEMENT_3D('',#4245,#4246,#4247);
#4245 = CARTESIAN_POINT('',(-18.08275808827,-12.70526898262,10.15));
#4246 = DIRECTION('',(0.,0.,-1.));
#4247 = DIRECTION('',(-0.587785252293,0.809016994374,0.));
#4248 = CYLINDRICAL_SURFACE('',#4249,0.4);
#4249 = AXIS2_PLACEMENT_3D('',#4250,#4251,#4252);
#4250 = CARTESIAN_POINT('',(-18.08275808827,-12.70526898262,20.25));
#4251 = DIRECTION('',(0.,0.,-1.));
#4252 = DIRECTION('',(-0.986418599134,0.164250866915,0.));
#4253 = ADVANCED_FACE('',(#4254),#4260,.F.);
#4254 = FACE_BOUND('',#4255,.F.);
#4255 = EDGE_LOOP('',(#4256,#4257,#4258,#4259));
#4256 = ORIENTED_EDGE('',*,*,#1455,.F.);
#4257 = ORIENTED_EDGE('',*,*,#4153,.T.);
#4258 = ORIENTED_EDGE('',*,*,#1336,.F.);
#4259 = ORIENTED_EDGE('',*,*,#1409,.F.);
#4260 = CYLINDRICAL_SURFACE('',#4261,0.4);
#4261 = AXIS2_PLACEMENT_3D('',#4262,#4263,#4264);
#4262 = CARTESIAN_POINT('',(-15.2085084108,-9.628149973827,18.75));
#4263 = DIRECTION('',(0.,0.,1.));
#4264 = DIRECTION('',(0.982183988004,-0.18792182872,0.));
#4265 = ADVANCED_FACE('',(#4266),#4272,.F.);
#4266 = FACE_BOUND('',#4267,.F.);
#4267 = EDGE_LOOP('',(#4268,#4269,#4270,#4271));
#4268 = ORIENTED_EDGE('',*,*,#1480,.F.);
#4269 = ORIENTED_EDGE('',*,*,#1504,.T.);
#4270 = ORIENTED_EDGE('',*,*,#1351,.F.);
#4271 = ORIENTED_EDGE('',*,*,#4116,.F.);
#4272 = CYLINDRICAL_SURFACE('',#4273,0.4);
#4273 = AXIS2_PLACEMENT_3D('',#4274,#4275,#4276);
#4274 = CARTESIAN_POINT('',(-15.2085084108,9.628149973832,18.75));
#4275 = DIRECTION('',(0.,0.,-1.));
#4276 = DIRECTION('',(0.982183988003,0.18792182872,0.));
#4277 = ADVANCED_FACE('',(#4278),#4303,.T.);
#4278 = FACE_BOUND('',#4279,.T.);
#4279 = EDGE_LOOP('',(#4280,#4281,#4290,#4296));
#4280 = ORIENTED_EDGE('',*,*,#1385,.T.);
#4281 = ORIENTED_EDGE('',*,*,#4282,.F.);
#4282 = EDGE_CURVE('',#4283,#1378,#4285,.T.);
#4283 = VERTEX_POINT('',#4284);
#4284 = CARTESIAN_POINT('',(-18.41004782743,12.935228602219,19.85));
#4285 = CIRCLE('',#4286,0.4);
#4286 = AXIS2_PLACEMENT_3D('',#4287,#4288,#4289);
#4287 = CARTESIAN_POINT('',(-18.08275808827,12.705268982624,19.85));
#4288 = DIRECTION('',(0.,0.,1.));
#4289 = DIRECTION('',(-0.587785252292,-0.809016994375,0.));
#4290 = ORIENTED_EDGE('',*,*,#4291,.T.);
#4291 = EDGE_CURVE('',#4283,#1592,#4292,.T.);
#4292 = LINE('',#4293,#4294);
#4293 = CARTESIAN_POINT('',(-18.41004782743,12.935228602219,20.25));
#4294 = VECTOR('',#4295,1.);
#4295 = DIRECTION('',(0.,0.,-1.));
#4296 = ORIENTED_EDGE('',*,*,#4297,.F.);
#4297 = EDGE_CURVE('',#1386,#1592,#4298,.T.);
#4298 = CIRCLE('',#4299,0.4);
#4299 = AXIS2_PLACEMENT_3D('',#4300,#4301,#4302);
#4300 = CARTESIAN_POINT('',(-18.08275808827,12.705268982624,10.15));
#4301 = DIRECTION('',(0.,0.,-1.));
#4302 = DIRECTION('',(-0.818224347886,0.574899048987,0.));
#4303 = CYLINDRICAL_SURFACE('',#4304,0.4);
#4304 = AXIS2_PLACEMENT_3D('',#4305,#4306,#4307);
#4305 = CARTESIAN_POINT('',(-18.08275808827,12.705268982624,20.25));
#4306 = DIRECTION('',(0.,0.,-1.));
#4307 = DIRECTION('',(-0.986418599134,-0.164250866916,-0.));
#4308 = ADVANCED_FACE('',(#4309),#4336,.T.);
#4309 = FACE_BOUND('',#4310,.F.);
#4310 = EDGE_LOOP('',(#4311,#4319,#4327,#4334,#4335));
#4311 = ORIENTED_EDGE('',*,*,#4312,.T.);
#4312 = EDGE_CURVE('',#4283,#4313,#4315,.T.);
#4313 = VERTEX_POINT('',#4314);
#4314 = CARTESIAN_POINT('',(-18.40635378773,12.940313011672,
    19.858883305669));
#4315 = LINE('',#4316,#4317);
#4316 = CARTESIAN_POINT('',(-18.40635378773,12.940313011672,18.25));
#4317 = VECTOR('',#4318,1.);
#4318 = DIRECTION('',(0.,0.,1.));
#4319 = ORIENTED_EDGE('',*,*,#4320,.T.);
#4320 = EDGE_CURVE('',#4313,#4321,#4323,.T.);
#4321 = VERTEX_POINT('',#4322);
#4322 = CARTESIAN_POINT('',(-18.40635378773,12.940313011672,20.85));
#4323 = LINE('',#4324,#4325);
#4324 = CARTESIAN_POINT('',(-18.40635378773,12.940313011672,18.25));
#4325 = VECTOR('',#4326,1.);
#4326 = DIRECTION('',(0.,0.,1.));
#4327 = ORIENTED_EDGE('',*,*,#4328,.T.);
#4328 = EDGE_CURVE('',#4321,#1370,#4329,.T.);
#4329 = CIRCLE('',#4330,0.399949834081);
#4330 = AXIS2_PLACEMENT_3D('',#4331,#4332,#4333);
#4331 = CARTESIAN_POINT('',(-18.08278757506,12.705228397543,20.85));
#4332 = DIRECTION('',(0.,0.,1.));
#4333 = DIRECTION('',(-0.809016994375,0.587785252292,0.));
#4334 = ORIENTED_EDGE('',*,*,#1377,.F.);
#4335 = ORIENTED_EDGE('',*,*,#4282,.F.);
#4336 = CYLINDRICAL_SURFACE('',#4337,0.399949834081);
#4337 = AXIS2_PLACEMENT_3D('',#4338,#4339,#4340);
#4338 = CARTESIAN_POINT('',(-18.08278757506,12.705228397543,18.25));
#4339 = DIRECTION('',(0.,0.,-1.));
#4340 = DIRECTION('',(-0.809016994375,0.587785252292,0.));
#4341 = ADVANCED_FACE('',(#4342),#4377,.T.);
#4342 = FACE_BOUND('',#4343,.F.);
#4343 = EDGE_LOOP('',(#4344,#4353,#4354,#4363,#4371));
#4344 = ORIENTED_EDGE('',*,*,#4345,.F.);
#4345 = EDGE_CURVE('',#1803,#4346,#4348,.T.);
#4346 = VERTEX_POINT('',#4347);
#4347 = CARTESIAN_POINT('',(-17.99115109783,13.511790487375,19.85));
#4348 = CIRCLE('',#4349,0.4);
#4349 = AXIS2_PLACEMENT_3D('',#4350,#4351,#4352);
#4350 = CARTESIAN_POINT('',(-17.67130841165,13.27158087871,19.85));
#4351 = DIRECTION('',(0.,0.,1.));
#4352 = DIRECTION('',(-0.79960671546,0.600524021661,0.));
#4353 = ORIENTED_EDGE('',*,*,#1810,.T.);
#4354 = ORIENTED_EDGE('',*,*,#4355,.T.);
#4355 = EDGE_CURVE('',#1811,#4356,#4358,.T.);
#4356 = VERTEX_POINT('',#4357);
#4357 = CARTESIAN_POINT('',(-17.99484513753,13.506706077921,20.85));
#4358 = CIRCLE('',#4359,0.399949834081);
#4359 = AXIS2_PLACEMENT_3D('',#4360,#4361,#4362);
#4360 = CARTESIAN_POINT('',(-17.67127892486,13.271621463791,20.85));
#4361 = DIRECTION('',(0.,0.,1.));
#4362 = DIRECTION('',(-0.809016994375,0.587785252292,0.));
#4363 = ORIENTED_EDGE('',*,*,#4364,.F.);
#4364 = EDGE_CURVE('',#4365,#4356,#4367,.T.);
#4365 = VERTEX_POINT('',#4366);
#4366 = CARTESIAN_POINT('',(-17.99484513753,13.506706077921,
    19.858883305669));
#4367 = LINE('',#4368,#4369);
#4368 = CARTESIAN_POINT('',(-17.99484513753,13.506706077921,18.25));
#4369 = VECTOR('',#4370,1.);
#4370 = DIRECTION('',(0.,0.,1.));
#4371 = ORIENTED_EDGE('',*,*,#4372,.F.);
#4372 = EDGE_CURVE('',#4346,#4365,#4373,.T.);
#4373 = LINE('',#4374,#4375);
#4374 = CARTESIAN_POINT('',(-17.99484513753,13.506706077921,18.25));
#4375 = VECTOR('',#4376,1.);
#4376 = DIRECTION('',(0.,0.,1.));
#4377 = CYLINDRICAL_SURFACE('',#4378,0.399949834081);
#4378 = AXIS2_PLACEMENT_3D('',#4379,#4380,#4381);
#4379 = CARTESIAN_POINT('',(-17.67127892486,13.271621463791,18.25));
#4380 = DIRECTION('',(0.,0.,-1.));
#4381 = DIRECTION('',(-0.809016994375,0.587785252292,0.));
#4382 = ADVANCED_FACE('',(#4383),#4468,.F.);
#4383 = FACE_BOUND('',#4384,.F.);
#4384 = EDGE_LOOP('',(#4385,#4460,#4461,#4467));
#4385 = ORIENTED_EDGE('',*,*,#4386,.T.);
#4386 = EDGE_CURVE('',#4313,#4365,#4387,.T.);
#4387 = B_SPLINE_CURVE_WITH_KNOTS('',8,(#4388,#4389,#4390,#4391,#4392,
    #4393,#4394,#4395,#4396,#4397,#4398,#4399,#4400,#4401,#4402,#4403,
    #4404,#4405,#4406,#4407,#4408,#4409,#4410,#4411,#4412,#4413,#4414,
    #4415,#4416,#4417,#4418,#4419,#4420,#4421,#4422,#4423,#4424,#4425,
    #4426,#4427,#4428,#4429,#4430,#4431,#4432,#4433,#4434,#4435,#4436,
    #4437,#4438,#4439,#4440,#4441,#4442,#4443,#4444,#4445,#4446,#4447,
    #4448,#4449,#4450,#4451,#4452,#4453,#4454,#4455,#4456,#4457,#4458,
    #4459),.UNSPECIFIED.,.F.,.F.,(9,7,7,7,7,7,7,7,7,7,9),(0.,
    4.93334234843E-02,8.654661784621E-02,0.13188225052,0.34296805226,
    0.499659456833,0.670310848697,0.850245713151,0.938586175474,
    0.967211719438,1.),.UNSPECIFIED.);
#4388 = CARTESIAN_POINT('',(-18.41004782743,12.935228602219,
    19.850000091706));
#4389 = CARTESIAN_POINT('',(-18.4100478117,12.935228623862,
    19.851848145795));
#4390 = CARTESIAN_POINT('',(-18.40968544284,12.935727381817,
    19.853693472109));
#4391 = CARTESIAN_POINT('',(-18.40896344021,12.936721133177,
    19.85549867911));
#4392 = CARTESIAN_POINT('',(-18.40791984267,12.938157521971,
    19.85724095059));
#4393 = CARTESIAN_POINT('',(-18.40660652819,12.939965144276,
    19.858907469768));
#4394 = CARTESIAN_POINT('',(-18.4050747912,12.942073399369,
    19.860492207365));
#4395 = CARTESIAN_POINT('',(-18.40336797749,12.944422626901,
    19.861994073677));
#4396 = CARTESIAN_POINT('',(-18.40012809771,12.948881938862,
    19.864489350135));
#4397 = CARTESIAN_POINT('',(-18.39865290205,12.950912371491,
    19.865518870158));
#4398 = CARTESIAN_POINT('',(-18.39710791374,12.953038865469,
    19.866507515339));
#4399 = CARTESIAN_POINT('',(-18.39550355353,12.955247077859,
    19.867457655683));
#4400 = CARTESIAN_POINT('',(-18.39384843333,12.957525155377,
    19.868371565446));
#4401 = CARTESIAN_POINT('',(-18.39214945063,12.959863604453,
    19.869251478028));
#4402 = CARTESIAN_POINT('',(-18.39041188287,12.962255161302,
    19.870099640863));
#4403 = CARTESIAN_POINT('',(-18.386480223,12.967666626863,
    19.871915801948));
#4404 = CARTESIAN_POINT('',(-18.38427041878,12.970708161439,
    19.872869026812));
#4405 = CARTESIAN_POINT('',(-18.38201760681,12.973808891099,
    19.873781802488));
#4406 = CARTESIAN_POINT('',(-18.37972799261,12.976960274692,
    19.874657269711));
#4407 = CARTESIAN_POINT('',(-18.37740658808,12.98015541392,
    19.875498086243));
#4408 = CARTESIAN_POINT('',(-18.37505735,12.983388862738,19.876306560753
    ));
#4409 = CARTESIAN_POINT('',(-18.37268331852,12.986656436748,
    19.877084786697));
#4410 = CARTESIAN_POINT('',(-18.35912819509,13.00531346356,
    19.881326778527));
#4411 = CARTESIAN_POINT('',(-18.34751415155,13.021298823116,
    19.884196273466));
#4412 = CARTESIAN_POINT('',(-18.33564286743,13.037638243953,
    19.886652533354));
#4413 = CARTESIAN_POINT('',(-18.32359848656,13.054215912025,
    19.88873966224));
#4414 = CARTESIAN_POINT('',(-18.31145870569,13.070924886939,
    19.8905295448));
#4415 = CARTESIAN_POINT('',(-18.29924809491,13.087731350849,
    19.892046754312));
#4416 = CARTESIAN_POINT('',(-18.28697612175,13.104622272829,
    19.89332391815));
#4417 = CARTESIAN_POINT('',(-18.26544583165,13.134256174871,
    19.895160562864));
#4418 = CARTESIAN_POINT('',(-18.25624648751,13.14691798582,
    19.895818594751));
#4419 = CARTESIAN_POINT('',(-18.24702661118,13.159608056918,
    19.896359189798));
#4420 = CARTESIAN_POINT('',(-18.23779136016,13.172319289456,
    19.896787490722));
#4421 = CARTESIAN_POINT('',(-18.22854526331,13.185045449992,
    19.897107008154));
#4422 = CARTESIAN_POINT('',(-18.21929227085,13.197781101526,
    19.897319879229));
#4423 = CARTESIAN_POINT('',(-18.21003580435,13.21052153466,
    19.897427126165));
#4424 = CARTESIAN_POINT('',(-18.19069708259,13.237139001656,
    19.897430862895));
#4425 = CARTESIAN_POINT('',(-18.18061607137,13.251014323238,
    19.897307756309));
#4426 = CARTESIAN_POINT('',(-18.17053940012,13.264883671365,
    19.897059345501));
#4427 = CARTESIAN_POINT('',(-18.16047142152,13.27874105509,
    19.896684259566));
#4428 = CARTESIAN_POINT('',(-18.15041730892,13.292579353901,
    19.89617956461));
#4429 = CARTESIAN_POINT('',(-18.14038315137,13.306390186931,
    19.895540322077));
#4430 = CARTESIAN_POINT('',(-18.13037604866,13.320163782186,
    19.894759147076));
#4431 = CARTESIAN_POINT('',(-18.1098898935,13.348360555758,
    19.892841610241));
#4432 = CARTESIAN_POINT('',(-18.09942939165,13.362758201391,
    19.891689631723));
#4433 = CARTESIAN_POINT('',(-18.08901919791,13.377086603843,
    19.890355944712));
#4434 = CARTESIAN_POINT('',(-18.07866610733,13.391336410529,
    19.888825126245));
#4435 = CARTESIAN_POINT('',(-18.06839330473,13.405475710308,
    19.887071251978));
#4436 = CARTESIAN_POINT('',(-18.05823690609,13.419454793771,
    19.885063942064));
#4437 = CARTESIAN_POINT('',(-18.04824824571,13.433203005333,
    19.882762483199));
#4438 = CARTESIAN_POINT('',(-18.03373967261,13.453172343031,
    19.878749732325));
#4439 = CARTESIAN_POINT('',(-18.02903962106,13.459641409016,
    19.877338648984));
#4440 = CARTESIAN_POINT('',(-18.02441584239,13.466005494383,
    19.875823723297));
#4441 = CARTESIAN_POINT('',(-18.01988027463,13.472248167839,
    19.874190740084));
#4442 = CARTESIAN_POINT('',(-18.01546344465,13.478327412776,
    19.872421735193));
#4443 = CARTESIAN_POINT('',(-18.01121117546,13.484180159202,
    19.870497587757));
#4444 = CARTESIAN_POINT('',(-18.00718726785,13.489718592888,
    19.868395196802));
#4445 = CARTESIAN_POINT('',(-18.00230104042,13.496443907983,
    19.865313349018));
#4446 = CARTESIAN_POINT('',(-18.00114161551,13.498039719477,
    19.864536307756));
#4447 = CARTESIAN_POINT('',(-18.00002241769,13.499580163119,
    19.863735185602));
#4448 = CARTESIAN_POINT('',(-17.9989484287,13.50105838214,
    19.862908887198));
#4449 = CARTESIAN_POINT('',(-17.99792566688,13.502466093026,
    19.862056548236));
#4450 = CARTESIAN_POINT('',(-17.99696106862,13.503793748627,
    19.861177589688));
#4451 = CARTESIAN_POINT('',(-17.99606236992,13.505030701267,
    19.860271772035));
#4452 = CARTESIAN_POINT('',(-17.99429372385,13.507465033745,
    19.858271119212));
#4453 = CARTESIAN_POINT('',(-17.99344628002,13.50863144011,
    19.857167045871));
#4454 = CARTESIAN_POINT('',(-17.99270963745,13.50964534162,
    19.856028957903));
#4455 = CARTESIAN_POINT('',(-17.99209896712,13.510485857224,
    19.85486004006));
#4456 = CARTESIAN_POINT('',(-17.99162866603,13.511133171151,
    19.853665025222));
#4457 = CARTESIAN_POINT('',(-17.99131039335,13.511571235908,
    19.852450486197));
#4458 = CARTESIAN_POINT('',(-17.99115110662,13.511790475289,
    19.851225127518));
#4459 = CARTESIAN_POINT('',(-17.99115109783,13.511790487375,
    19.850000077249));
#4460 = ORIENTED_EDGE('',*,*,#4364,.T.);
#4461 = ORIENTED_EDGE('',*,*,#4462,.T.);
#4462 = EDGE_CURVE('',#4356,#4321,#4463,.T.);
#4463 = LINE('',#4464,#4465);
#4464 = CARTESIAN_POINT('',(-17.99484513753,13.506706077921,20.85));
#4465 = VECTOR('',#4466,1.);
#4466 = DIRECTION('',(-0.587785252292,-0.809016994375,0.));
#4467 = ORIENTED_EDGE('',*,*,#4320,.F.);
#4468 = PLANE('',#4469);
#4469 = AXIS2_PLACEMENT_3D('',#4470,#4471,#4472);
#4470 = CARTESIAN_POINT('',(-17.99484513753,13.506706077921,18.25));
#4471 = DIRECTION('',(0.809016994375,-0.587785252292,0.));
#4472 = DIRECTION('',(-0.587785252292,-0.809016994375,0.));
#4473 = ADVANCED_FACE('',(#4474),#4511,.F.);
#4474 = FACE_BOUND('',#4475,.F.);
#4475 = EDGE_LOOP('',(#4476,#4477,#4510));
#4476 = ORIENTED_EDGE('',*,*,#1788,.T.);
#4477 = ORIENTED_EDGE('',*,*,#4478,.T.);
#4478 = EDGE_CURVE('',#1774,#1850,#4479,.T.);
#4479 = B_SPLINE_CURVE_WITH_KNOTS('',5,(#4480,#4481,#4482,#4483,#4484,
    #4485,#4486,#4487,#4488,#4489,#4490,#4491,#4492,#4493,#4494,#4495,
    #4496,#4497,#4498,#4499,#4500,#4501,#4502,#4503,#4504,#4505,#4506,
    #4507,#4508,#4509),.UNSPECIFIED.,.F.,.F.,(6,4,4,4,4,4,4,6),(0.,
    0.100706587122,0.315950357386,0.492413930265,0.572478444792,
    0.760584206305,0.925341882776,1.),.UNSPECIFIED.);
#4480 = CARTESIAN_POINT('',(5.218689658411,17.191998847541,
    20.251457186335));
#4481 = CARTESIAN_POINT('',(5.206612510493,17.195922950774,
    20.251435189588));
#4482 = CARTESIAN_POINT('',(5.194541212243,17.199845153335,
    20.250872042864));
#4483 = CARTESIAN_POINT('',(5.182504817088,17.203756015192,
    20.249779839287));
#4484 = CARTESIAN_POINT('',(5.170529772116,17.207646943167,
    20.24817175645));
#4485 = CARTESIAN_POINT('',(5.133227310174,17.21976724777,
    20.241552919516));
#4486 = CARTESIAN_POINT('',(5.108207920124,17.227896540385,
    20.234752529574));
#4487 = CARTESIAN_POINT('',(5.083804209837,17.235825786518,
    20.225795451432));
#4488 = CARTESIAN_POINT('',(5.060215077337,17.243490360284,
    20.214814414307));
#4489 = CARTESIAN_POINT('',(5.01910600967,17.256847506063,
    20.191334992506));
#4490 = CARTESIAN_POINT('',(5.001261266844,17.262645614482,
    20.179468102489));
#4491 = CARTESIAN_POINT('',(4.984194656117,17.268190892455,
    20.166369955008));
#4492 = CARTESIAN_POINT('',(4.968021134342,17.273445988237,
    20.15209633441));
#4493 = CARTESIAN_POINT('',(4.945984077143,17.280606262168,
    20.129726873592));
#4494 = CARTESIAN_POINT('',(4.939315166685,17.282773122528,
    20.12251607534));
#4495 = CARTESIAN_POINT('',(4.932866922239,17.284868284155,
    20.115082092981));
#4496 = CARTESIAN_POINT('',(4.926651343375,17.286887848151,
    20.107431686109));
#4497 = CARTESIAN_POINT('',(4.906653437249,17.293385561735,
    20.081107750556));
#4498 = CARTESIAN_POINT('',(4.893979174194,17.297503679437,
    20.061493079076));
#4499 = CARTESIAN_POINT('',(4.882717670271,17.301162763871,
    20.040906477645));
#4500 = CARTESIAN_POINT('',(4.872918608071,17.304346672184,
    20.019516635051));
#4501 = CARTESIAN_POINT('',(4.857378069272,17.30939609933,19.9781703614)
  );
#4502 = CARTESIAN_POINT('',(4.851284393209,17.311376054705,
    19.958367669107));
#4503 = CARTESIAN_POINT('',(4.846389524579,17.312966493934,
    19.938170514917));
#4504 = CARTESIAN_POINT('',(4.842733259106,17.3141544866,19.917687559157
    ));
#4505 = CARTESIAN_POINT('',(4.839282890975,17.315275579166,
    19.887673817888));
#4506 = CARTESIAN_POINT('',(4.838470109294,17.315539667942,
    19.87827958436));
#4507 = CARTESIAN_POINT('',(4.837924480382,17.315716953523,
    19.868861397538));
#4508 = CARTESIAN_POINT('',(4.837649830348,17.315806192728,
    19.859430896881));
#4509 = CARTESIAN_POINT('',(4.837649820966,17.315806195777,
    19.850000402689));
#4510 = ORIENTED_EDGE('',*,*,#1859,.T.);
#4511 = PLANE('',#4512);
#4512 = AXIS2_PLACEMENT_3D('',#4513,#4514,#4515);
#4513 = CARTESIAN_POINT('',(4.837649820966,17.315806195777,18.25));
#4514 = DIRECTION('',(0.309016994376,0.951056516295,0.));
#4515 = DIRECTION('',(0.951056516295,-0.309016994376,0.));
#4516 = ADVANCED_FACE('',(#4517),#4529,.T.);
#4517 = FACE_BOUND('',#4518,.T.);
#4518 = EDGE_LOOP('',(#4519,#4520,#4521,#4522));
#4519 = ORIENTED_EDGE('',*,*,#1969,.T.);
#4520 = ORIENTED_EDGE('',*,*,#1773,.T.);
#4521 = ORIENTED_EDGE('',*,*,#4478,.T.);
#4522 = ORIENTED_EDGE('',*,*,#4523,.F.);
#4523 = EDGE_CURVE('',#1970,#1850,#4524,.T.);
#4524 = CIRCLE('',#4525,0.4);
#4525 = AXIS2_PLACEMENT_3D('',#4526,#4527,#4528);
#4526 = CARTESIAN_POINT('',(4.457227214448,17.439412993527,19.85));
#4527 = DIRECTION('',(0.,0.,1.));
#4528 = DIRECTION('',(-0.247623734136,-0.968856277418,0.));
#4529 = B_SPLINE_SURFACE_WITH_KNOTS('',3,3,(
    (#4530,#4531,#4532,#4533,#4534)
    ,(#4535,#4536,#4537,#4538,#4539)
    ,(#4540,#4541,#4542,#4543,#4544)
    ,(#4545,#4546,#4547,#4548,#4549)
    ,(#4550,#4551,#4552,#4553,#4554
  )),.UNSPECIFIED.,.F.,.F.,.F.,(4,1,4),(4,1,4),(0.,0.5,1.),(
    0.502749784266,0.556625515216,0.62845982315),.UNSPECIFIED.);
#4530 = CARTESIAN_POINT('',(4.837649820966,17.315806195777,19.85));
#4531 = CARTESIAN_POINT('',(4.837649820966,17.315806195777,
    19.939792884916));
#4532 = CARTESIAN_POINT('',(4.910592793528,17.303098418955,
    20.149508780183));
#4533 = CARTESIAN_POINT('',(5.113103130349,17.256498358323,20.25));
#4534 = CARTESIAN_POINT('',(5.228384502461,17.223936701417,20.25));
#4535 = CARTESIAN_POINT('',(4.806606717528,17.220265347383,19.85));
#4536 = CARTESIAN_POINT('',(4.806606717528,17.220265347383,
    19.941079244736));
#4537 = CARTESIAN_POINT('',(4.882345244047,17.205180327492,
    20.153536349198));
#4538 = CARTESIAN_POINT('',(5.084374314532,17.156185211966,
    20.250623115076));
#4539 = CARTESIAN_POINT('',(5.197966994418,17.123731899552,20.25));
#4540 = CARTESIAN_POINT('',(4.66916059709,17.054409604507,19.85));
#4541 = CARTESIAN_POINT('',(4.66916059709,17.054409604507,
    19.962023890663));
#4542 = CARTESIAN_POINT('',(4.76076003305,17.031282475244,
    20.222536179148));
#4543 = CARTESIAN_POINT('',(5.001629919762,16.964660024991,
    20.337858185833));
#4544 = CARTESIAN_POINT('',(5.137386862629,16.924161964552,
    20.336718236539));
#4545 = CARTESIAN_POINT('',(4.455506690345,17.026994798269,19.85));
#4546 = CARTESIAN_POINT('',(4.455506690345,17.026994798269,
    20.006953836424));
#4547 = CARTESIAN_POINT('',(4.578679245019,16.995469249026,
    20.373257382154));
#4548 = CARTESIAN_POINT('',(4.918216426004,16.900079590154,
    20.545671974769));
#4549 = CARTESIAN_POINT('',(5.112198180184,16.841182552497,
    20.54528024488));
#4550 = CARTESIAN_POINT('',(4.358177720794,17.051870482559,19.85));
#4551 = CARTESIAN_POINT('',(4.358177720794,17.051870482559,
    20.029585769833));
#4552 = CARTESIAN_POINT('',(4.497662837463,17.017297567339,
    20.449017560365));
#4553 = CARTESIAN_POINT('',(4.88816584065,16.909188330292,20.65));
#4554 = CARTESIAN_POINT('',(5.112198180184,16.841182552497,20.65));
#4555 = ADVANCED_FACE('',(#4556),#4600,.T.);
#4556 = FACE_BOUND('',#4557,.T.);
#4557 = EDGE_LOOP('',(#4558,#4559,#4566,#4599));
#4558 = ORIENTED_EDGE('',*,*,#1961,.T.);
#4559 = ORIENTED_EDGE('',*,*,#4560,.T.);
#4560 = EDGE_CURVE('',#1954,#1827,#4561,.T.);
#4561 = CIRCLE('',#4562,0.4);
#4562 = AXIS2_PLACEMENT_3D('',#4563,#4564,#4565);
#4563 = CARTESIAN_POINT('',(-13.8566023305,11.488889060921,19.85));
#4564 = DIRECTION('',(3.55037255894E-15,4.282058988778E-15,-1.));
#4565 = DIRECTION('',(0.769811240584,-0.638271614496,1.972152263053E-30)
  );
#4566 = ORIENTED_EDGE('',*,*,#4567,.F.);
#4567 = EDGE_CURVE('',#1742,#1827,#4568,.T.);
#4568 = B_SPLINE_CURVE_WITH_KNOTS('',5,(#4569,#4570,#4571,#4572,#4573,
    #4574,#4575,#4576,#4577,#4578,#4579,#4580,#4581,#4582,#4583,#4584,
    #4585,#4586,#4587,#4588,#4589,#4590,#4591,#4592,#4593,#4594,#4595,
    #4596,#4597,#4598),.UNSPECIFIED.,.F.,.F.,(6,4,4,4,4,4,4,6),(0.,
    6.88550143152E-02,0.225093306527,0.429673853343,0.501787766254,
    0.665042345956,0.889631911219,1.),.UNSPECIFIED.);
#4569 = CARTESIAN_POINT('',(-14.32721200203,10.841150417434,
    20.251457282312));
#4570 = CARTESIAN_POINT('',(-14.32210874313,10.848174450717,
    20.251442241095));
#4571 = CARTESIAN_POINT('',(-14.31700699429,10.855196405589,
    20.251182084294));
#4572 = CARTESIAN_POINT('',(-14.3119121881,10.862208804707,
    20.25068014155));
#4573 = CARTESIAN_POINT('',(-14.30682946915,10.869204567179,
    20.249939770433));
#4574 = CARTESIAN_POINT('',(-14.29026898914,10.891998112458,
    20.246751053374));
#4575 = CARTESIAN_POINT('',(-14.27886217605,10.90769824377,
    20.243327438113));
#4576 = CARTESIAN_POINT('',(-14.26759848797,10.923201380402,
    20.238733267525));
#4577 = CARTESIAN_POINT('',(-14.25653064792,10.938434955342,
    20.233004037689));
#4578 = CARTESIAN_POINT('',(-14.23153868355,10.972833443255,
    20.217223690252));
#4579 = CARTESIAN_POINT('',(-14.21779251565,10.991753420232,
    20.206384798896));
#4580 = CARTESIAN_POINT('',(-14.20458141626,11.009936938581,
    20.193722125071));
#4581 = CARTESIAN_POINT('',(-14.19203144276,11.027210495212,
    20.179296668772));
#4582 = CARTESIAN_POINT('',(-14.17613269539,11.049093243646,
    20.157505914144));
#4583 = CARTESIAN_POINT('',(-14.17208800025,11.054660288919,
    20.151617534195));
#4584 = CARTESIAN_POINT('',(-14.16814550951,11.060086661893,
    20.145529443778));
#4585 = CARTESIAN_POINT('',(-14.16430819173,11.065368276707,
    20.139250788489));
#4586 = CARTESIAN_POINT('',(-14.15213578005,11.082122164076,
    20.118165220108));
#4587 = CARTESIAN_POINT('',(-14.14424625504,11.092981163649,
    20.102609565192));
#4588 = CARTESIAN_POINT('',(-14.13693961641,11.103037888969,
    20.086224686019));
#4589 = CARTESIAN_POINT('',(-14.13024455975,11.112252843908,
    20.069105438385));
#4590 = CARTESIAN_POINT('',(-14.1158583682,11.132053737858,
    20.026900824339));
#4591 = CARTESIAN_POINT('',(-14.10873971084,11.141851729147,
    20.001243000214));
#4592 = CARTESIAN_POINT('',(-14.10290474352,11.149882872681,
    19.974591034091));
#4593 = CARTESIAN_POINT('',(-14.09844447357,11.156021907595,
    19.947186030234));
#4594 = CARTESIAN_POINT('',(-14.09397383182,11.162175218076,
    19.905598396337));
#4595 = CARTESIAN_POINT('',(-14.09285401908,11.163716508088,
    19.891780708808));
#4596 = CARTESIAN_POINT('',(-14.0920983674,11.164756573399,
    19.877882483714));
#4597 = CARTESIAN_POINT('',(-14.09171643431,11.165282259195,
    19.863941679559));
#4598 = CARTESIAN_POINT('',(-14.09171643142,11.165282263171,
    19.850000131858));
#4599 = ORIENTED_EDGE('',*,*,#1749,.T.);
#4600 = B_SPLINE_SURFACE_WITH_KNOTS('',3,3,(
    (#4601,#4602,#4603,#4604,#4605)
    ,(#4606,#4607,#4608,#4609,#4610)
    ,(#4611,#4612,#4613,#4614,#4615)
    ,(#4616,#4617,#4618,#4619,#4620)
    ,(#4621,#4622,#4623,#4624,#4625
  )),.UNSPECIFIED.,.F.,.F.,.F.,(4,1,4),(4,1,4),(0.,0.5,1.),(
    0.123381185862,0.177256696023,0.249090709571),.UNSPECIFIED.);
#4601 = CARTESIAN_POINT('',(-14.35382789512,10.861290197628,20.25));
#4602 = CARTESIAN_POINT('',(-14.29823412032,10.931867635476,20.25));
#4603 = CARTESIAN_POINT('',(-14.16229190784,11.09221098383,
    20.176799139773));
#4604 = CARTESIAN_POINT('',(-14.09171643142,11.165282263171,
    19.969723355914));
#4605 = CARTESIAN_POINT('',(-14.09171643142,11.165282263171,19.85));
#4606 = CARTESIAN_POINT('',(-14.27032070944,10.79810177264,20.25));
#4607 = CARTESIAN_POINT('',(-14.21570380382,10.867869033014,
    20.250467334451));
#4608 = CARTESIAN_POINT('',(-14.08198899304,11.028587798896,
    20.180637917499));
#4609 = CARTESIAN_POINT('',(-14.0104445315,11.10623477155,
    19.971438495311));
#4610 = CARTESIAN_POINT('',(-14.0104445315,11.10623477155,19.85));
#4611 = CARTESIAN_POINT('',(-14.10401055084,10.672257788119,
    20.336723832138));
#4612 = CARTESIAN_POINT('',(-14.03949167366,10.756677113884,
    20.337578790713));
#4613 = CARTESIAN_POINT('',(-13.88408055708,10.953950533478,
    20.254967597168));
#4614 = CARTESIAN_POINT('',(-13.80176156801,11.052850165578,
    19.999364575436));
#4615 = CARTESIAN_POINT('',(-13.80176156801,11.052850165578,19.85));
#4616 = CARTESIAN_POINT('',(-14.0348539419,10.619928193236,
    20.54528024488));
#4617 = CARTESIAN_POINT('',(-13.94311751203,10.741178950718,
    20.54557404113));
#4618 = CARTESIAN_POINT('',(-13.72382615699,11.02202359506,
    20.420501270688));
#4619 = CARTESIAN_POINT('',(-13.61279706432,11.156247030862,
    20.059270924279));
#4620 = CARTESIAN_POINT('',(-13.61279706432,11.156247030862,19.85));
#4621 = CARTESIAN_POINT('',(-14.0348539419,10.619928193236,20.65));
#4622 = CARTESIAN_POINT('',(-13.92889948016,10.759953188503,20.65));
#4623 = CARTESIAN_POINT('',(-13.67550163713,11.082555122202,
    20.503598279545));
#4624 = CARTESIAN_POINT('',(-13.54867783427,11.233580415123,
    20.089446711827));
#4625 = CARTESIAN_POINT('',(-13.54867783427,11.233580415123,19.85));
#4626 = ADVANCED_FACE('',(#4627),#4632,.F.);
#4627 = FACE_BOUND('',#4628,.F.);
#4628 = EDGE_LOOP('',(#4629,#4630,#4631));
#4629 = ORIENTED_EDGE('',*,*,#4567,.F.);
#4630 = ORIENTED_EDGE('',*,*,#1741,.T.);
#4631 = ORIENTED_EDGE('',*,*,#1826,.F.);
#4632 = PLANE('',#4633);
#4633 = AXIS2_PLACEMENT_3D('',#4634,#4635,#4636);
#4634 = CARTESIAN_POINT('',(-14.97339430988,9.951756771582,18.25));
#4635 = DIRECTION('',(-0.809016994375,0.587785252293,0.));
#4636 = DIRECTION('',(0.587785252293,0.809016994375,0.));
#4637 = ADVANCED_FACE('',(#4638),#4655,.T.);
#4638 = FACE_BOUND('',#4639,.T.);
#4639 = EDGE_LOOP('',(#4640,#4646,#4647,#4648));
#4640 = ORIENTED_EDGE('',*,*,#4641,.T.);
#4641 = EDGE_CURVE('',#1601,#4346,#4642,.T.);
#4642 = LINE('',#4643,#4644);
#4643 = CARTESIAN_POINT('',(-17.99115109783,13.511790487375,20.25));
#4644 = VECTOR('',#4645,1.);
#4645 = DIRECTION('',(0.,0.,1.));
#4646 = ORIENTED_EDGE('',*,*,#4345,.F.);
#4647 = ORIENTED_EDGE('',*,*,#1802,.T.);
#4648 = ORIENTED_EDGE('',*,*,#4649,.F.);
#4649 = EDGE_CURVE('',#1601,#1660,#4650,.T.);
#4650 = CIRCLE('',#4651,0.4);
#4651 = AXIS2_PLACEMENT_3D('',#4652,#4653,#4654);
#4652 = CARTESIAN_POINT('',(-17.67130841165,13.27158087871,10.15));
#4653 = DIRECTION('',(0.,0.,-1.));
#4654 = DIRECTION('',(0.587785252292,0.809016994376,0.));
#4655 = CYLINDRICAL_SURFACE('',#4656,0.4);
#4656 = AXIS2_PLACEMENT_3D('',#4657,#4658,#4659);
#4657 = CARTESIAN_POINT('',(-17.67130841165,13.27158087871,20.25));
#4658 = DIRECTION('',(0.,0.,-1.));
#4659 = DIRECTION('',(-0.148608253413,0.988896145719,0.));
#4660 = ADVANCED_FACE('',(#4661),#4667,.F.);
#4661 = FACE_BOUND('',#4662,.F.);
#4662 = EDGE_LOOP('',(#4663,#4664,#4665,#4666));
#4663 = ORIENTED_EDGE('',*,*,#1953,.F.);
#4664 = ORIENTED_EDGE('',*,*,#4560,.T.);
#4665 = ORIENTED_EDGE('',*,*,#1834,.F.);
#4666 = ORIENTED_EDGE('',*,*,#1907,.F.);
#4667 = CYLINDRICAL_SURFACE('',#4668,0.4);
#4668 = AXIS2_PLACEMENT_3D('',#4669,#4670,#4671);
#4669 = CARTESIAN_POINT('',(-13.8566023305,11.488889060921,18.75));
#4670 = DIRECTION('',(0.,0.,1.));
#4671 = DIRECTION('',(0.124787264138,-0.99218352068,0.));
#4672 = ADVANCED_FACE('',(#4673),#4679,.F.);
#4673 = FACE_BOUND('',#4674,.F.);
#4674 = EDGE_LOOP('',(#4675,#4676,#4677,#4678));
#4675 = ORIENTED_EDGE('',*,*,#1978,.F.);
#4676 = ORIENTED_EDGE('',*,*,#2002,.T.);
#4677 = ORIENTED_EDGE('',*,*,#1849,.F.);
#4678 = ORIENTED_EDGE('',*,*,#4523,.F.);
#4679 = CYLINDRICAL_SURFACE('',#4680,0.4);
#4680 = AXIS2_PLACEMENT_3D('',#4681,#4682,#4683);
#4681 = CARTESIAN_POINT('',(4.457227214448,17.439412993527,18.75));
#4682 = DIRECTION('',(0.,0.,-1.));
#4683 = DIRECTION('',(0.482235823655,-0.876041443303,0.));
#4684 = ADVANCED_FACE('',(#4685),#4710,.T.);
#4685 = FACE_BOUND('',#4686,.T.);
#4686 = EDGE_LOOP('',(#4687,#4688,#4697,#4703));
#4687 = ORIENTED_EDGE('',*,*,#1883,.T.);
#4688 = ORIENTED_EDGE('',*,*,#4689,.F.);
#4689 = EDGE_CURVE('',#4690,#1876,#4692,.T.);
#4690 = VERTEX_POINT('',#4691);
#4691 = CARTESIAN_POINT('',(6.613115805975,21.506201415795,19.85));
#4692 = CIRCLE('',#4693,0.4);
#4693 = AXIS2_PLACEMENT_3D('',#4694,#4695,#4696);
#4694 = CARTESIAN_POINT('',(6.495549302758,21.123868946181,19.85));
#4695 = DIRECTION('',(0.,0.,1.));
#4696 = DIRECTION('',(-0.951056516295,0.309016994375,0.));
#4697 = ORIENTED_EDGE('',*,*,#4698,.T.);
#4698 = EDGE_CURVE('',#4690,#2090,#4699,.T.);
#4699 = LINE('',#4700,#4701);
#4700 = CARTESIAN_POINT('',(6.613115805975,21.506201415795,20.25));
#4701 = VECTOR('',#4702,1.);
#4702 = DIRECTION('',(0.,0.,-1.));
#4703 = ORIENTED_EDGE('',*,*,#4704,.F.);
#4704 = EDGE_CURVE('',#1884,#2090,#4705,.T.);
#4705 = CIRCLE('',#4706,0.4);
#4706 = AXIS2_PLACEMENT_3D('',#4707,#4708,#4709);
#4707 = CARTESIAN_POINT('',(6.495549302758,21.123868946181,10.15));
#4708 = DIRECTION('',(0.,0.,-1.));
#4709 = DIRECTION('',(0.293916258043,0.955831174035,0.));
#4710 = CYLINDRICAL_SURFACE('',#4711,0.4);
#4711 = AXIS2_PLACEMENT_3D('',#4712,#4713,#4714);
#4712 = CARTESIAN_POINT('',(6.495549302758,21.123868946181,20.25));
#4713 = DIRECTION('',(0.,0.,-1.));
#4714 = DIRECTION('',(-0.461031967987,0.887383527283,0.));
#4715 = ADVANCED_FACE('',(#4716),#4743,.T.);
#4716 = FACE_BOUND('',#4717,.F.);
#4717 = EDGE_LOOP('',(#4718,#4726,#4734,#4741,#4742));
#4718 = ORIENTED_EDGE('',*,*,#4719,.T.);
#4719 = EDGE_CURVE('',#4690,#4720,#4722,.T.);
#4720 = VERTEX_POINT('',#4721);
#4721 = CARTESIAN_POINT('',(6.619092887762,21.504259344197,
    19.858883305669));
#4722 = LINE('',#4723,#4724);
#4723 = CARTESIAN_POINT('',(6.619092887762,21.504259344197,18.25));
#4724 = VECTOR('',#4725,1.);
#4725 = DIRECTION('',(0.,0.,1.));
#4726 = ORIENTED_EDGE('',*,*,#4727,.T.);
#4727 = EDGE_CURVE('',#4720,#4728,#4730,.T.);
#4728 = VERTEX_POINT('',#4729);
#4729 = CARTESIAN_POINT('',(6.619092887762,21.504259344197,20.85));
#4730 = LINE('',#4731,#4732);
#4731 = CARTESIAN_POINT('',(6.619092887762,21.504259344197,18.25));
#4732 = VECTOR('',#4733,1.);
#4733 = DIRECTION('',(0.,0.,1.));
#4734 = ORIENTED_EDGE('',*,*,#4735,.T.);
#4735 = EDGE_CURVE('',#4728,#1868,#4736,.T.);
#4736 = CIRCLE('',#4737,0.399949834081);
#4737 = AXIS2_PLACEMENT_3D('',#4738,#4739,#4740);
#4738 = CARTESIAN_POINT('',(6.495501592134,21.123884448303,20.85));
#4739 = DIRECTION('',(0.,-0.,1.));
#4740 = DIRECTION('',(0.309016994375,0.951056516295,0.));
#4741 = ORIENTED_EDGE('',*,*,#1875,.F.);
#4742 = ORIENTED_EDGE('',*,*,#4689,.F.);
#4743 = CYLINDRICAL_SURFACE('',#4744,0.399949834081);
#4744 = AXIS2_PLACEMENT_3D('',#4745,#4746,#4747);
#4745 = CARTESIAN_POINT('',(6.495501592134,21.123884448303,18.25));
#4746 = DIRECTION('',(0.,-0.,-1.));
#4747 = DIRECTION('',(0.309016994375,0.951056516295,0.));
#4748 = ADVANCED_FACE('',(#4749),#4784,.T.);
#4749 = FACE_BOUND('',#4750,.F.);
#4750 = EDGE_LOOP('',(#4751,#4760,#4761,#4770,#4778));
#4751 = ORIENTED_EDGE('',*,*,#4752,.F.);
#4752 = EDGE_CURVE('',#2301,#4753,#4755,.T.);
#4753 = VERTEX_POINT('',#4754);
#4754 = CARTESIAN_POINT('',(7.290904952233,21.285974372283,19.85));
#4755 = CIRCLE('',#4756,0.4);
#4756 = AXIS2_PLACEMENT_3D('',#4757,#4758,#4759);
#4757 = CARTESIAN_POINT('',(7.161288864193,20.907557050109,19.85));
#4758 = DIRECTION('',(0.,-0.,1.));
#4759 = DIRECTION('',(0.324040220099,0.946043305435,0.));
#4760 = ORIENTED_EDGE('',*,*,#2308,.T.);
#4761 = ORIENTED_EDGE('',*,*,#4762,.T.);
#4762 = EDGE_CURVE('',#2309,#4763,#4765,.T.);
#4763 = VERTEX_POINT('',#4764);
#4764 = CARTESIAN_POINT('',(7.284927870445,21.287916443882,20.85));
#4765 = CIRCLE('',#4766,0.399949834081);
#4766 = AXIS2_PLACEMENT_3D('',#4767,#4768,#4769);
#4767 = CARTESIAN_POINT('',(7.161336574817,20.907541547988,20.85));
#4768 = DIRECTION('',(0.,-0.,1.));
#4769 = DIRECTION('',(0.309016994375,0.951056516295,0.));
#4770 = ORIENTED_EDGE('',*,*,#4771,.F.);
#4771 = EDGE_CURVE('',#4772,#4763,#4774,.T.);
#4772 = VERTEX_POINT('',#4773);
#4773 = CARTESIAN_POINT('',(7.284927870445,21.287916443882,
    19.858883305672));
#4774 = LINE('',#4775,#4776);
#4775 = CARTESIAN_POINT('',(7.284927870445,21.287916443882,18.25));
#4776 = VECTOR('',#4777,1.);
#4777 = DIRECTION('',(0.,0.,1.));
#4778 = ORIENTED_EDGE('',*,*,#4779,.F.);
#4779 = EDGE_CURVE('',#4753,#4772,#4780,.T.);
#4780 = LINE('',#4781,#4782);
#4781 = CARTESIAN_POINT('',(7.284927870445,21.287916443882,18.25));
#4782 = VECTOR('',#4783,1.);
#4783 = DIRECTION('',(0.,0.,1.));
#4784 = CYLINDRICAL_SURFACE('',#4785,0.399949834081);
#4785 = AXIS2_PLACEMENT_3D('',#4786,#4787,#4788);
#4786 = CARTESIAN_POINT('',(7.161336574817,20.907541547988,18.25));
#4787 = DIRECTION('',(0.,-0.,-1.));
#4788 = DIRECTION('',(0.309016994375,0.951056516295,0.));
#4789 = ADVANCED_FACE('',(#4790),#4875,.F.);
#4790 = FACE_BOUND('',#4791,.F.);
#4791 = EDGE_LOOP('',(#4792,#4867,#4868,#4874));
#4792 = ORIENTED_EDGE('',*,*,#4793,.T.);
#4793 = EDGE_CURVE('',#4720,#4772,#4794,.T.);
#4794 = B_SPLINE_CURVE_WITH_KNOTS('',8,(#4795,#4796,#4797,#4798,#4799,
    #4800,#4801,#4802,#4803,#4804,#4805,#4806,#4807,#4808,#4809,#4810,
    #4811,#4812,#4813,#4814,#4815,#4816,#4817,#4818,#4819,#4820,#4821,
    #4822,#4823,#4824,#4825,#4826,#4827,#4828,#4829,#4830,#4831,#4832,
    #4833,#4834,#4835,#4836,#4837,#4838,#4839,#4840,#4841,#4842,#4843,
    #4844,#4845,#4846,#4847,#4848,#4849,#4850,#4851,#4852,#4853,#4854,
    #4855,#4856,#4857,#4858,#4859,#4860,#4861,#4862,#4863,#4864,#4865,
    #4866),.UNSPECIFIED.,.F.,.F.,(9,7,7,7,7,7,7,7,7,7,9),(0.,
    4.933337392431E-02,8.654657005512E-02,0.131882204883,0.342968016653,
    0.499659428671,0.670310836876,0.85024571056,0.938586179694,
    0.967211729918,1.),.UNSPECIFIED.);
#4795 = CARTESIAN_POINT('',(6.613115805975,21.506201415795,
    19.850000107454));
#4796 = CARTESIAN_POINT('',(6.613115835788,21.506201406109,
    19.851848159555));
#4797 = CARTESIAN_POINT('',(6.613702164029,21.506010896515,
    19.853693483669));
#4798 = CARTESIAN_POINT('',(6.614870390366,21.505631316768,
    19.855498688427));
#4799 = CARTESIAN_POINT('',(6.616558966745,21.505082665044,
    19.857240957726));
#4800 = CARTESIAN_POINT('',(6.618683953067,21.504392215134,
    19.858907474849));
#4801 = CARTESIAN_POINT('',(6.621162353496,21.503586934019,
    19.860492210557));
#4802 = CARTESIAN_POINT('',(6.623924033354,21.502689609839,
    19.861994075173));
#4803 = CARTESIAN_POINT('',(6.629166265822,21.500986305258,
    19.864489350135));
#4804 = CARTESIAN_POINT('',(6.631553182531,21.500210749005,
    19.865518870157));
#4805 = CARTESIAN_POINT('',(6.63405302613,21.499398500583,
    19.866507515339));
#4806 = CARTESIAN_POINT('',(6.636648935484,21.498555038504,
    19.867457655683));
#4807 = CARTESIAN_POINT('',(6.639326976221,21.497684890321,
    19.868371565446));
#4808 = CARTESIAN_POINT('',(6.642075987982,21.496791682255,
    19.869251478028));
#4809 = CARTESIAN_POINT('',(6.644887431673,21.495878188825,
    19.870099640863));
#4810 = CARTESIAN_POINT('',(6.651248990973,21.49381119291,
    19.871915801948));
#4811 = CARTESIAN_POINT('',(6.654824529309,21.492649430079,
    19.872869026812));
#4812 = CARTESIAN_POINT('',(6.658469655641,21.491465056739,
    19.873781802488));
#4813 = CARTESIAN_POINT('',(6.662174329241,21.490261335318,
    19.874657269711));
#4814 = CARTESIAN_POINT('',(6.665930440675,21.489040900732,
    19.875498086243));
#4815 = CARTESIAN_POINT('',(6.669731587734,21.487805833184,
    19.876306560753));
#4816 = CARTESIAN_POINT('',(6.673572851362,21.486557730973,
    19.877084786697));
#4817 = CARTESIAN_POINT('',(6.695505501785,21.47943138086,
    19.881326778527));
#4818 = CARTESIAN_POINT('',(6.714297418985,21.473325516832,
    19.884196273467));
#4819 = CARTESIAN_POINT('',(6.73350556018,21.46708441343,19.886652533353
    ));
#4820 = CARTESIAN_POINT('',(6.752993777804,21.460752307679,
    19.88873966224));
#4821 = CARTESIAN_POINT('',(6.772636355872,21.45437004718,19.8905295448)
  );
#4822 = CARTESIAN_POINT('',(6.792393539133,21.447950549196,
    19.892046754312));
#4823 = CARTESIAN_POINT('',(6.812250008807,21.441498791102,
    19.89332391815));
#4824 = CARTESIAN_POINT('',(6.847086749983,21.430179647741,
    19.895160562864));
#4825 = CARTESIAN_POINT('',(6.86197160147,21.425343266317,
    19.895818594751));
#4826 = CARTESIAN_POINT('',(6.876889674754,21.420496090478,
    19.896359189798));
#4827 = CARTESIAN_POINT('',(6.891832624802,21.415640831687,
    19.896787490722));
#4828 = CARTESIAN_POINT('',(6.906793123765,21.410779870909,
    19.897107008154));
#4829 = CARTESIAN_POINT('',(6.921764780065,21.405915284892,
    19.897319879229));
#4830 = CARTESIAN_POINT('',(6.936742057473,21.401048872466,
    19.897427126165));
#4831 = CARTESIAN_POINT('',(6.968032767367,21.390881904512,
    19.897430862895));
#4832 = CARTESIAN_POINT('',(6.984344186948,21.385582003017,
    19.897307756297));
#4833 = CARTESIAN_POINT('',(7.000648584309,21.380284383179,
    19.897059345465));
#4834 = CARTESIAN_POINT('',(7.016938916672,21.374991333336,
    19.896684259494));
#4835 = CARTESIAN_POINT('',(7.033206813368,21.369705573283,
    19.896179564488));
#4836 = CARTESIAN_POINT('',(7.049442422097,21.364430304227,
    19.895540321892));
#4837 = CARTESIAN_POINT('',(7.065634255189,21.359169258737,
    19.894759146813));
#4838 = CARTESIAN_POINT('',(7.098781551328,21.348399049345,
    19.892841609823));
#4839 = CARTESIAN_POINT('',(7.115706998903,21.34289963806,
    19.891689631243));
#4840 = CARTESIAN_POINT('',(7.13255104623,21.337426675319,
    19.890355944164));
#4841 = CARTESIAN_POINT('',(7.149302698687,21.331983733491,
    19.888825125621));
#4842 = CARTESIAN_POINT('',(7.165924442473,21.326583001549,
    19.887071251269));
#4843 = CARTESIAN_POINT('',(7.182357840665,21.321243466801,
    19.885063941258));
#4844 = CARTESIAN_POINT('',(7.198519832632,21.315992117281,
    19.882762482279));
#4845 = CARTESIAN_POINT('',(7.221995197088,21.308364508993,
    19.878749731157));
#4846 = CARTESIAN_POINT('',(7.229600040376,21.305893545622,
    19.877338647701));
#4847 = CARTESIAN_POINT('',(7.237081471523,21.303462681286,
    19.875823721885));
#4848 = CARTESIAN_POINT('',(7.244420174381,21.301078192182,
    19.874190738526));
#4849 = CARTESIAN_POINT('',(7.25156675545,21.298756127232,
    19.872421733467));
#4850 = CARTESIAN_POINT('',(7.258447071479,21.296520577038,
    19.870497585836));
#4851 = CARTESIAN_POINT('',(7.264957890612,21.294405083663,
    19.868395194656));
#4852 = CARTESIAN_POINT('',(7.272863972508,21.291836241935,
    19.865313346413));
#4853 = CARTESIAN_POINT('',(7.274739961561,21.291226696142,
    19.864536304947));
#4854 = CARTESIAN_POINT('',(7.276550861759,21.290638299,19.863735182579)
  );
#4855 = CARTESIAN_POINT('',(7.278288612479,21.290073669564,
    19.862908883949));
#4856 = CARTESIAN_POINT('',(7.279943475856,21.289535971858,
    19.86205654475));
#4857 = CARTESIAN_POINT('',(7.281504228535,21.289028852572,
    19.861177585954));
#4858 = CARTESIAN_POINT('',(7.282958353408,21.28855637876,
    19.860271768044));
#4859 = CARTESIAN_POINT('',(7.285820081501,21.287626546937,
    19.858271115227));
#4860 = CARTESIAN_POINT('',(7.287191273359,21.287181019695,
    19.857167042188));
#4861 = CARTESIAN_POINT('',(7.288383185076,21.286793744102,
    19.856028954553));
#4862 = CARTESIAN_POINT('',(7.289371269536,21.286472695999,
    19.854860037075));
#4863 = CARTESIAN_POINT('',(7.290132231931,21.286225444329,
    19.853665022633));
#4864 = CARTESIAN_POINT('',(7.290647207333,21.286058118678,
    19.852450484031));
#4865 = CARTESIAN_POINT('',(7.290904938259,21.285974376824,
    19.851225125796));
#4866 = CARTESIAN_POINT('',(7.290904952233,21.285974372283,
    19.850000075981));
#4867 = ORIENTED_EDGE('',*,*,#4771,.T.);
#4868 = ORIENTED_EDGE('',*,*,#4869,.T.);
#4869 = EDGE_CURVE('',#4763,#4728,#4870,.T.);
#4870 = LINE('',#4871,#4872);
#4871 = CARTESIAN_POINT('',(7.284927870445,21.287916443882,20.85));
#4872 = VECTOR('',#4873,1.);
#4873 = DIRECTION('',(-0.951056516295,0.309016994375,0.));
#4874 = ORIENTED_EDGE('',*,*,#4727,.F.);
#4875 = PLANE('',#4876);
#4876 = AXIS2_PLACEMENT_3D('',#4877,#4878,#4879);
#4877 = CARTESIAN_POINT('',(7.284927870445,21.287916443882,18.25));
#4878 = DIRECTION('',(-0.309016994375,-0.951056516295,0.));
#4879 = DIRECTION('',(-0.951056516295,0.309016994375,0.));
#4880 = ADVANCED_FACE('',(#4881),#4918,.F.);
#4881 = FACE_BOUND('',#4882,.F.);
#4882 = EDGE_LOOP('',(#4883,#4884,#4917));
#4883 = ORIENTED_EDGE('',*,*,#2286,.T.);
#4884 = ORIENTED_EDGE('',*,*,#4885,.T.);
#4885 = EDGE_CURVE('',#2272,#2348,#4886,.T.);
#4886 = B_SPLINE_CURVE_WITH_KNOTS('',5,(#4887,#4888,#4889,#4890,#4891,
    #4892,#4893,#4894,#4895,#4896,#4897,#4898,#4899,#4900,#4901,#4902,
    #4903,#4904,#4905,#4906,#4907,#4908,#4909,#4910,#4911,#4912,#4913,
    #4914,#4915,#4916),.UNSPECIFIED.,.F.,.F.,(6,4,4,4,4,4,4,6),(0.,
    0.100706731089,0.315950642517,0.492414079155,0.572478540634,
    0.761584471327,0.925341884683,1.),.UNSPECIFIED.);
#4887 = CARTESIAN_POINT('',(17.963226324911,0.349351005011,
    20.251457038345));
#4888 = CARTESIAN_POINT('',(17.963226324911,0.362049668649,
    20.251435045793));
#4889 = CARTESIAN_POINT('',(17.963226324911,0.374742181824,
    20.250871904345));
#4890 = CARTESIAN_POINT('',(17.963226324911,0.387397996062,
    20.249779706832));
#4891 = CARTESIAN_POINT('',(17.963226324911,0.399989303287,
    20.248171630575));
#4892 = CARTESIAN_POINT('',(17.963226324911,0.439211412742,
    20.241552818592));
#4893 = CARTESIAN_POINT('',(17.963226324911,0.465518389794,
    20.23475244291));
#4894 = CARTESIAN_POINT('',(17.963226324911,0.491177964492,
    20.225795368322));
#4895 = CARTESIAN_POINT('',(17.963226324911,0.515980997688,
    20.214814378415));
#4896 = CARTESIAN_POINT('',(17.963226324911,0.559205667386,
    20.191334960818));
#4897 = CARTESIAN_POINT('',(17.963226324911,0.577968742201,
    20.179468079697));
#4898 = CARTESIAN_POINT('',(17.963226324911,0.595913640165,
    20.166369939795));
#4899 = CARTESIAN_POINT('',(17.963226324911,0.612919488367,
    20.152096325716));
#4900 = CARTESIAN_POINT('',(17.963226324911,0.636090623045,
    20.129726872457));
#4901 = CARTESIAN_POINT('',(17.963226324911,0.643102731326,
    20.122516075823));
#4902 = CARTESIAN_POINT('',(17.963226324911,0.649882817467,
    20.115082094892));
#4903 = CARTESIAN_POINT('',(17.963226324911,0.656418264371,
    20.107431689284));
#4904 = CARTESIAN_POINT('',(17.963226324911,0.677523740811,
    20.081009567321));
#4905 = CARTESIAN_POINT('',(17.963226324911,0.690913487085,
    20.061284474322));
#4906 = CARTESIAN_POINT('',(17.963226324911,0.702801619144,
    20.040578025652));
#4907 = CARTESIAN_POINT('',(17.963226324911,0.713135092196,
    20.01906155333));
#4908 = CARTESIAN_POINT('',(17.963226324911,0.729411797599,
    19.977689409926));
#4909 = CARTESIAN_POINT('',(17.963226324911,0.735757354244,
    19.957999821461));
#4910 = CARTESIAN_POINT('',(17.963226324911,0.740857163188,
    19.937921832922));
#4911 = CARTESIAN_POINT('',(17.963226324911,0.744670115099,
    19.917562168142));
#4912 = CARTESIAN_POINT('',(17.963226324911,0.748282889219,
    19.887673817124));
#4913 = CARTESIAN_POINT('',(17.963226324911,0.749137498299,
    19.878279582159));
#4914 = CARTESIAN_POINT('',(17.963226324911,0.74971120633,19.86886139391
    ));
#4915 = CARTESIAN_POINT('',(17.963226324911,0.749999990308,
    19.859430891836));
#4916 = CARTESIAN_POINT('',(17.963226324911,0.750000000014,
    19.850000396235));
#4917 = ORIENTED_EDGE('',*,*,#2357,.T.);
#4918 = PLANE('',#4919);
#4919 = AXIS2_PLACEMENT_3D('',#4920,#4921,#4922);
#4920 = CARTESIAN_POINT('',(17.963226324911,0.750000000014,18.25));
#4921 = DIRECTION('',(1.,-5.99224373811E-13,0.));
#4922 = DIRECTION('',(-5.99224373811E-13,-1.,0.));
#4923 = ADVANCED_FACE('',(#4924),#4936,.T.);
#4924 = FACE_BOUND('',#4925,.T.);
#4925 = EDGE_LOOP('',(#4926,#4927,#4928,#4929));
#4926 = ORIENTED_EDGE('',*,*,#2467,.T.);
#4927 = ORIENTED_EDGE('',*,*,#2271,.T.);
#4928 = ORIENTED_EDGE('',*,*,#4885,.T.);
#4929 = ORIENTED_EDGE('',*,*,#4930,.F.);
#4930 = EDGE_CURVE('',#2468,#2348,#4931,.T.);
#4931 = CIRCLE('',#4932,0.4);
#4932 = AXIS2_PLACEMENT_3D('',#4933,#4934,#4935);
#4933 = CARTESIAN_POINT('',(17.963226324911,1.150000000014,19.85));
#4934 = DIRECTION('',(0.,0.,1.));
#4935 = DIRECTION('',(-0.997957018051,-6.388888888967E-02,0.));
#4936 = B_SPLINE_SURFACE_WITH_KNOTS('',3,3,(
    (#4937,#4938,#4939,#4940,#4941)
    ,(#4942,#4943,#4944,#4945,#4946)
    ,(#4947,#4948,#4949,#4950,#4951)
    ,(#4952,#4953,#4954,#4955,#4956)
    ,(#4957,#4958,#4959,#4960,#4961
  )),.UNSPECIFIED.,.F.,.F.,.F.,(4,1,4),(4,1,4),(0.,0.5,1.),(
    0.502749779286,0.556625509953,0.62845981751),.UNSPECIFIED.);
#4937 = CARTESIAN_POINT('',(17.963226324911,0.750000000014,19.85));
#4938 = CARTESIAN_POINT('',(17.963226324911,0.750000000014,
    19.939792884445));
#4939 = CARTESIAN_POINT('',(17.973681126586,0.676700214665,
    20.149508799301));
#4940 = CARTESIAN_POINT('',(17.991940973411,0.469701204957,20.25));
#4941 = CARTESIAN_POINT('',(17.996596900525,0.350000000014,20.25));
#4942 = CARTESIAN_POINT('',(17.862768731953,0.750000000014,19.85));
#4943 = CARTESIAN_POINT('',(17.862768731953,0.750000000014,
    19.941079244258));
#4944 = CARTESIAN_POINT('',(17.871826514954,0.673306890524,
    20.153536386201));
#4945 = CARTESIAN_POINT('',(17.88765980958,0.466025465469,
    20.250623115073));
#4946 = CARTESIAN_POINT('',(17.891896943836,0.347963782553,20.25));
#4947 = CARTESIAN_POINT('',(17.662550229828,0.8294591842,19.85));
#4948 = CARTESIAN_POINT('',(17.662550229828,0.8294591842,19.962023890075
    ));
#4949 = CARTESIAN_POINT('',(17.668860281205,0.735198866184,
    20.222533158583));
#4950 = CARTESIAN_POINT('',(17.679930481793,0.485535355797,
    20.337849557693));
#4951 = CARTESIAN_POINT('',(17.68336573995,0.343908242399,
    20.336709608404));
#4952 = CARTESIAN_POINT('',(17.570461641685,1.024192084549,19.85));
#4953 = CARTESIAN_POINT('',(17.570461641685,1.024192084549,20.0069538356
    ));
#4954 = CARTESIAN_POINT('',(17.57854147276,0.897306136212,
    20.373257420329));
#4955 = CARTESIAN_POINT('',(17.59274327779,0.544910018196,
    20.545671974767));
#4956 = CARTESIAN_POINT('',(17.596672524958,0.342222222236,
    20.54528024488));
#4957 = CARTESIAN_POINT('',(17.564043517691,1.124444444458,19.85));
#4958 = CARTESIAN_POINT('',(17.564043517691,1.124444444458,
    20.02958576889));
#4959 = CARTESIAN_POINT('',(17.57426599044,0.981102641999,
    20.449017598602));
#4960 = CARTESIAN_POINT('',(17.592120062891,0.576304578569,20.65));
#4961 = CARTESIAN_POINT('',(17.596672524958,0.342222222236,20.65));
#4962 = ADVANCED_FACE('',(#4963),#5007,.T.);
#4963 = FACE_BOUND('',#4964,.T.);
#4964 = EDGE_LOOP('',(#4965,#4966,#4973,#5006));
#4965 = ORIENTED_EDGE('',*,*,#2459,.T.);
#4966 = ORIENTED_EDGE('',*,*,#4967,.T.);
#4967 = EDGE_CURVE('',#2452,#2325,#4968,.T.);
#4968 = CIRCLE('',#4969,0.4);
#4969 = AXIS2_PLACEMENT_3D('',#4970,#4971,#4972);
#4970 = CARTESIAN_POINT('',(6.644657201959,16.728673906454,19.85));
#4971 = DIRECTION('',(1.550881668454E-14,-6.160127877022E-15,-1.));
#4972 = DIRECTION('',(-0.369147622331,-0.929370772581,
    -2.603240987229E-29));
#4973 = ORIENTED_EDGE('',*,*,#4974,.F.);
#4974 = EDGE_CURVE('',#2240,#2325,#4975,.T.);
#4975 = B_SPLINE_CURVE_WITH_KNOTS('',5,(#4976,#4977,#4978,#4979,#4980,
    #4981,#4982,#4983,#4984,#4985,#4986,#4987,#4988,#4989,#4990,#4991,
    #4992,#4993,#4994,#4995,#4996,#4997,#4998,#4999,#5000,#5001,#5002,
    #5003,#5004,#5005),.UNSPECIFIED.,.F.,.F.,(6,4,4,4,4,4,4,6),(0.,
    0.100706515233,0.315950623422,0.492414534705,0.572479060561,
    0.761584710311,0.925341696663,1.),.UNSPECIFIED.);
#4976 = CARTESIAN_POINT('',(5.883194757995,16.976088052439,
    20.251457204642));
#4977 = CARTESIAN_POINT('',(5.895271910025,16.97216394787,20.25143520737
    ));
#4978 = CARTESIAN_POINT('',(5.907343212557,16.968241743918,
    20.25087205481));
#4979 = CARTESIAN_POINT('',(5.919379611656,16.964330880779,
    20.24977984184));
#4980 = CARTESIAN_POINT('',(5.931354660047,16.960439951693,
    20.248171747529));
#4981 = CARTESIAN_POINT('',(5.968657189513,16.948319625151,
    20.241552861513));
#4982 = CARTESIAN_POINT('',(5.993676626599,16.940190317253,
    20.234752422508));
#4983 = CARTESIAN_POINT('',(6.018080390012,16.932261053858,
    20.225795297744));
#4984 = CARTESIAN_POINT('',(6.041669589107,16.924596458453,
    20.214814202836));
#4985 = CARTESIAN_POINT('',(6.082778739544,16.911239285781,
    20.191334705047));
#4986 = CARTESIAN_POINT('',(6.100623523101,16.905441164128,
    20.179467780677));
#4987 = CARTESIAN_POINT('',(6.117690175125,16.899895872737,
    20.166369599953));
#4988 = CARTESIAN_POINT('',(6.133863736938,16.894640763945,
    20.152095944764));
#4989 = CARTESIAN_POINT('',(6.155900832104,16.887480477678,
    20.129726438558));
#4990 = CARTESIAN_POINT('',(6.16256974558,16.885313616337,
    20.122515634456));
#4991 = CARTESIAN_POINT('',(6.169017992244,16.88321845399,
    20.115081645673));
#4992 = CARTESIAN_POINT('',(6.175233572001,16.881198889704,
    20.107431231463));
#4993 = CARTESIAN_POINT('',(6.195306035735,16.874676950884,
    20.081009119406));
#4994 = CARTESIAN_POINT('',(6.208040401621,16.870539304589,
    20.061284045085));
#4995 = CARTESIAN_POINT('',(6.219346640422,16.866865684912,
    20.040577613536));
#4996 = CARTESIAN_POINT('',(6.229174305005,16.863672483121,
    20.019061158813));
#4997 = CARTESIAN_POINT('',(6.244654262311,16.858642740096,
    19.977689075895));
#4998 = CARTESIAN_POINT('',(6.250689191291,16.856681872805,
    19.957999530335));
#4999 = CARTESIAN_POINT('',(6.255539347842,16.855105961411,
    19.937921589157));
#5000 = CARTESIAN_POINT('',(6.259165638578,16.853927708127,
    19.917561976245));
#5001 = CARTESIAN_POINT('',(6.26260155395,16.852811311548,
    19.887673657778));
#5002 = CARTESIAN_POINT('',(6.26341432764,16.852547225368,
    19.878279400378));
#5003 = CARTESIAN_POINT('',(6.263959948892,16.852369942276,
    19.868861190051));
#5004 = CARTESIAN_POINT('',(6.264234591968,16.852280705331,
    19.859430666215));
#5005 = CARTESIAN_POINT('',(6.26423459544,16.852280704203,
    19.850000149065));
#5006 = ORIENTED_EDGE('',*,*,#2247,.T.);
#5007 = B_SPLINE_SURFACE_WITH_KNOTS('',3,3,(
    (#5008,#5009,#5010,#5011,#5012)
    ,(#5013,#5014,#5015,#5016,#5017)
    ,(#5018,#5019,#5020,#5021,#5022)
    ,(#5023,#5024,#5025,#5026,#5027)
    ,(#5028,#5029,#5030,#5031,#5032
  )),.UNSPECIFIED.,.F.,.F.,.F.,(4,1,4),(4,1,4),(0.,0.5,1.),(
    7.395266599139E-02,0.145786757513,0.199662326153),.UNSPECIFIED.);
#5008 = CARTESIAN_POINT('',(5.894124063899,17.007624805344,20.25));
#5009 = CARTESIAN_POINT('',(6.006527837514,16.96620707723,20.25));
#5010 = CARTESIAN_POINT('',(6.197754057598,16.884874270977,
    20.149508012701));
#5011 = CARTESIAN_POINT('',(6.26423459544,16.852280704203,
    19.939792614402));
#5012 = CARTESIAN_POINT('',(6.26423459544,16.852280704203,19.85));
#5013 = CARTESIAN_POINT('',(5.859833440087,16.908678455079,20.25));
#5014 = CARTESIAN_POINT('',(5.970807350682,16.868165662192,
    20.250623114648));
#5015 = CARTESIAN_POINT('',(6.163052036874,16.789053377038,
    20.153535635126));
#5016 = CARTESIAN_POINT('',(6.233191492003,16.756739855809,
    19.941078970346));
#5017 = CARTESIAN_POINT('',(6.233191492003,16.756739855809,19.85));
#5018 = CARTESIAN_POINT('',(5.791539881136,16.71161588655,
    20.336719303884));
#5019 = CARTESIAN_POINT('',(5.925173625819,16.664583609105,
    20.337859252395));
#5020 = CARTESIAN_POINT('',(6.159203003938,16.576901743437,
    20.222535627361));
#5021 = CARTESIAN_POINT('',(6.246901346417,16.541771486919,
    19.962023553174));
#5022 = CARTESIAN_POINT('',(6.246901346417,16.541771486919,19.85));
#5023 = CARTESIAN_POINT('',(5.763143529146,16.629677587448,
    20.54528024488));
#5024 = CARTESIAN_POINT('',(5.954696743321,16.56330672314,20.5456719745)
  );
#5025 = CARTESIAN_POINT('',(6.285458617704,16.440902933534,
    20.373256064904));
#5026 = CARTESIAN_POINT('',(6.403635802247,16.394009279007,
    20.006953363576));
#5027 = CARTESIAN_POINT('',(6.403635802247,16.394009279007,19.85));
#5028 = CARTESIAN_POINT('',(5.763143529146,16.629677587448,20.65));
#5029 = CARTESIAN_POINT('',(5.984362140289,16.553012564892,20.65));
#5030 = CARTESIAN_POINT('',(6.363832878388,16.410942065715,
    20.449016025401));
#5031 = CARTESIAN_POINT('',(6.496998153026,16.356925597421,
    20.029585228803));
#5032 = CARTESIAN_POINT('',(6.496998153026,16.356925597421,19.85));
#5033 = ADVANCED_FACE('',(#5034),#5039,.F.);
#5034 = FACE_BOUND('',#5035,.F.);
#5035 = EDGE_LOOP('',(#5036,#5037,#5038));
#5036 = ORIENTED_EDGE('',*,*,#4974,.F.);
#5037 = ORIENTED_EDGE('',*,*,#2239,.T.);
#5038 = ORIENTED_EDGE('',*,*,#2324,.F.);
#5039 = PLANE('',#5040);
#5040 = AXIS2_PLACEMENT_3D('',#5041,#5042,#5043);
#5041 = CARTESIAN_POINT('',(4.837649820966,17.315806195777,18.25));
#5042 = DIRECTION('',(0.309016994376,0.951056516295,0.));
#5043 = DIRECTION('',(0.951056516295,-0.309016994376,0.));
#5044 = ADVANCED_FACE('',(#5045),#5062,.T.);
#5045 = FACE_BOUND('',#5046,.T.);
#5046 = EDGE_LOOP('',(#5047,#5053,#5054,#5055));
#5047 = ORIENTED_EDGE('',*,*,#5048,.T.);
#5048 = EDGE_CURVE('',#2099,#4753,#5049,.T.);
#5049 = LINE('',#5050,#5051);
#5050 = CARTESIAN_POINT('',(7.290904952233,21.285974372283,20.25));
#5051 = VECTOR('',#5052,1.);
#5052 = DIRECTION('',(0.,0.,1.));
#5053 = ORIENTED_EDGE('',*,*,#4752,.F.);
#5054 = ORIENTED_EDGE('',*,*,#2300,.T.);
#5055 = ORIENTED_EDGE('',*,*,#5056,.F.);
#5056 = EDGE_CURVE('',#2099,#2158,#5057,.T.);
#5057 = CIRCLE('',#5058,0.4);
#5058 = AXIS2_PLACEMENT_3D('',#5059,#5060,#5061);
#5059 = CARTESIAN_POINT('',(7.161288864193,20.907557050109,10.15));
#5060 = DIRECTION('',(0.,0.,-1.));
#5061 = DIRECTION('',(0.951056516295,-0.309016994374,0.));
#5062 = CYLINDRICAL_SURFACE('',#5063,0.4);
#5063 = AXIS2_PLACEMENT_3D('',#5064,#5065,#5066);
#5064 = CARTESIAN_POINT('',(7.161288864193,20.907557050109,20.25));
#5065 = DIRECTION('',(0.,0.,-1.));
#5066 = DIRECTION('',(0.894573647516,0.446920562483,0.));
#5067 = ADVANCED_FACE('',(#5068),#5074,.F.);
#5068 = FACE_BOUND('',#5069,.F.);
#5069 = EDGE_LOOP('',(#5070,#5071,#5072,#5073));
#5070 = ORIENTED_EDGE('',*,*,#2451,.F.);
#5071 = ORIENTED_EDGE('',*,*,#4967,.T.);
#5072 = ORIENTED_EDGE('',*,*,#2332,.F.);
#5073 = ORIENTED_EDGE('',*,*,#2405,.F.);
#5074 = CYLINDRICAL_SURFACE('',#5075,0.4);
#5075 = AXIS2_PLACEMENT_3D('',#5076,#5077,#5078);
#5076 = CARTESIAN_POINT('',(6.644657201959,16.728673906454,18.75));
#5077 = DIRECTION('',(0.,0.,1.));
#5078 = DIRECTION('',(-0.905061217403,-0.425281310138,0.));
#5079 = ADVANCED_FACE('',(#5080),#5086,.F.);
#5080 = FACE_BOUND('',#5081,.F.);
#5081 = EDGE_LOOP('',(#5082,#5083,#5084,#5085));
#5082 = ORIENTED_EDGE('',*,*,#2476,.F.);
#5083 = ORIENTED_EDGE('',*,*,#2500,.T.);
#5084 = ORIENTED_EDGE('',*,*,#2347,.F.);
#5085 = ORIENTED_EDGE('',*,*,#4930,.F.);
#5086 = CYLINDRICAL_SURFACE('',#5087,0.4);
#5087 = AXIS2_PLACEMENT_3D('',#5088,#5089,#5090);
#5088 = CARTESIAN_POINT('',(17.963226324911,1.150000000014,18.75));
#5089 = DIRECTION('',(0.,0.,-1.));
#5090 = DIRECTION('',(-0.684145858392,-0.729345216235,-0.));
#5091 = ADVANCED_FACE('',(#5092),#5117,.T.);
#5092 = FACE_BOUND('',#5093,.T.);
#5093 = EDGE_LOOP('',(#5094,#5095,#5104,#5110));
#5094 = ORIENTED_EDGE('',*,*,#2381,.T.);
#5095 = ORIENTED_EDGE('',*,*,#5096,.F.);
#5096 = EDGE_CURVE('',#5097,#2374,#5099,.T.);
#5097 = VERTEX_POINT('',#5098);
#5098 = CARTESIAN_POINT('',(22.497178167064,0.356334841644,19.85));
#5099 = CIRCLE('',#5100,0.4);
#5100 = AXIS2_PLACEMENT_3D('',#5101,#5102,#5103);
#5101 = CARTESIAN_POINT('',(22.097228332983,0.350000000015,19.85));
#5102 = DIRECTION('',(0.,0.,1.));
#5103 = DIRECTION('',(-1.998401444325E-13,1.,0.));
#5104 = ORIENTED_EDGE('',*,*,#5105,.T.);
#5105 = EDGE_CURVE('',#5097,#2591,#5106,.T.);
#5106 = LINE('',#5107,#5108);
#5107 = CARTESIAN_POINT('',(22.497178167064,0.356334841644,20.25));
#5108 = VECTOR('',#5109,1.);
#5109 = DIRECTION('',(0.,0.,-1.));
#5110 = ORIENTED_EDGE('',*,*,#5111,.F.);
#5111 = EDGE_CURVE('',#2382,#2591,#5112,.T.);
#5112 = CIRCLE('',#5113,0.4);
#5113 = AXIS2_PLACEMENT_3D('',#5114,#5115,#5116);
#5114 = CARTESIAN_POINT('',(22.097228332983,0.350000000015,10.15));
#5115 = DIRECTION('',(0.,0.,-1.));
#5116 = DIRECTION('',(0.999874585203,1.583710407307E-02,0.));
#5117 = CYLINDRICAL_SURFACE('',#5118,0.4);
#5118 = AXIS2_PLACEMENT_3D('',#5119,#5120,#5121);
#5119 = CARTESIAN_POINT('',(22.097228332983,0.350000000015,20.25));
#5120 = DIRECTION('',(0.,0.,-1.));
#5121 = DIRECTION('',(0.701485173017,0.712684047834,0.));
#5122 = ADVANCED_FACE('',(#5123),#5150,.T.);
#5123 = FACE_BOUND('',#5124,.F.);
#5124 = EDGE_LOOP('',(#5125,#5133,#5141,#5148,#5149));
#5125 = ORIENTED_EDGE('',*,*,#5126,.T.);
#5126 = EDGE_CURVE('',#5097,#5127,#5129,.T.);
#5127 = VERTEX_POINT('',#5128);
#5128 = CARTESIAN_POINT('',(22.497178167064,0.350050165934,
    19.858883305669));
#5129 = LINE('',#5130,#5131);
#5130 = CARTESIAN_POINT('',(22.497178167064,0.350050165934,18.25));
#5131 = VECTOR('',#5132,1.);
#5132 = DIRECTION('',(0.,0.,1.));
#5133 = ORIENTED_EDGE('',*,*,#5134,.T.);
#5134 = EDGE_CURVE('',#5127,#5135,#5137,.T.);
#5135 = VERTEX_POINT('',#5136);
#5136 = CARTESIAN_POINT('',(22.497178167064,0.350050165934,20.85));
#5137 = LINE('',#5138,#5139);
#5138 = CARTESIAN_POINT('',(22.497178167064,0.350050165934,18.25));
#5139 = VECTOR('',#5140,1.);
#5140 = DIRECTION('',(0.,0.,1.));
#5141 = ORIENTED_EDGE('',*,*,#5142,.T.);
#5142 = EDGE_CURVE('',#5135,#2366,#5143,.T.);
#5143 = CIRCLE('',#5144,0.399949834081);
#5144 = AXIS2_PLACEMENT_3D('',#5145,#5146,#5147);
#5145 = CARTESIAN_POINT('',(22.097228332983,0.350050165934,20.85));
#5146 = DIRECTION('',(0.,0.,1.));
#5147 = DIRECTION('',(1.,0.,0.));
#5148 = ORIENTED_EDGE('',*,*,#2373,.F.);
#5149 = ORIENTED_EDGE('',*,*,#5096,.F.);
#5150 = CYLINDRICAL_SURFACE('',#5151,0.399949834081);
#5151 = AXIS2_PLACEMENT_3D('',#5152,#5153,#5154);
#5152 = CARTESIAN_POINT('',(22.097228332983,0.350050165934,18.25));
#5153 = DIRECTION('',(-0.,-0.,-1.));
#5154 = DIRECTION('',(1.,0.,0.));
#5155 = ADVANCED_FACE('',(#5156),#5241,.F.);
#5156 = FACE_BOUND('',#5157,.F.);
#5157 = EDGE_LOOP('',(#5158,#5233,#5234,#5240));
#5158 = ORIENTED_EDGE('',*,*,#5159,.T.);
#5159 = EDGE_CURVE('',#5127,#3319,#5160,.T.);
#5160 = B_SPLINE_CURVE_WITH_KNOTS('',8,(#5161,#5162,#5163,#5164,#5165,
    #5166,#5167,#5168,#5169,#5170,#5171,#5172,#5173,#5174,#5175,#5176,
    #5177,#5178,#5179,#5180,#5181,#5182,#5183,#5184,#5185,#5186,#5187,
    #5188,#5189,#5190,#5191,#5192,#5193,#5194,#5195,#5196,#5197,#5198,
    #5199,#5200,#5201,#5202,#5203,#5204,#5205,#5206,#5207,#5208,#5209,
    #5210,#5211,#5212,#5213,#5214,#5215,#5216,#5217,#5218,#5219,#5220,
    #5221,#5222,#5223,#5224,#5225,#5226,#5227,#5228,#5229,#5230,#5231,
    #5232),.UNSPECIFIED.,.F.,.F.,(9,7,7,7,7,7,7,7,7,7,9),(0.,
    4.93334158046E-02,8.654660736431E-02,0.131882236623,0.34296802246,
    0.499659415226,0.670310798496,0.850245649742,0.938586106762,
    0.967211651109,1.),.UNSPECIFIED.);
#5161 = CARTESIAN_POINT('',(22.497178167064,0.356334841644,
    19.850000092908));
#5162 = CARTESIAN_POINT('',(22.497178167064,0.35633481454,
    19.851848146846));
#5163 = CARTESIAN_POINT('',(22.497178167064,0.355718315555,
    19.853693472992));
#5164 = CARTESIAN_POINT('',(22.497178167064,0.354489971197,
    19.855498679821));
#5165 = CARTESIAN_POINT('',(22.497178167064,0.352714496999,
    19.857240951135));
#5166 = CARTESIAN_POINT('',(22.497178167064,0.350480153044,
    19.858907470156));
#5167 = CARTESIAN_POINT('',(22.497178167064,0.347874206602,
    19.860492207609));
#5168 = CARTESIAN_POINT('',(22.497178167064,0.344970401897,
    19.861994073791));
#5169 = CARTESIAN_POINT('',(22.497178167064,0.339458389433,
    19.864489350135));
#5170 = CARTESIAN_POINT('',(22.497178167064,0.336948636681,
    19.865518870157));
#5171 = CARTESIAN_POINT('',(22.497178167064,0.33432014557,
    19.866507515339));
#5172 = CARTESIAN_POINT('',(22.497178167064,0.331590644947,
    19.867457655683));
#5173 = CARTESIAN_POINT('',(22.497178167064,0.328774786277,
    19.868371565446));
#5174 = CARTESIAN_POINT('',(22.497178167064,0.325884304256,
    19.869251478028));
#5175 = CARTESIAN_POINT('',(22.497178167064,0.322928177419,
    19.870099640863));
#5176 = CARTESIAN_POINT('',(22.497178167064,0.316239238129,
    19.871915801948));
#5177 = CARTESIAN_POINT('',(22.497178167064,0.312479694637,
    19.872869026812));
#5178 = CARTESIAN_POINT('',(22.497178167064,0.308646981997,
    19.873781802488));
#5179 = CARTESIAN_POINT('',(22.497178167064,0.304751657653,
    19.874657269711));
#5180 = CARTESIAN_POINT('',(22.497178167064,0.300802248369,
    19.875498086243));
#5181 = CARTESIAN_POINT('',(22.497178167064,0.296805485828,
    19.876306560753));
#5182 = CARTESIAN_POINT('',(22.497178167064,0.29276654223,
    19.877084786697));
#5183 = CARTESIAN_POINT('',(22.497178167064,0.269705188834,
    19.881326778527));
#5184 = CARTESIAN_POINT('',(22.497178167064,0.249946197774,
    19.884196273467));
#5185 = CARTESIAN_POINT('',(22.497178167064,0.229749562917,
    19.886652533353));
#5186 = CARTESIAN_POINT('',(22.497178167064,0.209258438256,
    19.88873966224));
#5187 = CARTESIAN_POINT('',(22.497178167064,0.188605009442,19.8905295448
    ));
#5188 = CARTESIAN_POINT('',(22.497178167064,0.167831077579,
    19.892046754312));
#5189 = CARTESIAN_POINT('',(22.497178167064,0.146952749812,
    19.89332391815));
#5190 = CARTESIAN_POINT('',(22.497178167064,0.11032323245,
    19.895160562864));
#5191 = CARTESIAN_POINT('',(22.497178167064,9.467237339788E-02,
    19.895818594751));
#5192 = CARTESIAN_POINT('',(22.497178167064,7.898658288127E-02,
    19.896359189798));
#5193 = CARTESIAN_POINT('',(22.497178167064,6.327463538748E-02,
    19.896787490722));
#5194 = CARTESIAN_POINT('',(22.497178167064,4.754423587168E-02,
    19.897107008154));
#5195 = CARTESIAN_POINT('',(22.497178167064,3.180210483799E-02,
    19.897319879229));
#5196 = CARTESIAN_POINT('',(22.497178167064,1.605406342122E-02,
    19.897427126165));
#5197 = CARTESIAN_POINT('',(22.497178167064,-1.684693560277E-02,
    19.897430862895));
#5198 = CARTESIAN_POINT('',(22.497178167064,-3.399777671721E-02,
    19.897307756303));
#5199 = CARTESIAN_POINT('',(22.497178167064,-5.114123423325E-02,
    19.897059345483));
#5200 = CARTESIAN_POINT('',(22.497178167064,-6.826990293593E-02,
    19.896684259529));
#5201 = CARTESIAN_POINT('',(22.497178167064,-8.537498138415E-02,
    19.896179564547));
#5202 = CARTESIAN_POINT('',(22.497178167064,-0.102446110258,
    19.895540321981));
#5203 = CARTESIAN_POINT('',(22.497178167064,-0.119471210706,
    19.89475914694));
#5204 = CARTESIAN_POINT('',(22.497178167064,-0.154324340025,
    19.892841610025));
#5205 = CARTESIAN_POINT('',(22.497178167064,-0.172120808762,
    19.891689631474));
#5206 = CARTESIAN_POINT('',(22.497178167064,-0.189831688216,
    19.890355944428));
#5207 = CARTESIAN_POINT('',(22.497178167064,-0.207445417957,
    19.888825125922));
#5208 = CARTESIAN_POINT('',(22.497178167064,-0.224922553644,
    19.887071251611));
#5209 = CARTESIAN_POINT('',(22.497178167064,-0.242201651062,
    19.885063941647));
#5210 = CARTESIAN_POINT('',(22.497178167064,-0.259195375102,
    19.882762482722));
#5211 = CARTESIAN_POINT('',(22.497178167064,-0.283878833996,
    19.87874973172));
#5212 = CARTESIAN_POINT('',(22.497178167064,-0.291875039373,
    19.877338648319));
#5213 = CARTESIAN_POINT('',(22.497178167064,-0.299741481555,
    19.875823722565));
#5214 = CARTESIAN_POINT('',(22.497178167064,-0.307457850349,
    19.874190739277));
#5215 = CARTESIAN_POINT('',(22.497178167064,-0.31497221036,
    19.872421734299));
#5216 = CARTESIAN_POINT('',(22.497178167064,-0.322206602774,
    19.870497586761));
#5217 = CARTESIAN_POINT('',(22.497178167064,-0.329052483219,
    19.86839519569));
#5218 = CARTESIAN_POINT('',(22.497178167064,-0.337365429756,
    19.865313347668));
#5219 = CARTESIAN_POINT('',(22.497178167064,-0.339337961313,
    19.8645363063));
#5220 = CARTESIAN_POINT('',(22.497178167064,-0.341242054419,
    19.863735184035));
#5221 = CARTESIAN_POINT('',(22.497178167064,-0.343069233635,
    19.862908885514));
#5222 = CARTESIAN_POINT('',(22.497178167064,-0.344809259972,
    19.86205654643));
#5223 = CARTESIAN_POINT('',(22.497178167064,-0.346450332499,
    19.861177587753));
#5224 = CARTESIAN_POINT('',(22.497178167064,-0.347979289957,
    19.860271769967));
#5225 = CARTESIAN_POINT('',(22.497178167064,-0.350988293409,
    19.858271114637));
#5226 = CARTESIAN_POINT('',(22.497178167064,-0.352430053412,
    19.857167038757));
#5227 = CARTESIAN_POINT('',(22.497178167064,-0.353683306138,
    19.856028948107));
#5228 = CARTESIAN_POINT('',(22.497178167064,-0.35472224101,
    19.854860027473));
#5229 = CARTESIAN_POINT('',(22.497178167064,-0.355522364237,
    19.853665009779));
#5230 = CARTESIAN_POINT('',(22.497178167064,-0.356063839947,
    19.852450467888));
#5231 = CARTESIAN_POINT('',(22.497178167064,-0.356334831305,
    19.851225106402));
#5232 = CARTESIAN_POINT('',(22.497178167064,-0.356334841645,
    19.850000053468));
#5233 = ORIENTED_EDGE('',*,*,#3318,.T.);
#5234 = ORIENTED_EDGE('',*,*,#5235,.T.);
#5235 = EDGE_CURVE('',#3310,#5135,#5236,.T.);
#5236 = LINE('',#5237,#5238);
#5237 = CARTESIAN_POINT('',(22.497178167064,-0.350050165934,20.85));
#5238 = VECTOR('',#5239,1.);
#5239 = DIRECTION('',(0.,1.,0.));
#5240 = ORIENTED_EDGE('',*,*,#5134,.F.);
#5241 = PLANE('',#5242);
#5242 = AXIS2_PLACEMENT_3D('',#5243,#5244,#5245);
#5243 = CARTESIAN_POINT('',(22.497178167064,-0.350050165934,18.25));
#5244 = DIRECTION('',(-1.,0.,0.));
#5245 = DIRECTION('',(0.,1.,0.));
#5246 = ADVANCED_FACE('',(#5247),#5252,.T.);
#5247 = FACE_BOUND('',#5248,.T.);
#5248 = EDGE_LOOP('',(#5249,#5250,#5251));
#5249 = ORIENTED_EDGE('',*,*,#3781,.T.);
#5250 = ORIENTED_EDGE('',*,*,#1093,.T.);
#5251 = ORIENTED_EDGE('',*,*,#1077,.T.);
#5252 = SPHERICAL_SURFACE('',#5253,0.4);
#5253 = AXIS2_PLACEMENT_3D('',#5254,#5255,#5256);
#5254 = CARTESIAN_POINT('',(-17.67130841165,-13.27158087871,10.15));
#5255 = DIRECTION('',(-0.992572489605,9.922084434636E-02,
    7.039230729546E-02));
#5256 = DIRECTION('',(-0.121654645942,-0.8095365346,-0.574326341263));
#5257 = ADVANCED_FACE('',(#5258),#5270,.T.);
#5258 = FACE_BOUND('',#5259,.T.);
#5259 = EDGE_LOOP('',(#5260,#5261,#5262,#5269));
#5260 = ORIENTED_EDGE('',*,*,#1102,.F.);
#5261 = ORIENTED_EDGE('',*,*,#3775,.F.);
#5262 = ORIENTED_EDGE('',*,*,#5263,.F.);
#5263 = EDGE_CURVE('',#3939,#3767,#5264,.T.);
#5264 = CIRCLE('',#5265,22.5);
#5265 = AXIS2_PLACEMENT_3D('',#5266,#5267,#5268);
#5266 = CARTESIAN_POINT('',(-3.875813915266E-15,-2.220696706704E-15,
    19.85));
#5267 = DIRECTION('',(0.,0.,1.));
#5268 = DIRECTION('',(-0.809016994375,-0.587785252292,0.));
#5269 = ORIENTED_EDGE('',*,*,#4234,.F.);
#5270 = CYLINDRICAL_SURFACE('',#5271,22.5);
#5271 = AXIS2_PLACEMENT_3D('',#5272,#5273,#5274);
#5272 = CARTESIAN_POINT('',(-3.875813915266E-15,-2.220696706704E-15,
    20.25));
#5273 = DIRECTION('',(0.,0.,-1.));
#5274 = DIRECTION('',(-0.809016994375,-0.587785252292,-0.));
#5275 = ADVANCED_FACE('',(#5276),#5281,.T.);
#5276 = FACE_BOUND('',#5277,.T.);
#5277 = EDGE_LOOP('',(#5278,#5279,#5280));
#5278 = ORIENTED_EDGE('',*,*,#4242,.T.);
#5279 = ORIENTED_EDGE('',*,*,#1161,.T.);
#5280 = ORIENTED_EDGE('',*,*,#1111,.T.);
#5281 = SPHERICAL_SURFACE('',#5282,0.4);
#5282 = AXIS2_PLACEMENT_3D('',#5283,#5284,#5285);
#5283 = CARTESIAN_POINT('',(-18.08275808827,-12.70526898262,10.15));
#5284 = DIRECTION('',(0.566526184994,-9.433359944472E-02,-0.818626443338
    ));
#5285 = DIRECTION('',(-0.807508349451,0.134460102998,-0.574326341263));
#5286 = ADVANCED_FACE('',(#5287),#5292,.T.);
#5287 = FACE_BOUND('',#5288,.T.);
#5288 = EDGE_LOOP('',(#5289,#5290,#5291));
#5289 = ORIENTED_EDGE('',*,*,#4297,.T.);
#5290 = ORIENTED_EDGE('',*,*,#1591,.T.);
#5291 = ORIENTED_EDGE('',*,*,#1575,.T.);
#5292 = SPHERICAL_SURFACE('',#5293,0.4);
#5293 = AXIS2_PLACEMENT_3D('',#5294,#5295,#5296);
#5294 = CARTESIAN_POINT('',(-18.08275808827,12.705268982624,10.15));
#5295 = DIRECTION('',(0.566526184994,9.433359944507E-02,-0.818626443338)
  );
#5296 = DIRECTION('',(-0.807508349451,-0.134460102998,-0.574326341263));
#5297 = ADVANCED_FACE('',(#5298),#5310,.T.);
#5298 = FACE_BOUND('',#5299,.T.);
#5299 = EDGE_LOOP('',(#5300,#5301,#5302,#5309));
#5300 = ORIENTED_EDGE('',*,*,#1600,.F.);
#5301 = ORIENTED_EDGE('',*,*,#4291,.F.);
#5302 = ORIENTED_EDGE('',*,*,#5303,.F.);
#5303 = EDGE_CURVE('',#4346,#4283,#5304,.T.);
#5304 = CIRCLE('',#5305,22.5);
#5305 = AXIS2_PLACEMENT_3D('',#5306,#5307,#5308);
#5306 = CARTESIAN_POINT('',(-3.309700440479E-15,2.999885058337E-15,19.85
    ));
#5307 = DIRECTION('',(0.,0.,1.));
#5308 = DIRECTION('',(-0.809016994375,0.587785252292,0.));
#5309 = ORIENTED_EDGE('',*,*,#4641,.F.);
#5310 = CYLINDRICAL_SURFACE('',#5311,22.5);
#5311 = AXIS2_PLACEMENT_3D('',#5312,#5313,#5314);
#5312 = CARTESIAN_POINT('',(-3.309700440479E-15,2.999885058337E-15,20.25
    ));
#5313 = DIRECTION('',(0.,0.,-1.));
#5314 = DIRECTION('',(-0.809016994375,0.587785252292,0.));
#5315 = ADVANCED_FACE('',(#5316),#5321,.T.);
#5316 = FACE_BOUND('',#5317,.T.);
#5317 = EDGE_LOOP('',(#5318,#5319,#5320));
#5318 = ORIENTED_EDGE('',*,*,#4649,.T.);
#5319 = ORIENTED_EDGE('',*,*,#1659,.T.);
#5320 = ORIENTED_EDGE('',*,*,#1609,.T.);
#5321 = SPHERICAL_SURFACE('',#5322,0.4);
#5322 = AXIS2_PLACEMENT_3D('',#5323,#5324,#5325);
#5323 = CARTESIAN_POINT('',(-17.67130841165,13.27158087871,10.15));
#5324 = DIRECTION('',(-0.992572489605,-9.922084434677E-02,
    7.039230729572E-02));
#5325 = DIRECTION('',(-0.121654645942,0.8095365346,-0.574326341263));
#5326 = ADVANCED_FACE('',(#5327),#5332,.T.);
#5327 = FACE_BOUND('',#5328,.T.);
#5328 = EDGE_LOOP('',(#5329,#5330,#5331));
#5329 = ORIENTED_EDGE('',*,*,#4704,.T.);
#5330 = ORIENTED_EDGE('',*,*,#2089,.T.);
#5331 = ORIENTED_EDGE('',*,*,#2073,.T.);
#5332 = SPHERICAL_SURFACE('',#5333,0.4);
#5333 = AXIS2_PLACEMENT_3D('',#5334,#5335,#5336);
#5334 = CARTESIAN_POINT('',(6.495549302758,21.123868946181,10.15));
#5335 = DIRECTION('',(-0.926045062326,-0.296061422078,0.234068743958));
#5336 = DIRECTION('',(-0.377412960218,0.726435620816,-0.574326341263));
#5337 = ADVANCED_FACE('',(#5338),#5350,.T.);
#5338 = FACE_BOUND('',#5339,.T.);
#5339 = EDGE_LOOP('',(#5340,#5341,#5342,#5349));
#5340 = ORIENTED_EDGE('',*,*,#2098,.F.);
#5341 = ORIENTED_EDGE('',*,*,#4698,.F.);
#5342 = ORIENTED_EDGE('',*,*,#5343,.F.);
#5343 = EDGE_CURVE('',#4753,#4690,#5344,.T.);
#5344 = CIRCLE('',#5345,22.5);
#5345 = AXIS2_PLACEMENT_3D('',#5346,#5347,#5348);
#5346 = CARTESIAN_POINT('',(1.83030655047E-15,4.0747276351E-15,19.85));
#5347 = DIRECTION('',(0.,-0.,1.));
#5348 = DIRECTION('',(0.309016994375,0.951056516295,0.));
#5349 = ORIENTED_EDGE('',*,*,#5048,.F.);
#5350 = CYLINDRICAL_SURFACE('',#5351,22.5);
#5351 = AXIS2_PLACEMENT_3D('',#5352,#5353,#5354);
#5352 = CARTESIAN_POINT('',(1.83030655047E-15,4.0747276351E-15,20.25));
#5353 = DIRECTION('',(0.,0.,-1.));
#5354 = DIRECTION('',(0.309016994375,0.951056516295,0.));
#5355 = ADVANCED_FACE('',(#5356),#5361,.T.);
#5356 = FACE_BOUND('',#5357,.T.);
#5357 = EDGE_LOOP('',(#5358,#5359,#5360));
#5358 = ORIENTED_EDGE('',*,*,#5056,.T.);
#5359 = ORIENTED_EDGE('',*,*,#2157,.T.);
#5360 = ORIENTED_EDGE('',*,*,#2107,.T.);
#5361 = SPHERICAL_SURFACE('',#5362,0.4);
#5362 = AXIS2_PLACEMENT_3D('',#5363,#5364,#5365);
#5363 = CARTESIAN_POINT('',(7.161288864193,20.907557050109,10.15));
#5364 = DIRECTION('',(-0.513777209968,-0.256678251486,-0.818626443338));
#5365 = DIRECTION('',(0.73232164337,0.36586099052,-0.574326341263));
#5366 = ADVANCED_FACE('',(#5367),#5372,.T.);
#5367 = FACE_BOUND('',#5368,.T.);
#5368 = EDGE_LOOP('',(#5369,#5370,#5371));
#5369 = ORIENTED_EDGE('',*,*,#5111,.T.);
#5370 = ORIENTED_EDGE('',*,*,#2590,.T.);
#5371 = ORIENTED_EDGE('',*,*,#2574,.T.);
#5372 = SPHERICAL_SURFACE('',#5373,0.4);
#5373 = AXIS2_PLACEMENT_3D('',#5374,#5375,#5376);
#5374 = CARTESIAN_POINT('',(22.097228332983,0.350000000015,10.15));
#5375 = DIRECTION('',(-0.818676972238,0.409236628012,-0.402856546951));
#5376 = DIRECTION('',(0.574254312241,0.583422007302,-0.574326341263));
#5377 = ADVANCED_FACE('',(#5378),#5390,.T.);
#5378 = FACE_BOUND('',#5379,.T.);
#5379 = EDGE_LOOP('',(#5380,#5381,#5382,#5389));
#5380 = ORIENTED_EDGE('',*,*,#2599,.F.);
#5381 = ORIENTED_EDGE('',*,*,#5105,.F.);
#5382 = ORIENTED_EDGE('',*,*,#5383,.F.);
#5383 = EDGE_CURVE('',#3216,#5097,#5384,.T.);
#5384 = CIRCLE('',#5385,22.5);
#5385 = AXIS2_PLACEMENT_3D('',#5386,#5387,#5388);
#5386 = CARTESIAN_POINT('',(4.440892098501E-15,-4.815648849472E-16,19.85
    ));
#5387 = DIRECTION('',(0.,-0.,1.));
#5388 = DIRECTION('',(1.,5.665538897648E-16,0.));
#5389 = ORIENTED_EDGE('',*,*,#3215,.F.);
#5390 = CYLINDRICAL_SURFACE('',#5391,22.5);
#5391 = AXIS2_PLACEMENT_3D('',#5392,#5393,#5394);
#5392 = CARTESIAN_POINT('',(4.440892098501E-15,-4.815648849472E-16,20.25
    ));
#5393 = DIRECTION('',(0.,0.,-1.));
#5394 = DIRECTION('',(1.,-9.647497936787E-15,0.));
#5395 = ADVANCED_FACE('',(#5396),#5401,.T.);
#5396 = FACE_BOUND('',#5397,.T.);
#5397 = EDGE_LOOP('',(#5398,#5399,#5400));
#5398 = ORIENTED_EDGE('',*,*,#3231,.T.);
#5399 = ORIENTED_EDGE('',*,*,#2661,.T.);
#5400 = ORIENTED_EDGE('',*,*,#2608,.T.);
#5401 = SPHERICAL_SURFACE('',#5402,0.4);
#5402 = AXIS2_PLACEMENT_3D('',#5403,#5404,#5405);
#5403 = CARTESIAN_POINT('',(22.097228332983,-0.350000000015,10.15));
#5404 = DIRECTION('',(-0.818676972237,-0.409236628012,-0.402856546951));
#5405 = DIRECTION('',(0.574254312242,-0.583422007301,-0.574326341263));
#5406 = ADVANCED_FACE('',(#5407),#5412,.T.);
#5407 = FACE_BOUND('',#5408,.T.);
#5408 = EDGE_LOOP('',(#5409,#5410,#5411));
#5409 = ORIENTED_EDGE('',*,*,#3374,.T.);
#5410 = ORIENTED_EDGE('',*,*,#3094,.T.);
#5411 = ORIENTED_EDGE('',*,*,#3078,.T.);
#5412 = SPHERICAL_SURFACE('',#5413,0.4);
#5413 = AXIS2_PLACEMENT_3D('',#5414,#5415,#5416);
#5414 = CARTESIAN_POINT('',(7.161288864193,-20.90755705011,10.15));
#5415 = DIRECTION('',(-0.513777209968,0.256678251486,-0.818626443338));
#5416 = DIRECTION('',(0.73232164337,-0.365860990519,-0.574326341263));
#5417 = ADVANCED_FACE('',(#5418),#5430,.T.);
#5418 = FACE_BOUND('',#5419,.T.);
#5419 = EDGE_LOOP('',(#5420,#5421,#5422,#5429));
#5420 = ORIENTED_EDGE('',*,*,#3103,.F.);
#5421 = ORIENTED_EDGE('',*,*,#3368,.F.);
#5422 = ORIENTED_EDGE('',*,*,#5423,.F.);
#5423 = EDGE_CURVE('',#3532,#3360,#5424,.T.);
#5424 = CIRCLE('',#5425,22.5);
#5425 = AXIS2_PLACEMENT_3D('',#5426,#5427,#5428);
#5426 = CARTESIAN_POINT('',(9.143157067742E-16,-4.372351101786E-15,19.85
    ));
#5427 = DIRECTION('',(-0.,0.,1.));
#5428 = DIRECTION('',(0.309016994375,-0.951056516295,0.));
#5429 = ORIENTED_EDGE('',*,*,#3663,.F.);
#5430 = CYLINDRICAL_SURFACE('',#5431,22.5);
#5431 = AXIS2_PLACEMENT_3D('',#5432,#5433,#5434);
#5432 = CARTESIAN_POINT('',(9.143157067742E-16,-4.372351101786E-15,20.25
    ));
#5433 = DIRECTION('',(0.,0.,-1.));
#5434 = DIRECTION('',(0.309016994375,-0.951056516295,0.));
#5435 = ADVANCED_FACE('',(#5436),#5441,.T.);
#5436 = FACE_BOUND('',#5437,.T.);
#5437 = EDGE_LOOP('',(#5438,#5439,#5440));
#5438 = ORIENTED_EDGE('',*,*,#3671,.T.);
#5439 = ORIENTED_EDGE('',*,*,#3160,.T.);
#5440 = ORIENTED_EDGE('',*,*,#3112,.T.);
#5441 = SPHERICAL_SURFACE('',#5442,0.4);
#5442 = AXIS2_PLACEMENT_3D('',#5443,#5444,#5445);
#5443 = CARTESIAN_POINT('',(6.495549302758,-21.12386894618,10.15));
#5444 = DIRECTION('',(-0.926045062327,0.296061422077,0.234068743958));
#5445 = DIRECTION('',(-0.377412960218,-0.726435620817,-0.574326341263));
#5446 = ADVANCED_FACE('',(#5447),#5453,.T.);
#5447 = FACE_BOUND('',#5448,.T.);
#5448 = EDGE_LOOP('',(#5449,#5450,#5451,#5452));
#5449 = ORIENTED_EDGE('',*,*,#3326,.F.);
#5450 = ORIENTED_EDGE('',*,*,#5383,.T.);
#5451 = ORIENTED_EDGE('',*,*,#5126,.T.);
#5452 = ORIENTED_EDGE('',*,*,#5159,.T.);
#5453 = TOROIDAL_SURFACE('',#5454,22.1,0.4);
#5454 = AXIS2_PLACEMENT_3D('',#5455,#5456,#5457);
#5455 = CARTESIAN_POINT('',(4.440892098501E-15,-4.815648849472E-16,19.85
    ));
#5456 = DIRECTION('',(0.,0.,-1.));
#5457 = DIRECTION('',(1.,-9.892427296616E-15,0.));
#5458 = ADVANCED_FACE('',(#5459),#5465,.T.);
#5459 = FACE_BOUND('',#5460,.T.);
#5460 = EDGE_LOOP('',(#5461,#5462,#5463,#5464));
#5461 = ORIENTED_EDGE('',*,*,#3558,.F.);
#5462 = ORIENTED_EDGE('',*,*,#5423,.T.);
#5463 = ORIENTED_EDGE('',*,*,#3389,.T.);
#5464 = ORIENTED_EDGE('',*,*,#3572,.T.);
#5465 = TOROIDAL_SURFACE('',#5466,22.1,0.4);
#5466 = AXIS2_PLACEMENT_3D('',#5467,#5468,#5469);
#5467 = CARTESIAN_POINT('',(9.143157067742E-16,-4.372351101786E-15,19.85
    ));
#5468 = DIRECTION('',(0.,0.,-1.));
#5469 = DIRECTION('',(-1.,0.,0.));
#5470 = ADVANCED_FACE('',(#5471),#5477,.T.);
#5471 = FACE_BOUND('',#5472,.T.);
#5472 = EDGE_LOOP('',(#5473,#5474,#5475,#5476));
#5473 = ORIENTED_EDGE('',*,*,#3965,.F.);
#5474 = ORIENTED_EDGE('',*,*,#5263,.T.);
#5475 = ORIENTED_EDGE('',*,*,#3796,.T.);
#5476 = ORIENTED_EDGE('',*,*,#3979,.T.);
#5477 = TOROIDAL_SURFACE('',#5478,22.1,0.4);
#5478 = AXIS2_PLACEMENT_3D('',#5479,#5480,#5481);
#5479 = CARTESIAN_POINT('',(-3.875813915266E-15,-2.220696706704E-15,
    19.85));
#5480 = DIRECTION('',(0.,0.,-1.));
#5481 = DIRECTION('',(-1.,0.,0.));
#5482 = ADVANCED_FACE('',(#5483),#5489,.T.);
#5483 = FACE_BOUND('',#5484,.T.);
#5484 = EDGE_LOOP('',(#5485,#5486,#5487,#5488));
#5485 = ORIENTED_EDGE('',*,*,#4372,.F.);
#5486 = ORIENTED_EDGE('',*,*,#5303,.T.);
#5487 = ORIENTED_EDGE('',*,*,#4312,.T.);
#5488 = ORIENTED_EDGE('',*,*,#4386,.T.);
#5489 = TOROIDAL_SURFACE('',#5490,22.1,0.4);
#5490 = AXIS2_PLACEMENT_3D('',#5491,#5492,#5493);
#5491 = CARTESIAN_POINT('',(-3.309700440479E-15,2.999885058337E-15,19.85
    ));
#5492 = DIRECTION('',(0.,0.,-1.));
#5493 = DIRECTION('',(-1.,0.,0.));
#5494 = ADVANCED_FACE('',(#5495),#5501,.T.);
#5495 = FACE_BOUND('',#5496,.T.);
#5496 = EDGE_LOOP('',(#5497,#5498,#5499,#5500));
#5497 = ORIENTED_EDGE('',*,*,#4779,.F.);
#5498 = ORIENTED_EDGE('',*,*,#5343,.T.);
#5499 = ORIENTED_EDGE('',*,*,#4719,.T.);
#5500 = ORIENTED_EDGE('',*,*,#4793,.T.);
#5501 = TOROIDAL_SURFACE('',#5502,22.1,0.4);
#5502 = AXIS2_PLACEMENT_3D('',#5503,#5504,#5505);
#5503 = CARTESIAN_POINT('',(1.83030655047E-15,4.0747276351E-15,19.85));
#5504 = DIRECTION('',(0.,0.,-1.));
#5505 = DIRECTION('',(-1.,0.,0.));
#5506 = ADVANCED_FACE('',(#5507,#5539,#5542,#5545,#5548),#5551,.T.);
#5507 = FACE_BOUND('',#5508,.T.);
#5508 = EDGE_LOOP('',(#5509,#5510,#5511,#5512,#5513,#5514,#5515,#5516,
    #5517,#5518,#5519,#5520,#5521,#5522,#5523,#5524,#5525,#5526,#5527,
    #5528,#5529,#5530,#5531,#5532,#5533,#5534,#5535,#5536,#5537,#5538));
#5509 = ORIENTED_EDGE('',*,*,#2711,.F.);
#5510 = ORIENTED_EDGE('',*,*,#2742,.T.);
#5511 = ORIENTED_EDGE('',*,*,#3309,.T.);
#5512 = ORIENTED_EDGE('',*,*,#5235,.T.);
#5513 = ORIENTED_EDGE('',*,*,#5142,.T.);
#5514 = ORIENTED_EDGE('',*,*,#2365,.T.);
#5515 = ORIENTED_EDGE('',*,*,#2199,.F.);
#5516 = ORIENTED_EDGE('',*,*,#2316,.T.);
#5517 = ORIENTED_EDGE('',*,*,#4762,.T.);
#5518 = ORIENTED_EDGE('',*,*,#4869,.T.);
#5519 = ORIENTED_EDGE('',*,*,#4735,.T.);
#5520 = ORIENTED_EDGE('',*,*,#1867,.T.);
#5521 = ORIENTED_EDGE('',*,*,#1701,.F.);
#5522 = ORIENTED_EDGE('',*,*,#1818,.T.);
#5523 = ORIENTED_EDGE('',*,*,#4355,.T.);
#5524 = ORIENTED_EDGE('',*,*,#4462,.T.);
#5525 = ORIENTED_EDGE('',*,*,#4328,.T.);
#5526 = ORIENTED_EDGE('',*,*,#1369,.T.);
#5527 = ORIENTED_EDGE('',*,*,#1203,.F.);
#5528 = ORIENTED_EDGE('',*,*,#1320,.T.);
#5529 = ORIENTED_EDGE('',*,*,#3948,.T.);
#5530 = ORIENTED_EDGE('',*,*,#4055,.T.);
#5531 = ORIENTED_EDGE('',*,*,#3812,.T.);
#5532 = ORIENTED_EDGE('',*,*,#151,.T.);
#5533 = ORIENTED_EDGE('',*,*,#48,.F.);
#5534 = ORIENTED_EDGE('',*,*,#81,.T.);
#5535 = ORIENTED_EDGE('',*,*,#3541,.T.);
#5536 = ORIENTED_EDGE('',*,*,#3648,.T.);
#5537 = ORIENTED_EDGE('',*,*,#3405,.T.);
#5538 = ORIENTED_EDGE('',*,*,#2805,.T.);
#5539 = FACE_BOUND('',#5540,.T.);
#5540 = EDGE_LOOP('',(#5541));
#5541 = ORIENTED_EDGE('',*,*,#567,.T.);
#5542 = FACE_BOUND('',#5543,.T.);
#5543 = EDGE_LOOP('',(#5544));
#5544 = ORIENTED_EDGE('',*,*,#988,.T.);
#5545 = FACE_BOUND('',#5546,.T.);
#5546 = EDGE_LOOP('',(#5547));
#5547 = ORIENTED_EDGE('',*,*,#389,.T.);
#5548 = FACE_BOUND('',#5549,.T.);
#5549 = EDGE_LOOP('',(#5550));
#5550 = ORIENTED_EDGE('',*,*,#938,.T.);
#5551 = PLANE('',#5552);
#5552 = AXIS2_PLACEMENT_3D('',#5553,#5554,#5555);
#5553 = CARTESIAN_POINT('',(1.567251720384E-13,-3.613919612095E-15,20.85
    ));
#5554 = DIRECTION('',(0.,0.,1.));
#5555 = DIRECTION('',(1.,0.,0.));
#5556 = ( GEOMETRIC_REPRESENTATION_CONTEXT(3) 
GLOBAL_UNCERTAINTY_ASSIGNED_CONTEXT((#5560)) 
GLOBAL_UNIT_ASSIGNED_CONTEXT((#5557,#5558,#5559)) REPRESENTATION_CONTEXT
('Context #1','3D Context with UNIT and UNCERTAINTY') );
#5557 = ( LENGTH_UNIT() NAMED_UNIT(*) SI_UNIT(.MILLI.,.METRE.) );
#5558 = ( NAMED_UNIT(*) PLANE_ANGLE_UNIT() SI_UNIT($,.RADIAN.) );
#5559 = ( NAMED_UNIT(*) SI_UNIT($,.STERADIAN.) SOLID_ANGLE_UNIT() );
#5560 = UNCERTAINTY_MEASURE_WITH_UNIT(LENGTH_MEASURE(1.E-03),#5557,
  'distance_accuracy_value','confusion accuracy');
#5561 = PRODUCT_RELATED_PRODUCT_CATEGORY('part',$,(#7));
#5562 = MECHANICAL_DESIGN_GEOMETRIC_PRESENTATION_REPRESENTATION('',(
    #5563),#5556);
#5563 = STYLED_ITEM('color',(#5564),#15);
#5564 = PRESENTATION_STYLE_ASSIGNMENT((#5565,#5571));
#5565 = SURFACE_STYLE_USAGE(.BOTH.,#5566);
#5566 = SURFACE_SIDE_STYLE('',(#5567));
#5567 = SURFACE_STYLE_FILL_AREA(#5568);
#5568 = FILL_AREA_STYLE('',(#5569));
#5569 = FILL_AREA_STYLE_COLOUR('',#5570);
#5570 = COLOUR_RGB('',0.447059003357,0.474510015008,0.501960993452);
#5571 = CURVE_STYLE('',#5572,POSITIVE_LENGTH_MEASURE(0.1),#5573);
#5572 = DRAUGHTING_PRE_DEFINED_CURVE_FONT('continuous');
#5573 = COLOUR_RGB('',9.803921802644E-02,9.803921802644E-02,
  9.803921802644E-02);
ENDSEC;
END-ISO-10303-21;
