ISO-10303-21;
HEADER;
FILE_DESCRIPTION(('FreeCAD Model'),'2;1');
FILE_NAME('Open CASCADE Shape Model','2025-03-29T20:04:19',(''),(''),
  'Open CASCADE STEP processor 7.8','FreeCAD','Unknown');
FILE_SCHEMA(('AUTOMOTIVE_DESIGN { 1 0 10303 214 1 1 1 1 }'));
ENDSEC;
DATA;
#1 = APPLICATION_PROTOCOL_DEFINITION('international standard',
  'automotive_design',2000,#2);
#2 = APPLICATION_CONTEXT(
  'core data for automotive mechanical design processes');
#3 = SHAPE_DEFINITION_REPRESENTATION(#4,#10);
#4 = PRODUCT_DEFINITION_SHAPE('','',#5);
#5 = PRODUCT_DEFINITION('design','',#6,#9);
#6 = PRODUCT_DEFINITION_FORMATION('','',#7);
#7 = PRODUCT('SOLID','SOLID','',(#8));
#8 = PRODUCT_CONTEXT('',#2,'mechanical');
#9 = PRODUCT_DEFINITION_CONTEXT('part definition',#2,'design');
#10 = ADVANCED_BREP_SHAPE_REPRESENTATION('',(#11,#15),#10888);
#11 = AXIS2_PLACEMENT_3D('',#12,#13,#14);
#12 = CARTESIAN_POINT('',(0.,0.,0.));
#13 = DIRECTION('',(0.,0.,1.));
#14 = DIRECTION('',(1.,0.,-0.));
#15 = MANIFOLD_SOLID_BREP('',#16);
#16 = CLOSED_SHELL('',(#17,#60,#110,#135,#178,#198,#997,#1030,#1050,
    #1067,#1079,#1123,#1155,#1189,#1231,#1278,#1322,#1354,#1388,#1435,
    #1466,#1517,#1561,#1578,#1609,#1642,#1660,#1695,#1718,#1740,#1771,
    #1783,#1816,#1833,#1855,#1872,#1889,#1901,#1913,#1925,#1960,#1994,
    #2016,#2041,#2066,#2090,#2124,#2168,#2200,#2235,#2269,#2291,#2326,
    #2348,#2380,#2404,#2439,#2461,#2483,#2505,#2530,#2552,#2587,#2609,
    #2639,#2656,#2673,#2695,#2728,#2745,#2763,#2777,#2794,#2806,#2818,
    #2830,#2869,#2925,#2942,#2964,#2982,#3000,#3012,#3024,#3038,#3082,
    #3114,#3148,#3190,#3237,#3281,#3313,#3347,#3394,#3425,#3476,#3520,
    #3537,#3568,#3601,#3619,#3654,#3677,#3699,#3730,#3742,#3775,#3792,
    #3814,#3831,#3848,#3860,#3872,#3884,#3919,#3953,#3975,#4000,#4025,
    #4049,#4083,#4127,#4159,#4194,#4228,#4250,#4285,#4307,#4339,#4363,
    #4398,#4420,#4442,#4464,#4489,#4511,#4546,#4568,#4598,#4615,#4632,
    #4654,#4687,#4704,#4722,#4736,#4753,#4765,#4777,#4789,#4828,#4884,
    #4901,#4923,#4941,#4959,#4971,#4983,#4997,#5041,#5073,#5107,#5149,
    #5196,#5240,#5272,#5306,#5353,#5384,#5435,#5479,#5496,#5527,#5560,
    #5578,#5613,#5636,#5658,#5689,#5701,#5734,#5751,#5773,#5790,#5807,
    #5819,#5831,#5843,#5878,#5912,#5934,#5959,#5984,#6008,#6042,#6086,
    #6118,#6153,#6187,#6209,#6244,#6266,#6298,#6322,#6357,#6379,#6401,
    #6423,#6448,#6470,#6505,#6527,#6557,#6574,#6591,#6613,#6646,#6663,
    #6681,#6695,#6712,#6724,#6736,#6748,#6787,#6843,#6860,#6882,#6900,
    #6918,#6930,#6942,#6956,#7000,#7032,#7066,#7108,#7155,#7199,#7231,
    #7265,#7312,#7343,#7394,#7438,#7455,#7486,#7519,#7537,#7572,#7595,
    #7617,#7648,#7660,#7693,#7710,#7732,#7749,#7766,#7778,#7790,#7802,
    #7837,#7871,#7893,#7918,#7943,#7967,#8001,#8045,#8077,#8112,#8146,
    #8168,#8203,#8225,#8257,#8281,#8316,#8338,#8360,#8382,#8407,#8429,
    #8464,#8486,#8516,#8533,#8550,#8572,#8605,#8622,#8640,#8654,#8671,
    #8683,#8695,#8707,#8746,#8802,#8819,#8841,#8859,#8877,#8889,#8901,
    #8915,#8959,#8991,#9025,#9067,#9114,#9158,#9190,#9224,#9271,#9302,
    #9353,#9397,#9414,#9445,#9478,#9496,#9531,#9554,#9576,#9607,#9619,
    #9652,#9669,#9691,#9708,#9725,#9737,#9749,#9761,#9796,#9830,#9852,
    #9877,#9902,#9926,#9960,#10004,#10036,#10071,#10105,#10127,#10162,
    #10184,#10216,#10240,#10275,#10297,#10319,#10341,#10366,#10388,
    #10423,#10445,#10476,#10493,#10510,#10532,#10565,#10582,#10600,
    #10614,#10631,#10643,#10655,#10667,#10706,#10762,#10779,#10801,
    #10820,#10838,#10850,#10862,#10876));
#17 = ADVANCED_FACE('',(#18),#55,.T.);
#18 = FACE_BOUND('',#19,.T.);
#19 = EDGE_LOOP('',(#20,#31,#40,#47,#48));
#20 = ORIENTED_EDGE('',*,*,#21,.T.);
#21 = EDGE_CURVE('',#22,#24,#26,.T.);
#22 = VERTEX_POINT('',#23);
#23 = CARTESIAN_POINT('',(-24.02911227053,4.821490285809E-16,
    26.210499253681));
#24 = VERTEX_POINT('',#25);
#25 = CARTESIAN_POINT('',(24.029112270532,-2.942717542846E-15,
    26.210499253681));
#26 = CIRCLE('',#27,24.029112270532);
#27 = AXIS2_PLACEMENT_3D('',#28,#29,#30);
#28 = CARTESIAN_POINT('',(0.,0.,26.210499253681));
#29 = DIRECTION('',(0.,0.,1.));
#30 = DIRECTION('',(1.,-1.425298834542E-16,0.));
#31 = ORIENTED_EDGE('',*,*,#32,.T.);
#32 = EDGE_CURVE('',#24,#33,#35,.T.);
#33 = VERTEX_POINT('',#34);
#34 = CARTESIAN_POINT('',(23.794778676561,-2.914019954267E-15,
    26.576290045193));
#35 = CIRCLE('',#36,0.5);
#36 = AXIS2_PLACEMENT_3D('',#37,#38,#39);
#37 = CARTESIAN_POINT('',(23.532729963729,-2.881928242528E-15,
    26.150460886841));
#38 = DIRECTION('',(-1.224646799147E-16,-1.,0.));
#39 = DIRECTION('',(1.,-1.224646799147E-16,0.));
#40 = ORIENTED_EDGE('',*,*,#41,.T.);
#41 = EDGE_CURVE('',#33,#33,#42,.T.);
#42 = CIRCLE('',#43,23.794778676561);
#43 = AXIS2_PLACEMENT_3D('',#44,#45,#46);
#44 = CARTESIAN_POINT('',(0.,2.914642283325E-15,26.576290045193));
#45 = DIRECTION('',(1.866330491603E-16,-1.803694494135E-32,-1.));
#46 = DIRECTION('',(1.,-2.02644126495E-17,1.866330491603E-16));
#47 = ORIENTED_EDGE('',*,*,#32,.F.);
#48 = ORIENTED_EDGE('',*,*,#49,.T.);
#49 = EDGE_CURVE('',#24,#22,#50,.T.);
#50 = CIRCLE('',#51,24.029112270532);
#51 = AXIS2_PLACEMENT_3D('',#52,#53,#54);
#52 = CARTESIAN_POINT('',(0.,0.,26.210499253681));
#53 = DIRECTION('',(0.,0.,1.));
#54 = DIRECTION('',(1.,-1.425298834542E-16,0.));
#55 = TOROIDAL_SURFACE('',#56,23.532729963729,0.5);
#56 = AXIS2_PLACEMENT_3D('',#57,#58,#59);
#57 = CARTESIAN_POINT('',(0.,0.,26.150460886841));
#58 = DIRECTION('',(0.,0.,-1.));
#59 = DIRECTION('',(-1.,0.,0.));
#60 = ADVANCED_FACE('',(#61),#82,.F.);
#61 = FACE_BOUND('',#62,.F.);
#62 = EDGE_LOOP('',(#63,#64,#73,#80,#81));
#63 = ORIENTED_EDGE('',*,*,#49,.T.);
#64 = ORIENTED_EDGE('',*,*,#65,.T.);
#65 = EDGE_CURVE('',#22,#66,#68,.T.);
#66 = VERTEX_POINT('',#67);
#67 = CARTESIAN_POINT('',(-25.5,-3.122849337826E-15,1.8));
#68 = CIRCLE('',#69,203.29083333333);
#69 = AXIS2_PLACEMENT_3D('',#70,#71,#72);
#70 = CARTESIAN_POINT('',(177.79083333333,2.177309749594E-14,1.8));
#71 = DIRECTION('',(1.224646799147E-16,-1.,0.));
#72 = DIRECTION('',(-1.,-1.224646799147E-16,0.));
#73 = ORIENTED_EDGE('',*,*,#74,.F.);
#74 = EDGE_CURVE('',#66,#66,#75,.T.);
#75 = CIRCLE('',#76,25.5);
#76 = AXIS2_PLACEMENT_3D('',#77,#78,#79);
#77 = CARTESIAN_POINT('',(0.,0.,1.8));
#78 = DIRECTION('',(0.,0.,1.));
#79 = DIRECTION('',(1.,0.,-0.));
#80 = ORIENTED_EDGE('',*,*,#65,.F.);
#81 = ORIENTED_EDGE('',*,*,#21,.T.);
#82 = ( BOUNDED_SURFACE() B_SPLINE_SURFACE(2,2,(
    (#83,#84,#85,#86,#87,#88,#89,#90,#91)
    ,(#92,#93,#94,#95,#96,#97,#98,#99,#100)
    ,(#101,#102,#103,#104,#105,#106,#107,#108,#109
)),.UNSPECIFIED.,.F.,.T.,.F.) B_SPLINE_SURFACE_WITH_KNOTS((3,3),(1,2,2,2
    ,2,2,1),(-3.167527742024E-16,0.120367174957),(-4.712388980385,
    -3.14159265359,-1.570796326795,0.,1.570796326795,3.14159265359,
4.712388980385),.UNSPECIFIED.) GEOMETRIC_REPRESENTATION_ITEM() 
RATIONAL_B_SPLINE_SURFACE((
    (1.,0.707106781187,1.,0.707106781187,1.,0.707106781187,1.
      ,0.707106781187,1.)
    ,(0.998189514473,0.705826574593,0.998189514473,0.705826574593
      ,0.998189514473,0.705826574593,0.998189514473,0.705826574593
      ,0.998189514473)
    ,(1.,0.707106781187,1.,0.707106781187,1.,0.707106781187,1.
,0.707106781187,1.))) REPRESENTATION_ITEM('') SURFACE() );
#83 = CARTESIAN_POINT('',(-25.5,0.,1.8));
#84 = CARTESIAN_POINT('',(-25.5,-25.5,1.8));
#85 = CARTESIAN_POINT('',(0.,-25.5,1.8));
#86 = CARTESIAN_POINT('',(25.5,-25.5,1.8));
#87 = CARTESIAN_POINT('',(25.5,0.,1.8));
#88 = CARTESIAN_POINT('',(25.5,25.5,1.8));
#89 = CARTESIAN_POINT('',(0.,25.5,1.8));
#90 = CARTESIAN_POINT('',(-25.5,25.5,1.8));
#91 = CARTESIAN_POINT('',(-25.5,0.,1.8));
#92 = CARTESIAN_POINT('',(-25.5,0.,14.04956479406));
#93 = CARTESIAN_POINT('',(-25.5,-25.5,14.04956479406));
#94 = CARTESIAN_POINT('',(0.,-25.5,14.04956479406));
#95 = CARTESIAN_POINT('',(25.5,-25.5,14.04956479406));
#96 = CARTESIAN_POINT('',(25.5,0.,14.04956479406));
#97 = CARTESIAN_POINT('',(25.5,25.5,14.04956479406));
#98 = CARTESIAN_POINT('',(0.,25.5,14.04956479406));
#99 = CARTESIAN_POINT('',(-25.5,25.5,14.04956479406));
#100 = CARTESIAN_POINT('',(-25.5,0.,14.04956479406));
#101 = CARTESIAN_POINT('',(-24.02911227053,0.,26.210499253681));
#102 = CARTESIAN_POINT('',(-24.02911227053,-24.02911227053,
    26.210499253681));
#103 = CARTESIAN_POINT('',(0.,-24.02911227053,26.210499253681));
#104 = CARTESIAN_POINT('',(24.029112270532,-24.02911227053,
    26.210499253681));
#105 = CARTESIAN_POINT('',(24.029112270532,0.,26.210499253681));
#106 = CARTESIAN_POINT('',(24.029112270532,24.029112270532,
    26.210499253681));
#107 = CARTESIAN_POINT('',(0.,24.029112270532,26.210499253681));
#108 = CARTESIAN_POINT('',(-24.02911227053,24.029112270532,
    26.210499253681));
#109 = CARTESIAN_POINT('',(-24.02911227053,0.,26.210499253681));
#110 = ADVANCED_FACE('',(#111),#130,.T.);
#111 = FACE_BOUND('',#112,.T.);
#112 = EDGE_LOOP('',(#113,#122,#128,#129));
#113 = ORIENTED_EDGE('',*,*,#114,.T.);
#114 = EDGE_CURVE('',#115,#115,#117,.T.);
#115 = VERTEX_POINT('',#116);
#116 = CARTESIAN_POINT('',(20.75,0.,28.45));
#117 = CIRCLE('',#118,20.75);
#118 = AXIS2_PLACEMENT_3D('',#119,#120,#121);
#119 = CARTESIAN_POINT('',(0.,0.,28.45));
#120 = DIRECTION('',(0.,0.,-1.));
#121 = DIRECTION('',(1.,0.,0.));
#122 = ORIENTED_EDGE('',*,*,#123,.T.);
#123 = EDGE_CURVE('',#115,#33,#124,.T.);
#124 = LINE('',#125,#126);
#125 = CARTESIAN_POINT('',(24.,2.457587433006E-15,26.45));
#126 = VECTOR('',#127,1.);
#127 = DIRECTION('',(0.851658316705,1.042980631519E-16,-0.524097425664)
  );
#128 = ORIENTED_EDGE('',*,*,#41,.F.);
#129 = ORIENTED_EDGE('',*,*,#123,.F.);
#130 = CONICAL_SURFACE('',#131,24.,1.019141344266);
#131 = AXIS2_PLACEMENT_3D('',#132,#133,#134);
#132 = CARTESIAN_POINT('',(4.440892098501E-15,-4.815648849472E-16,26.45)
  );
#133 = DIRECTION('',(0.,0.,-1.));
#134 = DIRECTION('',(-1.,0.,0.));
#135 = ADVANCED_FACE('',(#136),#173,.F.);
#136 = FACE_BOUND('',#137,.F.);
#137 = EDGE_LOOP('',(#138,#149,#158,#165,#166));
#138 = ORIENTED_EDGE('',*,*,#139,.T.);
#139 = EDGE_CURVE('',#140,#142,#144,.T.);
#140 = VERTEX_POINT('',#141);
#141 = CARTESIAN_POINT('',(-21.4,-3.102309035123E-15,26.45));
#142 = VERTEX_POINT('',#143);
#143 = CARTESIAN_POINT('',(-22.5,-3.237020183029E-15,25.35));
#144 = CIRCLE('',#145,1.1);
#145 = AXIS2_PLACEMENT_3D('',#146,#147,#148);
#146 = CARTESIAN_POINT('',(-21.4,-3.102309035123E-15,25.35));
#147 = DIRECTION('',(1.224646799147E-16,-1.,0.));
#148 = DIRECTION('',(-1.,-1.224646799147E-16,0.));
#149 = ORIENTED_EDGE('',*,*,#150,.F.);
#150 = EDGE_CURVE('',#151,#142,#153,.T.);
#151 = VERTEX_POINT('',#152);
#152 = CARTESIAN_POINT('',(22.5,-3.237020183029E-15,25.35));
#153 = CIRCLE('',#154,22.5);
#154 = AXIS2_PLACEMENT_3D('',#155,#156,#157);
#155 = CARTESIAN_POINT('',(4.440892098501E-15,-4.815648849472E-16,25.35)
  );
#156 = DIRECTION('',(0.,0.,-1.));
#157 = DIRECTION('',(-1.,0.,0.));
#158 = ORIENTED_EDGE('',*,*,#159,.F.);
#159 = EDGE_CURVE('',#142,#151,#160,.T.);
#160 = CIRCLE('',#161,22.5);
#161 = AXIS2_PLACEMENT_3D('',#162,#163,#164);
#162 = CARTESIAN_POINT('',(4.440892098501E-15,-4.815648849472E-16,25.35)
  );
#163 = DIRECTION('',(0.,0.,-1.));
#164 = DIRECTION('',(-1.,0.,0.));
#165 = ORIENTED_EDGE('',*,*,#139,.F.);
#166 = ORIENTED_EDGE('',*,*,#167,.F.);
#167 = EDGE_CURVE('',#140,#140,#168,.T.);
#168 = CIRCLE('',#169,21.4);
#169 = AXIS2_PLACEMENT_3D('',#170,#171,#172);
#170 = CARTESIAN_POINT('',(4.440892098501E-15,-4.815648849472E-16,26.45)
  );
#171 = DIRECTION('',(0.,0.,1.));
#172 = DIRECTION('',(-1.,0.,0.));
#173 = TOROIDAL_SURFACE('',#174,21.4,1.1);
#174 = AXIS2_PLACEMENT_3D('',#175,#176,#177);
#175 = CARTESIAN_POINT('',(4.440892098501E-15,-4.815648849472E-16,25.35)
  );
#176 = DIRECTION('',(0.,0.,1.));
#177 = DIRECTION('',(1.,0.,-0.));
#178 = ADVANCED_FACE('',(#179,#182),#193,.F.);
#179 = FACE_BOUND('',#180,.T.);
#180 = EDGE_LOOP('',(#181));
#181 = ORIENTED_EDGE('',*,*,#167,.F.);
#182 = FACE_BOUND('',#183,.T.);
#183 = EDGE_LOOP('',(#184));
#184 = ORIENTED_EDGE('',*,*,#185,.T.);
#185 = EDGE_CURVE('',#186,#186,#188,.T.);
#186 = VERTEX_POINT('',#187);
#187 = CARTESIAN_POINT('',(17.,1.600334673603E-15,26.45));
#188 = CIRCLE('',#189,17.);
#189 = AXIS2_PLACEMENT_3D('',#190,#191,#192);
#190 = CARTESIAN_POINT('',(4.440892098501E-15,-4.815648849472E-16,26.45)
  );
#191 = DIRECTION('',(0.,0.,1.));
#192 = DIRECTION('',(-1.,0.,0.));
#193 = PLANE('',#194);
#194 = AXIS2_PLACEMENT_3D('',#195,#196,#197);
#195 = CARTESIAN_POINT('',(4.440892098501E-15,-4.815648849472E-16,26.45)
  );
#196 = DIRECTION('',(0.,0.,1.));
#197 = DIRECTION('',(1.,0.,-0.));
#198 = ADVANCED_FACE('',(#199,#392,#542,#692,#842),#992,.F.);
#199 = FACE_BOUND('',#200,.F.);
#200 = EDGE_LOOP('',(#201,#211,#220,#228,#243,#252,#267,#275,#285,#294,
    #300,#301,#302,#303,#312,#322,#330,#345,#354,#369,#377,#384,#385));
#201 = ORIENTED_EDGE('',*,*,#202,.T.);
#202 = EDGE_CURVE('',#203,#205,#207,.T.);
#203 = VERTEX_POINT('',#204);
#204 = CARTESIAN_POINT('',(22.5,2.273890413134E-15,1.8));
#205 = VERTEX_POINT('',#206);
#206 = CARTESIAN_POINT('',(22.5,-3.237020183029E-15,19.95));
#207 = LINE('',#208,#209);
#208 = CARTESIAN_POINT('',(22.5,-3.237020183029E-15,18.75));
#209 = VECTOR('',#210,1.);
#210 = DIRECTION('',(0.,0.,1.));
#211 = ORIENTED_EDGE('',*,*,#212,.T.);
#212 = EDGE_CURVE('',#205,#213,#215,.T.);
#213 = VERTEX_POINT('',#214);
#214 = CARTESIAN_POINT('',(22.494292555878,-0.506756756789,19.95));
#215 = CIRCLE('',#216,22.5);
#216 = AXIS2_PLACEMENT_3D('',#217,#218,#219);
#217 = CARTESIAN_POINT('',(4.440892098501E-15,-4.815648849472E-16,19.95)
  );
#218 = DIRECTION('',(0.,0.,-1.));
#219 = DIRECTION('',(1.,-1.224646799147E-16,0.));
#220 = ORIENTED_EDGE('',*,*,#221,.T.);
#221 = EDGE_CURVE('',#213,#222,#224,.T.);
#222 = VERTEX_POINT('',#223);
#223 = CARTESIAN_POINT('',(22.494292555878,-0.506756756789,6.1));
#224 = LINE('',#225,#226);
#225 = CARTESIAN_POINT('',(22.494292555878,-0.506756756789,18.75));
#226 = VECTOR('',#227,1.);
#227 = DIRECTION('',(0.,0.,-1.));
#228 = ORIENTED_EDGE('',*,*,#229,.F.);
#229 = EDGE_CURVE('',#230,#222,#232,.T.);
#230 = VERTEX_POINT('',#231);
#231 = CARTESIAN_POINT('',(22.476431958169,-1.029566136676,5.8));
#232 = B_SPLINE_CURVE_WITH_KNOTS('',3,(#233,#234,#235,#236,#237,#238,
    #239,#240,#241,#242),.UNSPECIFIED.,.F.,.F.,(4,2,2,2,4),(
    0.14082893966,0.15245923429,0.170512127432,0.200244803414,
    0.20050553639),.UNSPECIFIED.);
#233 = CARTESIAN_POINT('',(22.476431958169,-1.029566136676,5.8));
#234 = CARTESIAN_POINT('',(22.478541791018,-0.983506429805,5.8));
#235 = CARTESIAN_POINT('',(22.480491765133,-0.937789541133,
    5.807842876179));
#236 = CARTESIAN_POINT('',(22.484978226127,-0.824908943226,
    5.843584797771));
#237 = CARTESIAN_POINT('',(22.48700192833,-0.766110574766,5.878120513882
    ));
#238 = CARTESIAN_POINT('',(22.490954671718,-0.642552996886,
    5.965347344939));
#239 = CARTESIAN_POINT('',(22.492750067293,-0.574993252138,
    6.032204303184));
#240 = CARTESIAN_POINT('',(22.494266263487,-0.507922836121,
    6.098841426221));
#241 = CARTESIAN_POINT('',(22.494279421072,-0.507339794258,
    6.099420715548));
#242 = CARTESIAN_POINT('',(22.494292555878,-0.506756756789,6.1));
#243 = ORIENTED_EDGE('',*,*,#244,.F.);
#244 = EDGE_CURVE('',#245,#230,#247,.T.);
#245 = VERTEX_POINT('',#246);
#246 = CARTESIAN_POINT('',(22.400379756285,-2.114943681101,5.8));
#247 = CIRCLE('',#248,22.5);
#248 = AXIS2_PLACEMENT_3D('',#249,#250,#251);
#249 = CARTESIAN_POINT('',(4.440892098501E-15,-4.815648849472E-16,5.8));
#250 = DIRECTION('',(0.,0.,1.));
#251 = DIRECTION('',(-1.,0.,0.));
#252 = ORIENTED_EDGE('',*,*,#253,.F.);
#253 = EDGE_CURVE('',#254,#245,#256,.T.);
#254 = VERTEX_POINT('',#255);
#255 = CARTESIAN_POINT('',(22.3451574803,-2.635135135167,6.1));
#256 = B_SPLINE_CURVE_WITH_KNOTS('',3,(#257,#258,#259,#260,#261,#262,
    #263,#264,#265,#266),.UNSPECIFIED.,.F.,.F.,(4,2,2,2,4),(
    -2.465982521289E-04,0.,2.812084509961E-02,4.519507723264E-02,
    5.619488478308E-02),.UNSPECIFIED.);
#257 = CARTESIAN_POINT('',(22.3451574803,-2.635135135167,6.1));
#258 = CARTESIAN_POINT('',(22.345225781229,-2.634555963726,
    6.099420716091));
#259 = CARTESIAN_POINT('',(22.345294060407,-2.633976783126,
    6.098841425677));
#260 = CARTESIAN_POINT('',(22.353145978936,-2.567350321375,
    6.032204313928));
#261 = CARTESIAN_POINT('',(22.360789668206,-2.500200354634,
    5.965347344935));
#262 = CARTESIAN_POINT('',(22.374106263203,-2.377298900092,
    5.878120513882));
#263 = CARTESIAN_POINT('',(22.380302058346,-2.318792869405,
    5.843584797771));
#264 = CARTESIAN_POINT('',(22.391601193468,-2.206389634302,
    5.807842876179));
#265 = CARTESIAN_POINT('',(22.396045719362,-2.160847538408,5.8));
#266 = CARTESIAN_POINT('',(22.400379756285,-2.1149436811,5.8));
#267 = ORIENTED_EDGE('',*,*,#268,.T.);
#268 = EDGE_CURVE('',#254,#269,#271,.T.);
#269 = VERTEX_POINT('',#270);
#270 = CARTESIAN_POINT('',(22.3451574803,-2.635135135167,21.45));
#271 = LINE('',#272,#273);
#272 = CARTESIAN_POINT('',(22.3451574803,-2.635135135167,18.75));
#273 = VECTOR('',#274,1.);
#274 = DIRECTION('',(0.,0.,1.));
#275 = ORIENTED_EDGE('',*,*,#276,.T.);
#276 = EDGE_CURVE('',#269,#277,#279,.T.);
#277 = VERTEX_POINT('',#278);
#278 = CARTESIAN_POINT('',(22.408506452496,-2.027027027059,22.05));
#279 = B_SPLINE_CURVE_WITH_KNOTS('',3,(#280,#281,#282,#283,#284),
  .UNSPECIFIED.,.F.,.F.,(4,1,4),(-9.449075818131E-02,-4.724537909066E-02
    ,0.),.UNSPECIFIED.);
#280 = CARTESIAN_POINT('',(22.3451574803,-2.635135135167,21.45));
#281 = CARTESIAN_POINT('',(22.3451574803,-2.635135135167,21.607484596969
    ));
#282 = CARTESIAN_POINT('',(22.361374228477,-2.502252451563,
    21.920490519949));
#283 = CARTESIAN_POINT('',(22.39412692392,-2.185990748111,22.05));
#284 = CARTESIAN_POINT('',(22.408506452496,-2.027027027059,22.05));
#285 = ORIENTED_EDGE('',*,*,#286,.T.);
#286 = EDGE_CURVE('',#277,#287,#289,.T.);
#287 = VERTEX_POINT('',#288);
#288 = CARTESIAN_POINT('',(22.5,-3.237020183029E-15,22.05));
#289 = CIRCLE('',#290,22.5);
#290 = AXIS2_PLACEMENT_3D('',#291,#292,#293);
#291 = CARTESIAN_POINT('',(4.440892098501E-15,-4.815648849472E-16,22.05)
  );
#292 = DIRECTION('',(0.,0.,1.));
#293 = DIRECTION('',(1.,1.224646799147E-16,-0.));
#294 = ORIENTED_EDGE('',*,*,#295,.T.);
#295 = EDGE_CURVE('',#287,#151,#296,.T.);
#296 = LINE('',#297,#298);
#297 = CARTESIAN_POINT('',(22.5,-3.237020183029E-15,18.75));
#298 = VECTOR('',#299,1.);
#299 = DIRECTION('',(0.,0.,1.));
#300 = ORIENTED_EDGE('',*,*,#150,.T.);
#301 = ORIENTED_EDGE('',*,*,#159,.T.);
#302 = ORIENTED_EDGE('',*,*,#295,.F.);
#303 = ORIENTED_EDGE('',*,*,#304,.T.);
#304 = EDGE_CURVE('',#287,#305,#307,.T.);
#305 = VERTEX_POINT('',#306);
#306 = CARTESIAN_POINT('',(22.408506452496,2.027027027059,22.05));
#307 = CIRCLE('',#308,22.5);
#308 = AXIS2_PLACEMENT_3D('',#309,#310,#311);
#309 = CARTESIAN_POINT('',(4.440892098501E-15,-4.815648849472E-16,22.05)
  );
#310 = DIRECTION('',(0.,0.,1.));
#311 = DIRECTION('',(1.,1.224646799147E-16,-0.));
#312 = ORIENTED_EDGE('',*,*,#313,.T.);
#313 = EDGE_CURVE('',#305,#314,#316,.T.);
#314 = VERTEX_POINT('',#315);
#315 = CARTESIAN_POINT('',(22.3451574803,2.635135135167,21.45));
#316 = B_SPLINE_CURVE_WITH_KNOTS('',3,(#317,#318,#319,#320,#321),
  .UNSPECIFIED.,.F.,.F.,(4,1,4),(-9.449077828529E-02,-4.724538914265E-02
    ,0.),.QUASI_UNIFORM_KNOTS.);
#317 = CARTESIAN_POINT('',(22.408506452496,2.027027027059,22.05));
#318 = CARTESIAN_POINT('',(22.39412692086,2.185990781932,22.05));
#319 = CARTESIAN_POINT('',(22.361375594869,2.502240557335,
    21.920501360369));
#320 = CARTESIAN_POINT('',(22.3451574803,2.635135135167,21.607484630476)
  );
#321 = CARTESIAN_POINT('',(22.3451574803,2.635135135167,21.45));
#322 = ORIENTED_EDGE('',*,*,#323,.T.);
#323 = EDGE_CURVE('',#314,#324,#326,.T.);
#324 = VERTEX_POINT('',#325);
#325 = CARTESIAN_POINT('',(22.3451574803,2.635135135167,6.1));
#326 = LINE('',#327,#328);
#327 = CARTESIAN_POINT('',(22.3451574803,2.635135135167,18.75));
#328 = VECTOR('',#329,1.);
#329 = DIRECTION('',(0.,0.,-1.));
#330 = ORIENTED_EDGE('',*,*,#331,.F.);
#331 = EDGE_CURVE('',#332,#324,#334,.T.);
#332 = VERTEX_POINT('',#333);
#333 = CARTESIAN_POINT('',(22.400379756285,2.114943681101,5.8));
#334 = B_SPLINE_CURVE_WITH_KNOTS('',3,(#335,#336,#337,#338,#339,#340,
    #341,#342,#343,#344),.UNSPECIFIED.,.F.,.F.,(4,2,2,2,4),(
    0.140828903897,0.152459195574,0.170512084131,0.200244752561,
    0.200505485222),.UNSPECIFIED.);
#335 = CARTESIAN_POINT('',(22.400379756285,2.114943681101,5.8));
#336 = CARTESIAN_POINT('',(22.396045719362,2.160847538408,5.8));
#337 = CARTESIAN_POINT('',(22.391601193468,2.206389634302,5.807842876179
    ));
#338 = CARTESIAN_POINT('',(22.380302058346,2.318792869405,5.843584797771
    ));
#339 = CARTESIAN_POINT('',(22.374106263203,2.377298900092,5.878120513882
    ));
#340 = CARTESIAN_POINT('',(22.360789668207,2.500200354633,5.965347344935
    ));
#341 = CARTESIAN_POINT('',(22.353145978648,2.567350323815,6.032204316367
    ));
#342 = CARTESIAN_POINT('',(22.345294060422,2.633976783001,6.098841425553
    ));
#343 = CARTESIAN_POINT('',(22.345225781214,2.634555963851,6.099420716216
    ));
#344 = CARTESIAN_POINT('',(22.3451574803,2.635135135167,6.1));
#345 = ORIENTED_EDGE('',*,*,#346,.F.);
#346 = EDGE_CURVE('',#347,#332,#349,.T.);
#347 = VERTEX_POINT('',#348);
#348 = CARTESIAN_POINT('',(22.476431958169,1.029566136676,5.8));
#349 = CIRCLE('',#350,22.5);
#350 = AXIS2_PLACEMENT_3D('',#351,#352,#353);
#351 = CARTESIAN_POINT('',(4.440892098501E-15,-4.815648849472E-16,5.8));
#352 = DIRECTION('',(0.,0.,1.));
#353 = DIRECTION('',(-1.,0.,0.));
#354 = ORIENTED_EDGE('',*,*,#355,.F.);
#355 = EDGE_CURVE('',#356,#347,#358,.T.);
#356 = VERTEX_POINT('',#357);
#357 = CARTESIAN_POINT('',(22.494292555878,0.506756756789,6.1));
#358 = B_SPLINE_CURVE_WITH_KNOTS('',3,(#359,#360,#361,#362,#363,#364,
    #365,#366,#367,#368),.UNSPECIFIED.,.F.,.F.,(4,2,2,2,4),(
    -2.465996968769E-04,0.,2.812087323338E-02,4.519512244231E-02,
    5.61949409937E-02),.UNSPECIFIED.);
#359 = CARTESIAN_POINT('',(22.494292555878,0.506756756789,6.1));
#360 = CARTESIAN_POINT('',(22.494279421008,0.507339797126,6.099420712697
    ));
#361 = CARTESIAN_POINT('',(22.494266263552,0.507922833252,6.098841429071
    ));
#362 = CARTESIAN_POINT('',(22.492750066034,0.574993307853,6.032204247858
    ));
#363 = CARTESIAN_POINT('',(22.490954671719,0.642552996862,5.965347344956
    ));
#364 = CARTESIAN_POINT('',(22.48700192833,0.766110574766,5.878120513882)
  );
#365 = CARTESIAN_POINT('',(22.484978226127,0.824908943226,5.84358479777)
  );
#366 = CARTESIAN_POINT('',(22.480491765133,0.937789541133,5.807842876179
    ));
#367 = CARTESIAN_POINT('',(22.478541791018,0.983506429805,5.8));
#368 = CARTESIAN_POINT('',(22.476431958169,1.029566136677,5.8));
#369 = ORIENTED_EDGE('',*,*,#370,.T.);
#370 = EDGE_CURVE('',#356,#371,#373,.T.);
#371 = VERTEX_POINT('',#372);
#372 = CARTESIAN_POINT('',(22.494292555878,0.506756756789,19.95));
#373 = LINE('',#374,#375);
#374 = CARTESIAN_POINT('',(22.494292555878,0.506756756789,18.75));
#375 = VECTOR('',#376,1.);
#376 = DIRECTION('',(0.,0.,1.));
#377 = ORIENTED_EDGE('',*,*,#378,.T.);
#378 = EDGE_CURVE('',#371,#205,#379,.T.);
#379 = CIRCLE('',#380,22.5);
#380 = AXIS2_PLACEMENT_3D('',#381,#382,#383);
#381 = CARTESIAN_POINT('',(4.440892098501E-15,-4.815648849472E-16,19.95)
  );
#382 = DIRECTION('',(0.,0.,-1.));
#383 = DIRECTION('',(1.,-1.224646799147E-16,0.));
#384 = ORIENTED_EDGE('',*,*,#202,.F.);
#385 = ORIENTED_EDGE('',*,*,#386,.T.);
#386 = EDGE_CURVE('',#203,#203,#387,.T.);
#387 = CIRCLE('',#388,22.5);
#388 = AXIS2_PLACEMENT_3D('',#389,#390,#391);
#389 = CARTESIAN_POINT('',(4.440892098501E-15,-4.815648849472E-16,1.8));
#390 = DIRECTION('',(0.,0.,1.));
#391 = DIRECTION('',(-1.,0.,0.));
#392 = FACE_BOUND('',#393,.F.);
#393 = EDGE_LOOP('',(#394,#404,#419,#428,#443,#451,#461,#470,#480,#488,
    #503,#512,#527,#535));
#394 = ORIENTED_EDGE('',*,*,#395,.T.);
#395 = EDGE_CURVE('',#396,#398,#400,.T.);
#396 = VERTEX_POINT('',#397);
#397 = CARTESIAN_POINT('',(-18.49612910228,-12.81183859684,19.95));
#398 = VERTEX_POINT('',#399);
#399 = CARTESIAN_POINT('',(-18.49612910228,-12.81183859684,6.1));
#400 = LINE('',#401,#402);
#401 = CARTESIAN_POINT('',(-18.49612910228,-12.81183859684,18.75));
#402 = VECTOR('',#403,1.);
#403 = DIRECTION('',(0.,0.,-1.));
#404 = ORIENTED_EDGE('',*,*,#405,.F.);
#405 = EDGE_CURVE('',#406,#398,#408,.T.);
#406 = VERTEX_POINT('',#407);
#407 = CARTESIAN_POINT('',(-18.78897921846,-12.37837872776,5.8));
#408 = B_SPLINE_CURVE_WITH_KNOTS('',3,(#409,#410,#411,#412,#413,#414,
    #415,#416,#417,#418),.UNSPECIFIED.,.F.,.F.,(4,2,2,2,4),(
    0.140828961262,0.152459257676,0.170512153587,0.200244834131,
    0.200505567295),.UNSPECIFIED.);
#409 = CARTESIAN_POINT('',(-18.78897921846,-12.37837872776,5.8));
#410 = CARTESIAN_POINT('',(-18.76361289267,-12.41688194201,5.8));
#411 = CARTESIAN_POINT('',(-18.73831874193,-12.4550138479,5.807842876179
    ));
#412 = CARTESIAN_POINT('',(-18.6755988144,-12.54897324555,5.843584797771
    ));
#413 = CARTESIAN_POINT('',(-18.64267521003,-12.59773162718,
    5.878120513882));
#414 = CARTESIAN_POINT('',(-18.57324772452,-12.70001517175,
    5.965347344941));
#415 = CARTESIAN_POINT('',(-18.53498961301,-12.75572745383,6.03220429522
    ));
#416 = CARTESIAN_POINT('',(-18.4967932353,-12.81087976489,6.098841426621
    ));
#417 = CARTESIAN_POINT('',(-18.49646117706,-12.81135918884,
    6.099420715148));
#418 = CARTESIAN_POINT('',(-18.49612910228,-12.81183859684,6.1));
#419 = ORIENTED_EDGE('',*,*,#420,.F.);
#420 = EDGE_CURVE('',#421,#406,#423,.T.);
#421 = VERTEX_POINT('',#422);
#422 = CARTESIAN_POINT('',(-19.36542060846,-11.45558748633,5.8));
#423 = CIRCLE('',#424,22.5);
#424 = AXIS2_PLACEMENT_3D('',#425,#426,#427);
#425 = CARTESIAN_POINT('',(4.440892098501E-15,-4.815648849472E-16,5.8));
#426 = DIRECTION('',(0.,0.,1.));
#427 = DIRECTION('',(-1.,0.,0.));
#428 = ORIENTED_EDGE('',*,*,#429,.F.);
#429 = EDGE_CURVE('',#430,#421,#432,.T.);
#430 = VERTEX_POINT('',#431);
#431 = CARTESIAN_POINT('',(-19.62650571379,-11.00228492024,6.1));
#432 = B_SPLINE_CURVE_WITH_KNOTS('',3,(#433,#434,#435,#436,#437,#438,
    #439,#440,#441,#442),.UNSPECIFIED.,.F.,.F.,(4,2,2,2,4),(
    -2.465978727739E-04,0.,2.812083767978E-02,4.519506530941E-02,
    5.619486995864E-02),.UNSPECIFIED.);
#433 = CARTESIAN_POINT('',(-19.62650571379,-11.00228492024,6.1));
#434 = CARTESIAN_POINT('',(-19.62622054241,-11.00279362528,
    6.099420716982));
#435 = CARTESIAN_POINT('',(-19.62593534673,-11.00330232729,
    6.098841424787));
#436 = CARTESIAN_POINT('',(-19.59312563966,-11.06181949294,
    6.032204331353));
#437 = CARTESIAN_POINT('',(-19.55983974544,-11.12063782035,5.96534734493
    ));
#438 = CARTESIAN_POINT('',(-19.49837343464,-11.22789448385,
    5.878120513882));
#439 = CARTESIAN_POINT('',(-19.4689969562,-11.27886865396,5.843584797771
    ));
#440 = CARTESIAN_POINT('',(-19.41206918463,-11.37644624637,
    5.807842876179));
#441 = CARTESIAN_POINT('',(-19.38889590929,-11.41590300268,5.8));
#442 = CARTESIAN_POINT('',(-19.36542060846,-11.45558748633,5.8));
#443 = ORIENTED_EDGE('',*,*,#444,.T.);
#444 = EDGE_CURVE('',#430,#445,#447,.T.);
#445 = VERTEX_POINT('',#446);
#446 = CARTESIAN_POINT('',(-19.62650571379,-11.00228492024,21.45));
#447 = LINE('',#448,#449);
#448 = CARTESIAN_POINT('',(-19.62650571379,-11.00228492024,18.75));
#449 = VECTOR('',#450,1.);
#450 = DIRECTION('',(0.,0.,1.));
#451 = ORIENTED_EDGE('',*,*,#452,.T.);
#452 = EDGE_CURVE('',#445,#453,#455,.T.);
#453 = VERTEX_POINT('',#454);
#454 = CARTESIAN_POINT('',(-19.32031913113,-11.53149030573,22.05));
#455 = B_SPLINE_CURVE_WITH_KNOTS('',3,(#456,#457,#458,#459,#460),
  .UNSPECIFIED.,.F.,.F.,(4,1,4),(-9.449076052534E-02,-4.724538026267E-02
    ,0.),.QUASI_UNIFORM_KNOTS.);
#456 = CARTESIAN_POINT('',(-19.62650571379,-11.00228492024,21.45));
#457 = CARTESIAN_POINT('',(-19.62650571379,-11.00228492024,
    21.607484600876));
#458 = CARTESIAN_POINT('',(-19.5615188676,-11.11932121667,
    21.920490518535));
#459 = CARTESIAN_POINT('',(-19.40212238105,-11.39443387567,22.05));
#460 = CARTESIAN_POINT('',(-19.32031913113,-11.53149030573,22.05));
#461 = ORIENTED_EDGE('',*,*,#462,.T.);
#462 = EDGE_CURVE('',#453,#463,#465,.T.);
#463 = VERTEX_POINT('',#464);
#464 = CARTESIAN_POINT('',(-16.93740594612,-14.81128893162,22.05));
#465 = CIRCLE('',#466,22.5);
#466 = AXIS2_PLACEMENT_3D('',#467,#468,#469);
#467 = CARTESIAN_POINT('',(4.440892098501E-15,-4.815648849472E-16,22.05)
  );
#468 = DIRECTION('',(0.,0.,1.));
#469 = DIRECTION('',(-0.809016994375,-0.587785252292,0.));
#470 = ORIENTED_EDGE('',*,*,#471,.T.);
#471 = EDGE_CURVE('',#463,#472,#474,.T.);
#472 = VERTEX_POINT('',#473);
#473 = CARTESIAN_POINT('',(-16.52871857329,-15.26602313389,21.45));
#474 = B_SPLINE_CURVE_WITH_KNOTS('',3,(#475,#476,#477,#478,#479),
  .UNSPECIFIED.,.F.,.F.,(4,1,4),(-9.449077486131E-02,-4.724538743065E-02
    ,0.),.QUASI_UNIFORM_KNOTS.);
#475 = CARTESIAN_POINT('',(-16.93740594612,-14.81128893162,22.05));
#476 = CARTESIAN_POINT('',(-16.8323361137,-14.93144122982,22.05));
#477 = CARTESIAN_POINT('',(-16.61995275442,-15.1680419559,
    21.920501396664));
#478 = CARTESIAN_POINT('',(-16.52871857329,-15.26602313389,
    21.607484624769));
#479 = CARTESIAN_POINT('',(-16.52871857329,-15.26602313389,21.45));
#480 = ORIENTED_EDGE('',*,*,#481,.T.);
#481 = EDGE_CURVE('',#472,#482,#484,.T.);
#482 = VERTEX_POINT('',#483);
#483 = CARTESIAN_POINT('',(-16.52871857329,-15.26602313389,6.1));
#484 = LINE('',#485,#486);
#485 = CARTESIAN_POINT('',(-16.52871857329,-15.26602313389,18.75));
#486 = VECTOR('',#487,1.);
#487 = DIRECTION('',(0.,0.,-1.));
#488 = ORIENTED_EDGE('',*,*,#489,.F.);
#489 = EDGE_CURVE('',#490,#482,#492,.T.);
#490 = VERTEX_POINT('',#491);
#491 = CARTESIAN_POINT('',(-16.8791551981,-14.87763824665,5.8));
#492 = B_SPLINE_CURVE_WITH_KNOTS('',3,(#493,#494,#495,#496,#497,#498,
    #499,#500,#501,#502),.UNSPECIFIED.,.F.,.F.,(4,2,2,2,4),(
    0.140828916193,0.152459208885,0.170512099019,0.200244770046,
    0.200505502812),.UNSPECIFIED.);
#493 = CARTESIAN_POINT('',(-16.8791551981,-14.87763824665,5.8));
#494 = CARTESIAN_POINT('',(-16.84866727823,-14.91222776433,5.8));
#495 = CARTESIAN_POINT('',(-16.81830260892,-14.94645966709,
    5.807842876179));
#496 = CARTESIAN_POINT('',(-16.74309245268,-15.03075432953,
    5.843584797771));
#497 = CARTESIAN_POINT('',(-16.70369096711,-15.07444490561,
    5.878120513882));
#498 = CARTESIAN_POINT('',(-16.62067795299,-15.16604697282,
    5.965347344936));
#499 = CARTESIAN_POINT('',(-16.57502431976,-15.21587958771,
    6.032204311835));
#500 = CARTESIAN_POINT('',(-16.5295099311,-15.26516628725,6.098841425777
    ));
#501 = CARTESIAN_POINT('',(-16.52911425841,-15.26559472056,
    6.099420715992));
#502 = CARTESIAN_POINT('',(-16.52871857329,-15.26602313389,6.1));
#503 = ORIENTED_EDGE('',*,*,#504,.F.);
#504 = EDGE_CURVE('',#505,#490,#507,.T.);
#505 = VERTEX_POINT('',#506);
#506 = CARTESIAN_POINT('',(-17.57865163567,-14.04425173057,5.8));
#507 = CIRCLE('',#508,22.5);
#508 = AXIS2_PLACEMENT_3D('',#509,#510,#511);
#509 = CARTESIAN_POINT('',(4.440892098501E-15,-4.815648849472E-16,5.8));
#510 = DIRECTION('',(0.,0.,1.));
#511 = DIRECTION('',(-1.,0.,0.));
#512 = ORIENTED_EDGE('',*,*,#513,.F.);
#513 = EDGE_CURVE('',#514,#505,#516,.T.);
#514 = VERTEX_POINT('',#515);
#515 = CARTESIAN_POINT('',(-17.900400806,-13.63178825335,6.1));
#516 = B_SPLINE_CURVE_WITH_KNOTS('',3,(#517,#518,#519,#520,#521,#522,
    #523,#524,#525,#526),.UNSPECIFIED.,.F.,.F.,(4,2,2,2,4),(
    -2.465979357661E-04,0.,2.812083885461E-02,4.519506719715E-02,
    5.61948723056E-02),.UNSPECIFIED.);
#517 = CARTESIAN_POINT('',(-17.900400806,-13.63178825335,6.1));
#518 = CARTESIAN_POINT('',(-17.90004747968,-13.63225221909,
    6.099420716834));
#519 = CARTESIAN_POINT('',(-17.89969412999,-13.6327161781,6.098841424935
    ));
#520 = CARTESIAN_POINT('',(-17.8590445164,-13.68608606532,6.032204328594
    ));
#521 = CARTESIAN_POINT('',(-17.81788137374,-13.73968776029,
    5.965347344931));
#522 = CARTESIAN_POINT('',(-17.74205821508,-13.8373245763,5.878120513882
    ));
#523 = CARTESIAN_POINT('',(-17.70586019177,-13.88370395331,
    5.843584797771));
#524 = CARTESIAN_POINT('',(-17.63588101786,-13.97238919975,
    5.807842876179));
#525 = CARTESIAN_POINT('',(-17.60743174272,-14.00822877359,5.8));
#526 = CARTESIAN_POINT('',(-17.57865163567,-14.04425173057,5.8));
#527 = ORIENTED_EDGE('',*,*,#528,.T.);
#528 = EDGE_CURVE('',#514,#529,#531,.T.);
#529 = VERTEX_POINT('',#530);
#530 = CARTESIAN_POINT('',(-17.900400806,-13.63178825335,19.95));
#531 = LINE('',#532,#533);
#532 = CARTESIAN_POINT('',(-17.900400806,-13.63178825335,18.75));
#533 = VECTOR('',#534,1.);
#534 = DIRECTION('',(0.,0.,1.));
#535 = ORIENTED_EDGE('',*,*,#536,.T.);
#536 = EDGE_CURVE('',#529,#396,#537,.T.);
#537 = CIRCLE('',#538,22.5);
#538 = AXIS2_PLACEMENT_3D('',#539,#540,#541);
#539 = CARTESIAN_POINT('',(4.440892098501E-15,-4.815648849472E-16,19.95)
  );
#540 = DIRECTION('',(0.,0.,-1.));
#541 = DIRECTION('',(-0.809016994375,-0.587785252292,-0.));
#542 = FACE_BOUND('',#543,.F.);
#543 = EDGE_LOOP('',(#544,#554,#569,#578,#593,#601,#611,#620,#630,#638,
    #653,#662,#677,#685));
#544 = ORIENTED_EDGE('',*,*,#545,.T.);
#545 = EDGE_CURVE('',#546,#548,#550,.T.);
#546 = VERTEX_POINT('',#547);
#547 = CARTESIAN_POINT('',(7.433072991929,21.236747064856,19.95));
#548 = VERTEX_POINT('',#549);
#549 = CARTESIAN_POINT('',(7.433072991929,21.236747064856,6.1));
#550 = LINE('',#551,#552);
#551 = CARTESIAN_POINT('',(7.433072991929,21.236747064856,18.75));
#552 = VECTOR('',#553,1.);
#553 = DIRECTION('',(0.,0.,-1.));
#554 = ORIENTED_EDGE('',*,*,#555,.F.);
#555 = EDGE_CURVE('',#556,#548,#558,.T.);
#556 = VERTEX_POINT('',#557);
#557 = CARTESIAN_POINT('',(7.924775031229,21.058203643816,5.8));
#558 = B_SPLINE_CURVE_WITH_KNOTS('',3,(#559,#560,#561,#562,#563,#564,
    #565,#566,#567,#568),.UNSPECIFIED.,.F.,.F.,(4,2,2,2,4),(
    0.140828929629,0.15245922343,0.170512115286,0.20024478915,
    0.200505522042),.UNSPECIFIED.);
#559 = CARTESIAN_POINT('',(7.924775031229,21.058203643816,5.8));
#560 = CARTESIAN_POINT('',(7.881621621076,21.074443446273,5.8));
#561 = CARTESIAN_POINT('',(7.83874485134,21.090425277392,5.807842876179)
  );
#562 = CARTESIAN_POINT('',(7.732775415829,21.129574178444,5.843584797771
    ));
#563 = CARTESIAN_POINT('',(7.67748020273,21.149668528707,5.878120513882)
  );
#564 = CARTESIAN_POINT('',(7.561191428032,21.191609202412,5.965347344938
    ));
#565 = CARTESIAN_POINT('',(7.497493096777,21.214193835567,6.032204306883
    ));
#566 = CARTESIAN_POINT('',(7.434173874648,21.236361720917,6.098841426045
    ));
#567 = CARTESIAN_POINT('',(7.433623434467,21.236554404485,6.099420715724
    ));
#568 = CARTESIAN_POINT('',(7.433072991929,21.236747064856,6.1));
#569 = ORIENTED_EDGE('',*,*,#570,.F.);
#570 = EDGE_CURVE('',#571,#556,#573,.T.);
#571 = VERTEX_POINT('',#572);
#572 = CARTESIAN_POINT('',(8.933528994653,20.650473595095,5.8));
#573 = CIRCLE('',#574,22.5);
#574 = AXIS2_PLACEMENT_3D('',#575,#576,#577);
#575 = CARTESIAN_POINT('',(4.440892098501E-15,-4.815648849472E-16,5.8));
#576 = DIRECTION('',(0.,0.,1.));
#577 = DIRECTION('',(-1.,0.,0.));
#578 = ORIENTED_EDGE('',*,*,#579,.F.);
#579 = EDGE_CURVE('',#580,#571,#582,.T.);
#580 = VERTEX_POINT('',#581);
#581 = CARTESIAN_POINT('',(9.411195845016,20.437206090039,6.1));
#582 = B_SPLINE_CURVE_WITH_KNOTS('',3,(#583,#584,#585,#586,#587,#588,
    #589,#590,#591,#592),.UNSPECIFIED.,.F.,.F.,(4,2,2,2,4),(
    -2.465990998011E-04,0.,2.812086150891E-02,4.519510360173E-02,
    5.619491756868E-02),.UNSPECIFIED.);
#583 = CARTESIAN_POINT('',(9.411195845016,20.437206090039,6.1));
#584 = CARTESIAN_POINT('',(9.41066612457,20.437450022739,6.0994207141));
#585 = CARTESIAN_POINT('',(9.410136394155,20.437693935068,6.098841427668
    ));
#586 = CARTESIAN_POINT('',(9.349197202732,20.465750279379,6.032204275392
    ));
#587 = CARTESIAN_POINT('',(9.287695854453,20.493770324522,5.965347344947
    ));
#588 = CARTESIAN_POINT('',(9.174924679394,20.544413797063,5.878120513882
    ));
#589 = CARTESIAN_POINT('',(9.12119674366,20.568385706162,5.84358479777)
  );
#590 = CARTESIAN_POINT('',(9.017786539237,20.613866332118,5.807842876179
    ));
#591 = CARTESIAN_POINT('',(8.975846866204,20.632166609022,5.8));
#592 = CARTESIAN_POINT('',(8.933528994652,20.650473595095,5.8));
#593 = ORIENTED_EDGE('',*,*,#594,.T.);
#594 = EDGE_CURVE('',#580,#595,#597,.T.);
#595 = VERTEX_POINT('',#596);
#596 = CARTESIAN_POINT('',(9.411195845016,20.437206090039,21.45));
#597 = LINE('',#598,#599);
#598 = CARTESIAN_POINT('',(9.411195845016,20.437206090039,18.75));
#599 = VECTOR('',#600,1.);
#600 = DIRECTION('',(0.,0.,1.));
#601 = ORIENTED_EDGE('',*,*,#602,.T.);
#602 = EDGE_CURVE('',#595,#603,#605,.T.);
#603 = VERTEX_POINT('',#604);
#604 = CARTESIAN_POINT('',(8.852426575173,20.68537028267,22.05));
#605 = B_SPLINE_CURVE_WITH_KNOTS('',3,(#606,#607,#608,#609,#610),
  .UNSPECIFIED.,.F.,.F.,(4,1,4),(-9.449075994511E-02,-4.724537997256E-02
    ,0.),.UNSPECIFIED.);
#606 = CARTESIAN_POINT('',(9.411195845016,20.437206090039,21.45));
#607 = CARTESIAN_POINT('',(9.411195845016,20.437206090039,
    21.607484599908));
#608 = CARTESIAN_POINT('',(9.289828180591,20.493692129837,
    21.920490532242));
#609 = CARTESIAN_POINT('',(8.999166541971,20.62257204585,22.05));
#610 = CARTESIAN_POINT('',(8.852426575173,20.68537028267,22.05));
#611 = ORIENTED_EDGE('',*,*,#612,.T.);
#612 = EDGE_CURVE('',#603,#613,#615,.T.);
#613 = VERTEX_POINT('',#614);
#614 = CARTESIAN_POINT('',(4.996792049591,21.938141881507,22.05));
#615 = CIRCLE('',#616,22.5);
#616 = AXIS2_PLACEMENT_3D('',#617,#618,#619);
#617 = CARTESIAN_POINT('',(4.440892098501E-15,-4.815648849472E-16,22.05)
  );
#618 = DIRECTION('',(0.,0.,1.));
#619 = DIRECTION('',(0.309016994375,0.951056516295,-0.));
#620 = ORIENTED_EDGE('',*,*,#621,.T.);
#621 = EDGE_CURVE('',#613,#622,#624,.T.);
#622 = VERTEX_POINT('',#623);
#623 = CARTESIAN_POINT('',(4.398870961778,22.065809168522,21.45));
#624 = B_SPLINE_CURVE_WITH_KNOTS('',3,(#625,#626,#627,#628,#629),
  .UNSPECIFIED.,.F.,.F.,(4,1,4),(-9.449077581674E-02,-4.724538790837E-02
    ,0.),.UNSPECIFIED.);
#625 = CARTESIAN_POINT('',(4.996792049591,21.938141881507,22.05));
#626 = CARTESIAN_POINT('',(4.841165019083,21.973588635063,22.05));
#627 = CARTESIAN_POINT('',(4.530272908855,22.04016682459,21.920501341439
    ));
#628 = CARTESIAN_POINT('',(4.398870961778,22.065809168522,
    21.607484626361));
#629 = CARTESIAN_POINT('',(4.398870961778,22.065809168522,21.45));
#630 = ORIENTED_EDGE('',*,*,#631,.T.);
#631 = EDGE_CURVE('',#622,#632,#634,.T.);
#632 = VERTEX_POINT('',#633);
#633 = CARTESIAN_POINT('',(4.398870961778,22.065809168522,6.1));
#634 = LINE('',#635,#636);
#635 = CARTESIAN_POINT('',(4.398870961778,22.065809168522,18.75));
#636 = VECTOR('',#637,1.);
#637 = DIRECTION('',(0.,0.,-1.));
#638 = ORIENTED_EDGE('',*,*,#639,.F.);
#639 = EDGE_CURVE('',#640,#632,#642,.T.);
#640 = VERTEX_POINT('',#641);
#641 = CARTESIAN_POINT('',(4.910667055636,21.957580674307,5.8));
#642 = B_SPLINE_CURVE_WITH_KNOTS('',3,(#643,#644,#645,#646,#647,#648,
    #649,#650,#651,#652),.UNSPECIFIED.,.F.,.F.,(4,2,2,2,4),(
    0.140828825084,0.152459110252,0.170511988707,0.200244640494,
    0.200505372451),.UNSPECIFIED.);
#643 = CARTESIAN_POINT('',(4.910667055636,21.957580674307,5.8));
#644 = CARTESIAN_POINT('',(4.865670601958,21.967643832265,5.8));
#645 = CARTESIAN_POINT('',(4.820984060859,21.977490118542,5.807842876179
    ));
#646 = CARTESIAN_POINT('',(4.710590606887,22.001478512326,5.843584797771
    ));
#647 = CARTESIAN_POINT('',(4.653033459167,22.013665318737,5.878120513882
    ));
#648 = CARTESIAN_POINT('',(4.532032175815,22.038979122374,5.965347344926
    ));
#649 = CARTESIAN_POINT('',(4.465806701368,22.052460028988,6.032204345422
    ));
#650 = CARTESIAN_POINT('',(4.400014827207,22.065581113138,6.09884142406)
  );
#651 = CARTESIAN_POINT('',(4.399442891101,22.065695153066,6.09942071771)
  );
#652 = CARTESIAN_POINT('',(4.398870961778,22.065809168522,6.1));
#653 = ORIENTED_EDGE('',*,*,#654,.F.);
#654 = EDGE_CURVE('',#655,#640,#657,.T.);
#655 = VERTEX_POINT('',#656);
#656 = CARTESIAN_POINT('',(5.966423864744,21.694510509947,5.8));
#657 = CIRCLE('',#658,22.5);
#658 = AXIS2_PLACEMENT_3D('',#659,#660,#661);
#659 = CARTESIAN_POINT('',(4.440892098501E-15,-4.815648849472E-16,5.8));
#660 = DIRECTION('',(0.,0.,1.));
#661 = DIRECTION('',(-1.,0.,0.));
#662 = ORIENTED_EDGE('',*,*,#663,.F.);
#663 = EDGE_CURVE('',#664,#655,#666,.T.);
#664 = VERTEX_POINT('',#665);
#665 = CARTESIAN_POINT('',(6.469164360488,21.54993996458,6.1));
#666 = B_SPLINE_CURVE_WITH_KNOTS('',3,(#667,#668,#669,#670,#671,#672,
    #673,#674,#675,#676),.UNSPECIFIED.,.F.,.F.,(4,2,2,2,4),(
    -2.465979247538E-04,0.,2.812083876195E-02,4.519506704852E-02,
    5.6194872121E-02),.UNSPECIFIED.);
#667 = CARTESIAN_POINT('',(6.469164360488,21.54993996458,6.1));
#668 = CARTESIAN_POINT('',(6.468605801291,21.550107640743,6.09942071686)
  );
#669 = CARTESIAN_POINT('',(6.468047227078,21.55027529774,6.098841424908)
  );
#670 = CARTESIAN_POINT('',(6.403790966475,21.569559200039,6.032204328811
    ));
#671 = CARTESIAN_POINT('',(6.338982998514,21.588728794063,5.965347344931
    ));
#672 = CARTESIAN_POINT('',(6.220251294062,21.623150903053,5.878120513882
    ));
#673 = CARTESIAN_POINT('',(6.163705364218,21.639395942982,5.84358479777)
  );
#674 = CARTESIAN_POINT('',(6.054963143324,21.670011088106,5.807842876179
    ));
#675 = CARTESIAN_POINT('',(6.010881223308,21.682283848047,5.8));
#676 = CARTESIAN_POINT('',(5.966423864743,21.694510509947,5.8));
#677 = ORIENTED_EDGE('',*,*,#678,.T.);
#678 = EDGE_CURVE('',#664,#679,#681,.T.);
#679 = VERTEX_POINT('',#680);
#680 = CARTESIAN_POINT('',(6.469164360488,21.54993996458,19.95));
#681 = LINE('',#682,#683);
#682 = CARTESIAN_POINT('',(6.469164360488,21.54993996458,18.75));
#683 = VECTOR('',#684,1.);
#684 = DIRECTION('',(0.,0.,1.));
#685 = ORIENTED_EDGE('',*,*,#686,.T.);
#686 = EDGE_CURVE('',#679,#546,#687,.T.);
#687 = CIRCLE('',#688,22.5);
#688 = AXIS2_PLACEMENT_3D('',#689,#690,#691);
#689 = CARTESIAN_POINT('',(4.440892098501E-15,-4.815648849472E-16,19.95)
  );
#690 = DIRECTION('',(0.,0.,-1.));
#691 = DIRECTION('',(0.309016994375,0.951056516295,0.));
#692 = FACE_BOUND('',#693,.F.);
#693 = EDGE_LOOP('',(#694,#704,#719,#728,#743,#751,#761,#770,#780,#788,
    #803,#812,#827,#835));
#694 = ORIENTED_EDGE('',*,*,#695,.T.);
#695 = EDGE_CURVE('',#696,#698,#700,.T.);
#696 = VERTEX_POINT('',#697);
#697 = CARTESIAN_POINT('',(-17.900400806,13.631788253354,19.95));
#698 = VERTEX_POINT('',#699);
#699 = CARTESIAN_POINT('',(-17.900400806,13.631788253354,6.1));
#700 = LINE('',#701,#702);
#701 = CARTESIAN_POINT('',(-17.900400806,13.631788253354,18.75));
#702 = VECTOR('',#703,1.);
#703 = DIRECTION('',(0.,0.,-1.));
#704 = ORIENTED_EDGE('',*,*,#705,.F.);
#705 = EDGE_CURVE('',#706,#698,#708,.T.);
#706 = VERTEX_POINT('',#707);
#707 = CARTESIAN_POINT('',(-17.57865163567,14.044251730571,5.8));
#708 = B_SPLINE_CURVE_WITH_KNOTS('',3,(#709,#710,#711,#712,#713,#714,
    #715,#716,#717,#718),.UNSPECIFIED.,.F.,.F.,(4,2,2,2,4),(
    0.140828929156,0.152459222918,0.170512114714,0.200244788478,
    0.200505521362),.UNSPECIFIED.);
#709 = CARTESIAN_POINT('',(-17.57865163567,14.044251730571,5.8));
#710 = CARTESIAN_POINT('',(-17.60743174272,14.008228773589,5.8));
#711 = CARTESIAN_POINT('',(-17.63588101786,13.972389199751,
    5.807842876179));
#712 = CARTESIAN_POINT('',(-17.70586019177,13.883703953316,
    5.843584797771));
#713 = CARTESIAN_POINT('',(-17.74205821508,13.837324576301,
    5.878120513882));
#714 = CARTESIAN_POINT('',(-17.81788137375,13.739687760283,
    5.965347344938));
#715 = CARTESIAN_POINT('',(-17.85904450325,13.686086082584,
    6.032204307056));
#716 = CARTESIAN_POINT('',(-17.89969413066,13.632716177226,
    6.098841426027));
#717 = CARTESIAN_POINT('',(-17.90004747901,13.632252219974,
    6.099420715741));
#718 = CARTESIAN_POINT('',(-17.900400806,13.631788253354,6.1));
#719 = ORIENTED_EDGE('',*,*,#720,.F.);
#720 = EDGE_CURVE('',#721,#706,#723,.T.);
#721 = VERTEX_POINT('',#722);
#722 = CARTESIAN_POINT('',(-16.8791551981,14.877638246652,5.8));
#723 = CIRCLE('',#724,22.5);
#724 = AXIS2_PLACEMENT_3D('',#725,#726,#727);
#725 = CARTESIAN_POINT('',(4.440892098501E-15,-4.815648849472E-16,5.8));
#726 = DIRECTION('',(0.,0.,1.));
#727 = DIRECTION('',(-1.,0.,0.));
#728 = ORIENTED_EDGE('',*,*,#729,.F.);
#729 = EDGE_CURVE('',#730,#721,#732,.T.);
#730 = VERTEX_POINT('',#731);
#731 = CARTESIAN_POINT('',(-16.52871857329,15.266023133898,6.1));
#732 = B_SPLINE_CURVE_WITH_KNOTS('',3,(#733,#734,#735,#736,#737,#738,
    #739,#740,#741,#742),.UNSPECIFIED.,.F.,.F.,(4,2,2,2,4),(
    -2.465983262923E-04,0.,2.812084656572E-02,4.519507958856E-02,
    5.619488771223E-02),.UNSPECIFIED.);
#733 = CARTESIAN_POINT('',(-16.52871857329,15.266023133898,6.1));
#734 = CARTESIAN_POINT('',(-16.52911425846,15.26559472051,6.099420715917
    ));
#735 = CARTESIAN_POINT('',(-16.52950993105,15.265166287313,
    6.098841425852));
#736 = CARTESIAN_POINT('',(-16.57502432068,15.215879586718,
    6.032204310485));
#737 = CARTESIAN_POINT('',(-16.62067795299,15.166046972828,
    5.965347344937));
#738 = CARTESIAN_POINT('',(-16.70369096711,15.074444905619,
    5.878120513882));
#739 = CARTESIAN_POINT('',(-16.74309245268,15.030754329531,
    5.843584797771));
#740 = CARTESIAN_POINT('',(-16.81830260892,14.946459667098,
    5.807842876179));
#741 = CARTESIAN_POINT('',(-16.84866727823,14.912227764334,5.8));
#742 = CARTESIAN_POINT('',(-16.8791551981,14.877638246651,5.8));
#743 = ORIENTED_EDGE('',*,*,#744,.T.);
#744 = EDGE_CURVE('',#730,#745,#747,.T.);
#745 = VERTEX_POINT('',#746);
#746 = CARTESIAN_POINT('',(-16.52871857329,15.266023133898,21.45));
#747 = LINE('',#748,#749);
#748 = CARTESIAN_POINT('',(-16.52871857329,15.266023133898,18.75));
#749 = VECTOR('',#750,1.);
#750 = DIRECTION('',(0.,0.,1.));
#751 = ORIENTED_EDGE('',*,*,#752,.T.);
#752 = EDGE_CURVE('',#745,#753,#755,.T.);
#753 = VERTEX_POINT('',#754);
#754 = CARTESIAN_POINT('',(-16.93740594612,14.811288931626,22.05));
#755 = B_SPLINE_CURVE_WITH_KNOTS('',3,(#756,#757,#758,#759,#760),
  .UNSPECIFIED.,.F.,.F.,(4,1,4),(-9.449076054367E-02,-4.724538027184E-02
    ,0.),.UNSPECIFIED.);
#756 = CARTESIAN_POINT('',(-16.52871857329,15.266023133898,21.45));
#757 = CARTESIAN_POINT('',(-16.52871857329,15.266023133898,
    21.607484600906));
#758 = CARTESIAN_POINT('',(-16.61994465421,15.168050779001,
    21.920490535775));
#759 = CARTESIAN_POINT('',(-16.83233612962,14.931441211618,22.05));
#760 = CARTESIAN_POINT('',(-16.93740594612,14.811288931626,22.05));
#761 = ORIENTED_EDGE('',*,*,#762,.T.);
#762 = EDGE_CURVE('',#753,#763,#765,.T.);
#763 = VERTEX_POINT('',#764);
#764 = CARTESIAN_POINT('',(-19.32031913113,11.53149030573,22.05));
#765 = CIRCLE('',#766,22.5);
#766 = AXIS2_PLACEMENT_3D('',#767,#768,#769);
#767 = CARTESIAN_POINT('',(4.440892098501E-15,-4.815648849472E-16,22.05)
  );
#768 = DIRECTION('',(0.,0.,1.));
#769 = DIRECTION('',(-0.809016994375,0.587785252292,0.));
#770 = ORIENTED_EDGE('',*,*,#771,.T.);
#771 = EDGE_CURVE('',#763,#772,#774,.T.);
#772 = VERTEX_POINT('',#773);
#773 = CARTESIAN_POINT('',(-19.62650571379,11.002284920248,21.45));
#774 = B_SPLINE_CURVE_WITH_KNOTS('',3,(#775,#776,#777,#778,#779),
  .UNSPECIFIED.,.F.,.F.,(4,1,4),(-9.449077488792E-02,-4.724538744396E-02
    ,-1.385323355014E-16),.UNSPECIFIED.);
#775 = CARTESIAN_POINT('',(-19.32031913113,11.53149030573,22.05));
#776 = CARTESIAN_POINT('',(-19.40212239349,11.394433854845,22.05));
#777 = CARTESIAN_POINT('',(-19.56151297956,11.119331646721,
    21.920501379132));
#778 = CARTESIAN_POINT('',(-19.62650571379,11.002284920248,
    21.607484624813));
#779 = CARTESIAN_POINT('',(-19.62650571379,11.002284920248,21.45));
#780 = ORIENTED_EDGE('',*,*,#781,.T.);
#781 = EDGE_CURVE('',#772,#782,#784,.T.);
#782 = VERTEX_POINT('',#783);
#783 = CARTESIAN_POINT('',(-19.62650571379,11.002284920248,6.1));
#784 = LINE('',#785,#786);
#785 = CARTESIAN_POINT('',(-19.62650571379,11.002284920248,18.75));
#786 = VECTOR('',#787,1.);
#787 = DIRECTION('',(0.,0.,-1.));
#788 = ORIENTED_EDGE('',*,*,#789,.F.);
#789 = EDGE_CURVE('',#790,#782,#792,.T.);
#790 = VERTEX_POINT('',#791);
#791 = CARTESIAN_POINT('',(-19.36542060846,11.455587486338,5.8));
#792 = B_SPLINE_CURVE_WITH_KNOTS('',3,(#793,#794,#795,#796,#797,#798,
    #799,#800,#801,#802),.UNSPECIFIED.,.F.,.F.,(4,2,2,2,4),(
    0.140828863244,0.152459151563,0.17051203491,0.200244694755,
    0.200505427045),.UNSPECIFIED.);
#793 = CARTESIAN_POINT('',(-19.36542060846,11.455587486338,5.8));
#794 = CARTESIAN_POINT('',(-19.38889590929,11.415903002683,5.8));
#795 = CARTESIAN_POINT('',(-19.41206918463,11.376446246372,
    5.807842876179));
#796 = CARTESIAN_POINT('',(-19.4689969562,11.278868653962,5.843584797771
    ));
#797 = CARTESIAN_POINT('',(-19.49837343464,11.227894483852,
    5.878120513882));
#798 = CARTESIAN_POINT('',(-19.55983974544,11.120637820351,5.96534734493
    ));
#799 = CARTESIAN_POINT('',(-19.59312563966,11.061819492942,
    6.032204331355));
#800 = CARTESIAN_POINT('',(-19.62593534672,11.00330232731,6.098841424764
    ));
#801 = CARTESIAN_POINT('',(-19.62622054242,11.002793625263,
    6.099420717004));
#802 = CARTESIAN_POINT('',(-19.62650571379,11.002284920248,6.1));
#803 = ORIENTED_EDGE('',*,*,#804,.F.);
#804 = EDGE_CURVE('',#805,#790,#807,.T.);
#805 = VERTEX_POINT('',#806);
#806 = CARTESIAN_POINT('',(-18.78897921846,12.378378727763,5.8));
#807 = CIRCLE('',#808,22.5);
#808 = AXIS2_PLACEMENT_3D('',#809,#810,#811);
#809 = CARTESIAN_POINT('',(4.440892098501E-15,-4.815648849472E-16,5.8));
#810 = DIRECTION('',(0.,0.,1.));
#811 = DIRECTION('',(-1.,0.,0.));
#812 = ORIENTED_EDGE('',*,*,#813,.F.);
#813 = EDGE_CURVE('',#814,#805,#816,.T.);
#814 = VERTEX_POINT('',#815);
#815 = CARTESIAN_POINT('',(-18.49612910228,12.811838596841,6.1));
#816 = B_SPLINE_CURVE_WITH_KNOTS('',3,(#817,#818,#819,#820,#821,#822,
    #823,#824,#825,#826),.UNSPECIFIED.,.F.,.F.,(4,2,2,2,4),(
    -2.465983682528E-04,0.,2.812084653403E-02,4.519507953754E-02,
    5.619488764872E-02),.UNSPECIFIED.);
#817 = CARTESIAN_POINT('',(-18.49612910228,12.811838596841,6.1));
#818 = CARTESIAN_POINT('',(-18.49646117667,12.811359189399,
    6.099420715818));
#819 = CARTESIAN_POINT('',(-18.49679323568,12.810879764341,
    6.098841425951));
#820 = CARTESIAN_POINT('',(-18.53498960421,12.755727466533,6.03220431056
    ));
#821 = CARTESIAN_POINT('',(-18.57324772452,12.700015171745,
    5.965347344937));
#822 = CARTESIAN_POINT('',(-18.64267521003,12.597731627189,
    5.878120513882));
#823 = CARTESIAN_POINT('',(-18.67559881439,12.548973245553,
    5.843584797771));
#824 = CARTESIAN_POINT('',(-18.73831874193,12.455013847904,
    5.807842876179));
#825 = CARTESIAN_POINT('',(-18.76361289267,12.416881942011,5.8));
#826 = CARTESIAN_POINT('',(-18.78897921846,12.378378727763,5.8));
#827 = ORIENTED_EDGE('',*,*,#828,.T.);
#828 = EDGE_CURVE('',#814,#829,#831,.T.);
#829 = VERTEX_POINT('',#830);
#830 = CARTESIAN_POINT('',(-18.49612910228,12.811838596841,19.95));
#831 = LINE('',#832,#833);
#832 = CARTESIAN_POINT('',(-18.49612910228,12.811838596841,18.75));
#833 = VECTOR('',#834,1.);
#834 = DIRECTION('',(0.,0.,1.));
#835 = ORIENTED_EDGE('',*,*,#836,.T.);
#836 = EDGE_CURVE('',#829,#696,#837,.T.);
#837 = CIRCLE('',#838,22.5);
#838 = AXIS2_PLACEMENT_3D('',#839,#840,#841);
#839 = CARTESIAN_POINT('',(4.440892098501E-15,-4.815648849472E-16,19.95)
  );
#840 = DIRECTION('',(0.,0.,-1.));
#841 = DIRECTION('',(-0.809016994375,0.587785252292,0.));
#842 = FACE_BOUND('',#843,.F.);
#843 = EDGE_LOOP('',(#844,#854,#869,#878,#893,#901,#911,#920,#930,#938,
    #953,#962,#977,#985));
#844 = ORIENTED_EDGE('',*,*,#845,.T.);
#845 = EDGE_CURVE('',#846,#848,#850,.T.);
#846 = VERTEX_POINT('',#847);
#847 = CARTESIAN_POINT('',(6.469164360488,-21.54993996458,19.95));
#848 = VERTEX_POINT('',#849);
#849 = CARTESIAN_POINT('',(6.469164360488,-21.54993996458,6.1));
#850 = LINE('',#851,#852);
#851 = CARTESIAN_POINT('',(6.469164360488,-21.54993996458,18.75));
#852 = VECTOR('',#853,1.);
#853 = DIRECTION('',(0.,0.,-1.));
#854 = ORIENTED_EDGE('',*,*,#855,.F.);
#855 = EDGE_CURVE('',#856,#848,#858,.T.);
#856 = VERTEX_POINT('',#857);
#857 = CARTESIAN_POINT('',(5.966423864744,-21.69451050994,5.8));
#858 = B_SPLINE_CURVE_WITH_KNOTS('',3,(#859,#860,#861,#862,#863,#864,
    #865,#866,#867,#868),.UNSPECIFIED.,.F.,.F.,(4,2,2,2,4),(
    0.140828891198,0.152459181826,0.170512068756,0.200244734504,
    0.200505467054),.UNSPECIFIED.);
#859 = CARTESIAN_POINT('',(5.966423864744,-21.69451050994,5.8));
#860 = CARTESIAN_POINT('',(6.010881223308,-21.68228384804,5.8));
#861 = CARTESIAN_POINT('',(6.054963143324,-21.6700110881,5.807842876179)
  );
#862 = CARTESIAN_POINT('',(6.163705364219,-21.63939594298,5.843584797771
    ));
#863 = CARTESIAN_POINT('',(6.220251294063,-21.62315090305,5.878120513882
    ));
#864 = CARTESIAN_POINT('',(6.338982998517,-21.58872879406,5.965347344933
    ));
#865 = CARTESIAN_POINT('',(6.403790958986,-21.56955920228,6.032204321049
    ));
#866 = CARTESIAN_POINT('',(6.468047227472,-21.55027529762,6.098841425317
    ));
#867 = CARTESIAN_POINT('',(6.468605800897,-21.55010764086,6.099420716452
    ));
#868 = CARTESIAN_POINT('',(6.469164360488,-21.54993996458,6.1));
#869 = ORIENTED_EDGE('',*,*,#870,.F.);
#870 = EDGE_CURVE('',#871,#856,#873,.T.);
#871 = VERTEX_POINT('',#872);
#872 = CARTESIAN_POINT('',(4.910667055636,-21.9575806743,5.8));
#873 = CIRCLE('',#874,22.5);
#874 = AXIS2_PLACEMENT_3D('',#875,#876,#877);
#875 = CARTESIAN_POINT('',(4.440892098501E-15,-4.815648849472E-16,5.8));
#876 = DIRECTION('',(0.,0.,1.));
#877 = DIRECTION('',(-1.,0.,0.));
#878 = ORIENTED_EDGE('',*,*,#879,.F.);
#879 = EDGE_CURVE('',#880,#871,#882,.T.);
#880 = VERTEX_POINT('',#881);
#881 = CARTESIAN_POINT('',(4.398870961778,-22.06580916852,6.1));
#882 = B_SPLINE_CURVE_WITH_KNOTS('',3,(#883,#884,#885,#886,#887,#888,
    #889,#890,#891,#892),.UNSPECIFIED.,.F.,.F.,(4,2,2,2,4),(
    -2.465976224948E-04,0.,2.812083282121E-02,4.519505750186E-02,
    5.619486025122E-02),.UNSPECIFIED.);
#883 = CARTESIAN_POINT('',(4.398870961778,-22.06580916852,6.1));
#884 = CARTESIAN_POINT('',(4.399442891238,-22.06569515303,6.09942071757)
  );
#885 = CARTESIAN_POINT('',(4.400014827069,-22.06558111316,6.098841424199
    ));
#886 = CARTESIAN_POINT('',(4.465806703994,-22.05246002846,6.032204342763
    ));
#887 = CARTESIAN_POINT('',(4.532032175814,-22.03897912237,5.965347344927
    ));
#888 = CARTESIAN_POINT('',(4.653033459167,-22.01366531873,5.878120513882
    ));
#889 = CARTESIAN_POINT('',(4.710590606887,-22.00147851232,5.843584797771
    ));
#890 = CARTESIAN_POINT('',(4.820984060859,-21.97749011854,5.807842876179
    ));
#891 = CARTESIAN_POINT('',(4.865670601958,-21.96764383226,5.8));
#892 = CARTESIAN_POINT('',(4.910667055637,-21.9575806743,5.8));
#893 = ORIENTED_EDGE('',*,*,#894,.T.);
#894 = EDGE_CURVE('',#880,#895,#897,.T.);
#895 = VERTEX_POINT('',#896);
#896 = CARTESIAN_POINT('',(4.398870961778,-22.06580916852,21.45));
#897 = LINE('',#898,#899);
#898 = CARTESIAN_POINT('',(4.398870961778,-22.06580916852,18.75));
#899 = VECTOR('',#900,1.);
#900 = DIRECTION('',(0.,0.,1.));
#901 = ORIENTED_EDGE('',*,*,#902,.T.);
#902 = EDGE_CURVE('',#895,#903,#905,.T.);
#903 = VERTEX_POINT('',#904);
#904 = CARTESIAN_POINT('',(4.996792049591,-21.9381418815,22.05));
#905 = B_SPLINE_CURVE_WITH_KNOTS('',3,(#906,#907,#908,#909,#910),
  .UNSPECIFIED.,.F.,.F.,(4,1,4),(-9.449075988535E-02,-4.724537994267E-02
    ,-3.423187659261E-18),.QUASI_UNIFORM_KNOTS.);
#906 = CARTESIAN_POINT('',(4.398870961778,-22.06580916852,21.45));
#907 = CARTESIAN_POINT('',(4.398870961778,-22.06580916852,
    21.607484599809));
#908 = CARTESIAN_POINT('',(4.530261171347,-22.04016920111,
    21.920490486674));
#909 = CARTESIAN_POINT('',(4.841165045323,-21.97358862908,22.05));
#910 = CARTESIAN_POINT('',(4.996792049591,-21.9381418815,22.05));
#911 = ORIENTED_EDGE('',*,*,#912,.T.);
#912 = EDGE_CURVE('',#903,#913,#915,.T.);
#913 = VERTEX_POINT('',#914);
#914 = CARTESIAN_POINT('',(8.852426575173,-20.68537028267,22.05));
#915 = CIRCLE('',#916,22.5);
#916 = AXIS2_PLACEMENT_3D('',#917,#918,#919);
#917 = CARTESIAN_POINT('',(4.440892098501E-15,-4.815648849472E-16,22.05)
  );
#918 = DIRECTION('',(0.,0.,1.));
#919 = DIRECTION('',(0.309016994375,-0.951056516295,0.));
#920 = ORIENTED_EDGE('',*,*,#921,.T.);
#921 = EDGE_CURVE('',#913,#922,#924,.T.);
#922 = VERTEX_POINT('',#923);
#923 = CARTESIAN_POINT('',(9.411195845016,-20.43720609003,21.45));
#924 = B_SPLINE_CURVE_WITH_KNOTS('',3,(#925,#926,#927,#928,#929),
  .UNSPECIFIED.,.F.,.F.,(4,1,4),(-9.449077573004E-02,-4.724538786502E-02
    ,0.),.UNSPECIFIED.);
#925 = CARTESIAN_POINT('',(8.852426575173,-20.68537028267,22.05));
#926 = CARTESIAN_POINT('',(8.999166566485,-20.62257203535,22.05));
#927 = CARTESIAN_POINT('',(9.28981728739,-20.49369710653,21.920501387976
    ));
#928 = CARTESIAN_POINT('',(9.411195845016,-20.43720609003,
    21.607484626217));
#929 = CARTESIAN_POINT('',(9.411195845016,-20.43720609003,21.45));
#930 = ORIENTED_EDGE('',*,*,#931,.T.);
#931 = EDGE_CURVE('',#922,#932,#934,.T.);
#932 = VERTEX_POINT('',#933);
#933 = CARTESIAN_POINT('',(9.411195845016,-20.43720609003,6.1));
#934 = LINE('',#935,#936);
#935 = CARTESIAN_POINT('',(9.411195845016,-20.43720609003,18.75));
#936 = VECTOR('',#937,1.);
#937 = DIRECTION('',(0.,0.,-1.));
#938 = ORIENTED_EDGE('',*,*,#939,.F.);
#939 = EDGE_CURVE('',#940,#932,#942,.T.);
#940 = VERTEX_POINT('',#941);
#941 = CARTESIAN_POINT('',(8.933528994653,-20.65047359509,5.8));
#942 = B_SPLINE_CURVE_WITH_KNOTS('',3,(#943,#944,#945,#946,#947,#948,
    #949,#950,#951,#952),.UNSPECIFIED.,.F.,.F.,(4,2,2,2,4),(
    0.140828748354,0.152459027185,0.170511895805,0.200244531389,
    0.200505262669),.UNSPECIFIED.);
#943 = CARTESIAN_POINT('',(8.933528994653,-20.65047359509,5.8));
#944 = CARTESIAN_POINT('',(8.975846866204,-20.63216660902,5.8));
#945 = CARTESIAN_POINT('',(9.017786539237,-20.61386633211,5.807842876179
    ));
#946 = CARTESIAN_POINT('',(9.121196743661,-20.56838570616,5.843584797771
    ));
#947 = CARTESIAN_POINT('',(9.174924679395,-20.54441379706,5.878120513882
    ));
#948 = CARTESIAN_POINT('',(9.287695854414,-20.49377032453,5.965347344917
    ));
#949 = CARTESIAN_POINT('',(9.349197292689,-20.46575023796,6.032204373709
    ));
#950 = CARTESIAN_POINT('',(9.410136389539,-20.43769393719,6.098841422623
    ));
#951 = CARTESIAN_POINT('',(9.410666129185,-20.43745002061,6.099420719147
    ));
#952 = CARTESIAN_POINT('',(9.411195845016,-20.43720609003,6.1));
#953 = ORIENTED_EDGE('',*,*,#954,.F.);
#954 = EDGE_CURVE('',#955,#940,#957,.T.);
#955 = VERTEX_POINT('',#956);
#956 = CARTESIAN_POINT('',(7.924775031229,-21.05820364381,5.8));
#957 = CIRCLE('',#958,22.5);
#958 = AXIS2_PLACEMENT_3D('',#959,#960,#961);
#959 = CARTESIAN_POINT('',(4.440892098501E-15,-4.815648849472E-16,5.8));
#960 = DIRECTION('',(0.,0.,1.));
#961 = DIRECTION('',(-1.,0.,0.));
#962 = ORIENTED_EDGE('',*,*,#963,.F.);
#963 = EDGE_CURVE('',#964,#955,#966,.T.);
#964 = VERTEX_POINT('',#965);
#965 = CARTESIAN_POINT('',(7.433072991929,-21.23674706485,6.1));
#966 = B_SPLINE_CURVE_WITH_KNOTS('',3,(#967,#968,#969,#970,#971,#972,
    #973,#974,#975,#976),.UNSPECIFIED.,.F.,.F.,(4,2,2,2,4),(
    -2.465995123535E-04,0.,2.812086990338E-02,4.519511709113E-02,
    5.619493434036E-02),.UNSPECIFIED.);
#967 = CARTESIAN_POINT('',(7.433072991929,-21.23674706485,6.1));
#968 = CARTESIAN_POINT('',(7.433623436931,-21.23655440362,6.099420713131
    ));
#969 = CARTESIAN_POINT('',(7.434173872184,-21.23636172177,6.098841428638
    ));
#970 = CARTESIAN_POINT('',(7.497493145458,-21.21419381852,6.032204255678
    ));
#971 = CARTESIAN_POINT('',(7.561191428011,-21.19160920241,5.965347344953
    ));
#972 = CARTESIAN_POINT('',(7.67748020273,-21.1496685287,5.878120513882)
  );
#973 = CARTESIAN_POINT('',(7.732775415829,-21.12957417844,5.843584797771
    ));
#974 = CARTESIAN_POINT('',(7.83874485134,-21.09042527739,5.807842876179)
  );
#975 = CARTESIAN_POINT('',(7.881621621076,-21.07444344627,5.8));
#976 = CARTESIAN_POINT('',(7.92477503123,-21.05820364381,5.8));
#977 = ORIENTED_EDGE('',*,*,#978,.T.);
#978 = EDGE_CURVE('',#964,#979,#981,.T.);
#979 = VERTEX_POINT('',#980);
#980 = CARTESIAN_POINT('',(7.433072991929,-21.23674706485,19.95));
#981 = LINE('',#982,#983);
#982 = CARTESIAN_POINT('',(7.433072991929,-21.23674706485,18.75));
#983 = VECTOR('',#984,1.);
#984 = DIRECTION('',(0.,0.,1.));
#985 = ORIENTED_EDGE('',*,*,#986,.T.);
#986 = EDGE_CURVE('',#979,#846,#987,.T.);
#987 = CIRCLE('',#988,22.5);
#988 = AXIS2_PLACEMENT_3D('',#989,#990,#991);
#989 = CARTESIAN_POINT('',(4.440892098501E-15,-4.815648849472E-16,19.95)
  );
#990 = DIRECTION('',(0.,0.,-1.));
#991 = DIRECTION('',(0.309016994375,-0.951056516295,0.));
#992 = CYLINDRICAL_SURFACE('',#993,22.5);
#993 = AXIS2_PLACEMENT_3D('',#994,#995,#996);
#994 = CARTESIAN_POINT('',(4.440892098501E-15,-4.815648849472E-16,18.75)
  );
#995 = DIRECTION('',(0.,0.,-1.));
#996 = DIRECTION('',(-1.,0.,0.));
#997 = ADVANCED_FACE('',(#998),#1025,.F.);
#998 = FACE_BOUND('',#999,.F.);
#999 = EDGE_LOOP('',(#1000,#1010,#1017,#1018));
#1000 = ORIENTED_EDGE('',*,*,#1001,.T.);
#1001 = EDGE_CURVE('',#1002,#1004,#1006,.T.);
#1002 = VERTEX_POINT('',#1003);
#1003 = CARTESIAN_POINT('',(-19.76,-2.419902075115E-15,28.45));
#1004 = VERTEX_POINT('',#1005);
#1005 = CARTESIAN_POINT('',(-19.76,-2.419902075115E-15,27.45));
#1006 = LINE('',#1007,#1008);
#1007 = CARTESIAN_POINT('',(-19.76,2.419902075115E-15,28.45));
#1008 = VECTOR('',#1009,1.);
#1009 = DIRECTION('',(0.,0.,-1.));
#1010 = ORIENTED_EDGE('',*,*,#1011,.F.);
#1011 = EDGE_CURVE('',#1004,#1004,#1012,.T.);
#1012 = CIRCLE('',#1013,19.76);
#1013 = AXIS2_PLACEMENT_3D('',#1014,#1015,#1016);
#1014 = CARTESIAN_POINT('',(0.,0.,27.45));
#1015 = DIRECTION('',(0.,0.,-1.));
#1016 = DIRECTION('',(1.,0.,0.));
#1017 = ORIENTED_EDGE('',*,*,#1001,.F.);
#1018 = ORIENTED_EDGE('',*,*,#1019,.T.);
#1019 = EDGE_CURVE('',#1002,#1002,#1020,.T.);
#1020 = CIRCLE('',#1021,19.76);
#1021 = AXIS2_PLACEMENT_3D('',#1022,#1023,#1024);
#1022 = CARTESIAN_POINT('',(0.,0.,28.45));
#1023 = DIRECTION('',(0.,0.,-1.));
#1024 = DIRECTION('',(1.,0.,0.));
#1025 = CYLINDRICAL_SURFACE('',#1026,19.76);
#1026 = AXIS2_PLACEMENT_3D('',#1027,#1028,#1029);
#1027 = CARTESIAN_POINT('',(0.,0.,28.45));
#1028 = DIRECTION('',(0.,0.,-1.));
#1029 = DIRECTION('',(1.,0.,0.));
#1030 = ADVANCED_FACE('',(#1031,#1034),#1045,.T.);
#1031 = FACE_BOUND('',#1032,.T.);
#1032 = EDGE_LOOP('',(#1033));
#1033 = ORIENTED_EDGE('',*,*,#1011,.F.);
#1034 = FACE_BOUND('',#1035,.T.);
#1035 = EDGE_LOOP('',(#1036));
#1036 = ORIENTED_EDGE('',*,*,#1037,.F.);
#1037 = EDGE_CURVE('',#1038,#1038,#1040,.T.);
#1038 = VERTEX_POINT('',#1039);
#1039 = CARTESIAN_POINT('',(17.,1.600334673603E-15,27.45));
#1040 = CIRCLE('',#1041,17.);
#1041 = AXIS2_PLACEMENT_3D('',#1042,#1043,#1044);
#1042 = CARTESIAN_POINT('',(4.440892098501E-15,-4.815648849472E-16,27.45
    ));
#1043 = DIRECTION('',(0.,0.,1.));
#1044 = DIRECTION('',(-1.,0.,0.));
#1045 = PLANE('',#1046);
#1046 = AXIS2_PLACEMENT_3D('',#1047,#1048,#1049);
#1047 = CARTESIAN_POINT('',(0.,0.,27.45));
#1048 = DIRECTION('',(0.,0.,1.));
#1049 = DIRECTION('',(1.,0.,-0.));
#1050 = ADVANCED_FACE('',(#1051),#1062,.F.);
#1051 = FACE_BOUND('',#1052,.F.);
#1052 = EDGE_LOOP('',(#1053,#1059,#1060,#1061));
#1053 = ORIENTED_EDGE('',*,*,#1054,.T.);
#1054 = EDGE_CURVE('',#186,#1038,#1055,.T.);
#1055 = LINE('',#1056,#1057);
#1056 = CARTESIAN_POINT('',(17.,1.600334673603E-15,26.45));
#1057 = VECTOR('',#1058,1.);
#1058 = DIRECTION('',(0.,0.,1.));
#1059 = ORIENTED_EDGE('',*,*,#1037,.F.);
#1060 = ORIENTED_EDGE('',*,*,#1054,.F.);
#1061 = ORIENTED_EDGE('',*,*,#185,.T.);
#1062 = CYLINDRICAL_SURFACE('',#1063,17.);
#1063 = AXIS2_PLACEMENT_3D('',#1064,#1065,#1066);
#1064 = CARTESIAN_POINT('',(4.440892098501E-15,-4.815648849472E-16,26.45
    ));
#1065 = DIRECTION('',(0.,0.,1.));
#1066 = DIRECTION('',(-1.,0.,0.));
#1067 = ADVANCED_FACE('',(#1068,#1071),#1074,.F.);
#1068 = FACE_BOUND('',#1069,.T.);
#1069 = EDGE_LOOP('',(#1070));
#1070 = ORIENTED_EDGE('',*,*,#114,.F.);
#1071 = FACE_BOUND('',#1072,.T.);
#1072 = EDGE_LOOP('',(#1073));
#1073 = ORIENTED_EDGE('',*,*,#1019,.T.);
#1074 = PLANE('',#1075);
#1075 = AXIS2_PLACEMENT_3D('',#1076,#1077,#1078);
#1076 = CARTESIAN_POINT('',(0.,0.,28.45));
#1077 = DIRECTION('',(0.,0.,-1.));
#1078 = DIRECTION('',(-1.,0.,0.));
#1079 = ADVANCED_FACE('',(#1080),#1118,.F.);
#1080 = FACE_BOUND('',#1081,.F.);
#1081 = EDGE_LOOP('',(#1082,#1093,#1102,#1111));
#1082 = ORIENTED_EDGE('',*,*,#1083,.F.);
#1083 = EDGE_CURVE('',#1084,#1086,#1088,.T.);
#1084 = VERTEX_POINT('',#1085);
#1085 = CARTESIAN_POINT('',(7.267160211206,-19.97537412556,
    9.477531480394));
#1086 = VERTEX_POINT('',#1087);
#1087 = CARTESIAN_POINT('',(7.257696565753,-19.94624801975,
    9.485737424413));
#1088 = CIRCLE('',#1089,6.125E-02);
#1089 = AXIS2_PLACEMENT_3D('',#1090,#1091,#1092);
#1090 = CARTESIAN_POINT('',(7.267160211206,-19.97537412556,
    9.538781480394));
#1091 = DIRECTION('',(0.951056516295,0.309016994375,0.));
#1092 = DIRECTION('',(-0.218508012224,0.672498511964,-0.707106781187));
#1093 = ORIENTED_EDGE('',*,*,#1094,.F.);
#1094 = EDGE_CURVE('',#1095,#1084,#1097,.T.);
#1095 = VERTEX_POINT('',#1096);
#1096 = CARTESIAN_POINT('',(7.325412422829,-19.95644683465,
    9.416281480394));
#1097 = CIRCLE('',#1098,6.125E-02);
#1098 = AXIS2_PLACEMENT_3D('',#1099,#1100,#1101);
#1099 = CARTESIAN_POINT('',(7.267160211206,-19.97537412556,
    9.416281480394));
#1100 = DIRECTION('',(0.309016994375,-0.951056516295,0.));
#1101 = DIRECTION('',(0.951056516295,0.309016994375,0.));
#1102 = ORIENTED_EDGE('',*,*,#1103,.F.);
#1103 = EDGE_CURVE('',#1104,#1095,#1106,.T.);
#1104 = VERTEX_POINT('',#1105);
#1105 = CARTESIAN_POINT('',(7.306485131923,-19.89819462303,
    9.432693368431));
#1106 = CIRCLE('',#1107,0.1225);
#1107 = AXIS2_PLACEMENT_3D('',#1108,#1109,#1110);
#1108 = CARTESIAN_POINT('',(7.325412422829,-19.95644683465,
    9.538781480394));
#1109 = DIRECTION('',(-0.951056516295,-0.309016994375,0.));
#1110 = DIRECTION('',(-0.218508012224,0.672498511964,-0.707106781187));
#1111 = ORIENTED_EDGE('',*,*,#1112,.F.);
#1112 = EDGE_CURVE('',#1086,#1104,#1113,.T.);
#1113 = CIRCLE('',#1114,6.125E-02);
#1114 = AXIS2_PLACEMENT_3D('',#1115,#1116,#1117);
#1115 = CARTESIAN_POINT('',(7.2482329203,-19.91712191393,9.432693368431)
  );
#1116 = DIRECTION('',(-0.26761656733,0.823639103546,0.5));
#1117 = DIRECTION('',(0.154508497187,-0.475528258148,0.866025403784));
#1118 = TOROIDAL_SURFACE('',#1119,0.1225,6.125E-02);
#1119 = AXIS2_PLACEMENT_3D('',#1120,#1121,#1122);
#1120 = CARTESIAN_POINT('',(7.267160211206,-19.97537412556,
    9.538781480394));
#1121 = DIRECTION('',(0.951056516295,0.309016994375,0.));
#1122 = DIRECTION('',(0.,0.,-1.));
#1123 = ADVANCED_FACE('',(#1124),#1150,.F.);
#1124 = FACE_BOUND('',#1125,.F.);
#1125 = EDGE_LOOP('',(#1126,#1134,#1135,#1143));
#1126 = ORIENTED_EDGE('',*,*,#1127,.F.);
#1127 = EDGE_CURVE('',#1095,#1128,#1130,.T.);
#1128 = VERTEX_POINT('',#1129);
#1129 = CARTESIAN_POINT('',(7.442066338205,-20.31547066955,
    9.416281480394));
#1130 = LINE('',#1131,#1132);
#1131 = CARTESIAN_POINT('',(7.507908210087,-20.5181111147,9.416281480394
    ));
#1132 = VECTOR('',#1133,1.);
#1133 = DIRECTION('',(0.309016994375,-0.951056516295,0.));
#1134 = ORIENTED_EDGE('',*,*,#1094,.T.);
#1135 = ORIENTED_EDGE('',*,*,#1136,.F.);
#1136 = EDGE_CURVE('',#1137,#1084,#1139,.T.);
#1137 = VERTEX_POINT('',#1138);
#1138 = CARTESIAN_POINT('',(7.383814126582,-20.33439796046,
    9.477531480394));
#1139 = LINE('',#1140,#1141);
#1140 = CARTESIAN_POINT('',(7.449655998464,-20.53703840561,
    9.477531480394));
#1141 = VECTOR('',#1142,1.);
#1142 = DIRECTION('',(-0.309016994375,0.951056516295,0.));
#1143 = ORIENTED_EDGE('',*,*,#1144,.F.);
#1144 = EDGE_CURVE('',#1128,#1137,#1145,.T.);
#1145 = CIRCLE('',#1146,6.125E-02);
#1146 = AXIS2_PLACEMENT_3D('',#1147,#1148,#1149);
#1147 = CARTESIAN_POINT('',(7.383814126582,-20.33439796046,
    9.416281480394));
#1148 = DIRECTION('',(0.309016994375,-0.951056516295,-5.601269912743E-15
    ));
#1149 = DIRECTION('',(0.951056516295,0.309016994375,0.));
#1150 = CYLINDRICAL_SURFACE('',#1151,6.125E-02);
#1151 = AXIS2_PLACEMENT_3D('',#1152,#1153,#1154);
#1152 = CARTESIAN_POINT('',(7.449655998464,-20.53703840561,
    9.416281480394));
#1153 = DIRECTION('',(-0.309016994375,0.951056516295,0.));
#1154 = DIRECTION('',(0.672498511964,0.218508012224,0.707106781187));
#1155 = ADVANCED_FACE('',(#1156),#1184,.F.);
#1156 = FACE_BOUND('',#1157,.F.);
#1157 = EDGE_LOOP('',(#1158,#1167,#1176,#1183));
#1158 = ORIENTED_EDGE('',*,*,#1159,.F.);
#1159 = EDGE_CURVE('',#1160,#1137,#1162,.T.);
#1160 = VERTEX_POINT('',#1161);
#1161 = CARTESIAN_POINT('',(7.402741417488,-20.39265017208,
    9.538781480394));
#1162 = CIRCLE('',#1163,6.125E-02);
#1163 = AXIS2_PLACEMENT_3D('',#1164,#1165,#1166);
#1164 = CARTESIAN_POINT('',(7.383814126582,-20.33439796046,
    9.538781480394));
#1165 = DIRECTION('',(0.951056516295,0.309016994375,0.));
#1166 = DIRECTION('',(0.309016994375,-0.951056516295,0.));
#1167 = ORIENTED_EDGE('',*,*,#1168,.F.);
#1168 = EDGE_CURVE('',#1169,#1160,#1171,.T.);
#1169 = VERTEX_POINT('',#1170);
#1170 = CARTESIAN_POINT('',(7.479920920016,-20.4319750928,9.538781480394
    ));
#1171 = CIRCLE('',#1172,6.125E-02);
#1172 = AXIS2_PLACEMENT_3D('',#1173,#1174,#1175);
#1173 = CARTESIAN_POINT('',(7.421668708393,-20.45090238371,
    9.538781480394));
#1174 = DIRECTION('',(0.,0.,1.));
#1175 = DIRECTION('',(0.45399049974,0.891006524188,-0.));
#1176 = ORIENTED_EDGE('',*,*,#1177,.F.);
#1177 = EDGE_CURVE('',#1128,#1169,#1178,.T.);
#1178 = CIRCLE('',#1179,0.1225);
#1179 = AXIS2_PLACEMENT_3D('',#1180,#1181,#1182);
#1180 = CARTESIAN_POINT('',(7.442066338205,-20.31547066955,
    9.538781480394));
#1181 = DIRECTION('',(-0.951056516295,-0.309016994375,0.));
#1182 = DIRECTION('',(0.269818698219,-0.83041656553,-0.487448661691));
#1183 = ORIENTED_EDGE('',*,*,#1144,.T.);
#1184 = TOROIDAL_SURFACE('',#1185,0.1225,6.125E-02);
#1185 = AXIS2_PLACEMENT_3D('',#1186,#1187,#1188);
#1186 = CARTESIAN_POINT('',(7.383814126582,-20.33439796046,
    9.538781480394));
#1187 = DIRECTION('',(-0.951056516295,-0.309016994375,0.));
#1188 = DIRECTION('',(0.,0.,1.));
#1189 = ADVANCED_FACE('',(#1190),#1226,.F.);
#1190 = FACE_BOUND('',#1191,.F.);
#1191 = EDGE_LOOP('',(#1192,#1202,#1211,#1219));
#1192 = ORIENTED_EDGE('',*,*,#1193,.F.);
#1193 = EDGE_CURVE('',#1194,#1196,#1198,.T.);
#1194 = VERTEX_POINT('',#1195);
#1195 = CARTESIAN_POINT('',(7.294897911803,-19.84847685846,
    9.916281480394));
#1196 = VERTEX_POINT('',#1197);
#1197 = CARTESIAN_POINT('',(7.294897911803,-19.84847685846,
    9.538781480394));
#1198 = LINE('',#1199,#1200);
#1199 = CARTESIAN_POINT('',(7.294897911803,-19.84847685846,20.25));
#1200 = VECTOR('',#1201,1.);
#1201 = DIRECTION('',(0.,0.,-1.));
#1202 = ORIENTED_EDGE('',*,*,#1203,.F.);
#1203 = EDGE_CURVE('',#1204,#1194,#1206,.T.);
#1204 = VERTEX_POINT('',#1205);
#1205 = CARTESIAN_POINT('',(7.253207266978,-19.91550565072,
    9.916281480394));
#1206 = CIRCLE('',#1207,6.125E-02);
#1207 = AXIS2_PLACEMENT_3D('',#1208,#1209,#1210);
#1208 = CARTESIAN_POINT('',(7.234279976072,-19.8572534391,9.916281480394
    ));
#1209 = DIRECTION('',(0.,0.,1.));
#1210 = DIRECTION('',(0.309016994375,-0.951056516295,0.));
#1211 = ORIENTED_EDGE('',*,*,#1212,.F.);
#1212 = EDGE_CURVE('',#1213,#1204,#1215,.T.);
#1213 = VERTEX_POINT('',#1214);
#1214 = CARTESIAN_POINT('',(7.253207266978,-19.91550565072,
    9.538781480394));
#1215 = LINE('',#1216,#1217);
#1216 = CARTESIAN_POINT('',(7.253207266978,-19.91550565072,20.25));
#1217 = VECTOR('',#1218,1.);
#1218 = DIRECTION('',(0.,0.,1.));
#1219 = ORIENTED_EDGE('',*,*,#1220,.F.);
#1220 = EDGE_CURVE('',#1196,#1213,#1221,.T.);
#1221 = CIRCLE('',#1222,6.125E-02);
#1222 = AXIS2_PLACEMENT_3D('',#1223,#1224,#1225);
#1223 = CARTESIAN_POINT('',(7.234279976072,-19.8572534391,9.538781480394
    ));
#1224 = DIRECTION('',(2.635465060683E-15,-1.820258460934E-14,-1.));
#1225 = DIRECTION('',(0.989680583362,0.14329111248,-5.522026336547E-30)
  );
#1226 = CYLINDRICAL_SURFACE('',#1227,6.125E-02);
#1227 = AXIS2_PLACEMENT_3D('',#1228,#1229,#1230);
#1228 = CARTESIAN_POINT('',(7.234279976072,-19.8572534391,20.25));
#1229 = DIRECTION('',(0.,0.,1.));
#1230 = DIRECTION('',(0.849148416213,-0.528154302494,0.));
#1231 = ADVANCED_FACE('',(#1232),#1252,.T.);
#1232 = FACE_BOUND('',#1233,.T.);
#1233 = EDGE_LOOP('',(#1234,#1235,#1243,#1244));
#1234 = ORIENTED_EDGE('',*,*,#1220,.F.);
#1235 = ORIENTED_EDGE('',*,*,#1236,.T.);
#1236 = EDGE_CURVE('',#1196,#1104,#1237,.T.);
#1237 = B_SPLINE_CURVE_WITH_KNOTS('',3,(#1238,#1239,#1240,#1241,#1242),
  .UNSPECIFIED.,.F.,.F.,(4,1,4),(-1.284078553485E-02,-5.503193800648E-03
    ,0.),.UNSPECIFIED.);
#1238 = CARTESIAN_POINT('',(7.294897911803,-19.84847685846,
    9.538781480394));
#1239 = CARTESIAN_POINT('',(7.294897911803,-19.84847685846,9.51432284128
    ));
#1240 = CARTESIAN_POINT('',(7.296199032345,-19.85959506011,
    9.471684995347));
#1241 = CARTESIAN_POINT('',(7.302408326846,-19.88564750716,
    9.441865358099));
#1242 = CARTESIAN_POINT('',(7.306485131923,-19.89819462303,
    9.432693368431));
#1243 = ORIENTED_EDGE('',*,*,#1112,.F.);
#1244 = ORIENTED_EDGE('',*,*,#1245,.T.);
#1245 = EDGE_CURVE('',#1086,#1213,#1246,.T.);
#1246 = B_SPLINE_CURVE_WITH_KNOTS('',3,(#1247,#1248,#1249,#1250,#1251),
  .UNSPECIFIED.,.F.,.F.,(4,1,4),(0.,5.503193800648E-03,
    1.284078553485E-02),.UNSPECIFIED.);
#1247 = CARTESIAN_POINT('',(7.257696565753,-19.94624801975,
    9.485737424413));
#1248 = CARTESIAN_POINT('',(7.255241989362,-19.9386936104,9.490323419247
    ));
#1249 = CARTESIAN_POINT('',(7.252731884645,-19.92260873228,
    9.505233237871));
#1250 = CARTESIAN_POINT('',(7.253207266978,-19.91550565072,
    9.526552160837));
#1251 = CARTESIAN_POINT('',(7.253207266978,-19.91550565072,
    9.538781480394));
#1252 = B_SPLINE_SURFACE_WITH_KNOTS('',3,3,(
    (#1253,#1254,#1255,#1256,#1257)
    ,(#1258,#1259,#1260,#1261,#1262)
    ,(#1263,#1264,#1265,#1266,#1267)
    ,(#1268,#1269,#1270,#1271,#1272)
    ,(#1273,#1274,#1275,#1276,#1277
  )),.UNSPECIFIED.,.F.,.F.,.F.,(4,1,4),(4,1,4),(0.,0.571428571429,1.),(
    0.,5.503193800648E-03,1.284078553485E-02),.UNSPECIFIED.);
#1253 = CARTESIAN_POINT('',(7.306485131923,-19.89819462303,
    9.432693368431));
#1254 = CARTESIAN_POINT('',(7.302408326846,-19.88564750716,
    9.441865358099));
#1255 = CARTESIAN_POINT('',(7.296199032345,-19.85959506011,
    9.471684995347));
#1256 = CARTESIAN_POINT('',(7.294897911803,-19.84847685846,9.51432284128
    ));
#1257 = CARTESIAN_POINT('',(7.294897911803,-19.84847685846,
    9.538781480394));
#1258 = CARTESIAN_POINT('',(7.309316648021,-19.90690913351,
    9.448564112868));
#1259 = CARTESIAN_POINT('',(7.305544654097,-19.89664396696,
    9.456131056975));
#1260 = CARTESIAN_POINT('',(7.299065114281,-19.87468521751,
    9.480840933279));
#1261 = CARTESIAN_POINT('',(7.297239040634,-19.86464652668,
    9.517641960515));
#1262 = CARTESIAN_POINT('',(7.297239040634,-19.86464652668,
    9.538781480394));
#1263 = CARTESIAN_POINT('',(7.299589627181,-19.92674958569,
    9.476040633504));
#1264 = CARTESIAN_POINT('',(7.296593627004,-19.91960100196,
    9.480879152213));
#1265 = CARTESIAN_POINT('',(7.291104449692,-19.90307819166,
    9.496810238993));
#1266 = CARTESIAN_POINT('',(7.289360408365,-19.894481835,9.52338247611)
  );
#1267 = CARTESIAN_POINT('',(7.289360408365,-19.894481835,9.538781480394)
  );
#1268 = CARTESIAN_POINT('',(7.270768331474,-19.9420007456,9.485737424413
    ));
#1269 = CARTESIAN_POINT('',(7.268273617328,-19.93494001462,
    9.490055495106));
#1270 = CARTESIAN_POINT('',(7.265047149451,-19.91925711196,
    9.504191245043));
#1271 = CARTESIAN_POINT('',(7.264861230324,-19.91171904849,9.52613746146
    ));
#1272 = CARTESIAN_POINT('',(7.264861230324,-19.91171904849,
    9.538781480394));
#1273 = CARTESIAN_POINT('',(7.257696565753,-19.94624801975,
    9.485737424413));
#1274 = CARTESIAN_POINT('',(7.255241989362,-19.9386936104,9.490323419247
    ));
#1275 = CARTESIAN_POINT('',(7.252731884645,-19.92260873228,
    9.505233237871));
#1276 = CARTESIAN_POINT('',(7.253207266978,-19.91550565072,
    9.526552160837));
#1277 = CARTESIAN_POINT('',(7.253207266978,-19.91550565072,
    9.538781480394));
#1278 = ADVANCED_FACE('',(#1279),#1317,.F.);
#1279 = FACE_BOUND('',#1280,.F.);
#1280 = EDGE_LOOP('',(#1281,#1292,#1301,#1310));
#1281 = ORIENTED_EDGE('',*,*,#1282,.F.);
#1282 = EDGE_CURVE('',#1283,#1285,#1287,.T.);
#1283 = VERTEX_POINT('',#1284);
#1284 = CARTESIAN_POINT('',(7.325412422829,-19.95644683465,
    10.038781480394));
#1285 = VERTEX_POINT('',#1286);
#1286 = CARTESIAN_POINT('',(7.306485131923,-19.89819462303,
    10.022369592358));
#1287 = CIRCLE('',#1288,0.1225);
#1288 = AXIS2_PLACEMENT_3D('',#1289,#1290,#1291);
#1289 = CARTESIAN_POINT('',(7.325412422829,-19.95644683465,
    9.916281480394));
#1290 = DIRECTION('',(-0.951056516295,-0.309016994375,0.));
#1291 = DIRECTION('',(-0.218508012224,0.672498511964,0.707106781187));
#1292 = ORIENTED_EDGE('',*,*,#1293,.F.);
#1293 = EDGE_CURVE('',#1294,#1283,#1296,.T.);
#1294 = VERTEX_POINT('',#1295);
#1295 = CARTESIAN_POINT('',(7.267160211206,-19.97537412556,
    9.977531480394));
#1296 = CIRCLE('',#1297,6.125E-02);
#1297 = AXIS2_PLACEMENT_3D('',#1298,#1299,#1300);
#1298 = CARTESIAN_POINT('',(7.267160211206,-19.97537412556,
    10.038781480394));
#1299 = DIRECTION('',(0.309016994375,-0.951056516295,5.601269912743E-15)
  );
#1300 = DIRECTION('',(1.812609019796E-14,1.735493991486E-29,-1.));
#1301 = ORIENTED_EDGE('',*,*,#1302,.F.);
#1302 = EDGE_CURVE('',#1303,#1294,#1305,.T.);
#1303 = VERTEX_POINT('',#1304);
#1304 = CARTESIAN_POINT('',(7.257696565753,-19.94624801975,
    9.969325536376));
#1305 = CIRCLE('',#1306,6.125E-02);
#1306 = AXIS2_PLACEMENT_3D('',#1307,#1308,#1309);
#1307 = CARTESIAN_POINT('',(7.267160211206,-19.97537412556,
    9.916281480394));
#1308 = DIRECTION('',(0.951056516295,0.309016994375,0.));
#1309 = DIRECTION('',(-0.218508012224,0.672498511964,0.707106781187));
#1310 = ORIENTED_EDGE('',*,*,#1311,.F.);
#1311 = EDGE_CURVE('',#1285,#1303,#1312,.T.);
#1312 = CIRCLE('',#1313,6.125E-02);
#1313 = AXIS2_PLACEMENT_3D('',#1314,#1315,#1316);
#1314 = CARTESIAN_POINT('',(7.2482329203,-19.91712191393,10.022369592358
    ));
#1315 = DIRECTION('',(-0.26761656733,0.823639103546,-0.5));
#1316 = DIRECTION('',(0.951056516295,0.309016994375,2.498001805407E-16)
  );
#1317 = TOROIDAL_SURFACE('',#1318,0.1225,6.125E-02);
#1318 = AXIS2_PLACEMENT_3D('',#1319,#1320,#1321);
#1319 = CARTESIAN_POINT('',(7.267160211206,-19.97537412556,
    9.916281480394));
#1320 = DIRECTION('',(0.951056516295,0.309016994375,0.));
#1321 = DIRECTION('',(0.,0.,-1.));
#1322 = ADVANCED_FACE('',(#1323),#1349,.F.);
#1323 = FACE_BOUND('',#1324,.F.);
#1324 = EDGE_LOOP('',(#1325,#1333,#1334,#1342));
#1325 = ORIENTED_EDGE('',*,*,#1326,.F.);
#1326 = EDGE_CURVE('',#1294,#1327,#1329,.T.);
#1327 = VERTEX_POINT('',#1328);
#1328 = CARTESIAN_POINT('',(7.383814126582,-20.33439796046,
    9.977531480394));
#1329 = LINE('',#1330,#1331);
#1330 = CARTESIAN_POINT('',(7.526910247058,-20.77480253468,
    9.977531480394));
#1331 = VECTOR('',#1332,1.);
#1332 = DIRECTION('',(0.309016994375,-0.951056516295,0.));
#1333 = ORIENTED_EDGE('',*,*,#1293,.T.);
#1334 = ORIENTED_EDGE('',*,*,#1335,.F.);
#1335 = EDGE_CURVE('',#1336,#1283,#1338,.T.);
#1336 = VERTEX_POINT('',#1337);
#1337 = CARTESIAN_POINT('',(7.442066338205,-20.31547066955,
    10.038781480394));
#1338 = LINE('',#1339,#1340);
#1339 = CARTESIAN_POINT('',(7.585162458681,-20.75587524377,
    10.038781480394));
#1340 = VECTOR('',#1341,1.);
#1341 = DIRECTION('',(-0.309016994375,0.951056516295,0.));
#1342 = ORIENTED_EDGE('',*,*,#1343,.F.);
#1343 = EDGE_CURVE('',#1327,#1336,#1344,.T.);
#1344 = CIRCLE('',#1345,6.125E-02);
#1345 = AXIS2_PLACEMENT_3D('',#1346,#1347,#1348);
#1346 = CARTESIAN_POINT('',(7.383814126582,-20.33439796046,
    10.038781480394));
#1347 = DIRECTION('',(0.309016994375,-0.951056516295,5.601269912743E-15)
  );
#1348 = DIRECTION('',(1.812609019796E-14,-3.944304526105E-30,-1.));
#1349 = CYLINDRICAL_SURFACE('',#1350,6.125E-02);
#1350 = AXIS2_PLACEMENT_3D('',#1351,#1352,#1353);
#1351 = CARTESIAN_POINT('',(7.526910247058,-20.77480253468,
    10.038781480394));
#1352 = DIRECTION('',(0.309016994375,-0.951056516295,0.));
#1353 = DIRECTION('',(0.672498511964,0.218508012224,-0.707106781187));
#1354 = ADVANCED_FACE('',(#1355),#1383,.F.);
#1355 = FACE_BOUND('',#1356,.F.);
#1356 = EDGE_LOOP('',(#1357,#1366,#1375,#1382));
#1357 = ORIENTED_EDGE('',*,*,#1358,.F.);
#1358 = EDGE_CURVE('',#1359,#1336,#1361,.T.);
#1359 = VERTEX_POINT('',#1360);
#1360 = CARTESIAN_POINT('',(7.479920920016,-20.4319750928,9.916281480394
    ));
#1361 = CIRCLE('',#1362,0.1225);
#1362 = AXIS2_PLACEMENT_3D('',#1363,#1364,#1365);
#1363 = CARTESIAN_POINT('',(7.442066338205,-20.31547066955,
    9.916281480394));
#1364 = DIRECTION('',(-0.951056516295,-0.309016994375,0.));
#1365 = DIRECTION('',(0.269818698219,-0.83041656553,0.487448661691));
#1366 = ORIENTED_EDGE('',*,*,#1367,.F.);
#1367 = EDGE_CURVE('',#1368,#1359,#1370,.T.);
#1368 = VERTEX_POINT('',#1369);
#1369 = CARTESIAN_POINT('',(7.402741417488,-20.39265017208,
    9.916281480394));
#1370 = CIRCLE('',#1371,6.125E-02);
#1371 = AXIS2_PLACEMENT_3D('',#1372,#1373,#1374);
#1372 = CARTESIAN_POINT('',(7.421668708393,-20.45090238371,
    9.916281480394));
#1373 = DIRECTION('',(0.,0.,-1.));
#1374 = DIRECTION('',(0.45399049974,0.891006524188,0.));
#1375 = ORIENTED_EDGE('',*,*,#1376,.T.);
#1376 = EDGE_CURVE('',#1368,#1327,#1377,.T.);
#1377 = CIRCLE('',#1378,6.125E-02);
#1378 = AXIS2_PLACEMENT_3D('',#1379,#1380,#1381);
#1379 = CARTESIAN_POINT('',(7.383814126582,-20.33439796046,
    9.916281480394));
#1380 = DIRECTION('',(-0.951056516295,-0.309016994375,0.));
#1381 = DIRECTION('',(0.309016994375,-0.951056516295,0.));
#1382 = ORIENTED_EDGE('',*,*,#1343,.T.);
#1383 = TOROIDAL_SURFACE('',#1384,0.1225,6.125E-02);
#1384 = AXIS2_PLACEMENT_3D('',#1385,#1386,#1387);
#1385 = CARTESIAN_POINT('',(7.383814126582,-20.33439796046,
    9.916281480394));
#1386 = DIRECTION('',(-0.951056516295,-0.309016994375,0.));
#1387 = DIRECTION('',(0.,0.,1.));
#1388 = ADVANCED_FACE('',(#1389),#1409,.T.);
#1389 = FACE_BOUND('',#1390,.T.);
#1390 = EDGE_LOOP('',(#1391,#1392,#1400,#1401));
#1391 = ORIENTED_EDGE('',*,*,#1311,.F.);
#1392 = ORIENTED_EDGE('',*,*,#1393,.T.);
#1393 = EDGE_CURVE('',#1285,#1194,#1394,.T.);
#1394 = B_SPLINE_CURVE_WITH_KNOTS('',3,(#1395,#1396,#1397,#1398,#1399),
  .UNSPECIFIED.,.F.,.F.,(4,1,4),(-1.284076086463E-02,-5.503183227698E-03
    ,0.),.UNSPECIFIED.);
#1395 = CARTESIAN_POINT('',(7.306485131923,-19.89819462303,
    10.022369592358));
#1396 = CARTESIAN_POINT('',(7.301049402263,-19.88146516734,
    10.010140296297));
#1397 = CARTESIAN_POINT('',(7.295911498718,-19.85667214167,
    9.977395607536));
#1398 = CARTESIAN_POINT('',(7.294897911803,-19.84847685846,
    9.934625424487));
#1399 = CARTESIAN_POINT('',(7.294897911803,-19.84847685846,
    9.916281480394));
#1400 = ORIENTED_EDGE('',*,*,#1203,.F.);
#1401 = ORIENTED_EDGE('',*,*,#1402,.T.);
#1402 = EDGE_CURVE('',#1204,#1303,#1403,.T.);
#1403 = B_SPLINE_CURVE_WITH_KNOTS('',3,(#1404,#1405,#1406,#1407,#1408),
  .UNSPECIFIED.,.F.,.F.,(4,1,4),(0.,5.503183227698E-03,
    1.284076086463E-02),.UNSPECIFIED.);
#1404 = CARTESIAN_POINT('',(7.253207266978,-19.91550565072,
    9.916281480394));
#1405 = CARTESIAN_POINT('',(7.253207266978,-19.91550565072,
    9.925453452441));
#1406 = CARTESIAN_POINT('',(7.252919381788,-19.92073172045,
    9.946838543965));
#1407 = CARTESIAN_POINT('',(7.25442380352,-19.9361754933,9.963210888345)
  );
#1408 = CARTESIAN_POINT('',(7.257696565753,-19.94624801975,
    9.969325536376));
#1409 = B_SPLINE_SURFACE_WITH_KNOTS('',3,3,(
    (#1410,#1411,#1412,#1413,#1414)
    ,(#1415,#1416,#1417,#1418,#1419)
    ,(#1420,#1421,#1422,#1423,#1424)
    ,(#1425,#1426,#1427,#1428,#1429)
    ,(#1430,#1431,#1432,#1433,#1434
  )),.UNSPECIFIED.,.F.,.F.,.F.,(4,1,4),(4,1,4),(0.,0.571428571429,1.),(
    0.,5.503183227698E-03,1.284076086463E-02),.UNSPECIFIED.);
#1410 = CARTESIAN_POINT('',(7.294897911803,-19.84847685846,
    9.916281480394));
#1411 = CARTESIAN_POINT('',(7.294897911803,-19.84847685846,
    9.934625424487));
#1412 = CARTESIAN_POINT('',(7.295911498718,-19.85667214167,
    9.977395607536));
#1413 = CARTESIAN_POINT('',(7.301049402263,-19.88146516734,
    10.010140296297));
#1414 = CARTESIAN_POINT('',(7.306485131923,-19.89819462303,
    10.022369592358));
#1415 = CARTESIAN_POINT('',(7.297239040634,-19.86464652668,
    9.916281480394));
#1416 = CARTESIAN_POINT('',(7.297239040634,-19.86464652668,
    9.932136089844));
#1417 = CARTESIAN_POINT('',(7.29861401906,-19.87205000972,9.969128716641
    ));
#1418 = CARTESIAN_POINT('',(7.304287332452,-19.89322227107,
    9.996409608495));
#1419 = CARTESIAN_POINT('',(7.309316648021,-19.90690913351,
    10.006498847921));
#1420 = CARTESIAN_POINT('',(7.289360293243,-19.89448174996,
    9.916281480394));
#1421 = CARTESIAN_POINT('',(7.289360293243,-19.89448174996,
    9.927830711419));
#1422 = CARTESIAN_POINT('',(7.2906428826,-19.90083067028,9.954751532427)
  );
#1423 = CARTESIAN_POINT('',(7.295594806525,-19.91721812188,
    9.972571129003));
#1424 = CARTESIAN_POINT('',(7.299589465753,-19.92674954854,
    9.979022474887));
#1425 = CARTESIAN_POINT('',(7.264861230324,-19.91171904849,
    9.916281480394));
#1426 = CARTESIAN_POINT('',(7.264861230324,-19.91171904849,
    9.925764476376));
#1427 = CARTESIAN_POINT('',(7.265040903437,-19.91727287702,
    9.947885946958));
#1428 = CARTESIAN_POINT('',(7.267442052337,-19.93258645572,
    9.963568119846));
#1429 = CARTESIAN_POINT('',(7.270768331474,-19.9420007456,9.969325536376
    ));
#1430 = CARTESIAN_POINT('',(7.253207266978,-19.91550565072,
    9.916281480394));
#1431 = CARTESIAN_POINT('',(7.253207266978,-19.91550565072,
    9.925453452441));
#1432 = CARTESIAN_POINT('',(7.252919381788,-19.92073172045,
    9.946838543965));
#1433 = CARTESIAN_POINT('',(7.25442380352,-19.9361754933,9.963210888345)
  );
#1434 = CARTESIAN_POINT('',(7.257696565753,-19.94624801975,
    9.969325536376));
#1435 = ADVANCED_FACE('',(#1436),#1461,.T.);
#1436 = FACE_BOUND('',#1437,.T.);
#1437 = EDGE_LOOP('',(#1438,#1439,#1447,#1455));
#1438 = ORIENTED_EDGE('',*,*,#1136,.F.);
#1439 = ORIENTED_EDGE('',*,*,#1440,.F.);
#1440 = EDGE_CURVE('',#1441,#1137,#1443,.T.);
#1441 = VERTEX_POINT('',#1442);
#1442 = CARTESIAN_POINT('',(7.381436485291,-20.33517050294,
    9.477531480394));
#1443 = LINE('',#1444,#1445);
#1444 = CARTESIAN_POINT('',(7.442066338205,-20.31547066955,
    9.477531480394));
#1445 = VECTOR('',#1446,1.);
#1446 = DIRECTION('',(0.951056516295,0.309016994375,0.));
#1447 = ORIENTED_EDGE('',*,*,#1448,.F.);
#1448 = EDGE_CURVE('',#1449,#1441,#1451,.T.);
#1449 = VERTEX_POINT('',#1450);
#1450 = CARTESIAN_POINT('',(7.264782569915,-19.97614666804,
    9.477531480394));
#1451 = LINE('',#1452,#1453);
#1452 = CARTESIAN_POINT('',(7.284482403306,-20.03677652096,
    9.477531480394));
#1453 = VECTOR('',#1454,1.);
#1454 = DIRECTION('',(0.309016994375,-0.951056516295,0.));
#1455 = ORIENTED_EDGE('',*,*,#1456,.F.);
#1456 = EDGE_CURVE('',#1084,#1449,#1457,.T.);
#1457 = LINE('',#1458,#1459);
#1458 = CARTESIAN_POINT('',(7.325412422829,-19.95644683465,
    9.477531480394));
#1459 = VECTOR('',#1460,1.);
#1460 = DIRECTION('',(-0.951056516295,-0.309016994375,0.));
#1461 = PLANE('',#1462);
#1462 = AXIS2_PLACEMENT_3D('',#1463,#1464,#1465);
#1463 = CARTESIAN_POINT('',(7.306485131923,-19.89819462303,
    9.477531480394));
#1464 = DIRECTION('',(0.,0.,-1.));
#1465 = DIRECTION('',(0.309016994375,-0.951056516295,0.));
#1466 = ADVANCED_FACE('',(#1467),#1512,.T.);
#1467 = FACE_BOUND('',#1468,.T.);
#1468 = EDGE_LOOP('',(#1469,#1470,#1471,#1472,#1480,#1489,#1497,#1506));
#1469 = ORIENTED_EDGE('',*,*,#1236,.F.);
#1470 = ORIENTED_EDGE('',*,*,#1193,.F.);
#1471 = ORIENTED_EDGE('',*,*,#1393,.F.);
#1472 = ORIENTED_EDGE('',*,*,#1473,.T.);
#1473 = EDGE_CURVE('',#1285,#1474,#1476,.T.);
#1474 = VERTEX_POINT('',#1475);
#1475 = CARTESIAN_POINT('',(7.306485131923,-19.89819462303,19.95));
#1476 = LINE('',#1477,#1478);
#1477 = CARTESIAN_POINT('',(7.306485131923,-19.89819462303,20.25));
#1478 = VECTOR('',#1479,1.);
#1479 = DIRECTION('',(0.,0.,1.));
#1480 = ORIENTED_EDGE('',*,*,#1481,.T.);
#1481 = EDGE_CURVE('',#1474,#1482,#1484,.T.);
#1482 = VERTEX_POINT('',#1483);
#1483 = CARTESIAN_POINT('',(7.499096988499,-19.52017256983,19.95));
#1484 = CIRCLE('',#1485,0.3);
#1485 = AXIS2_PLACEMENT_3D('',#1486,#1487,#1488);
#1486 = CARTESIAN_POINT('',(7.591802086812,-19.80548952472,19.95));
#1487 = DIRECTION('',(0.,0.,-1.));
#1488 = DIRECTION('',(-0.951056516295,-0.309016994375,-0.));
#1489 = ORIENTED_EDGE('',*,*,#1490,.T.);
#1490 = EDGE_CURVE('',#1482,#1491,#1493,.T.);
#1491 = VERTEX_POINT('',#1492);
#1492 = CARTESIAN_POINT('',(7.499096988499,-19.52017256983,6.1));
#1493 = LINE('',#1494,#1495);
#1494 = CARTESIAN_POINT('',(7.499096988499,-19.52017256983,20.25));
#1495 = VECTOR('',#1496,1.);
#1496 = DIRECTION('',(0.,0.,-1.));
#1497 = ORIENTED_EDGE('',*,*,#1498,.F.);
#1498 = EDGE_CURVE('',#1499,#1491,#1501,.T.);
#1499 = VERTEX_POINT('',#1500);
#1500 = CARTESIAN_POINT('',(7.306485131923,-19.89819462303,6.1));
#1501 = CIRCLE('',#1502,0.3);
#1502 = AXIS2_PLACEMENT_3D('',#1503,#1504,#1505);
#1503 = CARTESIAN_POINT('',(7.591802086812,-19.80548952472,6.1));
#1504 = DIRECTION('',(0.,0.,-1.));
#1505 = DIRECTION('',(-0.309016994375,0.951056516295,0.));
#1506 = ORIENTED_EDGE('',*,*,#1507,.T.);
#1507 = EDGE_CURVE('',#1499,#1104,#1508,.T.);
#1508 = LINE('',#1509,#1510);
#1509 = CARTESIAN_POINT('',(7.306485131923,-19.89819462303,20.25));
#1510 = VECTOR('',#1511,1.);
#1511 = DIRECTION('',(0.,0.,1.));
#1512 = CYLINDRICAL_SURFACE('',#1513,0.3);
#1513 = AXIS2_PLACEMENT_3D('',#1514,#1515,#1516);
#1514 = CARTESIAN_POINT('',(7.591802086812,-19.80548952472,20.25));
#1515 = DIRECTION('',(0.,0.,-1.));
#1516 = DIRECTION('',(-0.891006524188,0.45399049974,0.));
#1517 = ADVANCED_FACE('',(#1518),#1556,.T.);
#1518 = FACE_BOUND('',#1519,.T.);
#1519 = EDGE_LOOP('',(#1520,#1521,#1522,#1523,#1524,#1532,#1540,#1546,
    #1547,#1548,#1549,#1550));
#1520 = ORIENTED_EDGE('',*,*,#1177,.F.);
#1521 = ORIENTED_EDGE('',*,*,#1127,.F.);
#1522 = ORIENTED_EDGE('',*,*,#1103,.F.);
#1523 = ORIENTED_EDGE('',*,*,#1507,.F.);
#1524 = ORIENTED_EDGE('',*,*,#1525,.F.);
#1525 = EDGE_CURVE('',#1526,#1499,#1528,.T.);
#1526 = VERTEX_POINT('',#1527);
#1527 = CARTESIAN_POINT('',(7.619282306925,-20.86088533901,6.1));
#1528 = LINE('',#1529,#1530);
#1529 = CARTESIAN_POINT('',(7.577437033821,-20.73209883087,6.1));
#1530 = VECTOR('',#1531,1.);
#1531 = DIRECTION('',(-0.309016994375,0.951056516295,0.));
#1532 = ORIENTED_EDGE('',*,*,#1533,.F.);
#1533 = EDGE_CURVE('',#1534,#1526,#1536,.T.);
#1534 = VERTEX_POINT('',#1535);
#1535 = CARTESIAN_POINT('',(7.619282306925,-20.86088533901,19.95));
#1536 = LINE('',#1537,#1538);
#1537 = CARTESIAN_POINT('',(7.619282306925,-20.86088533901,18.75));
#1538 = VECTOR('',#1539,1.);
#1539 = DIRECTION('',(0.,0.,-1.));
#1540 = ORIENTED_EDGE('',*,*,#1541,.F.);
#1541 = EDGE_CURVE('',#1474,#1534,#1542,.T.);
#1542 = LINE('',#1543,#1544);
#1543 = CARTESIAN_POINT('',(7.577437033821,-20.73209883087,19.95));
#1544 = VECTOR('',#1545,1.);
#1545 = DIRECTION('',(0.309016994375,-0.951056516295,0.));
#1546 = ORIENTED_EDGE('',*,*,#1473,.F.);
#1547 = ORIENTED_EDGE('',*,*,#1282,.F.);
#1548 = ORIENTED_EDGE('',*,*,#1335,.F.);
#1549 = ORIENTED_EDGE('',*,*,#1358,.F.);
#1550 = ORIENTED_EDGE('',*,*,#1551,.F.);
#1551 = EDGE_CURVE('',#1169,#1359,#1552,.T.);
#1552 = LINE('',#1553,#1554);
#1553 = CARTESIAN_POINT('',(7.479920920016,-20.4319750928,
    14.863765740197));
#1554 = VECTOR('',#1555,1.);
#1555 = DIRECTION('',(0.,0.,1.));
#1556 = PLANE('',#1557);
#1557 = AXIS2_PLACEMENT_3D('',#1558,#1559,#1560);
#1558 = CARTESIAN_POINT('',(7.709331288251,-21.13802760637,20.25));
#1559 = DIRECTION('',(-0.951056516295,-0.309016994375,0.));
#1560 = DIRECTION('',(-0.309016994375,0.951056516295,0.));
#1561 = ADVANCED_FACE('',(#1562),#1573,.F.);
#1562 = FACE_BOUND('',#1563,.F.);
#1563 = EDGE_LOOP('',(#1564,#1565,#1566,#1572));
#1564 = ORIENTED_EDGE('',*,*,#1551,.F.);
#1565 = ORIENTED_EDGE('',*,*,#1168,.T.);
#1566 = ORIENTED_EDGE('',*,*,#1567,.F.);
#1567 = EDGE_CURVE('',#1368,#1160,#1568,.T.);
#1568 = LINE('',#1569,#1570);
#1569 = CARTESIAN_POINT('',(7.402741417488,-20.39265017208,
    14.863765740197));
#1570 = VECTOR('',#1571,1.);
#1571 = DIRECTION('',(0.,0.,-1.));
#1572 = ORIENTED_EDGE('',*,*,#1367,.T.);
#1573 = CYLINDRICAL_SURFACE('',#1574,6.125E-02);
#1574 = AXIS2_PLACEMENT_3D('',#1575,#1576,#1577);
#1575 = CARTESIAN_POINT('',(7.421668708393,-20.45090238371,
    14.863765740197));
#1576 = DIRECTION('',(0.,0.,-1.));
#1577 = DIRECTION('',(0.45399049974,0.891006524188,0.));
#1578 = ADVANCED_FACE('',(#1579),#1604,.T.);
#1579 = FACE_BOUND('',#1580,.T.);
#1580 = EDGE_LOOP('',(#1581,#1589,#1597,#1603));
#1581 = ORIENTED_EDGE('',*,*,#1582,.F.);
#1582 = EDGE_CURVE('',#1583,#1368,#1585,.T.);
#1583 = VERTEX_POINT('',#1584);
#1584 = CARTESIAN_POINT('',(7.400363776197,-20.39342271457,
    9.916281480394));
#1585 = LINE('',#1586,#1587);
#1586 = CARTESIAN_POINT('',(7.460993629111,-20.37372288118,
    9.916281480394));
#1587 = VECTOR('',#1588,1.);
#1588 = DIRECTION('',(0.951056516295,0.309016994375,0.));
#1589 = ORIENTED_EDGE('',*,*,#1590,.F.);
#1590 = EDGE_CURVE('',#1591,#1583,#1593,.T.);
#1591 = VERTEX_POINT('',#1592);
#1592 = CARTESIAN_POINT('',(7.400363776197,-20.39342271457,
    9.538781480394));
#1593 = LINE('',#1594,#1595);
#1594 = CARTESIAN_POINT('',(7.400363776197,-20.39342271457,
    9.602531480394));
#1595 = VECTOR('',#1596,1.);
#1596 = DIRECTION('',(0.,0.,1.));
#1597 = ORIENTED_EDGE('',*,*,#1598,.F.);
#1598 = EDGE_CURVE('',#1160,#1591,#1599,.T.);
#1599 = LINE('',#1600,#1601);
#1600 = CARTESIAN_POINT('',(7.460993629111,-20.37372288118,
    9.538781480394));
#1601 = VECTOR('',#1602,1.);
#1602 = DIRECTION('',(-0.951056516295,-0.309016994375,0.));
#1603 = ORIENTED_EDGE('',*,*,#1567,.F.);
#1604 = PLANE('',#1605);
#1605 = AXIS2_PLACEMENT_3D('',#1606,#1607,#1608);
#1606 = CARTESIAN_POINT('',(7.460993629111,-20.37372288118,
    9.477531480394));
#1607 = DIRECTION('',(0.309016994375,-0.951056516295,0.));
#1608 = DIRECTION('',(0.,0.,1.));
#1609 = ADVANCED_FACE('',(#1610),#1637,.T.);
#1610 = FACE_BOUND('',#1611,.T.);
#1611 = EDGE_LOOP('',(#1612,#1623,#1630));
#1612 = ORIENTED_EDGE('',*,*,#1613,.T.);
#1613 = EDGE_CURVE('',#1614,#1616,#1618,.T.);
#1614 = VERTEX_POINT('',#1615);
#1615 = CARTESIAN_POINT('',(7.206530358292,-19.99507395895,
    9.538781480394));
#1616 = VERTEX_POINT('',#1617);
#1617 = CARTESIAN_POINT('',(7.245855279009,-19.91789445642,
    9.538781480394));
#1618 = CIRCLE('',#1619,6.125E-02);
#1619 = AXIS2_PLACEMENT_3D('',#1620,#1621,#1622);
#1620 = CARTESIAN_POINT('',(7.264782569915,-19.97614666804,
    9.538781480394));
#1621 = DIRECTION('',(0.,0.,-1.));
#1622 = DIRECTION('',(-0.309016994375,0.951056516295,0.));
#1623 = ORIENTED_EDGE('',*,*,#1624,.T.);
#1624 = EDGE_CURVE('',#1616,#1449,#1625,.T.);
#1625 = CIRCLE('',#1626,6.125E-02);
#1626 = AXIS2_PLACEMENT_3D('',#1627,#1628,#1629);
#1627 = CARTESIAN_POINT('',(7.264782569915,-19.97614666804,
    9.538781480394));
#1628 = DIRECTION('',(-0.951056516295,-0.309016994375,0.));
#1629 = DIRECTION('',(-0.,0.,-1.));
#1630 = ORIENTED_EDGE('',*,*,#1631,.T.);
#1631 = EDGE_CURVE('',#1449,#1614,#1632,.T.);
#1632 = CIRCLE('',#1633,6.125E-02);
#1633 = AXIS2_PLACEMENT_3D('',#1634,#1635,#1636);
#1634 = CARTESIAN_POINT('',(7.264782569915,-19.97614666804,
    9.538781480394));
#1635 = DIRECTION('',(-0.309016994375,0.951056516295,4.007914230819E-14)
  );
#1636 = DIRECTION('',(-0.951056516295,-0.309016994375,3.155443620884E-30
    ));
#1637 = SPHERICAL_SURFACE('',#1638,6.125E-02);
#1638 = AXIS2_PLACEMENT_3D('',#1639,#1640,#1641);
#1639 = CARTESIAN_POINT('',(7.264782569915,-19.97614666804,
    9.538781480394));
#1640 = DIRECTION('',(0.51442285659,-0.262111537234,-0.816496580928));
#1641 = DIRECTION('',(-0.727503780584,0.370681690811,-0.57735026919));
#1642 = ADVANCED_FACE('',(#1643),#1655,.T.);
#1643 = FACE_BOUND('',#1644,.T.);
#1644 = EDGE_LOOP('',(#1645,#1646,#1647,#1648,#1654));
#1645 = ORIENTED_EDGE('',*,*,#1083,.F.);
#1646 = ORIENTED_EDGE('',*,*,#1456,.T.);
#1647 = ORIENTED_EDGE('',*,*,#1624,.F.);
#1648 = ORIENTED_EDGE('',*,*,#1649,.T.);
#1649 = EDGE_CURVE('',#1616,#1213,#1650,.T.);
#1650 = LINE('',#1651,#1652);
#1651 = CARTESIAN_POINT('',(7.306485131923,-19.89819462303,
    9.538781480394));
#1652 = VECTOR('',#1653,1.);
#1653 = DIRECTION('',(0.951056516295,0.309016994375,0.));
#1654 = ORIENTED_EDGE('',*,*,#1245,.F.);
#1655 = CYLINDRICAL_SURFACE('',#1656,6.125E-02);
#1656 = AXIS2_PLACEMENT_3D('',#1657,#1658,#1659);
#1657 = CARTESIAN_POINT('',(7.325412422829,-19.95644683465,
    9.538781480394));
#1658 = DIRECTION('',(-0.951056516295,-0.309016994375,0.));
#1659 = DIRECTION('',(-0.218508012224,0.672498511964,-0.707106781187));
#1660 = ADVANCED_FACE('',(#1661),#1690,.T.);
#1661 = FACE_BOUND('',#1662,.T.);
#1662 = EDGE_LOOP('',(#1663,#1674,#1683));
#1663 = ORIENTED_EDGE('',*,*,#1664,.T.);
#1664 = EDGE_CURVE('',#1665,#1667,#1669,.T.);
#1665 = VERTEX_POINT('',#1666);
#1666 = CARTESIAN_POINT('',(7.206530358292,-19.99507395895,
    9.916281480394));
#1667 = VERTEX_POINT('',#1668);
#1668 = CARTESIAN_POINT('',(7.264782569915,-19.97614666804,
    9.977531480394));
#1669 = CIRCLE('',#1670,6.125E-02);
#1670 = AXIS2_PLACEMENT_3D('',#1671,#1672,#1673);
#1671 = CARTESIAN_POINT('',(7.264782569915,-19.97614666804,
    9.916281480394));
#1672 = DIRECTION('',(-0.309016994375,0.951056516295,0.));
#1673 = DIRECTION('',(0.,0.,1.));
#1674 = ORIENTED_EDGE('',*,*,#1675,.T.);
#1675 = EDGE_CURVE('',#1667,#1676,#1678,.T.);
#1676 = VERTEX_POINT('',#1677);
#1677 = CARTESIAN_POINT('',(7.245855279009,-19.91789445642,
    9.916281480394));
#1678 = CIRCLE('',#1679,6.125E-02);
#1679 = AXIS2_PLACEMENT_3D('',#1680,#1681,#1682);
#1680 = CARTESIAN_POINT('',(7.264782569915,-19.97614666804,
    9.916281480394));
#1681 = DIRECTION('',(-0.951056516295,-0.309016994375,0.));
#1682 = DIRECTION('',(-0.309016994375,0.951056516295,0.));
#1683 = ORIENTED_EDGE('',*,*,#1684,.T.);
#1684 = EDGE_CURVE('',#1676,#1665,#1685,.T.);
#1685 = CIRCLE('',#1686,6.125E-02);
#1686 = AXIS2_PLACEMENT_3D('',#1687,#1688,#1689);
#1687 = CARTESIAN_POINT('',(7.264782569915,-19.97614666804,
    9.916281480394));
#1688 = DIRECTION('',(5.601269912744E-15,-1.723893619773E-14,1.));
#1689 = DIRECTION('',(-0.951056516295,-0.309016994375,0.));
#1690 = SPHERICAL_SURFACE('',#1691,6.125E-02);
#1691 = AXIS2_PLACEMENT_3D('',#1692,#1693,#1694);
#1692 = CARTESIAN_POINT('',(7.264782569915,-19.97614666804,
    9.916281480394));
#1693 = DIRECTION('',(-0.51442285659,0.262111537234,-0.816496580928));
#1694 = DIRECTION('',(-0.727503780584,0.370681690811,0.57735026919));
#1695 = ADVANCED_FACE('',(#1696),#1713,.T.);
#1696 = FACE_BOUND('',#1697,.T.);
#1697 = EDGE_LOOP('',(#1698,#1699,#1705,#1706,#1712));
#1698 = ORIENTED_EDGE('',*,*,#1402,.F.);
#1699 = ORIENTED_EDGE('',*,*,#1700,.T.);
#1700 = EDGE_CURVE('',#1204,#1676,#1701,.T.);
#1701 = LINE('',#1702,#1703);
#1702 = CARTESIAN_POINT('',(7.306485131923,-19.89819462303,
    9.916281480394));
#1703 = VECTOR('',#1704,1.);
#1704 = DIRECTION('',(-0.951056516295,-0.309016994375,0.));
#1705 = ORIENTED_EDGE('',*,*,#1675,.F.);
#1706 = ORIENTED_EDGE('',*,*,#1707,.T.);
#1707 = EDGE_CURVE('',#1667,#1294,#1708,.T.);
#1708 = LINE('',#1709,#1710);
#1709 = CARTESIAN_POINT('',(7.325412422829,-19.95644683465,
    9.977531480394));
#1710 = VECTOR('',#1711,1.);
#1711 = DIRECTION('',(0.951056516295,0.309016994375,0.));
#1712 = ORIENTED_EDGE('',*,*,#1302,.F.);
#1713 = CYLINDRICAL_SURFACE('',#1714,6.125E-02);
#1714 = AXIS2_PLACEMENT_3D('',#1715,#1716,#1717);
#1715 = CARTESIAN_POINT('',(7.325412422829,-19.95644683465,
    9.916281480394));
#1716 = DIRECTION('',(-0.951056516295,-0.309016994375,0.));
#1717 = DIRECTION('',(-0.218508012224,0.672498511964,0.707106781187));
#1718 = ADVANCED_FACE('',(#1719),#1735,.T.);
#1719 = FACE_BOUND('',#1720,.T.);
#1720 = EDGE_LOOP('',(#1721,#1722,#1728,#1729));
#1721 = ORIENTED_EDGE('',*,*,#1613,.F.);
#1722 = ORIENTED_EDGE('',*,*,#1723,.T.);
#1723 = EDGE_CURVE('',#1614,#1665,#1724,.T.);
#1724 = LINE('',#1725,#1726);
#1725 = CARTESIAN_POINT('',(7.206530358292,-19.99507395895,
    9.852531480394));
#1726 = VECTOR('',#1727,1.);
#1727 = DIRECTION('',(0.,0.,1.));
#1728 = ORIENTED_EDGE('',*,*,#1684,.F.);
#1729 = ORIENTED_EDGE('',*,*,#1730,.T.);
#1730 = EDGE_CURVE('',#1676,#1616,#1731,.T.);
#1731 = LINE('',#1732,#1733);
#1732 = CARTESIAN_POINT('',(7.245855279009,-19.91789445642,
    9.852531480394));
#1733 = VECTOR('',#1734,1.);
#1734 = DIRECTION('',(0.,0.,-1.));
#1735 = CYLINDRICAL_SURFACE('',#1736,6.125E-02);
#1736 = AXIS2_PLACEMENT_3D('',#1737,#1738,#1739);
#1737 = CARTESIAN_POINT('',(7.264782569915,-19.97614666804,
    9.852531480394));
#1738 = DIRECTION('',(0.,0.,-1.));
#1739 = DIRECTION('',(-0.891006524188,0.45399049974,0.));
#1740 = ADVANCED_FACE('',(#1741),#1766,.T.);
#1741 = FACE_BOUND('',#1742,.T.);
#1742 = EDGE_LOOP('',(#1743,#1752,#1759));
#1743 = ORIENTED_EDGE('',*,*,#1744,.T.);
#1744 = EDGE_CURVE('',#1745,#1441,#1747,.T.);
#1745 = VERTEX_POINT('',#1746);
#1746 = CARTESIAN_POINT('',(7.323184273668,-20.35409779385,
    9.538781480394));
#1747 = CIRCLE('',#1748,6.125E-02);
#1748 = AXIS2_PLACEMENT_3D('',#1749,#1750,#1751);
#1749 = CARTESIAN_POINT('',(7.381436485291,-20.33517050294,
    9.538781480394));
#1750 = DIRECTION('',(0.309016994375,-0.951056516295,0.));
#1751 = DIRECTION('',(0.,0.,-1.));
#1752 = ORIENTED_EDGE('',*,*,#1753,.T.);
#1753 = EDGE_CURVE('',#1441,#1591,#1754,.T.);
#1754 = CIRCLE('',#1755,6.125E-02);
#1755 = AXIS2_PLACEMENT_3D('',#1756,#1757,#1758);
#1756 = CARTESIAN_POINT('',(7.381436485291,-20.33517050294,
    9.538781480394));
#1757 = DIRECTION('',(-0.951056516295,-0.309016994375,1.723893619773E-14
    ));
#1758 = DIRECTION('',(0.309016994375,-0.951056516295,0.));
#1759 = ORIENTED_EDGE('',*,*,#1760,.T.);
#1760 = EDGE_CURVE('',#1591,#1745,#1761,.T.);
#1761 = CIRCLE('',#1762,6.125E-02);
#1762 = AXIS2_PLACEMENT_3D('',#1763,#1764,#1765);
#1763 = CARTESIAN_POINT('',(7.381436485291,-20.33517050294,
    9.538781480394));
#1764 = DIRECTION('',(-5.601269912743E-15,1.723893619773E-14,-1.));
#1765 = DIRECTION('',(-0.951056516295,-0.309016994375,
    -3.155443620884E-30));
#1766 = SPHERICAL_SURFACE('',#1767,6.125E-02);
#1767 = AXIS2_PLACEMENT_3D('',#1768,#1769,#1770);
#1768 = CARTESIAN_POINT('',(7.381436485291,-20.33517050294,
    9.538781480394));
#1769 = DIRECTION('',(-0.928759971197,0.290357401074,0.230428938165));
#1770 = DIRECTION('',(-0.370681690811,-0.727503780584,-0.57735026919));
#1771 = ADVANCED_FACE('',(#1772),#1778,.T.);
#1772 = FACE_BOUND('',#1773,.T.);
#1773 = EDGE_LOOP('',(#1774,#1775,#1776,#1777));
#1774 = ORIENTED_EDGE('',*,*,#1598,.T.);
#1775 = ORIENTED_EDGE('',*,*,#1753,.F.);
#1776 = ORIENTED_EDGE('',*,*,#1440,.T.);
#1777 = ORIENTED_EDGE('',*,*,#1159,.F.);
#1778 = CYLINDRICAL_SURFACE('',#1779,6.125E-02);
#1779 = AXIS2_PLACEMENT_3D('',#1780,#1781,#1782);
#1780 = CARTESIAN_POINT('',(7.442066338205,-20.31547066955,
    9.538781480394));
#1781 = DIRECTION('',(-0.951056516295,-0.309016994375,0.));
#1782 = DIRECTION('',(0.218508012224,-0.672498511964,-0.707106781187));
#1783 = ADVANCED_FACE('',(#1784),#1811,.T.);
#1784 = FACE_BOUND('',#1785,.T.);
#1785 = EDGE_LOOP('',(#1786,#1795,#1804));
#1786 = ORIENTED_EDGE('',*,*,#1787,.T.);
#1787 = EDGE_CURVE('',#1788,#1583,#1790,.T.);
#1788 = VERTEX_POINT('',#1789);
#1789 = CARTESIAN_POINT('',(7.323184273668,-20.35409779385,
    9.916281480394));
#1790 = CIRCLE('',#1791,6.125E-02);
#1791 = AXIS2_PLACEMENT_3D('',#1792,#1793,#1794);
#1792 = CARTESIAN_POINT('',(7.381436485291,-20.33517050294,
    9.916281480394));
#1793 = DIRECTION('',(0.,0.,1.));
#1794 = DIRECTION('',(0.309016994375,-0.951056516295,0.));
#1795 = ORIENTED_EDGE('',*,*,#1796,.T.);
#1796 = EDGE_CURVE('',#1583,#1797,#1799,.T.);
#1797 = VERTEX_POINT('',#1798);
#1798 = CARTESIAN_POINT('',(7.381436485291,-20.33517050294,
    9.977531480394));
#1799 = CIRCLE('',#1800,6.125E-02);
#1800 = AXIS2_PLACEMENT_3D('',#1801,#1802,#1803);
#1801 = CARTESIAN_POINT('',(7.381436485291,-20.33517050294,
    9.916281480394));
#1802 = DIRECTION('',(-0.951056516295,-0.309016994375,0.));
#1803 = DIRECTION('',(0.,0.,1.));
#1804 = ORIENTED_EDGE('',*,*,#1805,.T.);
#1805 = EDGE_CURVE('',#1797,#1788,#1806,.T.);
#1806 = CIRCLE('',#1807,6.125E-02);
#1807 = AXIS2_PLACEMENT_3D('',#1808,#1809,#1810);
#1808 = CARTESIAN_POINT('',(7.381436485291,-20.33517050294,
    9.916281480394));
#1809 = DIRECTION('',(0.309016994375,-0.951056516295,0.));
#1810 = DIRECTION('',(-0.951056516295,-0.309016994375,0.));
#1811 = SPHERICAL_SURFACE('',#1812,6.125E-02);
#1812 = AXIS2_PLACEMENT_3D('',#1813,#1814,#1815);
#1813 = CARTESIAN_POINT('',(7.381436485291,-20.33517050294,
    9.916281480394));
#1814 = DIRECTION('',(-0.928759971197,0.290357401074,-0.230428938165));
#1815 = DIRECTION('',(-0.370681690811,-0.727503780584,0.57735026919));
#1816 = ADVANCED_FACE('',(#1817),#1828,.T.);
#1817 = FACE_BOUND('',#1818,.T.);
#1818 = EDGE_LOOP('',(#1819,#1825,#1826,#1827));
#1819 = ORIENTED_EDGE('',*,*,#1820,.T.);
#1820 = EDGE_CURVE('',#1327,#1797,#1821,.T.);
#1821 = LINE('',#1822,#1823);
#1822 = CARTESIAN_POINT('',(7.442066338205,-20.31547066955,
    9.977531480394));
#1823 = VECTOR('',#1824,1.);
#1824 = DIRECTION('',(-0.951056516295,-0.309016994375,0.));
#1825 = ORIENTED_EDGE('',*,*,#1796,.F.);
#1826 = ORIENTED_EDGE('',*,*,#1582,.T.);
#1827 = ORIENTED_EDGE('',*,*,#1376,.T.);
#1828 = CYLINDRICAL_SURFACE('',#1829,6.125E-02);
#1829 = AXIS2_PLACEMENT_3D('',#1830,#1831,#1832);
#1830 = CARTESIAN_POINT('',(7.442066338205,-20.31547066955,
    9.916281480394));
#1831 = DIRECTION('',(-0.951056516295,-0.309016994375,0.));
#1832 = DIRECTION('',(0.218508012224,-0.672498511964,0.707106781187));
#1833 = ADVANCED_FACE('',(#1834),#1850,.T.);
#1834 = FACE_BOUND('',#1835,.T.);
#1835 = EDGE_LOOP('',(#1836,#1837,#1843,#1844));
#1836 = ORIENTED_EDGE('',*,*,#1664,.F.);
#1837 = ORIENTED_EDGE('',*,*,#1838,.T.);
#1838 = EDGE_CURVE('',#1665,#1788,#1839,.T.);
#1839 = LINE('',#1840,#1841);
#1840 = CARTESIAN_POINT('',(7.303484440277,-20.29346794094,
    9.916281480394));
#1841 = VECTOR('',#1842,1.);
#1842 = DIRECTION('',(0.309016994375,-0.951056516295,0.));
#1843 = ORIENTED_EDGE('',*,*,#1805,.F.);
#1844 = ORIENTED_EDGE('',*,*,#1845,.T.);
#1845 = EDGE_CURVE('',#1797,#1667,#1846,.T.);
#1846 = LINE('',#1847,#1848);
#1847 = CARTESIAN_POINT('',(7.3617366519,-20.27454065003,9.977531480394)
  );
#1848 = VECTOR('',#1849,1.);
#1849 = DIRECTION('',(-0.309016994375,0.951056516295,0.));
#1850 = CYLINDRICAL_SURFACE('',#1851,6.125E-02);
#1851 = AXIS2_PLACEMENT_3D('',#1852,#1853,#1854);
#1852 = CARTESIAN_POINT('',(7.3617366519,-20.27454065003,9.916281480394)
  );
#1853 = DIRECTION('',(-0.309016994375,0.951056516295,0.));
#1854 = DIRECTION('',(-0.672498511964,-0.218508012224,0.707106781187));
#1855 = ADVANCED_FACE('',(#1856),#1867,.T.);
#1856 = FACE_BOUND('',#1857,.T.);
#1857 = EDGE_LOOP('',(#1858,#1859,#1865,#1866));
#1858 = ORIENTED_EDGE('',*,*,#1787,.F.);
#1859 = ORIENTED_EDGE('',*,*,#1860,.T.);
#1860 = EDGE_CURVE('',#1788,#1745,#1861,.T.);
#1861 = LINE('',#1862,#1863);
#1862 = CARTESIAN_POINT('',(7.323184273668,-20.35409779385,
    9.602531480394));
#1863 = VECTOR('',#1864,1.);
#1864 = DIRECTION('',(0.,0.,-1.));
#1865 = ORIENTED_EDGE('',*,*,#1760,.F.);
#1866 = ORIENTED_EDGE('',*,*,#1590,.T.);
#1867 = CYLINDRICAL_SURFACE('',#1868,6.125E-02);
#1868 = AXIS2_PLACEMENT_3D('',#1869,#1870,#1871);
#1869 = CARTESIAN_POINT('',(7.381436485291,-20.33517050294,
    9.602531480394));
#1870 = DIRECTION('',(0.,0.,1.));
#1871 = DIRECTION('',(-0.45399049974,-0.891006524188,0.));
#1872 = ADVANCED_FACE('',(#1873),#1884,.T.);
#1873 = FACE_BOUND('',#1874,.T.);
#1874 = EDGE_LOOP('',(#1875,#1876,#1882,#1883));
#1875 = ORIENTED_EDGE('',*,*,#1744,.F.);
#1876 = ORIENTED_EDGE('',*,*,#1877,.T.);
#1877 = EDGE_CURVE('',#1745,#1614,#1878,.T.);
#1878 = LINE('',#1879,#1880);
#1879 = CARTESIAN_POINT('',(7.226230191683,-20.05570381186,
    9.538781480394));
#1880 = VECTOR('',#1881,1.);
#1881 = DIRECTION('',(-0.309016994375,0.951056516295,0.));
#1882 = ORIENTED_EDGE('',*,*,#1631,.F.);
#1883 = ORIENTED_EDGE('',*,*,#1448,.T.);
#1884 = CYLINDRICAL_SURFACE('',#1885,6.125E-02);
#1885 = AXIS2_PLACEMENT_3D('',#1886,#1887,#1888);
#1886 = CARTESIAN_POINT('',(7.284482403306,-20.03677652096,
    9.538781480394));
#1887 = DIRECTION('',(0.309016994375,-0.951056516295,0.));
#1888 = DIRECTION('',(-0.672498511964,-0.218508012224,-0.707106781187));
#1889 = ADVANCED_FACE('',(#1890),#1896,.T.);
#1890 = FACE_BOUND('',#1891,.T.);
#1891 = EDGE_LOOP('',(#1892,#1893,#1894,#1895));
#1892 = ORIENTED_EDGE('',*,*,#1212,.F.);
#1893 = ORIENTED_EDGE('',*,*,#1649,.F.);
#1894 = ORIENTED_EDGE('',*,*,#1730,.F.);
#1895 = ORIENTED_EDGE('',*,*,#1700,.F.);
#1896 = PLANE('',#1897);
#1897 = AXIS2_PLACEMENT_3D('',#1898,#1899,#1900);
#1898 = CARTESIAN_POINT('',(7.306485131923,-19.89819462303,
    9.977531480394));
#1899 = DIRECTION('',(-0.309016994375,0.951056516295,0.));
#1900 = DIRECTION('',(0.,0.,-1.));
#1901 = ADVANCED_FACE('',(#1902),#1908,.T.);
#1902 = FACE_BOUND('',#1903,.T.);
#1903 = EDGE_LOOP('',(#1904,#1905,#1906,#1907));
#1904 = ORIENTED_EDGE('',*,*,#1723,.F.);
#1905 = ORIENTED_EDGE('',*,*,#1877,.F.);
#1906 = ORIENTED_EDGE('',*,*,#1860,.F.);
#1907 = ORIENTED_EDGE('',*,*,#1838,.F.);
#1908 = PLANE('',#1909);
#1909 = AXIS2_PLACEMENT_3D('',#1910,#1911,#1912);
#1910 = CARTESIAN_POINT('',(7.26485731598,-20.1745858764,9.727531480394)
  );
#1911 = DIRECTION('',(-0.951056516295,-0.309016994375,0.));
#1912 = DIRECTION('',(-0.,0.,-1.));
#1913 = ADVANCED_FACE('',(#1914),#1920,.T.);
#1914 = FACE_BOUND('',#1915,.T.);
#1915 = EDGE_LOOP('',(#1916,#1917,#1918,#1919));
#1916 = ORIENTED_EDGE('',*,*,#1326,.F.);
#1917 = ORIENTED_EDGE('',*,*,#1707,.F.);
#1918 = ORIENTED_EDGE('',*,*,#1845,.F.);
#1919 = ORIENTED_EDGE('',*,*,#1820,.F.);
#1920 = PLANE('',#1921);
#1921 = AXIS2_PLACEMENT_3D('',#1922,#1923,#1924);
#1922 = CARTESIAN_POINT('',(7.460993629111,-20.37372288118,
    9.977531480394));
#1923 = DIRECTION('',(0.,0.,1.));
#1924 = DIRECTION('',(-0.309016994375,0.951056516295,0.));
#1925 = ADVANCED_FACE('',(#1926),#1955,.T.);
#1926 = FACE_BOUND('',#1927,.T.);
#1927 = EDGE_LOOP('',(#1928,#1939,#1948));
#1928 = ORIENTED_EDGE('',*,*,#1929,.T.);
#1929 = EDGE_CURVE('',#1930,#1932,#1934,.T.);
#1930 = VERTEX_POINT('',#1931);
#1931 = CARTESIAN_POINT('',(8.355047853165,-19.24205727489,6.1));
#1932 = VERTEX_POINT('',#1933);
#1933 = CARTESIAN_POINT('',(8.733069906366,-19.43466913147,6.1));
#1934 = CIRCLE('',#1935,0.3);
#1935 = AXIS2_PLACEMENT_3D('',#1936,#1937,#1938);
#1936 = CARTESIAN_POINT('',(8.447752951477,-19.52737422978,6.1));
#1937 = DIRECTION('',(0.,0.,-1.));
#1938 = DIRECTION('',(0.951056516295,0.309016994375,0.));
#1939 = ORIENTED_EDGE('',*,*,#1940,.T.);
#1940 = EDGE_CURVE('',#1932,#1941,#1943,.T.);
#1941 = VERTEX_POINT('',#1942);
#1942 = CARTESIAN_POINT('',(8.447752951477,-19.52737422978,5.8));
#1943 = CIRCLE('',#1944,0.3);
#1944 = AXIS2_PLACEMENT_3D('',#1945,#1946,#1947);
#1945 = CARTESIAN_POINT('',(8.447752951477,-19.52737422978,6.1));
#1946 = DIRECTION('',(-0.309016994375,0.951056516295,0.));
#1947 = DIRECTION('',(0.,0.,-1.));
#1948 = ORIENTED_EDGE('',*,*,#1949,.T.);
#1949 = EDGE_CURVE('',#1941,#1930,#1950,.T.);
#1950 = CIRCLE('',#1951,0.3);
#1951 = AXIS2_PLACEMENT_3D('',#1952,#1953,#1954);
#1952 = CARTESIAN_POINT('',(8.447752951477,-19.52737422978,6.1));
#1953 = DIRECTION('',(0.951056516295,0.309016994375,0.));
#1954 = DIRECTION('',(-0.309016994375,0.951056516295,0.));
#1955 = SPHERICAL_SURFACE('',#1956,0.3);
#1956 = AXIS2_PLACEMENT_3D('',#1957,#1958,#1959);
#1957 = CARTESIAN_POINT('',(8.447752951477,-19.52737422978,6.1));
#1958 = DIRECTION('',(-0.928759971197,0.290357401074,-0.230428938165));
#1959 = DIRECTION('',(0.370681690811,0.727503780584,-0.57735026919));
#1960 = ADVANCED_FACE('',(#1961),#1989,.T.);
#1961 = FACE_BOUND('',#1962,.T.);
#1962 = EDGE_LOOP('',(#1963,#1974,#1981,#1982));
#1963 = ORIENTED_EDGE('',*,*,#1964,.T.);
#1964 = EDGE_CURVE('',#1965,#1967,#1969,.T.);
#1965 = VERTEX_POINT('',#1966);
#1966 = CARTESIAN_POINT('',(8.715079323972,-20.35012020546,5.8));
#1967 = VERTEX_POINT('',#1968);
#1968 = CARTESIAN_POINT('',(9.000396278861,-20.25741510715,6.1));
#1969 = CIRCLE('',#1970,0.3);
#1970 = AXIS2_PLACEMENT_3D('',#1971,#1972,#1973);
#1971 = CARTESIAN_POINT('',(8.715079323972,-20.35012020546,6.1));
#1972 = DIRECTION('',(0.309016994375,-0.951056516295,0.));
#1973 = DIRECTION('',(0.,0.,-1.));
#1974 = ORIENTED_EDGE('',*,*,#1975,.T.);
#1975 = EDGE_CURVE('',#1967,#932,#1976,.T.);
#1976 = CIRCLE('',#1977,0.3);
#1977 = AXIS2_PLACEMENT_3D('',#1978,#1979,#1980);
#1978 = CARTESIAN_POINT('',(9.285713233749,-20.16471000883,6.1));
#1979 = DIRECTION('',(0.,0.,1.));
#1980 = DIRECTION('',(-0.400942691003,-0.916103137497,0.));
#1981 = ORIENTED_EDGE('',*,*,#939,.F.);
#1982 = ORIENTED_EDGE('',*,*,#1983,.T.);
#1983 = EDGE_CURVE('',#940,#1965,#1984,.T.);
#1984 = CIRCLE('',#1985,0.6);
#1985 = AXIS2_PLACEMENT_3D('',#1986,#1987,#1988);
#1986 = CARTESIAN_POINT('',(9.285713233749,-20.16471000883,5.8));
#1987 = DIRECTION('',(0.,0.,-1.));
#1988 = DIRECTION('',(-0.400942691003,-0.916103137497,-0.));
#1989 = TOROIDAL_SURFACE('',#1990,0.6,0.3);
#1990 = AXIS2_PLACEMENT_3D('',#1991,#1992,#1993);
#1991 = CARTESIAN_POINT('',(9.285713233749,-20.16471000883,6.1));
#1992 = DIRECTION('',(0.,0.,-1.));
#1993 = DIRECTION('',(-1.,0.,0.));
#1994 = ADVANCED_FACE('',(#1995),#2011,.T.);
#1995 = FACE_BOUND('',#1996,.T.);
#1996 = EDGE_LOOP('',(#1997,#1998,#2004,#2005));
#1997 = ORIENTED_EDGE('',*,*,#1940,.F.);
#1998 = ORIENTED_EDGE('',*,*,#1999,.T.);
#1999 = EDGE_CURVE('',#1932,#1967,#2000,.T.);
#2000 = LINE('',#2001,#2002);
#2001 = CARTESIAN_POINT('',(8.756246180944,-19.50599837019,6.1));
#2002 = VECTOR('',#2003,1.);
#2003 = DIRECTION('',(0.309016994375,-0.951056516295,0.));
#2004 = ORIENTED_EDGE('',*,*,#1964,.F.);
#2005 = ORIENTED_EDGE('',*,*,#2006,.T.);
#2006 = EDGE_CURVE('',#1965,#1941,#2007,.T.);
#2007 = LINE('',#2008,#2009);
#2008 = CARTESIAN_POINT('',(8.470929226055,-19.5987034685,5.8));
#2009 = VECTOR('',#2010,1.);
#2010 = DIRECTION('',(-0.309016994375,0.951056516295,0.));
#2011 = CYLINDRICAL_SURFACE('',#2012,0.3);
#2012 = AXIS2_PLACEMENT_3D('',#2013,#2014,#2015);
#2013 = CARTESIAN_POINT('',(8.470929226055,-19.5987034685,6.1));
#2014 = DIRECTION('',(-0.309016994375,0.951056516295,0.));
#2015 = DIRECTION('',(0.672498511964,0.218508012224,-0.707106781187));
#2016 = ADVANCED_FACE('',(#2017),#2036,.T.);
#2017 = FACE_BOUND('',#2018,.T.);
#2018 = EDGE_LOOP('',(#2019,#2028,#2035));
#2019 = ORIENTED_EDGE('',*,*,#2020,.T.);
#2020 = EDGE_CURVE('',#1491,#2021,#2023,.T.);
#2021 = VERTEX_POINT('',#2022);
#2022 = CARTESIAN_POINT('',(7.591802086812,-19.80548952472,5.8));
#2023 = CIRCLE('',#2024,0.3);
#2024 = AXIS2_PLACEMENT_3D('',#2025,#2026,#2027);
#2025 = CARTESIAN_POINT('',(7.591802086812,-19.80548952472,6.1));
#2026 = DIRECTION('',(-0.951056516295,-0.309016994375,0.));
#2027 = DIRECTION('',(-0.,0.,-1.));
#2028 = ORIENTED_EDGE('',*,*,#2029,.T.);
#2029 = EDGE_CURVE('',#2021,#1499,#2030,.T.);
#2030 = CIRCLE('',#2031,0.3);
#2031 = AXIS2_PLACEMENT_3D('',#2032,#2033,#2034);
#2032 = CARTESIAN_POINT('',(7.591802086812,-19.80548952472,6.1));
#2033 = DIRECTION('',(-0.309016994375,0.951056516295,8.182824887923E-15)
  );
#2034 = DIRECTION('',(-0.951056516295,-0.309016994375,7.88860905221E-31)
  );
#2035 = ORIENTED_EDGE('',*,*,#1498,.T.);
#2036 = SPHERICAL_SURFACE('',#2037,0.3);
#2037 = AXIS2_PLACEMENT_3D('',#2038,#2039,#2040);
#2038 = CARTESIAN_POINT('',(7.591802086812,-19.80548952472,6.1));
#2039 = DIRECTION('',(0.51442285659,-0.262111537234,-0.816496580928));
#2040 = DIRECTION('',(-0.727503780584,0.370681690811,-0.57735026919));
#2041 = ADVANCED_FACE('',(#2042),#2061,.T.);
#2042 = FACE_BOUND('',#2043,.T.);
#2043 = EDGE_LOOP('',(#2044,#2053,#2054,#2055));
#2044 = ORIENTED_EDGE('',*,*,#2045,.T.);
#2045 = EDGE_CURVE('',#2046,#1526,#2048,.T.);
#2046 = VERTEX_POINT('',#2047);
#2047 = CARTESIAN_POINT('',(7.904599261814,-20.76818024069,5.8));
#2048 = CIRCLE('',#2049,0.3);
#2049 = AXIS2_PLACEMENT_3D('',#2050,#2051,#2052);
#2050 = CARTESIAN_POINT('',(7.904599261814,-20.76818024069,6.1));
#2051 = DIRECTION('',(-0.309016994375,0.951056516295,0.));
#2052 = DIRECTION('',(0.,0.,-1.));
#2053 = ORIENTED_EDGE('',*,*,#1525,.T.);
#2054 = ORIENTED_EDGE('',*,*,#2029,.F.);
#2055 = ORIENTED_EDGE('',*,*,#2056,.T.);
#2056 = EDGE_CURVE('',#2021,#2046,#2057,.T.);
#2057 = LINE('',#2058,#2059);
#2058 = CARTESIAN_POINT('',(7.86275398871,-20.63939373256,5.8));
#2059 = VECTOR('',#2060,1.);
#2060 = DIRECTION('',(0.309016994375,-0.951056516295,0.));
#2061 = CYLINDRICAL_SURFACE('',#2062,0.3);
#2062 = AXIS2_PLACEMENT_3D('',#2063,#2064,#2065);
#2063 = CARTESIAN_POINT('',(7.86275398871,-20.63939373256,6.1));
#2064 = DIRECTION('',(0.309016994375,-0.951056516295,0.));
#2065 = DIRECTION('',(-0.672498511964,-0.218508012224,-0.707106781187));
#2066 = ADVANCED_FACE('',(#2067),#2085,.T.);
#2067 = FACE_BOUND('',#2068,.T.);
#2068 = EDGE_LOOP('',(#2069,#2070,#2077,#2078));
#2069 = ORIENTED_EDGE('',*,*,#963,.F.);
#2070 = ORIENTED_EDGE('',*,*,#2071,.T.);
#2071 = EDGE_CURVE('',#964,#1526,#2072,.T.);
#2072 = CIRCLE('',#2073,0.3);
#2073 = AXIS2_PLACEMENT_3D('',#2074,#2075,#2076);
#2074 = CARTESIAN_POINT('',(7.333965352037,-20.95359043732,6.1));
#2075 = DIRECTION('',(0.,0.,1.));
#2076 = DIRECTION('',(0.89606284816,-0.443927214921,0.));
#2077 = ORIENTED_EDGE('',*,*,#2045,.F.);
#2078 = ORIENTED_EDGE('',*,*,#2079,.T.);
#2079 = EDGE_CURVE('',#2046,#955,#2080,.T.);
#2080 = CIRCLE('',#2081,0.6);
#2081 = AXIS2_PLACEMENT_3D('',#2082,#2083,#2084);
#2082 = CARTESIAN_POINT('',(7.333965352037,-20.95359043732,5.8));
#2083 = DIRECTION('',(0.,0.,-1.));
#2084 = DIRECTION('',(0.89606284816,-0.443927214921,0.));
#2085 = TOROIDAL_SURFACE('',#2086,0.6,0.3);
#2086 = AXIS2_PLACEMENT_3D('',#2087,#2088,#2089);
#2087 = CARTESIAN_POINT('',(7.333965352037,-20.95359043732,6.1));
#2088 = DIRECTION('',(0.,0.,-1.));
#2089 = DIRECTION('',(0.89606284816,-0.443927214921,0.));
#2090 = ADVANCED_FACE('',(#2091),#2119,.T.);
#2091 = FACE_BOUND('',#2092,.T.);
#2092 = EDGE_LOOP('',(#2093,#2102,#2111,#2118));
#2093 = ORIENTED_EDGE('',*,*,#2094,.T.);
#2094 = EDGE_CURVE('',#1474,#2095,#2097,.T.);
#2095 = VERTEX_POINT('',#2096);
#2096 = CARTESIAN_POINT('',(7.021168177035,-19.99089972134,20.25));
#2097 = CIRCLE('',#2098,0.3);
#2098 = AXIS2_PLACEMENT_3D('',#2099,#2100,#2101);
#2099 = CARTESIAN_POINT('',(7.021168177035,-19.99089972134,19.95));
#2100 = DIRECTION('',(0.309016994375,-0.951056516295,0.));
#2101 = DIRECTION('',(0.,0.,1.));
#2102 = ORIENTED_EDGE('',*,*,#2103,.F.);
#2103 = EDGE_CURVE('',#2104,#2095,#2106,.T.);
#2104 = VERTEX_POINT('',#2105);
#2105 = CARTESIAN_POINT('',(6.928463078722,-19.70558276645,20.55));
#2106 = CIRCLE('',#2107,0.3);
#2107 = AXIS2_PLACEMENT_3D('',#2108,#2109,#2110);
#2108 = CARTESIAN_POINT('',(7.021168177035,-19.99089972134,20.55));
#2109 = DIRECTION('',(-0.951056516295,-0.309016994375,0.));
#2110 = DIRECTION('',(-0.309016994375,0.951056516295,0.));
#2111 = ORIENTED_EDGE('',*,*,#2112,.T.);
#2112 = EDGE_CURVE('',#2104,#1482,#2113,.T.);
#2113 = CIRCLE('',#2114,0.6);
#2114 = AXIS2_PLACEMENT_3D('',#2115,#2116,#2117);
#2115 = CARTESIAN_POINT('',(6.928463078722,-19.70558276645,19.95));
#2116 = DIRECTION('',(-0.309016994375,0.951056516295,0.));
#2117 = DIRECTION('',(0.672498511964,0.218508012224,0.707106781187));
#2118 = ORIENTED_EDGE('',*,*,#1481,.F.);
#2119 = TOROIDAL_SURFACE('',#2120,0.6,0.3);
#2120 = AXIS2_PLACEMENT_3D('',#2121,#2122,#2123);
#2121 = CARTESIAN_POINT('',(7.021168177035,-19.99089972134,19.95));
#2122 = DIRECTION('',(0.309016994375,-0.951056516295,0.));
#2123 = DIRECTION('',(0.,0.,-1.));
#2124 = ADVANCED_FACE('',(#2125),#2163,.T.);
#2125 = FACE_BOUND('',#2126,.T.);
#2126 = EDGE_LOOP('',(#2127,#2138,#2147,#2156));
#2127 = ORIENTED_EDGE('',*,*,#2128,.F.);
#2128 = EDGE_CURVE('',#2129,#2131,#2133,.T.);
#2129 = VERTEX_POINT('',#2130);
#2130 = CARTESIAN_POINT('',(6.070111660679,-20.29991671574,20.25));
#2131 = VERTEX_POINT('',#2132);
#2132 = CARTESIAN_POINT('',(5.977406562367,-20.01459976085,20.55));
#2133 = CIRCLE('',#2134,0.3);
#2134 = AXIS2_PLACEMENT_3D('',#2135,#2136,#2137);
#2135 = CARTESIAN_POINT('',(6.070111660679,-20.29991671574,20.55));
#2136 = DIRECTION('',(0.951056516295,0.309016994375,0.));
#2137 = DIRECTION('',(0.,0.,-1.));
#2138 = ORIENTED_EDGE('',*,*,#2139,.T.);
#2139 = EDGE_CURVE('',#2129,#2140,#2142,.T.);
#2140 = VERTEX_POINT('',#2141);
#2141 = CARTESIAN_POINT('',(5.784794705791,-20.39262181405,19.95));
#2142 = CIRCLE('',#2143,0.3);
#2143 = AXIS2_PLACEMENT_3D('',#2144,#2145,#2146);
#2144 = CARTESIAN_POINT('',(6.070111660679,-20.29991671574,19.95));
#2145 = DIRECTION('',(0.309016994375,-0.951056516295,0.));
#2146 = DIRECTION('',(-0.951056516295,-0.309016994375,0.));
#2147 = ORIENTED_EDGE('',*,*,#2148,.F.);
#2148 = EDGE_CURVE('',#2149,#2140,#2151,.T.);
#2149 = VERTEX_POINT('',#2150);
#2150 = CARTESIAN_POINT('',(5.40677265259,-20.20000995747,19.95));
#2151 = CIRCLE('',#2152,0.3);
#2152 = AXIS2_PLACEMENT_3D('',#2153,#2154,#2155);
#2153 = CARTESIAN_POINT('',(5.499477750902,-20.48532691236,19.95));
#2154 = DIRECTION('',(0.,0.,-1.));
#2155 = DIRECTION('',(-0.309016994375,0.951056516295,0.));
#2156 = ORIENTED_EDGE('',*,*,#2157,.T.);
#2157 = EDGE_CURVE('',#2149,#2131,#2158,.T.);
#2158 = CIRCLE('',#2159,0.6);
#2159 = AXIS2_PLACEMENT_3D('',#2160,#2161,#2162);
#2160 = CARTESIAN_POINT('',(5.977406562367,-20.01459976085,19.95));
#2161 = DIRECTION('',(-0.309016994375,0.951056516295,-2.775557561563E-17
    ));
#2162 = DIRECTION('',(-0.672498511964,-0.218508012224,0.707106781187));
#2163 = TOROIDAL_SURFACE('',#2164,0.6,0.3);
#2164 = AXIS2_PLACEMENT_3D('',#2165,#2166,#2167);
#2165 = CARTESIAN_POINT('',(6.070111660679,-20.29991671574,19.95));
#2166 = DIRECTION('',(0.309016994375,-0.951056516295,0.));
#2167 = DIRECTION('',(0.,0.,-1.));
#2168 = ADVANCED_FACE('',(#2169),#2195,.F.);
#2169 = FACE_BOUND('',#2170,.F.);
#2170 = EDGE_LOOP('',(#2171,#2179,#2180,#2188));
#2171 = ORIENTED_EDGE('',*,*,#2172,.F.);
#2172 = EDGE_CURVE('',#2129,#2173,#2175,.T.);
#2173 = VERTEX_POINT('',#2174);
#2174 = CARTESIAN_POINT('',(6.382908835681,-21.26260743171,20.25));
#2175 = LINE('',#2176,#2177);
#2176 = CARTESIAN_POINT('',(6.093287935257,-20.37124595446,20.25));
#2177 = VECTOR('',#2178,1.);
#2178 = DIRECTION('',(0.309016994375,-0.951056516295,0.));
#2179 = ORIENTED_EDGE('',*,*,#2139,.T.);
#2180 = ORIENTED_EDGE('',*,*,#2181,.F.);
#2181 = EDGE_CURVE('',#2182,#2140,#2184,.T.);
#2182 = VERTEX_POINT('',#2183);
#2183 = CARTESIAN_POINT('',(6.097591880793,-21.35531253003,19.95));
#2184 = LINE('',#2185,#2186);
#2185 = CARTESIAN_POINT('',(5.807970980369,-20.46395105277,19.95));
#2186 = VECTOR('',#2187,1.);
#2187 = DIRECTION('',(-0.309016994375,0.951056516295,0.));
#2188 = ORIENTED_EDGE('',*,*,#2189,.F.);
#2189 = EDGE_CURVE('',#2173,#2182,#2190,.T.);
#2190 = CIRCLE('',#2191,0.3);
#2191 = AXIS2_PLACEMENT_3D('',#2192,#2193,#2194);
#2192 = CARTESIAN_POINT('',(6.382908835681,-21.26260743171,19.95));
#2193 = DIRECTION('',(0.309016994375,-0.951056516295,0.));
#2194 = DIRECTION('',(0.,0.,1.));
#2195 = CYLINDRICAL_SURFACE('',#2196,0.3);
#2196 = AXIS2_PLACEMENT_3D('',#2197,#2198,#2199);
#2197 = CARTESIAN_POINT('',(6.093287935257,-20.37124595446,19.95));
#2198 = DIRECTION('',(0.309016994375,-0.951056516295,0.));
#2199 = DIRECTION('',(-0.672498511964,-0.218508012224,0.707106781187));
#2200 = ADVANCED_FACE('',(#2201),#2230,.T.);
#2201 = FACE_BOUND('',#2202,.T.);
#2202 = EDGE_LOOP('',(#2203,#2214,#2223));
#2203 = ORIENTED_EDGE('',*,*,#2204,.T.);
#2204 = EDGE_CURVE('',#2205,#2207,#2209,.T.);
#2205 = VERTEX_POINT('',#2206);
#2206 = CARTESIAN_POINT('',(5.40677265259,-20.20000995747,6.1));
#2207 = VERTEX_POINT('',#2208);
#2208 = CARTESIAN_POINT('',(5.784794705791,-20.39262181405,6.1));
#2209 = CIRCLE('',#2210,0.3);
#2210 = AXIS2_PLACEMENT_3D('',#2211,#2212,#2213);
#2211 = CARTESIAN_POINT('',(5.499477750902,-20.48532691236,6.1));
#2212 = DIRECTION('',(0.,0.,-1.));
#2213 = DIRECTION('',(0.951056516295,0.309016994375,0.));
#2214 = ORIENTED_EDGE('',*,*,#2215,.T.);
#2215 = EDGE_CURVE('',#2207,#2216,#2218,.T.);
#2216 = VERTEX_POINT('',#2217);
#2217 = CARTESIAN_POINT('',(5.499477750902,-20.48532691236,5.8));
#2218 = CIRCLE('',#2219,0.3);
#2219 = AXIS2_PLACEMENT_3D('',#2220,#2221,#2222);
#2220 = CARTESIAN_POINT('',(5.499477750902,-20.48532691236,6.1));
#2221 = DIRECTION('',(-0.309016994375,0.951056516295,0.));
#2222 = DIRECTION('',(0.,0.,-1.));
#2223 = ORIENTED_EDGE('',*,*,#2224,.T.);
#2224 = EDGE_CURVE('',#2216,#2205,#2225,.T.);
#2225 = CIRCLE('',#2226,0.3);
#2226 = AXIS2_PLACEMENT_3D('',#2227,#2228,#2229);
#2227 = CARTESIAN_POINT('',(5.499477750902,-20.48532691236,6.1));
#2228 = DIRECTION('',(0.951056516295,0.309016994375,-3.519616140369E-15)
  );
#2229 = DIRECTION('',(-0.309016994375,0.951056516295,0.));
#2230 = SPHERICAL_SURFACE('',#2231,0.3);
#2231 = AXIS2_PLACEMENT_3D('',#2232,#2233,#2234);
#2232 = CARTESIAN_POINT('',(5.499477750902,-20.48532691236,6.1));
#2233 = DIRECTION('',(-0.928759971197,0.290357401074,-0.230428938165));
#2234 = DIRECTION('',(0.370681690811,0.727503780584,-0.57735026919));
#2235 = ADVANCED_FACE('',(#2236),#2264,.T.);
#2236 = FACE_BOUND('',#2237,.T.);
#2237 = EDGE_LOOP('',(#2238,#2249,#2256,#2257));
#2238 = ORIENTED_EDGE('',*,*,#2239,.T.);
#2239 = EDGE_CURVE('',#2240,#2242,#2244,.T.);
#2240 = VERTEX_POINT('',#2241);
#2241 = CARTESIAN_POINT('',(5.812274925904,-21.44801762834,5.8));
#2242 = VERTEX_POINT('',#2243);
#2243 = CARTESIAN_POINT('',(6.097591880793,-21.35531253003,6.1));
#2244 = CIRCLE('',#2245,0.3);
#2245 = AXIS2_PLACEMENT_3D('',#2246,#2247,#2248);
#2246 = CARTESIAN_POINT('',(5.812274925904,-21.44801762834,6.1));
#2247 = DIRECTION('',(0.309016994375,-0.951056516295,0.));
#2248 = DIRECTION('',(0.,0.,-1.));
#2249 = ORIENTED_EDGE('',*,*,#2250,.T.);
#2250 = EDGE_CURVE('',#2242,#848,#2251,.T.);
#2251 = CIRCLE('',#2252,0.3);
#2252 = AXIS2_PLACEMENT_3D('',#2253,#2254,#2255);
#2253 = CARTESIAN_POINT('',(6.382908835681,-21.26260743171,6.1));
#2254 = DIRECTION('',(0.,0.,1.));
#2255 = DIRECTION('',(-0.463996202167,-0.885837188412,0.));
#2256 = ORIENTED_EDGE('',*,*,#855,.F.);
#2257 = ORIENTED_EDGE('',*,*,#2258,.T.);
#2258 = EDGE_CURVE('',#856,#2240,#2259,.T.);
#2259 = CIRCLE('',#2260,0.6);
#2260 = AXIS2_PLACEMENT_3D('',#2261,#2262,#2263);
#2261 = CARTESIAN_POINT('',(6.382908835681,-21.26260743171,5.8));
#2262 = DIRECTION('',(0.,0.,-1.));
#2263 = DIRECTION('',(-0.463996202167,-0.885837188412,-0.));
#2264 = TOROIDAL_SURFACE('',#2265,0.6,0.3);
#2265 = AXIS2_PLACEMENT_3D('',#2266,#2267,#2268);
#2266 = CARTESIAN_POINT('',(6.382908835681,-21.26260743171,6.1));
#2267 = DIRECTION('',(0.,0.,-1.));
#2268 = DIRECTION('',(-1.,0.,0.));
#2269 = ADVANCED_FACE('',(#2270),#2286,.T.);
#2270 = FACE_BOUND('',#2271,.T.);
#2271 = EDGE_LOOP('',(#2272,#2273,#2279,#2280));
#2272 = ORIENTED_EDGE('',*,*,#2215,.F.);
#2273 = ORIENTED_EDGE('',*,*,#2274,.T.);
#2274 = EDGE_CURVE('',#2207,#2242,#2275,.T.);
#2275 = LINE('',#2276,#2277);
#2276 = CARTESIAN_POINT('',(5.807970980369,-20.46395105277,6.1));
#2277 = VECTOR('',#2278,1.);
#2278 = DIRECTION('',(0.309016994375,-0.951056516295,0.));
#2279 = ORIENTED_EDGE('',*,*,#2239,.F.);
#2280 = ORIENTED_EDGE('',*,*,#2281,.T.);
#2281 = EDGE_CURVE('',#2240,#2216,#2282,.T.);
#2282 = LINE('',#2283,#2284);
#2283 = CARTESIAN_POINT('',(5.52265402548,-20.55665615108,5.8));
#2284 = VECTOR('',#2285,1.);
#2285 = DIRECTION('',(-0.309016994375,0.951056516295,0.));
#2286 = CYLINDRICAL_SURFACE('',#2287,0.3);
#2287 = AXIS2_PLACEMENT_3D('',#2288,#2289,#2290);
#2288 = CARTESIAN_POINT('',(5.52265402548,-20.55665615108,6.1));
#2289 = DIRECTION('',(-0.309016994375,0.951056516295,0.));
#2290 = DIRECTION('',(0.672498511964,0.218508012224,-0.707106781187));
#2291 = ADVANCED_FACE('',(#2292),#2321,.T.);
#2292 = FACE_BOUND('',#2293,.T.);
#2293 = EDGE_LOOP('',(#2294,#2305,#2314));
#2294 = ORIENTED_EDGE('',*,*,#2295,.T.);
#2295 = EDGE_CURVE('',#2296,#2298,#2300,.T.);
#2296 = VERTEX_POINT('',#2297);
#2297 = CARTESIAN_POINT('',(4.358209931348,-20.85614730561,6.1));
#2298 = VERTEX_POINT('',#2299);
#2299 = CARTESIAN_POINT('',(4.550821787924,-20.47812525241,6.1));
#2300 = CIRCLE('',#2301,0.3);
#2301 = AXIS2_PLACEMENT_3D('',#2302,#2303,#2304);
#2302 = CARTESIAN_POINT('',(4.643526886237,-20.7634422073,6.1));
#2303 = DIRECTION('',(0.,0.,-1.));
#2304 = DIRECTION('',(-0.309016994375,0.951056516295,0.));
#2305 = ORIENTED_EDGE('',*,*,#2306,.T.);
#2306 = EDGE_CURVE('',#2298,#2307,#2309,.T.);
#2307 = VERTEX_POINT('',#2308);
#2308 = CARTESIAN_POINT('',(4.643526886237,-20.7634422073,5.8));
#2309 = CIRCLE('',#2310,0.3);
#2310 = AXIS2_PLACEMENT_3D('',#2311,#2312,#2313);
#2311 = CARTESIAN_POINT('',(4.643526886237,-20.7634422073,6.1));
#2312 = DIRECTION('',(-0.951056516295,-0.309016994375,0.));
#2313 = DIRECTION('',(-0.,0.,-1.));
#2314 = ORIENTED_EDGE('',*,*,#2315,.T.);
#2315 = EDGE_CURVE('',#2307,#2296,#2316,.T.);
#2316 = CIRCLE('',#2317,0.3);
#2317 = AXIS2_PLACEMENT_3D('',#2318,#2319,#2320);
#2318 = CARTESIAN_POINT('',(4.643526886237,-20.7634422073,6.1));
#2319 = DIRECTION('',(-0.309016994375,0.951056516295,0.));
#2320 = DIRECTION('',(-0.951056516295,-0.309016994375,0.));
#2321 = SPHERICAL_SURFACE('',#2322,0.3);
#2322 = AXIS2_PLACEMENT_3D('',#2323,#2324,#2325);
#2323 = CARTESIAN_POINT('',(4.643526886237,-20.7634422073,6.1));
#2324 = DIRECTION('',(0.51442285659,-0.262111537234,-0.816496580928));
#2325 = DIRECTION('',(-0.727503780584,0.370681690811,-0.57735026919));
#2326 = ADVANCED_FACE('',(#2327),#2343,.T.);
#2327 = FACE_BOUND('',#2328,.T.);
#2328 = EDGE_LOOP('',(#2329,#2330,#2336,#2337));
#2329 = ORIENTED_EDGE('',*,*,#2306,.F.);
#2330 = ORIENTED_EDGE('',*,*,#2331,.T.);
#2331 = EDGE_CURVE('',#2298,#2205,#2332,.T.);
#2332 = LINE('',#2333,#2334);
#2333 = CARTESIAN_POINT('',(6.833357427078,-19.7364844659,6.1));
#2334 = VECTOR('',#2335,1.);
#2335 = DIRECTION('',(0.951056516295,0.309016994375,0.));
#2336 = ORIENTED_EDGE('',*,*,#2224,.F.);
#2337 = ORIENTED_EDGE('',*,*,#2338,.T.);
#2338 = EDGE_CURVE('',#2216,#2307,#2339,.T.);
#2339 = LINE('',#2340,#2341);
#2340 = CARTESIAN_POINT('',(6.92606252539,-20.02180142078,5.8));
#2341 = VECTOR('',#2342,1.);
#2342 = DIRECTION('',(-0.951056516295,-0.309016994375,0.));
#2343 = CYLINDRICAL_SURFACE('',#2344,0.3);
#2344 = AXIS2_PLACEMENT_3D('',#2345,#2346,#2347);
#2345 = CARTESIAN_POINT('',(6.92606252539,-20.02180142078,6.1));
#2346 = DIRECTION('',(-0.951056516295,-0.309016994375,0.));
#2347 = DIRECTION('',(-0.218508012224,0.672498511964,-0.707106781187));
#2348 = ADVANCED_FACE('',(#2349),#2375,.T.);
#2349 = FACE_BOUND('',#2350,.T.);
#2350 = EDGE_LOOP('',(#2351,#2362,#2368,#2369));
#2351 = ORIENTED_EDGE('',*,*,#2352,.T.);
#2352 = EDGE_CURVE('',#2353,#2355,#2357,.T.);
#2353 = VERTEX_POINT('',#2354);
#2354 = CARTESIAN_POINT('',(4.910853258731,-21.58618818298,5.8));
#2355 = VERTEX_POINT('',#2356);
#2356 = CARTESIAN_POINT('',(4.625536303843,-21.67889328129,6.1));
#2357 = CIRCLE('',#2358,0.3);
#2358 = AXIS2_PLACEMENT_3D('',#2359,#2360,#2361);
#2359 = CARTESIAN_POINT('',(4.910853258731,-21.58618818298,6.1));
#2360 = DIRECTION('',(-0.309016994375,0.951056516295,0.));
#2361 = DIRECTION('',(0.,0.,-1.));
#2362 = ORIENTED_EDGE('',*,*,#2363,.T.);
#2363 = EDGE_CURVE('',#2355,#2296,#2364,.T.);
#2364 = LINE('',#2365,#2366);
#2365 = CARTESIAN_POINT('',(4.613148951707,-21.64076893155,6.1));
#2366 = VECTOR('',#2367,1.);
#2367 = DIRECTION('',(-0.309016994375,0.951056516295,0.));
#2368 = ORIENTED_EDGE('',*,*,#2315,.F.);
#2369 = ORIENTED_EDGE('',*,*,#2370,.T.);
#2370 = EDGE_CURVE('',#2307,#2353,#2371,.T.);
#2371 = LINE('',#2372,#2373);
#2372 = CARTESIAN_POINT('',(4.898465906596,-21.54806383324,5.8));
#2373 = VECTOR('',#2374,1.);
#2374 = DIRECTION('',(0.309016994375,-0.951056516295,0.));
#2375 = CYLINDRICAL_SURFACE('',#2376,0.3);
#2376 = AXIS2_PLACEMENT_3D('',#2377,#2378,#2379);
#2377 = CARTESIAN_POINT('',(4.898465906596,-21.54806383324,6.1));
#2378 = DIRECTION('',(0.309016994375,-0.951056516295,0.));
#2379 = DIRECTION('',(-0.672498511964,-0.218508012224,-0.707106781187));
#2380 = ADVANCED_FACE('',(#2381),#2399,.T.);
#2381 = FACE_BOUND('',#2382,.T.);
#2382 = EDGE_LOOP('',(#2383,#2384,#2391,#2392));
#2383 = ORIENTED_EDGE('',*,*,#879,.F.);
#2384 = ORIENTED_EDGE('',*,*,#2385,.T.);
#2385 = EDGE_CURVE('',#880,#2355,#2386,.T.);
#2386 = CIRCLE('',#2387,0.3);
#2387 = AXIS2_PLACEMENT_3D('',#2388,#2389,#2390);
#2388 = CARTESIAN_POINT('',(4.340219348954,-21.7715983796,6.1));
#2389 = DIRECTION('',(0.,0.,1.));
#2390 = DIRECTION('',(0.862841364591,-0.505474806049,0.));
#2391 = ORIENTED_EDGE('',*,*,#2352,.F.);
#2392 = ORIENTED_EDGE('',*,*,#2393,.T.);
#2393 = EDGE_CURVE('',#2353,#871,#2394,.T.);
#2394 = CIRCLE('',#2395,0.6);
#2395 = AXIS2_PLACEMENT_3D('',#2396,#2397,#2398);
#2396 = CARTESIAN_POINT('',(4.340219348954,-21.7715983796,5.8));
#2397 = DIRECTION('',(0.,0.,-1.));
#2398 = DIRECTION('',(0.862841364591,-0.505474806049,0.));
#2399 = TOROIDAL_SURFACE('',#2400,0.6,0.3);
#2400 = AXIS2_PLACEMENT_3D('',#2401,#2402,#2403);
#2401 = CARTESIAN_POINT('',(4.340219348954,-21.7715983796,6.1));
#2402 = DIRECTION('',(0.,0.,-1.));
#2403 = DIRECTION('',(0.862841364591,-0.505474806049,0.));
#2404 = ADVANCED_FACE('',(#2405),#2434,.T.);
#2405 = FACE_BOUND('',#2406,.T.);
#2406 = EDGE_LOOP('',(#2407,#2418,#2427));
#2407 = ORIENTED_EDGE('',*,*,#2408,.T.);
#2408 = EDGE_CURVE('',#2409,#2411,#2413,.T.);
#2409 = VERTEX_POINT('',#2410);
#2410 = CARTESIAN_POINT('',(4.550821787924,-20.47812525241,21.45));
#2411 = VERTEX_POINT('',#2412);
#2412 = CARTESIAN_POINT('',(4.358209931348,-20.85614730561,21.45));
#2413 = CIRCLE('',#2414,0.3);
#2414 = AXIS2_PLACEMENT_3D('',#2415,#2416,#2417);
#2415 = CARTESIAN_POINT('',(4.643526886237,-20.7634422073,21.45));
#2416 = DIRECTION('',(0.,0.,1.));
#2417 = DIRECTION('',(-0.309016994375,0.951056516295,0.));
#2418 = ORIENTED_EDGE('',*,*,#2419,.T.);
#2419 = EDGE_CURVE('',#2411,#2420,#2422,.T.);
#2420 = VERTEX_POINT('',#2421);
#2421 = CARTESIAN_POINT('',(4.643526886237,-20.7634422073,21.75));
#2422 = CIRCLE('',#2423,0.3);
#2423 = AXIS2_PLACEMENT_3D('',#2424,#2425,#2426);
#2424 = CARTESIAN_POINT('',(4.643526886237,-20.7634422073,21.45));
#2425 = DIRECTION('',(-0.309016994375,0.951056516295,-2.775557561563E-17
    ));
#2426 = DIRECTION('',(-0.672498511964,-0.218508012224,0.707106781187));
#2427 = ORIENTED_EDGE('',*,*,#2428,.T.);
#2428 = EDGE_CURVE('',#2420,#2409,#2429,.T.);
#2429 = CIRCLE('',#2430,0.3);
#2430 = AXIS2_PLACEMENT_3D('',#2431,#2432,#2433);
#2431 = CARTESIAN_POINT('',(4.643526886237,-20.7634422073,21.45));
#2432 = DIRECTION('',(-0.951056516295,-0.309016994375,0.));
#2433 = DIRECTION('',(-0.218508012224,0.672498511964,0.707106781187));
#2434 = SPHERICAL_SURFACE('',#2435,0.3);
#2435 = AXIS2_PLACEMENT_3D('',#2436,#2437,#2438);
#2436 = CARTESIAN_POINT('',(4.643526886237,-20.7634422073,21.45));
#2437 = DIRECTION('',(-0.51442285659,0.262111537234,-0.816496580928));
#2438 = DIRECTION('',(-0.727503780584,0.370681690811,0.57735026919));
#2439 = ADVANCED_FACE('',(#2440),#2456,.T.);
#2440 = FACE_BOUND('',#2441,.T.);
#2441 = EDGE_LOOP('',(#2442,#2443,#2449,#2450));
#2442 = ORIENTED_EDGE('',*,*,#2408,.F.);
#2443 = ORIENTED_EDGE('',*,*,#2444,.T.);
#2444 = EDGE_CURVE('',#2409,#2298,#2445,.T.);
#2445 = LINE('',#2446,#2447);
#2446 = CARTESIAN_POINT('',(4.550821787924,-20.47812525241,20.25));
#2447 = VECTOR('',#2448,1.);
#2448 = DIRECTION('',(0.,0.,-1.));
#2449 = ORIENTED_EDGE('',*,*,#2295,.F.);
#2450 = ORIENTED_EDGE('',*,*,#2451,.T.);
#2451 = EDGE_CURVE('',#2296,#2411,#2452,.T.);
#2452 = LINE('',#2453,#2454);
#2453 = CARTESIAN_POINT('',(4.358209931348,-20.85614730561,20.25));
#2454 = VECTOR('',#2455,1.);
#2455 = DIRECTION('',(0.,0.,1.));
#2456 = CYLINDRICAL_SURFACE('',#2457,0.3);
#2457 = AXIS2_PLACEMENT_3D('',#2458,#2459,#2460);
#2458 = CARTESIAN_POINT('',(4.643526886237,-20.7634422073,20.25));
#2459 = DIRECTION('',(0.,0.,-1.));
#2460 = DIRECTION('',(-0.891006524188,0.45399049974,0.));
#2461 = ADVANCED_FACE('',(#2462),#2478,.T.);
#2462 = FACE_BOUND('',#2463,.T.);
#2463 = EDGE_LOOP('',(#2464,#2465,#2471,#2472));
#2464 = ORIENTED_EDGE('',*,*,#2204,.F.);
#2465 = ORIENTED_EDGE('',*,*,#2466,.T.);
#2466 = EDGE_CURVE('',#2205,#2149,#2467,.T.);
#2467 = LINE('',#2468,#2469);
#2468 = CARTESIAN_POINT('',(5.40677265259,-20.20000995747,20.25));
#2469 = VECTOR('',#2470,1.);
#2470 = DIRECTION('',(0.,0.,1.));
#2471 = ORIENTED_EDGE('',*,*,#2148,.T.);
#2472 = ORIENTED_EDGE('',*,*,#2473,.T.);
#2473 = EDGE_CURVE('',#2140,#2207,#2474,.T.);
#2474 = LINE('',#2475,#2476);
#2475 = CARTESIAN_POINT('',(5.784794705791,-20.39262181405,20.25));
#2476 = VECTOR('',#2477,1.);
#2477 = DIRECTION('',(0.,0.,-1.));
#2478 = CYLINDRICAL_SURFACE('',#2479,0.3);
#2479 = AXIS2_PLACEMENT_3D('',#2480,#2481,#2482);
#2480 = CARTESIAN_POINT('',(5.499477750902,-20.48532691236,20.25));
#2481 = DIRECTION('',(0.,0.,-1.));
#2482 = DIRECTION('',(0.45399049974,0.891006524188,0.));
#2483 = ADVANCED_FACE('',(#2484),#2500,.T.);
#2484 = FACE_BOUND('',#2485,.T.);
#2485 = EDGE_LOOP('',(#2486,#2487,#2493,#2494));
#2486 = ORIENTED_EDGE('',*,*,#2103,.T.);
#2487 = ORIENTED_EDGE('',*,*,#2488,.T.);
#2488 = EDGE_CURVE('',#2095,#2129,#2489,.T.);
#2489 = LINE('',#2490,#2491);
#2490 = CARTESIAN_POINT('',(6.92606252539,-20.02180142078,20.25));
#2491 = VECTOR('',#2492,1.);
#2492 = DIRECTION('',(-0.951056516295,-0.309016994375,0.));
#2493 = ORIENTED_EDGE('',*,*,#2128,.T.);
#2494 = ORIENTED_EDGE('',*,*,#2495,.T.);
#2495 = EDGE_CURVE('',#2131,#2104,#2496,.T.);
#2496 = LINE('',#2497,#2498);
#2497 = CARTESIAN_POINT('',(6.833357427078,-19.7364844659,20.55));
#2498 = VECTOR('',#2499,1.);
#2499 = DIRECTION('',(0.951056516295,0.309016994375,0.));
#2500 = CYLINDRICAL_SURFACE('',#2501,0.3);
#2501 = AXIS2_PLACEMENT_3D('',#2502,#2503,#2504);
#2502 = CARTESIAN_POINT('',(6.92606252539,-20.02180142078,20.55));
#2503 = DIRECTION('',(0.951056516295,0.309016994375,0.));
#2504 = DIRECTION('',(-0.218508012224,0.672498511964,-0.707106781187));
#2505 = ADVANCED_FACE('',(#2506),#2525,.F.);
#2506 = FACE_BOUND('',#2507,.F.);
#2507 = EDGE_LOOP('',(#2508,#2509,#2510,#2518));
#2508 = ORIENTED_EDGE('',*,*,#1541,.F.);
#2509 = ORIENTED_EDGE('',*,*,#2094,.T.);
#2510 = ORIENTED_EDGE('',*,*,#2511,.F.);
#2511 = EDGE_CURVE('',#2512,#2095,#2514,.T.);
#2512 = VERTEX_POINT('',#2513);
#2513 = CARTESIAN_POINT('',(7.333965352037,-20.95359043732,20.25));
#2514 = LINE('',#2515,#2516);
#2515 = CARTESIAN_POINT('',(7.292120078933,-20.82480392918,20.25));
#2516 = VECTOR('',#2517,1.);
#2517 = DIRECTION('',(-0.309016994375,0.951056516295,0.));
#2518 = ORIENTED_EDGE('',*,*,#2519,.F.);
#2519 = EDGE_CURVE('',#1534,#2512,#2520,.T.);
#2520 = CIRCLE('',#2521,0.3);
#2521 = AXIS2_PLACEMENT_3D('',#2522,#2523,#2524);
#2522 = CARTESIAN_POINT('',(7.333965352037,-20.95359043732,19.95));
#2523 = DIRECTION('',(0.309016994375,-0.951056516295,0.));
#2524 = DIRECTION('',(0.951056516295,0.309016994375,0.));
#2525 = CYLINDRICAL_SURFACE('',#2526,0.3);
#2526 = AXIS2_PLACEMENT_3D('',#2527,#2528,#2529);
#2527 = CARTESIAN_POINT('',(7.292120078933,-20.82480392918,19.95));
#2528 = DIRECTION('',(-0.309016994375,0.951056516295,0.));
#2529 = DIRECTION('',(0.672498511964,0.218508012224,0.707106781187));
#2530 = ADVANCED_FACE('',(#2531),#2547,.T.);
#2531 = FACE_BOUND('',#2532,.T.);
#2532 = EDGE_LOOP('',(#2533,#2534,#2540,#2541));
#2533 = ORIENTED_EDGE('',*,*,#2020,.F.);
#2534 = ORIENTED_EDGE('',*,*,#2535,.T.);
#2535 = EDGE_CURVE('',#1491,#1930,#2536,.T.);
#2536 = LINE('',#2537,#2538);
#2537 = CARTESIAN_POINT('',(6.833357427078,-19.7364844659,6.1));
#2538 = VECTOR('',#2539,1.);
#2539 = DIRECTION('',(0.951056516295,0.309016994375,0.));
#2540 = ORIENTED_EDGE('',*,*,#1949,.F.);
#2541 = ORIENTED_EDGE('',*,*,#2542,.T.);
#2542 = EDGE_CURVE('',#1941,#2021,#2543,.T.);
#2543 = LINE('',#2544,#2545);
#2544 = CARTESIAN_POINT('',(6.92606252539,-20.02180142078,5.8));
#2545 = VECTOR('',#2546,1.);
#2546 = DIRECTION('',(-0.951056516295,-0.309016994375,0.));
#2547 = CYLINDRICAL_SURFACE('',#2548,0.3);
#2548 = AXIS2_PLACEMENT_3D('',#2549,#2550,#2551);
#2549 = CARTESIAN_POINT('',(6.92606252539,-20.02180142078,6.1));
#2550 = DIRECTION('',(-0.951056516295,-0.309016994375,0.));
#2551 = DIRECTION('',(-0.218508012224,0.672498511964,-0.707106781187));
#2552 = ADVANCED_FACE('',(#2553),#2582,.T.);
#2553 = FACE_BOUND('',#2554,.T.);
#2554 = EDGE_LOOP('',(#2555,#2566,#2575));
#2555 = ORIENTED_EDGE('',*,*,#2556,.T.);
#2556 = EDGE_CURVE('',#2557,#2559,#2561,.T.);
#2557 = VERTEX_POINT('',#2558);
#2558 = CARTESIAN_POINT('',(8.733069906366,-19.43466913147,21.45));
#2559 = VERTEX_POINT('',#2560);
#2560 = CARTESIAN_POINT('',(8.355047853165,-19.24205727489,21.45));
#2561 = CIRCLE('',#2562,0.3);
#2562 = AXIS2_PLACEMENT_3D('',#2563,#2564,#2565);
#2563 = CARTESIAN_POINT('',(8.447752951477,-19.52737422978,21.45));
#2564 = DIRECTION('',(0.,0.,1.));
#2565 = DIRECTION('',(0.951056516295,0.309016994375,-0.));
#2566 = ORIENTED_EDGE('',*,*,#2567,.T.);
#2567 = EDGE_CURVE('',#2559,#2568,#2570,.T.);
#2568 = VERTEX_POINT('',#2569);
#2569 = CARTESIAN_POINT('',(8.447752951477,-19.52737422978,21.75));
#2570 = CIRCLE('',#2571,0.3);
#2571 = AXIS2_PLACEMENT_3D('',#2572,#2573,#2574);
#2572 = CARTESIAN_POINT('',(8.447752951477,-19.52737422978,21.45));
#2573 = DIRECTION('',(0.951056516295,0.309016994375,0.));
#2574 = DIRECTION('',(-0.218508012224,0.672498511964,0.707106781187));
#2575 = ORIENTED_EDGE('',*,*,#2576,.T.);
#2576 = EDGE_CURVE('',#2568,#2557,#2577,.T.);
#2577 = CIRCLE('',#2578,0.3);
#2578 = AXIS2_PLACEMENT_3D('',#2579,#2580,#2581);
#2579 = CARTESIAN_POINT('',(8.447752951477,-19.52737422978,21.45));
#2580 = DIRECTION('',(-0.309016994375,0.951056516295,2.775557561563E-17)
  );
#2581 = DIRECTION('',(0.672498511964,0.218508012224,0.707106781187));
#2582 = SPHERICAL_SURFACE('',#2583,0.3);
#2583 = AXIS2_PLACEMENT_3D('',#2584,#2585,#2586);
#2584 = CARTESIAN_POINT('',(8.447752951477,-19.52737422978,21.45));
#2585 = DIRECTION('',(-0.928759971197,0.290357401074,0.230428938165));
#2586 = DIRECTION('',(0.370681690811,0.727503780584,0.57735026919));
#2587 = ADVANCED_FACE('',(#2588),#2604,.T.);
#2588 = FACE_BOUND('',#2589,.T.);
#2589 = EDGE_LOOP('',(#2590,#2591,#2597,#2598));
#2590 = ORIENTED_EDGE('',*,*,#2556,.F.);
#2591 = ORIENTED_EDGE('',*,*,#2592,.T.);
#2592 = EDGE_CURVE('',#2557,#1932,#2593,.T.);
#2593 = LINE('',#2594,#2595);
#2594 = CARTESIAN_POINT('',(8.733069906366,-19.43466913147,20.25));
#2595 = VECTOR('',#2596,1.);
#2596 = DIRECTION('',(0.,0.,-1.));
#2597 = ORIENTED_EDGE('',*,*,#1929,.F.);
#2598 = ORIENTED_EDGE('',*,*,#2599,.T.);
#2599 = EDGE_CURVE('',#1930,#2559,#2600,.T.);
#2600 = LINE('',#2601,#2602);
#2601 = CARTESIAN_POINT('',(8.355047853165,-19.24205727489,20.25));
#2602 = VECTOR('',#2603,1.);
#2603 = DIRECTION('',(0.,0.,1.));
#2604 = CYLINDRICAL_SURFACE('',#2605,0.3);
#2605 = AXIS2_PLACEMENT_3D('',#2606,#2607,#2608);
#2606 = CARTESIAN_POINT('',(8.447752951477,-19.52737422978,20.25));
#2607 = DIRECTION('',(0.,0.,-1.));
#2608 = DIRECTION('',(0.45399049974,0.891006524188,0.));
#2609 = ADVANCED_FACE('',(#2610),#2634,.F.);
#2610 = FACE_BOUND('',#2611,.F.);
#2611 = EDGE_LOOP('',(#2612,#2613,#2620,#2627));
#2612 = ORIENTED_EDGE('',*,*,#986,.F.);
#2613 = ORIENTED_EDGE('',*,*,#2614,.F.);
#2614 = EDGE_CURVE('',#2512,#979,#2615,.T.);
#2615 = CIRCLE('',#2616,0.3);
#2616 = AXIS2_PLACEMENT_3D('',#2617,#2618,#2619);
#2617 = CARTESIAN_POINT('',(7.333965352037,-20.95359043732,19.95));
#2618 = DIRECTION('',(0.943855425105,0.330358799641,0.));
#2619 = DIRECTION('',(0.,-0.,1.));
#2620 = ORIENTED_EDGE('',*,*,#2621,.F.);
#2621 = EDGE_CURVE('',#2173,#2512,#2622,.T.);
#2622 = CIRCLE('',#2623,22.2);
#2623 = AXIS2_PLACEMENT_3D('',#2624,#2625,#2626);
#2624 = CARTESIAN_POINT('',(4.440892098501E-15,-4.815648849472E-16,20.25
    ));
#2625 = DIRECTION('',(0.,0.,1.));
#2626 = DIRECTION('',(0.309016994375,-0.951056516295,0.));
#2627 = ORIENTED_EDGE('',*,*,#2628,.F.);
#2628 = EDGE_CURVE('',#846,#2173,#2629,.T.);
#2629 = CIRCLE('',#2630,0.3);
#2630 = AXIS2_PLACEMENT_3D('',#2631,#2632,#2633);
#2631 = CARTESIAN_POINT('',(6.382908835681,-21.26260743171,19.95));
#2632 = DIRECTION('',(-0.957775109537,-0.287518416022,0.));
#2633 = DIRECTION('',(0.287518416022,-0.957775109537,0.));
#2634 = TOROIDAL_SURFACE('',#2635,22.2,0.3);
#2635 = AXIS2_PLACEMENT_3D('',#2636,#2637,#2638);
#2636 = CARTESIAN_POINT('',(4.440892098501E-15,-4.815648849472E-16,19.95
    ));
#2637 = DIRECTION('',(0.,0.,1.));
#2638 = DIRECTION('',(1.,0.,-0.));
#2639 = ADVANCED_FACE('',(#2640),#2651,.F.);
#2640 = FACE_BOUND('',#2641,.F.);
#2641 = EDGE_LOOP('',(#2642,#2649,#2650));
#2642 = ORIENTED_EDGE('',*,*,#2643,.F.);
#2643 = EDGE_CURVE('',#1534,#979,#2644,.T.);
#2644 = CIRCLE('',#2645,0.3);
#2645 = AXIS2_PLACEMENT_3D('',#2646,#2647,#2648);
#2646 = CARTESIAN_POINT('',(7.333965352037,-20.95359043732,19.95));
#2647 = DIRECTION('',(0.,0.,-1.));
#2648 = DIRECTION('',(0.89606284816,-0.443927214921,0.));
#2649 = ORIENTED_EDGE('',*,*,#2519,.T.);
#2650 = ORIENTED_EDGE('',*,*,#2614,.T.);
#2651 = SPHERICAL_SURFACE('',#2652,0.3);
#2652 = AXIS2_PLACEMENT_3D('',#2653,#2654,#2655);
#2653 = CARTESIAN_POINT('',(7.333965352037,-20.95359043732,19.95));
#2654 = DIRECTION('',(0.513501374691,-0.254398712761,-0.819510605872));
#2655 = DIRECTION('',(0.734333007595,-0.363803060863,0.573064016375));
#2656 = ADVANCED_FACE('',(#2657),#2668,.F.);
#2657 = FACE_BOUND('',#2658,.F.);
#2658 = EDGE_LOOP('',(#2659,#2666,#2667));
#2659 = ORIENTED_EDGE('',*,*,#2660,.F.);
#2660 = EDGE_CURVE('',#846,#2182,#2661,.T.);
#2661 = CIRCLE('',#2662,0.3);
#2662 = AXIS2_PLACEMENT_3D('',#2663,#2664,#2665);
#2663 = CARTESIAN_POINT('',(6.382908835681,-21.26260743171,19.95));
#2664 = DIRECTION('',(0.,0.,-1.));
#2665 = DIRECTION('',(-0.463996202167,-0.885837188412,-0.));
#2666 = ORIENTED_EDGE('',*,*,#2628,.T.);
#2667 = ORIENTED_EDGE('',*,*,#2189,.T.);
#2668 = SPHERICAL_SURFACE('',#2669,0.3);
#2669 = AXIS2_PLACEMENT_3D('',#2670,#2671,#2672);
#2670 = CARTESIAN_POINT('',(6.382908835681,-21.26260743171,19.95));
#2671 = DIRECTION('',(-0.924883821319,0.298462868547,-0.235605248585));
#2672 = DIRECTION('',(-0.38024980876,-0.72595297098,0.573064016375));
#2673 = ADVANCED_FACE('',(#2674),#2690,.T.);
#2674 = FACE_BOUND('',#2675,.T.);
#2675 = EDGE_LOOP('',(#2676,#2677,#2683,#2684));
#2676 = ORIENTED_EDGE('',*,*,#2428,.F.);
#2677 = ORIENTED_EDGE('',*,*,#2678,.T.);
#2678 = EDGE_CURVE('',#2420,#2568,#2679,.T.);
#2679 = LINE('',#2680,#2681);
#2680 = CARTESIAN_POINT('',(6.92606252539,-20.02180142078,21.75));
#2681 = VECTOR('',#2682,1.);
#2682 = DIRECTION('',(0.951056516295,0.309016994375,0.));
#2683 = ORIENTED_EDGE('',*,*,#2567,.F.);
#2684 = ORIENTED_EDGE('',*,*,#2685,.T.);
#2685 = EDGE_CURVE('',#2559,#2409,#2686,.T.);
#2686 = LINE('',#2687,#2688);
#2687 = CARTESIAN_POINT('',(6.833357427078,-19.7364844659,21.45));
#2688 = VECTOR('',#2689,1.);
#2689 = DIRECTION('',(-0.951056516295,-0.309016994375,0.));
#2690 = CYLINDRICAL_SURFACE('',#2691,0.3);
#2691 = AXIS2_PLACEMENT_3D('',#2692,#2693,#2694);
#2692 = CARTESIAN_POINT('',(6.92606252539,-20.02180142078,21.45));
#2693 = DIRECTION('',(-0.951056516295,-0.309016994375,0.));
#2694 = DIRECTION('',(-0.218508012224,0.672498511964,0.707106781187));
#2695 = ADVANCED_FACE('',(#2696),#2723,.T.);
#2696 = FACE_BOUND('',#2697,.T.);
#2697 = EDGE_LOOP('',(#2698,#2699,#2707,#2717));
#2698 = ORIENTED_EDGE('',*,*,#2419,.F.);
#2699 = ORIENTED_EDGE('',*,*,#2700,.T.);
#2700 = EDGE_CURVE('',#2411,#2701,#2703,.T.);
#2701 = VERTEX_POINT('',#2702);
#2702 = CARTESIAN_POINT('',(4.625536303843,-21.67889328129,21.45));
#2703 = LINE('',#2704,#2705);
#2704 = CARTESIAN_POINT('',(4.613148951707,-21.64076893155,21.45));
#2705 = VECTOR('',#2706,1.);
#2706 = DIRECTION('',(0.309016994375,-0.951056516295,0.));
#2707 = ORIENTED_EDGE('',*,*,#2708,.F.);
#2708 = EDGE_CURVE('',#2709,#2701,#2711,.T.);
#2709 = VERTEX_POINT('',#2710);
#2710 = CARTESIAN_POINT('',(4.930168155597,-21.64563332308,21.75));
#2711 = B_SPLINE_CURVE_WITH_KNOTS('',3,(#2712,#2713,#2714,#2715,#2716),
  .UNSPECIFIED.,.F.,.F.,(4,1,4),(3.423187659261E-18,4.724537994267E-02,
    9.449075988535E-02),.QUASI_UNIFORM_KNOTS.);
#2712 = CARTESIAN_POINT('',(4.930168155597,-21.64563332308,21.75));
#2713 = CARTESIAN_POINT('',(4.851200030892,-21.65637368455,21.75));
#2714 = CARTESIAN_POINT('',(4.692827691161,-21.67385293308,
    21.685245243337));
#2715 = CARTESIAN_POINT('',(4.625536303843,-21.67889328129,
    21.528742299905));
#2716 = CARTESIAN_POINT('',(4.625536303843,-21.67889328129,21.45));
#2717 = ORIENTED_EDGE('',*,*,#2718,.T.);
#2718 = EDGE_CURVE('',#2709,#2420,#2719,.T.);
#2719 = LINE('',#2720,#2721);
#2720 = CARTESIAN_POINT('',(4.898465906596,-21.54806383324,21.75));
#2721 = VECTOR('',#2722,1.);
#2722 = DIRECTION('',(-0.309016994375,0.951056516295,0.));
#2723 = CYLINDRICAL_SURFACE('',#2724,0.3);
#2724 = AXIS2_PLACEMENT_3D('',#2725,#2726,#2727);
#2725 = CARTESIAN_POINT('',(4.898465906596,-21.54806383324,21.45));
#2726 = DIRECTION('',(0.309016994375,-0.951056516295,0.));
#2727 = DIRECTION('',(-0.672498511964,-0.218508012224,0.707106781187));
#2728 = ADVANCED_FACE('',(#2729),#2740,.T.);
#2729 = FACE_BOUND('',#2730,.T.);
#2730 = EDGE_LOOP('',(#2731,#2732,#2733,#2739));
#2731 = ORIENTED_EDGE('',*,*,#2451,.F.);
#2732 = ORIENTED_EDGE('',*,*,#2363,.F.);
#2733 = ORIENTED_EDGE('',*,*,#2734,.F.);
#2734 = EDGE_CURVE('',#2701,#2355,#2735,.T.);
#2735 = LINE('',#2736,#2737);
#2736 = CARTESIAN_POINT('',(4.625536303843,-21.67889328129,18.75));
#2737 = VECTOR('',#2738,1.);
#2738 = DIRECTION('',(0.,0.,-1.));
#2739 = ORIENTED_EDGE('',*,*,#2700,.F.);
#2740 = PLANE('',#2741);
#2741 = AXIS2_PLACEMENT_3D('',#2742,#2743,#2744);
#2742 = CARTESIAN_POINT('',(4.729030324598,-21.99741512516,20.25));
#2743 = DIRECTION('',(-0.951056516295,-0.309016994375,0.));
#2744 = DIRECTION('',(-0.309016994375,0.951056516295,0.));
#2745 = ADVANCED_FACE('',(#2746),#2758,.F.);
#2746 = FACE_BOUND('',#2747,.F.);
#2747 = EDGE_LOOP('',(#2748,#2749,#2756,#2757));
#2748 = ORIENTED_EDGE('',*,*,#2734,.F.);
#2749 = ORIENTED_EDGE('',*,*,#2750,.F.);
#2750 = EDGE_CURVE('',#895,#2701,#2751,.T.);
#2751 = CIRCLE('',#2752,0.3);
#2752 = AXIS2_PLACEMENT_3D('',#2753,#2754,#2755);
#2753 = CARTESIAN_POINT('',(4.340219348954,-21.7715983796,21.45));
#2754 = DIRECTION('',(0.,0.,1.));
#2755 = DIRECTION('',(0.195505376079,-0.980702629712,0.));
#2756 = ORIENTED_EDGE('',*,*,#894,.F.);
#2757 = ORIENTED_EDGE('',*,*,#2385,.T.);
#2758 = CYLINDRICAL_SURFACE('',#2759,0.3);
#2759 = AXIS2_PLACEMENT_3D('',#2760,#2761,#2762);
#2760 = CARTESIAN_POINT('',(4.340219348954,-21.7715983796,18.75));
#2761 = DIRECTION('',(0.,0.,-1.));
#2762 = DIRECTION('',(0.862841364591,-0.505474806049,0.));
#2763 = ADVANCED_FACE('',(#2764),#2772,.T.);
#2764 = FACE_BOUND('',#2765,.T.);
#2765 = EDGE_LOOP('',(#2766,#2767,#2768,#2769,#2770,#2771));
#2766 = ORIENTED_EDGE('',*,*,#2393,.F.);
#2767 = ORIENTED_EDGE('',*,*,#2370,.F.);
#2768 = ORIENTED_EDGE('',*,*,#2338,.F.);
#2769 = ORIENTED_EDGE('',*,*,#2281,.F.);
#2770 = ORIENTED_EDGE('',*,*,#2258,.F.);
#2771 = ORIENTED_EDGE('',*,*,#870,.F.);
#2772 = PLANE('',#2773);
#2773 = AXIS2_PLACEMENT_3D('',#2774,#2775,#2776);
#2774 = CARTESIAN_POINT('',(6.684697566326,-20.57338365087,5.8));
#2775 = DIRECTION('',(0.,0.,-1.));
#2776 = DIRECTION('',(-1.,0.,0.));
#2777 = ADVANCED_FACE('',(#2778),#2789,.T.);
#2778 = FACE_BOUND('',#2779,.T.);
#2779 = EDGE_LOOP('',(#2780,#2781,#2782,#2783));
#2780 = ORIENTED_EDGE('',*,*,#2274,.F.);
#2781 = ORIENTED_EDGE('',*,*,#2473,.F.);
#2782 = ORIENTED_EDGE('',*,*,#2181,.F.);
#2783 = ORIENTED_EDGE('',*,*,#2784,.F.);
#2784 = EDGE_CURVE('',#2242,#2182,#2785,.T.);
#2785 = LINE('',#2786,#2787);
#2786 = CARTESIAN_POINT('',(6.097591880793,-21.35531253003,18.75));
#2787 = VECTOR('',#2788,1.);
#2788 = DIRECTION('',(0.,0.,1.));
#2789 = PLANE('',#2790);
#2790 = AXIS2_PLACEMENT_3D('',#2791,#2792,#2793);
#2791 = CARTESIAN_POINT('',(5.692089607478,-20.10730485916,20.25));
#2792 = DIRECTION('',(0.951056516295,0.309016994375,0.));
#2793 = DIRECTION('',(0.309016994375,-0.951056516295,0.));
#2794 = ADVANCED_FACE('',(#2795),#2801,.F.);
#2795 = FACE_BOUND('',#2796,.F.);
#2796 = EDGE_LOOP('',(#2797,#2798,#2799,#2800));
#2797 = ORIENTED_EDGE('',*,*,#845,.F.);
#2798 = ORIENTED_EDGE('',*,*,#2660,.T.);
#2799 = ORIENTED_EDGE('',*,*,#2784,.F.);
#2800 = ORIENTED_EDGE('',*,*,#2250,.T.);
#2801 = CYLINDRICAL_SURFACE('',#2802,0.3);
#2802 = AXIS2_PLACEMENT_3D('',#2803,#2804,#2805);
#2803 = CARTESIAN_POINT('',(6.382908835681,-21.26260743171,18.75));
#2804 = DIRECTION('',(0.,0.,1.));
#2805 = DIRECTION('',(-0.463996202167,-0.885837188412,0.));
#2806 = ADVANCED_FACE('',(#2807),#2813,.F.);
#2807 = FACE_BOUND('',#2808,.T.);
#2808 = EDGE_LOOP('',(#2809,#2810,#2811,#2812));
#2809 = ORIENTED_EDGE('',*,*,#2172,.F.);
#2810 = ORIENTED_EDGE('',*,*,#2488,.F.);
#2811 = ORIENTED_EDGE('',*,*,#2511,.F.);
#2812 = ORIENTED_EDGE('',*,*,#2621,.F.);
#2813 = PLANE('',#2814);
#2814 = AXIS2_PLACEMENT_3D('',#2815,#2816,#2817);
#2815 = CARTESIAN_POINT('',(6.684697566326,-20.57338365087,20.25));
#2816 = DIRECTION('',(0.,0.,1.));
#2817 = DIRECTION('',(1.,0.,-0.));
#2818 = ADVANCED_FACE('',(#2819),#2825,.F.);
#2819 = FACE_BOUND('',#2820,.F.);
#2820 = EDGE_LOOP('',(#2821,#2822,#2823,#2824));
#2821 = ORIENTED_EDGE('',*,*,#1533,.F.);
#2822 = ORIENTED_EDGE('',*,*,#2643,.T.);
#2823 = ORIENTED_EDGE('',*,*,#978,.F.);
#2824 = ORIENTED_EDGE('',*,*,#2071,.T.);
#2825 = CYLINDRICAL_SURFACE('',#2826,0.3);
#2826 = AXIS2_PLACEMENT_3D('',#2827,#2828,#2829);
#2827 = CARTESIAN_POINT('',(7.333965352037,-20.95359043732,18.75));
#2828 = DIRECTION('',(0.,0.,-1.));
#2829 = DIRECTION('',(0.89606284816,-0.443927214921,0.));
#2830 = ADVANCED_FACE('',(#2831),#2843,.T.);
#2831 = FACE_BOUND('',#2832,.T.);
#2832 = EDGE_LOOP('',(#2833,#2834,#2835,#2836));
#2833 = ORIENTED_EDGE('',*,*,#2708,.T.);
#2834 = ORIENTED_EDGE('',*,*,#2750,.F.);
#2835 = ORIENTED_EDGE('',*,*,#902,.T.);
#2836 = ORIENTED_EDGE('',*,*,#2837,.F.);
#2837 = EDGE_CURVE('',#2709,#903,#2838,.T.);
#2838 = CIRCLE('',#2839,0.3);
#2839 = AXIS2_PLACEMENT_3D('',#2840,#2841,#2842);
#2840 = CARTESIAN_POINT('',(4.930168155597,-21.64563332308,22.05));
#2841 = DIRECTION('',(-0.975028528067,-0.222079646648,0.));
#2842 = DIRECTION('',(-0.,0.,-1.));
#2843 = B_SPLINE_SURFACE_WITH_KNOTS('',3,3,(
    (#2844,#2845,#2846,#2847,#2848)
    ,(#2849,#2850,#2851,#2852,#2853)
    ,(#2854,#2855,#2856,#2857,#2858)
    ,(#2859,#2860,#2861,#2862,#2863)
    ,(#2864,#2865,#2866,#2867,#2868
  )),.UNSPECIFIED.,.F.,.F.,.F.,(4,1,4),(4,1,4),(0.,0.5,1.),(
    3.423187659261E-18,4.724537994267E-02,9.449075988535E-02),
  .QUASI_UNIFORM_KNOTS.);
#2844 = CARTESIAN_POINT('',(4.996792049591,-21.9381418815,22.05));
#2845 = CARTESIAN_POINT('',(4.841165045323,-21.97358862908,22.05));
#2846 = CARTESIAN_POINT('',(4.530261171347,-22.04016920111,
    21.920490486674));
#2847 = CARTESIAN_POINT('',(4.398870961778,-22.06580916852,
    21.607484599809));
#2848 = CARTESIAN_POINT('',(4.398870961778,-22.06580916852,21.45));
#2849 = CARTESIAN_POINT('',(4.996792049591,-21.9381418815,21.97146018366
    ));
#2850 = CARTESIAN_POINT('',(4.861142739416,-21.96907773627,
    21.970271111652));
#2851 = CARTESIAN_POINT('',(4.59252622804,-22.02713140918,
    21.854456111992));
#2852 = CARTESIAN_POINT('',(4.481651229703,-22.04930672739,
    21.585119594383));
#2853 = CARTESIAN_POINT('',(4.481651229703,-22.04930672739,21.45));
#2854 = CARTESIAN_POINT('',(4.98234627979,-21.87471852021,
    21.815047698061));
#2855 = CARTESIAN_POINT('',(4.886282539678,-21.89447941102,
    21.811587452018));
#2856 = CARTESIAN_POINT('',(4.701625481066,-21.93006064437,
    21.723529351878));
#2857 = CARTESIAN_POINT('',(4.631441956491,-21.9422041214,
    21.540919310671));
#2858 = CARTESIAN_POINT('',(4.631441956491,-21.9422041214,21.45));
#2859 = CARTESIAN_POINT('',(4.947610250257,-21.7222118846,21.75));
#2860 = CARTESIAN_POINT('',(4.868518834338,-21.73418461163,
    21.748108572471));
#2861 = CARTESIAN_POINT('',(4.713517531316,-21.75380711199,
    21.67814106911));
#2862 = CARTESIAN_POINT('',(4.651620163326,-21.75917114621,
    21.525901082066));
#2863 = CARTESIAN_POINT('',(4.651620163326,-21.75917114621,21.45));
#2864 = CARTESIAN_POINT('',(4.930168155597,-21.64563332308,21.75));
#2865 = CARTESIAN_POINT('',(4.851200030892,-21.65637368455,21.75));
#2866 = CARTESIAN_POINT('',(4.692827691161,-21.67385293308,
    21.685245243337));
#2867 = CARTESIAN_POINT('',(4.625536303843,-21.67889328129,
    21.528742299905));
#2868 = CARTESIAN_POINT('',(4.625536303843,-21.67889328129,21.45));
#2869 = ADVANCED_FACE('',(#2870),#2899,.T.);
#2870 = FACE_BOUND('',#2871,.T.);
#2871 = EDGE_LOOP('',(#2872,#2873,#2882,#2892));
#2872 = ORIENTED_EDGE('',*,*,#921,.T.);
#2873 = ORIENTED_EDGE('',*,*,#2874,.F.);
#2874 = EDGE_CURVE('',#2875,#922,#2877,.T.);
#2875 = VERTEX_POINT('',#2876);
#2876 = CARTESIAN_POINT('',(9.000396278861,-20.25741510715,21.45));
#2877 = CIRCLE('',#2878,0.3);
#2878 = AXIS2_PLACEMENT_3D('',#2879,#2880,#2881);
#2879 = CARTESIAN_POINT('',(9.285713233749,-20.16471000883,21.45));
#2880 = DIRECTION('',(0.,0.,1.));
#2881 = DIRECTION('',(-0.951056516295,-0.309016994375,0.));
#2882 = ORIENTED_EDGE('',*,*,#2883,.T.);
#2883 = EDGE_CURVE('',#2875,#2884,#2886,.T.);
#2884 = VERTEX_POINT('',#2885);
#2885 = CARTESIAN_POINT('',(8.734394220837,-20.40956534556,21.75));
#2886 = B_SPLINE_CURVE_WITH_KNOTS('',3,(#2887,#2888,#2889,#2890,#2891),
  .UNSPECIFIED.,.F.,.F.,(4,1,4),(0.,4.724538786502E-02,
    9.449077573004E-02),.UNSPECIFIED.);
#2887 = CARTESIAN_POINT('',(9.000396278861,-20.25741510715,21.45));
#2888 = CARTESIAN_POINT('',(9.000396278861,-20.25741510715,
    21.528742313108));
#2889 = CARTESIAN_POINT('',(8.94298861544,-20.29289335036,
    21.685250693988));
#2890 = CARTESIAN_POINT('',(8.804593813585,-20.37183817509,21.75));
#2891 = CARTESIAN_POINT('',(8.734394220837,-20.40956534556,21.75));
#2892 = ORIENTED_EDGE('',*,*,#2893,.F.);
#2893 = EDGE_CURVE('',#913,#2884,#2894,.T.);
#2894 = CIRCLE('',#2895,0.3);
#2895 = AXIS2_PLACEMENT_3D('',#2896,#2897,#2898);
#2896 = CARTESIAN_POINT('',(8.734394220837,-20.40956534556,22.05));
#2897 = DIRECTION('',(0.919349790341,0.393441181119,3.402277683069E-15)
  );
#2898 = DIRECTION('',(0.393441181119,-0.919349790341,0.));
#2899 = B_SPLINE_SURFACE_WITH_KNOTS('',3,3,(
    (#2900,#2901,#2902,#2903,#2904)
    ,(#2905,#2906,#2907,#2908,#2909)
    ,(#2910,#2911,#2912,#2913,#2914)
    ,(#2915,#2916,#2917,#2918,#2919)
    ,(#2920,#2921,#2922,#2923,#2924
  )),.UNSPECIFIED.,.F.,.F.,.F.,(4,1,4),(4,1,4),(0.,0.5,1.),(0.,
    4.724538786502E-02,9.449077573004E-02),.UNSPECIFIED.);
#2900 = CARTESIAN_POINT('',(9.411195845016,-20.43720609003,21.45));
#2901 = CARTESIAN_POINT('',(9.411195845016,-20.43720609003,
    21.607484626217));
#2902 = CARTESIAN_POINT('',(9.28981728739,-20.49369710653,
    21.920501387976));
#2903 = CARTESIAN_POINT('',(8.999166566485,-20.62257203535,22.05));
#2904 = CARTESIAN_POINT('',(8.852426575173,-20.68537028267,22.05));
#2905 = CARTESIAN_POINT('',(9.334525309943,-20.47251235538,21.45));
#2906 = CARTESIAN_POINT('',(9.334525309943,-20.47251235538,
    21.585119617041));
#2907 = CARTESIAN_POINT('',(9.231781951174,-20.51974702177,
    21.854465638801));
#2908 = CARTESIAN_POINT('',(8.98035283303,-20.63066524173,
    21.970271111453));
#2909 = CARTESIAN_POINT('',(8.852426575173,-20.68537028267,
    21.97146018366));
#2910 = CARTESIAN_POINT('',(9.150391222237,-20.47390362204,21.45));
#2911 = CARTESIAN_POINT('',(9.150391222237,-20.47390362204,
    21.540919325916));
#2912 = CARTESIAN_POINT('',(9.086465872001,-20.5053363986,
    21.723537792024));
#2913 = CARTESIAN_POINT('',(8.916165189661,-20.5850876604,
    21.811590795837));
#2914 = CARTESIAN_POINT('',(8.826832816195,-20.62556562042,
    21.81505104246));
#2915 = CARTESIAN_POINT('',(9.026480138343,-20.33769297206,21.45));
#2916 = CARTESIAN_POINT('',(9.026480138343,-20.33769297206,
    21.525901094793));
#2917 = CARTESIAN_POINT('',(8.973246336794,-20.36973857522,
    21.678146612967));
#2918 = CARTESIAN_POINT('',(8.836318722815,-20.44496827485,
    21.748108572154));
#2919 = CARTESIAN_POINT('',(8.765295018943,-20.48177090925,21.75));
#2920 = CARTESIAN_POINT('',(9.000396278861,-20.25741510715,21.45));
#2921 = CARTESIAN_POINT('',(9.000396278861,-20.25741510715,
    21.528742313108));
#2922 = CARTESIAN_POINT('',(8.94298861544,-20.29289335036,
    21.685250693988));
#2923 = CARTESIAN_POINT('',(8.804593813585,-20.37183817509,21.75));
#2924 = CARTESIAN_POINT('',(8.734394220837,-20.40956534556,21.75));
#2925 = ADVANCED_FACE('',(#2926),#2937,.F.);
#2926 = FACE_BOUND('',#2927,.F.);
#2927 = EDGE_LOOP('',(#2928,#2929,#2930,#2936));
#2928 = ORIENTED_EDGE('',*,*,#931,.F.);
#2929 = ORIENTED_EDGE('',*,*,#2874,.F.);
#2930 = ORIENTED_EDGE('',*,*,#2931,.F.);
#2931 = EDGE_CURVE('',#1967,#2875,#2932,.T.);
#2932 = LINE('',#2933,#2934);
#2933 = CARTESIAN_POINT('',(9.000396278861,-20.25741510715,18.75));
#2934 = VECTOR('',#2935,1.);
#2935 = DIRECTION('',(0.,0.,1.));
#2936 = ORIENTED_EDGE('',*,*,#1975,.T.);
#2937 = CYLINDRICAL_SURFACE('',#2938,0.3);
#2938 = AXIS2_PLACEMENT_3D('',#2939,#2940,#2941);
#2939 = CARTESIAN_POINT('',(9.285713233749,-20.16471000883,18.75));
#2940 = DIRECTION('',(0.,0.,1.));
#2941 = DIRECTION('',(-0.400942691003,-0.916103137497,0.));
#2942 = ADVANCED_FACE('',(#2943),#2959,.T.);
#2943 = FACE_BOUND('',#2944,.T.);
#2944 = EDGE_LOOP('',(#2945,#2946,#2952,#2953));
#2945 = ORIENTED_EDGE('',*,*,#2576,.F.);
#2946 = ORIENTED_EDGE('',*,*,#2947,.T.);
#2947 = EDGE_CURVE('',#2568,#2884,#2948,.T.);
#2948 = LINE('',#2949,#2950);
#2949 = CARTESIAN_POINT('',(8.470929226055,-19.5987034685,21.75));
#2950 = VECTOR('',#2951,1.);
#2951 = DIRECTION('',(0.309016994375,-0.951056516295,0.));
#2952 = ORIENTED_EDGE('',*,*,#2883,.F.);
#2953 = ORIENTED_EDGE('',*,*,#2954,.T.);
#2954 = EDGE_CURVE('',#2875,#2557,#2955,.T.);
#2955 = LINE('',#2956,#2957);
#2956 = CARTESIAN_POINT('',(8.756246180944,-19.50599837019,21.45));
#2957 = VECTOR('',#2958,1.);
#2958 = DIRECTION('',(-0.309016994375,0.951056516295,0.));
#2959 = CYLINDRICAL_SURFACE('',#2960,0.3);
#2960 = AXIS2_PLACEMENT_3D('',#2961,#2962,#2963);
#2961 = CARTESIAN_POINT('',(8.470929226055,-19.5987034685,21.45));
#2962 = DIRECTION('',(-0.309016994375,0.951056516295,0.));
#2963 = DIRECTION('',(0.672498511964,0.218508012224,0.707106781187));
#2964 = ADVANCED_FACE('',(#2965),#2977,.F.);
#2965 = FACE_BOUND('',#2966,.F.);
#2966 = EDGE_LOOP('',(#2967,#2974,#2975,#2976));
#2967 = ORIENTED_EDGE('',*,*,#2968,.F.);
#2968 = EDGE_CURVE('',#2884,#2709,#2969,.T.);
#2969 = CIRCLE('',#2970,22.2);
#2970 = AXIS2_PLACEMENT_3D('',#2971,#2972,#2973);
#2971 = CARTESIAN_POINT('',(4.440892098501E-15,-4.815648849472E-16,21.75
    ));
#2972 = DIRECTION('',(0.,0.,-1.));
#2973 = DIRECTION('',(0.309016994375,-0.951056516295,0.));
#2974 = ORIENTED_EDGE('',*,*,#2893,.F.);
#2975 = ORIENTED_EDGE('',*,*,#912,.F.);
#2976 = ORIENTED_EDGE('',*,*,#2837,.F.);
#2977 = TOROIDAL_SURFACE('',#2978,22.2,0.3);
#2978 = AXIS2_PLACEMENT_3D('',#2979,#2980,#2981);
#2979 = CARTESIAN_POINT('',(4.440892098501E-15,-4.815648849472E-16,22.05
    ));
#2980 = DIRECTION('',(0.,0.,-1.));
#2981 = DIRECTION('',(-1.,0.,0.));
#2982 = ADVANCED_FACE('',(#2983),#2995,.T.);
#2983 = FACE_BOUND('',#2984,.T.);
#2984 = EDGE_LOOP('',(#2985,#2986,#2987,#2988,#2989,#2990,#2991,#2992,
    #2993,#2994));
#2985 = ORIENTED_EDGE('',*,*,#2444,.F.);
#2986 = ORIENTED_EDGE('',*,*,#2685,.F.);
#2987 = ORIENTED_EDGE('',*,*,#2599,.F.);
#2988 = ORIENTED_EDGE('',*,*,#2535,.F.);
#2989 = ORIENTED_EDGE('',*,*,#1490,.F.);
#2990 = ORIENTED_EDGE('',*,*,#2112,.F.);
#2991 = ORIENTED_EDGE('',*,*,#2495,.F.);
#2992 = ORIENTED_EDGE('',*,*,#2157,.F.);
#2993 = ORIENTED_EDGE('',*,*,#2466,.F.);
#2994 = ORIENTED_EDGE('',*,*,#2331,.F.);
#2995 = PLANE('',#2996);
#2996 = AXIS2_PLACEMENT_3D('',#2997,#2998,#2999);
#2997 = CARTESIAN_POINT('',(7.213780033611,-19.61287766814,20.25));
#2998 = DIRECTION('',(-0.309016994375,0.951056516295,0.));
#2999 = DIRECTION('',(0.951056516295,0.309016994375,0.));
#3000 = ADVANCED_FACE('',(#3001),#3007,.T.);
#3001 = FACE_BOUND('',#3002,.T.);
#3002 = EDGE_LOOP('',(#3003,#3004,#3005,#3006));
#3003 = ORIENTED_EDGE('',*,*,#2592,.F.);
#3004 = ORIENTED_EDGE('',*,*,#2954,.F.);
#3005 = ORIENTED_EDGE('',*,*,#2931,.F.);
#3006 = ORIENTED_EDGE('',*,*,#1999,.F.);
#3007 = PLANE('',#3008);
#3008 = AXIS2_PLACEMENT_3D('',#3009,#3010,#3011);
#3009 = CARTESIAN_POINT('',(8.640364808053,-19.14935217658,20.25));
#3010 = DIRECTION('',(0.951056516295,0.309016994375,0.));
#3011 = DIRECTION('',(0.309016994375,-0.951056516295,0.));
#3012 = ADVANCED_FACE('',(#3013),#3019,.T.);
#3013 = FACE_BOUND('',#3014,.T.);
#3014 = EDGE_LOOP('',(#3015,#3016,#3017,#3018));
#3015 = ORIENTED_EDGE('',*,*,#2678,.F.);
#3016 = ORIENTED_EDGE('',*,*,#2718,.F.);
#3017 = ORIENTED_EDGE('',*,*,#2968,.F.);
#3018 = ORIENTED_EDGE('',*,*,#2947,.F.);
#3019 = PLANE('',#3020);
#3020 = AXIS2_PLACEMENT_3D('',#3021,#3022,#3023);
#3021 = CARTESIAN_POINT('',(6.684697566326,-20.57338365087,21.75));
#3022 = DIRECTION('',(0.,0.,1.));
#3023 = DIRECTION('',(1.,0.,-0.));
#3024 = ADVANCED_FACE('',(#3025),#3033,.T.);
#3025 = FACE_BOUND('',#3026,.T.);
#3026 = EDGE_LOOP('',(#3027,#3028,#3029,#3030,#3031,#3032));
#3027 = ORIENTED_EDGE('',*,*,#1983,.F.);
#3028 = ORIENTED_EDGE('',*,*,#954,.F.);
#3029 = ORIENTED_EDGE('',*,*,#2079,.F.);
#3030 = ORIENTED_EDGE('',*,*,#2056,.F.);
#3031 = ORIENTED_EDGE('',*,*,#2542,.F.);
#3032 = ORIENTED_EDGE('',*,*,#2006,.F.);
#3033 = PLANE('',#3034);
#3034 = AXIS2_PLACEMENT_3D('',#3035,#3036,#3037);
#3035 = CARTESIAN_POINT('',(6.684697566326,-20.57338365087,5.8));
#3036 = DIRECTION('',(0.,0.,-1.));
#3037 = DIRECTION('',(-1.,0.,0.));
#3038 = ADVANCED_FACE('',(#3039),#3077,.F.);
#3039 = FACE_BOUND('',#3040,.F.);
#3040 = EDGE_LOOP('',(#3041,#3052,#3061,#3070));
#3041 = ORIENTED_EDGE('',*,*,#3042,.F.);
#3042 = EDGE_CURVE('',#3043,#3045,#3047,.T.);
#3043 = VERTEX_POINT('',#3044);
#3044 = CARTESIAN_POINT('',(-16.75203372144,-13.08421014762,
    9.477531480394));
#3045 = VERTEX_POINT('',#3046);
#3046 = CARTESIAN_POINT('',(-16.72725757598,-13.06620922427,
    9.485737424413));
#3047 = CIRCLE('',#3048,6.125E-02);
#3048 = AXIS2_PLACEMENT_3D('',#3049,#3050,#3051);
#3049 = CARTESIAN_POINT('',(-16.75203372144,-13.08421014762,
    9.538781480394));
#3050 = DIRECTION('',(0.587785252292,-0.809016994375,2.775557561563E-17)
  );
#3051 = DIRECTION('',(0.572061402818,0.415626937777,-0.707106781187));
#3052 = ORIENTED_EDGE('',*,*,#3053,.F.);
#3053 = EDGE_CURVE('',#3054,#3043,#3056,.T.);
#3054 = VERTEX_POINT('',#3055);
#3055 = CARTESIAN_POINT('',(-16.71603187473,-13.13376243853,
    9.416281480394));
#3056 = CIRCLE('',#3057,6.125E-02);
#3057 = AXIS2_PLACEMENT_3D('',#3058,#3059,#3060);
#3058 = CARTESIAN_POINT('',(-16.75203372144,-13.08421014762,
    9.416281480394));
#3059 = DIRECTION('',(-0.809016994375,-0.587785252292,0.));
#3060 = DIRECTION('',(0.587785252292,-0.809016994375,0.));
#3061 = ORIENTED_EDGE('',*,*,#3062,.F.);
#3062 = EDGE_CURVE('',#3063,#3054,#3065,.T.);
#3063 = VERTEX_POINT('',#3064);
#3064 = CARTESIAN_POINT('',(-16.66647958383,-13.09776059182,
    9.432693368431));
#3065 = CIRCLE('',#3066,0.1225);
#3066 = AXIS2_PLACEMENT_3D('',#3067,#3068,#3069);
#3067 = CARTESIAN_POINT('',(-16.71603187473,-13.13376243853,
    9.538781480394));
#3068 = DIRECTION('',(-0.587785252292,0.809016994375,-2.775557561563E-17
    ));
#3069 = DIRECTION('',(0.572061402818,0.415626937777,-0.707106781187));
#3070 = ORIENTED_EDGE('',*,*,#3071,.F.);
#3071 = EDGE_CURVE('',#3045,#3063,#3072,.T.);
#3072 = CIRCLE('',#3073,6.125E-02);
#3073 = AXIS2_PLACEMENT_3D('',#3074,#3075,#3076);
#3074 = CARTESIAN_POINT('',(-16.70248143053,-13.04820830092,
    9.432693368431));
#3075 = DIRECTION('',(0.700629269222,0.509036960455,0.5));
#3076 = DIRECTION('',(-0.404508497187,-0.293892626146,0.866025403784));
#3077 = TOROIDAL_SURFACE('',#3078,0.1225,6.125E-02);
#3078 = AXIS2_PLACEMENT_3D('',#3079,#3080,#3081);
#3079 = CARTESIAN_POINT('',(-16.75203372144,-13.08421014762,
    9.538781480394));
#3080 = DIRECTION('',(0.587785252292,-0.809016994375,0.));
#3081 = DIRECTION('',(0.,0.,-1.));
#3082 = ADVANCED_FACE('',(#3083),#3109,.F.);
#3083 = FACE_BOUND('',#3084,.F.);
#3084 = EDGE_LOOP('',(#3085,#3093,#3094,#3102));
#3085 = ORIENTED_EDGE('',*,*,#3086,.F.);
#3086 = EDGE_CURVE('',#3054,#3087,#3089,.T.);
#3087 = VERTEX_POINT('',#3088);
#3088 = CARTESIAN_POINT('',(-17.02143579011,-13.35565137127,
    9.416281480394));
#3089 = LINE('',#3090,#3091);
#3090 = CARTESIAN_POINT('',(-17.19381204858,-13.48089005386,
    9.416281480394));
#3091 = VECTOR('',#3092,1.);
#3092 = DIRECTION('',(-0.809016994375,-0.587785252292,0.));
#3093 = ORIENTED_EDGE('',*,*,#3053,.T.);
#3094 = ORIENTED_EDGE('',*,*,#3095,.F.);
#3095 = EDGE_CURVE('',#3096,#3043,#3098,.T.);
#3096 = VERTEX_POINT('',#3097);
#3097 = CARTESIAN_POINT('',(-17.05743763681,-13.30609908036,
    9.477531480394));
#3098 = LINE('',#3099,#3100);
#3099 = CARTESIAN_POINT('',(-17.22981389528,-13.43133776296,
    9.477531480394));
#3100 = VECTOR('',#3101,1.);
#3101 = DIRECTION('',(0.809016994375,0.587785252292,0.));
#3102 = ORIENTED_EDGE('',*,*,#3103,.F.);
#3103 = EDGE_CURVE('',#3087,#3096,#3104,.T.);
#3104 = CIRCLE('',#3105,6.125E-02);
#3105 = AXIS2_PLACEMENT_3D('',#3106,#3107,#3108);
#3106 = CARTESIAN_POINT('',(-17.05743763681,-13.30609908036,
    9.416281480394));
#3107 = DIRECTION('',(-0.809016994375,-0.587785252292,0.));
#3108 = DIRECTION('',(0.587785252292,-0.809016994375,0.));
#3109 = CYLINDRICAL_SURFACE('',#3110,6.125E-02);
#3110 = AXIS2_PLACEMENT_3D('',#3111,#3112,#3113);
#3111 = CARTESIAN_POINT('',(-17.22981389528,-13.43133776296,
    9.416281480394));
#3112 = DIRECTION('',(0.809016994375,0.587785252292,0.));
#3113 = DIRECTION('',(0.415626937777,-0.572061402818,0.707106781187));
#3114 = ADVANCED_FACE('',(#3115),#3143,.F.);
#3115 = FACE_BOUND('',#3116,.F.);
#3116 = EDGE_LOOP('',(#3117,#3126,#3135,#3142));
#3117 = ORIENTED_EDGE('',*,*,#3118,.F.);
#3118 = EDGE_CURVE('',#3119,#3096,#3121,.T.);
#3119 = VERTEX_POINT('',#3120);
#3120 = CARTESIAN_POINT('',(-17.10698992772,-13.34210092706,
    9.538781480394));
#3121 = CIRCLE('',#3122,6.125E-02);
#3122 = AXIS2_PLACEMENT_3D('',#3123,#3124,#3125);
#3123 = CARTESIAN_POINT('',(-17.05743763681,-13.30609908036,
    9.538781480394));
#3124 = DIRECTION('',(0.587785252292,-0.809016994375,0.));
#3125 = DIRECTION('',(-0.809016994375,-0.587785252292,0.));
#3126 = ORIENTED_EDGE('',*,*,#3127,.F.);
#3127 = EDGE_CURVE('',#3128,#3119,#3130,.T.);
#3128 = VERTEX_POINT('',#3129);
#3129 = CARTESIAN_POINT('',(-17.12054037192,-13.42765506467,
    9.538781480394));
#3130 = CIRCLE('',#3131,6.125E-02);
#3131 = AXIS2_PLACEMENT_3D('',#3132,#3133,#3134);
#3132 = CARTESIAN_POINT('',(-17.15654221862,-13.37810277377,
    9.538781480394));
#3133 = DIRECTION('',(0.,0.,1.));
#3134 = DIRECTION('',(0.987688340595,-0.15643446504,0.));
#3135 = ORIENTED_EDGE('',*,*,#3136,.F.);
#3136 = EDGE_CURVE('',#3087,#3128,#3137,.T.);
#3137 = CIRCLE('',#3138,0.1225);
#3138 = AXIS2_PLACEMENT_3D('',#3139,#3140,#3141);
#3139 = CARTESIAN_POINT('',(-17.02143579011,-13.35565137127,
    9.538781480394));
#3140 = DIRECTION('',(-0.587785252292,0.809016994375,2.775557561563E-17)
  );
#3141 = DIRECTION('',(-0.706394522737,-0.513225662319,-0.487448661691));
#3142 = ORIENTED_EDGE('',*,*,#3103,.T.);
#3143 = TOROIDAL_SURFACE('',#3144,0.1225,6.125E-02);
#3144 = AXIS2_PLACEMENT_3D('',#3145,#3146,#3147);
#3145 = CARTESIAN_POINT('',(-17.05743763681,-13.30609908036,
    9.538781480394));
#3146 = DIRECTION('',(-0.587785252292,0.809016994375,0.));
#3147 = DIRECTION('',(0.,0.,1.));
#3148 = ADVANCED_FACE('',(#3149),#3185,.F.);
#3149 = FACE_BOUND('',#3150,.F.);
#3150 = EDGE_LOOP('',(#3151,#3161,#3170,#3178));
#3151 = ORIENTED_EDGE('',*,*,#3152,.F.);
#3152 = EDGE_CURVE('',#3153,#3155,#3157,.T.);
#3153 = VERTEX_POINT('',#3154);
#3154 = CARTESIAN_POINT('',(-16.62277582779,-13.07137685645,
    9.916281480394));
#3155 = VERTEX_POINT('',#3156);
#3156 = CARTESIAN_POINT('',(-16.62277582779,-13.07137685645,
    9.538781480394));
#3157 = LINE('',#3158,#3159);
#3158 = CARTESIAN_POINT('',(-16.62277582779,-13.07137685645,20.25));
#3159 = VECTOR('',#3160,1.);
#3160 = DIRECTION('',(0.,0.,-1.));
#3161 = ORIENTED_EDGE('',*,*,#3162,.F.);
#3162 = EDGE_CURVE('',#3163,#3153,#3165,.T.);
#3163 = VERTEX_POINT('',#3164);
#3164 = CARTESIAN_POINT('',(-16.69940711521,-13.05243973294,
    9.916281480394));
#3165 = CIRCLE('',#3166,6.125E-02);
#3166 = AXIS2_PLACEMENT_3D('',#3167,#3168,#3169);
#3167 = CARTESIAN_POINT('',(-16.64985482431,-13.01643788624,
    9.916281480394));
#3168 = DIRECTION('',(-1.64972832143E-14,-8.131384205265E-15,1.));
#3169 = DIRECTION('',(-0.809016994375,-0.587785252292,
    -1.812609019796E-14));
#3170 = ORIENTED_EDGE('',*,*,#3171,.F.);
#3171 = EDGE_CURVE('',#3172,#3163,#3174,.T.);
#3172 = VERTEX_POINT('',#3173);
#3173 = CARTESIAN_POINT('',(-16.69940711521,-13.05243973294,
    9.538781480394));
#3174 = LINE('',#3175,#3176);
#3175 = CARTESIAN_POINT('',(-16.69940711521,-13.05243973294,20.25));
#3176 = VECTOR('',#3177,1.);
#3177 = DIRECTION('',(0.,0.,1.));
#3178 = ORIENTED_EDGE('',*,*,#3179,.F.);
#3179 = EDGE_CURVE('',#3155,#3172,#3180,.T.);
#3180 = CIRCLE('',#3181,6.125E-02);
#3181 = AXIS2_PLACEMENT_3D('',#3182,#3183,#3184);
#3182 = CARTESIAN_POINT('',(-16.64985482431,-13.01643788624,
    9.538781480394));
#3183 = DIRECTION('',(1.64972832143E-14,8.131384205265E-15,-1.));
#3184 = DIRECTION('',(0.442106065513,-0.896962778958,-4.733165431326E-30
    ));
#3185 = CYLINDRICAL_SURFACE('',#3186,6.125E-02);
#3186 = AXIS2_PLACEMENT_3D('',#3187,#3188,#3189);
#3187 = CARTESIAN_POINT('',(-16.64985482431,-13.01643788624,20.25));
#3188 = DIRECTION('',(0.,0.,1.));
#3189 = DIRECTION('',(-0.23990329964,-0.970796789664,0.));
#3190 = ADVANCED_FACE('',(#3191),#3211,.T.);
#3191 = FACE_BOUND('',#3192,.T.);
#3192 = EDGE_LOOP('',(#3193,#3194,#3202,#3203));
#3193 = ORIENTED_EDGE('',*,*,#3179,.F.);
#3194 = ORIENTED_EDGE('',*,*,#3195,.T.);
#3195 = EDGE_CURVE('',#3155,#3063,#3196,.T.);
#3196 = B_SPLINE_CURVE_WITH_KNOTS('',3,(#3197,#3198,#3199,#3200,#3201),
  .UNSPECIFIED.,.F.,.F.,(4,1,4),(-1.284078553628E-02,-5.503193801263E-03
    ,-2.936092551226E-17),.UNSPECIFIED.);
#3197 = CARTESIAN_POINT('',(-16.62277582779,-13.07137685645,
    9.538781480394));
#3198 = CARTESIAN_POINT('',(-16.62277582779,-13.07137685645,
    9.514322841278));
#3199 = CARTESIAN_POINT('',(-16.63294779718,-13.07605000866,
    9.47168499611));
#3200 = CARTESIAN_POINT('',(-16.65580636957,-13.09000604775,9.4418653581
    ));
#3201 = CARTESIAN_POINT('',(-16.66647958383,-13.09776059182,
    9.432693368431));
#3202 = ORIENTED_EDGE('',*,*,#3071,.F.);
#3203 = ORIENTED_EDGE('',*,*,#3204,.T.);
#3204 = EDGE_CURVE('',#3045,#3172,#3205,.T.);
#3205 = B_SPLINE_CURVE_WITH_KNOTS('',3,(#3206,#3207,#3208,#3209,#3210),
  .UNSPECIFIED.,.F.,.F.,(4,1,4),(2.936092551226E-17,5.503193801263E-03,
    1.284078553628E-02),.UNSPECIFIED.);
#3206 = CARTESIAN_POINT('',(-16.72725757598,-13.06620922427,
    9.485737424413));
#3207 = CARTESIAN_POINT('',(-16.72083141157,-13.06154034253,
    9.490323419247));
#3208 = CARTESIAN_POINT('',(-16.70630944818,-13.05418259029,
    9.505233238252));
#3209 = CARTESIAN_POINT('',(-16.69940711521,-13.05243973294,
    9.526552160836));
#3210 = CARTESIAN_POINT('',(-16.69940711521,-13.05243973294,
    9.538781480394));
#3211 = B_SPLINE_SURFACE_WITH_KNOTS('',3,3,(
    (#3212,#3213,#3214,#3215,#3216)
    ,(#3217,#3218,#3219,#3220,#3221)
    ,(#3222,#3223,#3224,#3225,#3226)
    ,(#3227,#3228,#3229,#3230,#3231)
    ,(#3232,#3233,#3234,#3235,#3236
  )),.UNSPECIFIED.,.F.,.F.,.F.,(4,1,4),(4,1,4),(0.,0.571428571429,1.),(
    2.936092551226E-17,5.503193801263E-03,1.284078553628E-02),
  .UNSPECIFIED.);
#3212 = CARTESIAN_POINT('',(-16.66647958383,-13.09776059182,
    9.432693368431));
#3213 = CARTESIAN_POINT('',(-16.65580636957,-13.09000604775,9.4418653581
    ));
#3214 = CARTESIAN_POINT('',(-16.63294779718,-13.07605000866,
    9.47168499611));
#3215 = CARTESIAN_POINT('',(-16.62277582779,-13.07137685645,
    9.514322841278));
#3216 = CARTESIAN_POINT('',(-16.62277582779,-13.07137685645,
    9.538781480394));
#3217 = CARTESIAN_POINT('',(-16.67389258921,-13.10314645549,
    9.448564112868));
#3218 = CARTESIAN_POINT('',(-16.6652954459,-13.09638696518,
    9.456131056976));
#3219 = CARTESIAN_POINT('',(-16.64641372174,-13.08343892966,
    9.480840933924));
#3220 = CARTESIAN_POINT('',(-16.63743064752,-13.07860010455,
    9.517641960512));
#3221 = CARTESIAN_POINT('',(-16.63743064752,-13.07860010455,
    9.538781480394));
#3222 = CARTESIAN_POINT('',(-16.69576786571,-13.10002574717,
    9.476039919088));
#3223 = CARTESIAN_POINT('',(-16.68989497355,-13.09496734783,
    9.480878437797));
#3224 = CARTESIAN_POINT('',(-16.67587699457,-13.08464105016,
    9.496809775045));
#3225 = CARTESIAN_POINT('',(-16.66824012393,-13.08032604017,
    9.523382476108));
#3226 = CARTESIAN_POINT('',(-16.66824012393,-13.08032604017,
    9.538781480394));
#3227 = CARTESIAN_POINT('',(-16.71917878048,-13.07732873235,
    9.485737424413));
#3228 = CARTESIAN_POINT('',(-16.71323453534,-13.07277423234,
    9.490055495107));
#3229 = CARTESIAN_POINT('',(-16.69931624173,-13.06485939548,
    9.50419124542));
#3230 = CARTESIAN_POINT('',(-16.69220456976,-13.06235318628,
    9.526137461459));
#3231 = CARTESIAN_POINT('',(-16.69220456976,-13.06235318628,
    9.538781480394));
#3232 = CARTESIAN_POINT('',(-16.72725757598,-13.06620922427,
    9.485737424413));
#3233 = CARTESIAN_POINT('',(-16.72083141157,-13.06154034253,
    9.490323419247));
#3234 = CARTESIAN_POINT('',(-16.70630944818,-13.05418259029,
    9.505233238252));
#3235 = CARTESIAN_POINT('',(-16.69940711521,-13.05243973294,
    9.526552160836));
#3236 = CARTESIAN_POINT('',(-16.69940711521,-13.05243973294,
    9.538781480394));
#3237 = ADVANCED_FACE('',(#3238),#3276,.F.);
#3238 = FACE_BOUND('',#3239,.F.);
#3239 = EDGE_LOOP('',(#3240,#3251,#3260,#3269));
#3240 = ORIENTED_EDGE('',*,*,#3241,.F.);
#3241 = EDGE_CURVE('',#3242,#3244,#3246,.T.);
#3242 = VERTEX_POINT('',#3243);
#3243 = CARTESIAN_POINT('',(-16.71603187473,-13.13376243853,
    10.038781480394));
#3244 = VERTEX_POINT('',#3245);
#3245 = CARTESIAN_POINT('',(-16.66647958383,-13.09776059182,
    10.022369592358));
#3246 = CIRCLE('',#3247,0.1225);
#3247 = AXIS2_PLACEMENT_3D('',#3248,#3249,#3250);
#3248 = CARTESIAN_POINT('',(-16.71603187473,-13.13376243853,
    9.916281480394));
#3249 = DIRECTION('',(-0.587785252292,0.809016994375,-2.775557561563E-17
    ));
#3250 = DIRECTION('',(0.572061402818,0.415626937777,0.707106781187));
#3251 = ORIENTED_EDGE('',*,*,#3252,.F.);
#3252 = EDGE_CURVE('',#3253,#3242,#3255,.T.);
#3253 = VERTEX_POINT('',#3254);
#3254 = CARTESIAN_POINT('',(-16.75203372144,-13.08421014762,
    9.977531480394));
#3255 = CIRCLE('',#3256,6.125E-02);
#3256 = AXIS2_PLACEMENT_3D('',#3257,#3258,#3259);
#3257 = CARTESIAN_POINT('',(-16.75203372144,-13.08421014762,
    10.038781480394));
#3258 = DIRECTION('',(-0.809016994375,-0.587785252292,0.));
#3259 = DIRECTION('',(-0.,0.,-1.));
#3260 = ORIENTED_EDGE('',*,*,#3261,.F.);
#3261 = EDGE_CURVE('',#3262,#3253,#3264,.T.);
#3262 = VERTEX_POINT('',#3263);
#3263 = CARTESIAN_POINT('',(-16.72725757598,-13.06620922427,
    9.969325536376));
#3264 = CIRCLE('',#3265,6.125E-02);
#3265 = AXIS2_PLACEMENT_3D('',#3266,#3267,#3268);
#3266 = CARTESIAN_POINT('',(-16.75203372144,-13.08421014762,
    9.916281480394));
#3267 = DIRECTION('',(0.587785252292,-0.809016994375,2.775557561563E-17)
  );
#3268 = DIRECTION('',(0.572061402818,0.415626937777,0.707106781187));
#3269 = ORIENTED_EDGE('',*,*,#3270,.F.);
#3270 = EDGE_CURVE('',#3244,#3262,#3271,.T.);
#3271 = CIRCLE('',#3272,6.125E-02);
#3272 = AXIS2_PLACEMENT_3D('',#3273,#3274,#3275);
#3273 = CARTESIAN_POINT('',(-16.70248143053,-13.04820830092,
    10.022369592358));
#3274 = DIRECTION('',(0.700629269222,0.509036960455,-0.5));
#3275 = DIRECTION('',(0.587785252293,-0.809016994375,1.665334536938E-16)
  );
#3276 = TOROIDAL_SURFACE('',#3277,0.1225,6.125E-02);
#3277 = AXIS2_PLACEMENT_3D('',#3278,#3279,#3280);
#3278 = CARTESIAN_POINT('',(-16.75203372144,-13.08421014762,
    9.916281480394));
#3279 = DIRECTION('',(0.587785252292,-0.809016994375,0.));
#3280 = DIRECTION('',(0.,0.,-1.));
#3281 = ADVANCED_FACE('',(#3282),#3308,.F.);
#3282 = FACE_BOUND('',#3283,.F.);
#3283 = EDGE_LOOP('',(#3284,#3292,#3293,#3301));
#3284 = ORIENTED_EDGE('',*,*,#3285,.F.);
#3285 = EDGE_CURVE('',#3253,#3286,#3288,.T.);
#3286 = VERTEX_POINT('',#3287);
#3287 = CARTESIAN_POINT('',(-17.05743763681,-13.30609908036,
    9.977531480394));
#3288 = LINE('',#3289,#3290);
#3289 = CARTESIAN_POINT('',(-17.43206814388,-13.57828407603,
    9.977531480394));
#3290 = VECTOR('',#3291,1.);
#3291 = DIRECTION('',(-0.809016994375,-0.587785252292,0.));
#3292 = ORIENTED_EDGE('',*,*,#3252,.T.);
#3293 = ORIENTED_EDGE('',*,*,#3294,.F.);
#3294 = EDGE_CURVE('',#3295,#3242,#3297,.T.);
#3295 = VERTEX_POINT('',#3296);
#3296 = CARTESIAN_POINT('',(-17.02143579011,-13.35565137127,
    10.038781480394));
#3297 = LINE('',#3298,#3299);
#3298 = CARTESIAN_POINT('',(-17.39606629717,-13.62783636694,
    10.038781480394));
#3299 = VECTOR('',#3300,1.);
#3300 = DIRECTION('',(0.809016994375,0.587785252292,0.));
#3301 = ORIENTED_EDGE('',*,*,#3302,.F.);
#3302 = EDGE_CURVE('',#3286,#3295,#3303,.T.);
#3303 = CIRCLE('',#3304,6.125E-02);
#3304 = AXIS2_PLACEMENT_3D('',#3305,#3306,#3307);
#3305 = CARTESIAN_POINT('',(-17.05743763681,-13.30609908036,
    10.038781480394));
#3306 = DIRECTION('',(-0.809016994375,-0.587785252292,0.));
#3307 = DIRECTION('',(-0.,0.,-1.));
#3308 = CYLINDRICAL_SURFACE('',#3309,6.125E-02);
#3309 = AXIS2_PLACEMENT_3D('',#3310,#3311,#3312);
#3310 = CARTESIAN_POINT('',(-17.43206814388,-13.57828407603,
    10.038781480394));
#3311 = DIRECTION('',(-0.809016994375,-0.587785252292,0.));
#3312 = DIRECTION('',(0.415626937777,-0.572061402818,-0.707106781187));
#3313 = ADVANCED_FACE('',(#3314),#3342,.F.);
#3314 = FACE_BOUND('',#3315,.F.);
#3315 = EDGE_LOOP('',(#3316,#3325,#3334,#3341));
#3316 = ORIENTED_EDGE('',*,*,#3317,.F.);
#3317 = EDGE_CURVE('',#3318,#3295,#3320,.T.);
#3318 = VERTEX_POINT('',#3319);
#3319 = CARTESIAN_POINT('',(-17.12054037192,-13.42765506467,
    9.916281480394));
#3320 = CIRCLE('',#3321,0.1225);
#3321 = AXIS2_PLACEMENT_3D('',#3322,#3323,#3324);
#3322 = CARTESIAN_POINT('',(-17.02143579011,-13.35565137127,
    9.916281480394));
#3323 = DIRECTION('',(-0.587785252292,0.809016994375,0.));
#3324 = DIRECTION('',(-0.706394522737,-0.513225662319,0.487448661691));
#3325 = ORIENTED_EDGE('',*,*,#3326,.F.);
#3326 = EDGE_CURVE('',#3327,#3318,#3329,.T.);
#3327 = VERTEX_POINT('',#3328);
#3328 = CARTESIAN_POINT('',(-17.10698992772,-13.34210092706,
    9.916281480394));
#3329 = CIRCLE('',#3330,6.125E-02);
#3330 = AXIS2_PLACEMENT_3D('',#3331,#3332,#3333);
#3331 = CARTESIAN_POINT('',(-17.15654221862,-13.37810277377,
    9.916281480394));
#3332 = DIRECTION('',(0.,0.,-1.));
#3333 = DIRECTION('',(0.987688340595,-0.15643446504,0.));
#3334 = ORIENTED_EDGE('',*,*,#3335,.T.);
#3335 = EDGE_CURVE('',#3327,#3286,#3336,.T.);
#3336 = CIRCLE('',#3337,6.125E-02);
#3337 = AXIS2_PLACEMENT_3D('',#3338,#3339,#3340);
#3338 = CARTESIAN_POINT('',(-17.05743763681,-13.30609908036,
    9.916281480394));
#3339 = DIRECTION('',(-0.587785252292,0.809016994375,0.));
#3340 = DIRECTION('',(-0.809016994375,-0.587785252292,0.));
#3341 = ORIENTED_EDGE('',*,*,#3302,.T.);
#3342 = TOROIDAL_SURFACE('',#3343,0.1225,6.125E-02);
#3343 = AXIS2_PLACEMENT_3D('',#3344,#3345,#3346);
#3344 = CARTESIAN_POINT('',(-17.05743763681,-13.30609908036,
    9.916281480394));
#3345 = DIRECTION('',(-0.587785252292,0.809016994375,0.));
#3346 = DIRECTION('',(0.,0.,1.));
#3347 = ADVANCED_FACE('',(#3348),#3368,.T.);
#3348 = FACE_BOUND('',#3349,.T.);
#3349 = EDGE_LOOP('',(#3350,#3351,#3359,#3360));
#3350 = ORIENTED_EDGE('',*,*,#3270,.F.);
#3351 = ORIENTED_EDGE('',*,*,#3352,.T.);
#3352 = EDGE_CURVE('',#3244,#3153,#3353,.T.);
#3353 = B_SPLINE_CURVE_WITH_KNOTS('',3,(#3354,#3355,#3356,#3357,#3358),
  .UNSPECIFIED.,.F.,.F.,(4,1,4),(-1.284076082091E-02,-5.503183208962E-03
    ,0.),.UNSPECIFIED.);
#3354 = CARTESIAN_POINT('',(-16.66647958383,-13.09776059182,
    10.022369592358));
#3355 = CARTESIAN_POINT('',(-16.65224865887,-13.08742121963,
    10.010140296338));
#3356 = CARTESIAN_POINT('',(-16.63025678995,-13.07487331679,
    9.977395608249));
#3357 = CARTESIAN_POINT('',(-16.62277582779,-13.07137685645,
    9.934625424424));
#3358 = CARTESIAN_POINT('',(-16.62277582779,-13.07137685645,
    9.916281480394));
#3359 = ORIENTED_EDGE('',*,*,#3162,.F.);
#3360 = ORIENTED_EDGE('',*,*,#3361,.T.);
#3361 = EDGE_CURVE('',#3163,#3262,#3362,.T.);
#3362 = B_SPLINE_CURVE_WITH_KNOTS('',3,(#3363,#3364,#3365,#3366,#3367),
  .UNSPECIFIED.,.F.,.F.,(4,1,4),(0.,5.503183208962E-03,
    1.284076082091E-02),.UNSPECIFIED.);
#3363 = CARTESIAN_POINT('',(-16.69940711521,-13.05243973294,
    9.916281480394));
#3364 = CARTESIAN_POINT('',(-16.69940711521,-13.05243973294,
    9.925453452409));
#3365 = CARTESIAN_POINT('',(-16.70446636445,-13.05378088227,
    9.946838544322));
#3366 = CARTESIAN_POINT('',(-16.71868937325,-13.05998406059,
    9.963210888366));
#3367 = CARTESIAN_POINT('',(-16.72725757598,-13.06620922427,
    9.969325536376));
#3368 = B_SPLINE_SURFACE_WITH_KNOTS('',3,3,(
    (#3369,#3370,#3371,#3372,#3373)
    ,(#3374,#3375,#3376,#3377,#3378)
    ,(#3379,#3380,#3381,#3382,#3383)
    ,(#3384,#3385,#3386,#3387,#3388)
    ,(#3389,#3390,#3391,#3392,#3393
  )),.UNSPECIFIED.,.F.,.F.,.F.,(4,1,4),(4,1,4),(0.,0.571428571429,1.),(
    0.,5.503183208962E-03,1.284076082091E-02),.UNSPECIFIED.);
#3369 = CARTESIAN_POINT('',(-16.62277582779,-13.07137685645,
    9.916281480394));
#3370 = CARTESIAN_POINT('',(-16.62277582779,-13.07137685645,
    9.934625424424));
#3371 = CARTESIAN_POINT('',(-16.63025678995,-13.07487331679,
    9.977395608249));
#3372 = CARTESIAN_POINT('',(-16.65224865887,-13.08742121963,
    10.010140296338));
#3373 = CARTESIAN_POINT('',(-16.66647958383,-13.09776059182,
    10.022369592358));
#3374 = CARTESIAN_POINT('',(-16.63743064752,-13.07860010455,
    9.916281480394));
#3375 = CARTESIAN_POINT('',(-16.63743064752,-13.07860010455,
    9.93213608979));
#3376 = CARTESIAN_POINT('',(-16.64404688682,-13.08219558894,
    9.96912871725));
#3377 = CARTESIAN_POINT('',(-16.66242975352,-13.09413381909,
    9.996409608529));
#3378 = CARTESIAN_POINT('',(-16.67389258921,-13.10314645549,
    10.006498847921));
#3379 = CARTESIAN_POINT('',(-16.66824008432,-13.08032592146,
    9.916281480394));
#3380 = CARTESIAN_POINT('',(-16.66824008432,-13.08032592146,
    9.92783071138));
#3381 = CARTESIAN_POINT('',(-16.67388202334,-13.08350761255,
    9.954751776378));
#3382 = CARTESIAN_POINT('',(-16.68793737062,-13.09328108341,9.9725718249
    ));
#3383 = CARTESIAN_POINT('',(-16.69576787843,-13.10002560289,
    9.979023170762));
#3384 = CARTESIAN_POINT('',(-16.69220456976,-13.06235318628,
    9.916281480394));
#3385 = CARTESIAN_POINT('',(-16.69220456976,-13.06235318628,
    9.925764476344));
#3386 = CARTESIAN_POINT('',(-16.69743105268,-13.06424029303,
    9.947885947319));
#3387 = CARTESIAN_POINT('',(-16.71125313555,-13.07125607736,
    9.963568119866));
#3388 = CARTESIAN_POINT('',(-16.71917878048,-13.07732873235,
    9.969325536376));
#3389 = CARTESIAN_POINT('',(-16.69940711521,-13.05243973294,
    9.916281480394));
#3390 = CARTESIAN_POINT('',(-16.69940711521,-13.05243973294,
    9.925453452409));
#3391 = CARTESIAN_POINT('',(-16.70446636445,-13.05378088227,
    9.946838544322));
#3392 = CARTESIAN_POINT('',(-16.71868937325,-13.05998406059,
    9.963210888366));
#3393 = CARTESIAN_POINT('',(-16.72725757598,-13.06620922427,
    9.969325536376));
#3394 = ADVANCED_FACE('',(#3395),#3420,.T.);
#3395 = FACE_BOUND('',#3396,.T.);
#3396 = EDGE_LOOP('',(#3397,#3398,#3406,#3414));
#3397 = ORIENTED_EDGE('',*,*,#3095,.F.);
#3398 = ORIENTED_EDGE('',*,*,#3399,.F.);
#3399 = EDGE_CURVE('',#3400,#3096,#3402,.T.);
#3400 = VERTEX_POINT('',#3401);
#3401 = CARTESIAN_POINT('',(-17.05890709994,-13.30407653787,
    9.477531480394));
#3402 = LINE('',#3403,#3404);
#3403 = CARTESIAN_POINT('',(-17.02143579011,-13.35565137127,
    9.477531480394));
#3404 = VECTOR('',#3405,1.);
#3405 = DIRECTION('',(0.587785252292,-0.809016994375,0.));
#3406 = ORIENTED_EDGE('',*,*,#3407,.F.);
#3407 = EDGE_CURVE('',#3408,#3400,#3410,.T.);
#3408 = VERTEX_POINT('',#3409);
#3409 = CARTESIAN_POINT('',(-16.75350318457,-13.08218760513,
    9.477531480394));
#3410 = LINE('',#3411,#3412);
#3411 = CARTESIAN_POINT('',(-16.80507801796,-13.11965891497,
    9.477531480394));
#3412 = VECTOR('',#3413,1.);
#3413 = DIRECTION('',(-0.809016994375,-0.587785252292,0.));
#3414 = ORIENTED_EDGE('',*,*,#3415,.F.);
#3415 = EDGE_CURVE('',#3043,#3408,#3416,.T.);
#3416 = LINE('',#3417,#3418);
#3417 = CARTESIAN_POINT('',(-16.71603187473,-13.13376243853,
    9.477531480394));
#3418 = VECTOR('',#3419,1.);
#3419 = DIRECTION('',(-0.587785252292,0.809016994375,0.));
#3420 = PLANE('',#3421);
#3421 = AXIS2_PLACEMENT_3D('',#3422,#3423,#3424);
#3422 = CARTESIAN_POINT('',(-16.66647958383,-13.09776059182,
    9.477531480394));
#3423 = DIRECTION('',(0.,0.,-1.));
#3424 = DIRECTION('',(-0.809016994375,-0.587785252292,-0.));
#3425 = ADVANCED_FACE('',(#3426),#3471,.T.);
#3426 = FACE_BOUND('',#3427,.T.);
#3427 = EDGE_LOOP('',(#3428,#3429,#3430,#3431,#3439,#3448,#3456,#3465));
#3428 = ORIENTED_EDGE('',*,*,#3195,.F.);
#3429 = ORIENTED_EDGE('',*,*,#3152,.F.);
#3430 = ORIENTED_EDGE('',*,*,#3352,.F.);
#3431 = ORIENTED_EDGE('',*,*,#3432,.T.);
#3432 = EDGE_CURVE('',#3244,#3433,#3435,.T.);
#3433 = VERTEX_POINT('',#3434);
#3434 = CARTESIAN_POINT('',(-16.66647958383,-13.09776059182,19.95));
#3435 = LINE('',#3436,#3437);
#3436 = CARTESIAN_POINT('',(-16.66647958383,-13.09776059182,20.25));
#3437 = VECTOR('',#3438,1.);
#3438 = DIRECTION('',(0.,0.,1.));
#3439 = ORIENTED_EDGE('',*,*,#3440,.T.);
#3440 = EDGE_CURVE('',#3433,#3441,#3443,.T.);
#3441 = VERTEX_POINT('',#3442);
#3442 = CARTESIAN_POINT('',(-16.24743890983,-13.16413011445,19.95));
#3443 = CIRCLE('',#3444,0.3);
#3444 = AXIS2_PLACEMENT_3D('',#3445,#3446,#3447);
#3445 = CARTESIAN_POINT('',(-16.49014400814,-13.34046569013,19.95));
#3446 = DIRECTION('',(0.,0.,-1.));
#3447 = DIRECTION('',(-0.587785252292,0.809016994375,0.));
#3448 = ORIENTED_EDGE('',*,*,#3449,.T.);
#3449 = EDGE_CURVE('',#3441,#3450,#3452,.T.);
#3450 = VERTEX_POINT('',#3451);
#3451 = CARTESIAN_POINT('',(-16.24743890983,-13.16413011445,6.1));
#3452 = LINE('',#3453,#3454);
#3453 = CARTESIAN_POINT('',(-16.24743890983,-13.16413011445,20.25));
#3454 = VECTOR('',#3455,1.);
#3455 = DIRECTION('',(0.,0.,-1.));
#3456 = ORIENTED_EDGE('',*,*,#3457,.F.);
#3457 = EDGE_CURVE('',#3458,#3450,#3460,.T.);
#3458 = VERTEX_POINT('',#3459);
#3459 = CARTESIAN_POINT('',(-16.66647958383,-13.09776059182,6.1));
#3460 = CIRCLE('',#3461,0.3);
#3461 = AXIS2_PLACEMENT_3D('',#3462,#3463,#3464);
#3462 = CARTESIAN_POINT('',(-16.49014400814,-13.34046569013,6.1));
#3463 = DIRECTION('',(0.,0.,-1.));
#3464 = DIRECTION('',(0.809016994375,0.587785252292,0.));
#3465 = ORIENTED_EDGE('',*,*,#3466,.T.);
#3466 = EDGE_CURVE('',#3458,#3063,#3467,.T.);
#3467 = LINE('',#3468,#3469);
#3468 = CARTESIAN_POINT('',(-16.66647958383,-13.09776059182,20.25));
#3469 = VECTOR('',#3470,1.);
#3470 = DIRECTION('',(0.,0.,1.));
#3471 = CYLINDRICAL_SURFACE('',#3472,0.3);
#3472 = AXIS2_PLACEMENT_3D('',#3473,#3474,#3475);
#3473 = CARTESIAN_POINT('',(-16.49014400814,-13.34046569013,20.25));
#3474 = DIRECTION('',(0.,0.,-1.));
#3475 = DIRECTION('',(0.15643446504,0.987688340595,0.));
#3476 = ADVANCED_FACE('',(#3477),#3515,.T.);
#3477 = FACE_BOUND('',#3478,.T.);
#3478 = EDGE_LOOP('',(#3479,#3480,#3481,#3482,#3483,#3491,#3499,#3505,
    #3506,#3507,#3508,#3509));
#3479 = ORIENTED_EDGE('',*,*,#3136,.F.);
#3480 = ORIENTED_EDGE('',*,*,#3086,.F.);
#3481 = ORIENTED_EDGE('',*,*,#3062,.F.);
#3482 = ORIENTED_EDGE('',*,*,#3466,.F.);
#3483 = ORIENTED_EDGE('',*,*,#3484,.F.);
#3484 = EDGE_CURVE('',#3485,#3458,#3487,.T.);
#3485 = VERTEX_POINT('',#3486);
#3486 = CARTESIAN_POINT('',(-17.48539321957,-13.69273617495,6.1));
#3487 = LINE('',#3488,#3489);
#3488 = CARTESIAN_POINT('',(-17.37584087231,-13.61314173563,6.1));
#3489 = VECTOR('',#3490,1.);
#3490 = DIRECTION('',(0.809016994375,0.587785252292,0.));
#3491 = ORIENTED_EDGE('',*,*,#3492,.F.);
#3492 = EDGE_CURVE('',#3493,#3485,#3495,.T.);
#3493 = VERTEX_POINT('',#3494);
#3494 = CARTESIAN_POINT('',(-17.48539321957,-13.69273617495,19.95));
#3495 = LINE('',#3496,#3497);
#3496 = CARTESIAN_POINT('',(-17.48539321957,-13.69273617495,18.75));
#3497 = VECTOR('',#3498,1.);
#3498 = DIRECTION('',(0.,0.,-1.));
#3499 = ORIENTED_EDGE('',*,*,#3500,.F.);
#3500 = EDGE_CURVE('',#3433,#3493,#3501,.T.);
#3501 = LINE('',#3502,#3503);
#3502 = CARTESIAN_POINT('',(-17.37584087231,-13.61314173563,19.95));
#3503 = VECTOR('',#3504,1.);
#3504 = DIRECTION('',(-0.809016994375,-0.587785252292,0.));
#3505 = ORIENTED_EDGE('',*,*,#3432,.F.);
#3506 = ORIENTED_EDGE('',*,*,#3241,.F.);
#3507 = ORIENTED_EDGE('',*,*,#3294,.F.);
#3508 = ORIENTED_EDGE('',*,*,#3317,.F.);
#3509 = ORIENTED_EDGE('',*,*,#3510,.F.);
#3510 = EDGE_CURVE('',#3128,#3318,#3511,.T.);
#3511 = LINE('',#3512,#3513);
#3512 = CARTESIAN_POINT('',(-17.12054037192,-13.42765506467,
    14.863765740197));
#3513 = VECTOR('',#3514,1.);
#3514 = DIRECTION('',(0.,0.,1.));
#3515 = PLANE('',#3516);
#3516 = AXIS2_PLACEMENT_3D('',#3517,#3518,#3519);
#3517 = CARTESIAN_POINT('',(-17.72114451333,-13.8640195159,20.25));
#3518 = DIRECTION('',(-0.587785252292,0.809016994375,0.));
#3519 = DIRECTION('',(0.809016994375,0.587785252292,0.));
#3520 = ADVANCED_FACE('',(#3521),#3532,.F.);
#3521 = FACE_BOUND('',#3522,.F.);
#3522 = EDGE_LOOP('',(#3523,#3524,#3525,#3531));
#3523 = ORIENTED_EDGE('',*,*,#3510,.F.);
#3524 = ORIENTED_EDGE('',*,*,#3127,.T.);
#3525 = ORIENTED_EDGE('',*,*,#3526,.F.);
#3526 = EDGE_CURVE('',#3327,#3119,#3527,.T.);
#3527 = LINE('',#3528,#3529);
#3528 = CARTESIAN_POINT('',(-17.10698992772,-13.34210092706,
    14.863765740197));
#3529 = VECTOR('',#3530,1.);
#3530 = DIRECTION('',(0.,0.,-1.));
#3531 = ORIENTED_EDGE('',*,*,#3326,.T.);
#3532 = CYLINDRICAL_SURFACE('',#3533,6.125E-02);
#3533 = AXIS2_PLACEMENT_3D('',#3534,#3535,#3536);
#3534 = CARTESIAN_POINT('',(-17.15654221862,-13.37810277377,
    14.863765740197));
#3535 = DIRECTION('',(0.,0.,-1.));
#3536 = DIRECTION('',(0.987688340595,-0.15643446504,0.));
#3537 = ADVANCED_FACE('',(#3538),#3563,.T.);
#3538 = FACE_BOUND('',#3539,.T.);
#3539 = EDGE_LOOP('',(#3540,#3548,#3556,#3562));
#3540 = ORIENTED_EDGE('',*,*,#3541,.F.);
#3541 = EDGE_CURVE('',#3542,#3327,#3544,.T.);
#3542 = VERTEX_POINT('',#3543);
#3543 = CARTESIAN_POINT('',(-17.10845939085,-13.34007838458,
    9.916281480394));
#3544 = LINE('',#3545,#3546);
#3545 = CARTESIAN_POINT('',(-17.07098808102,-13.39165321797,
    9.916281480394));
#3546 = VECTOR('',#3547,1.);
#3547 = DIRECTION('',(0.587785252292,-0.809016994375,0.));
#3548 = ORIENTED_EDGE('',*,*,#3549,.F.);
#3549 = EDGE_CURVE('',#3550,#3542,#3552,.T.);
#3550 = VERTEX_POINT('',#3551);
#3551 = CARTESIAN_POINT('',(-17.10845939085,-13.34007838458,
    9.538781480394));
#3552 = LINE('',#3553,#3554);
#3553 = CARTESIAN_POINT('',(-17.10845939085,-13.34007838458,
    9.602531480394));
#3554 = VECTOR('',#3555,1.);
#3555 = DIRECTION('',(0.,0.,1.));
#3556 = ORIENTED_EDGE('',*,*,#3557,.F.);
#3557 = EDGE_CURVE('',#3119,#3550,#3558,.T.);
#3558 = LINE('',#3559,#3560);
#3559 = CARTESIAN_POINT('',(-17.07098808102,-13.39165321797,
    9.538781480394));
#3560 = VECTOR('',#3561,1.);
#3561 = DIRECTION('',(-0.587785252292,0.809016994375,0.));
#3562 = ORIENTED_EDGE('',*,*,#3526,.F.);
#3563 = PLANE('',#3564);
#3564 = AXIS2_PLACEMENT_3D('',#3565,#3566,#3567);
#3565 = CARTESIAN_POINT('',(-17.07098808102,-13.39165321797,
    9.477531480394));
#3566 = DIRECTION('',(-0.809016994375,-0.587785252292,0.));
#3567 = DIRECTION('',(0.,0.,1.));
#3568 = ADVANCED_FACE('',(#3569),#3596,.T.);
#3569 = FACE_BOUND('',#3570,.T.);
#3570 = EDGE_LOOP('',(#3571,#3582,#3589));
#3571 = ORIENTED_EDGE('',*,*,#3572,.T.);
#3572 = EDGE_CURVE('',#3573,#3575,#3577,.T.);
#3573 = VERTEX_POINT('',#3574);
#3574 = CARTESIAN_POINT('',(-16.78950503127,-13.03263531423,
    9.538781480394));
#3575 = VERTEX_POINT('',#3576);
#3576 = CARTESIAN_POINT('',(-16.70395089366,-13.04618575843,
    9.538781480394));
#3577 = CIRCLE('',#3578,6.125E-02);
#3578 = AXIS2_PLACEMENT_3D('',#3579,#3580,#3581);
#3579 = CARTESIAN_POINT('',(-16.75350318457,-13.08218760513,
    9.538781480394));
#3580 = DIRECTION('',(0.,0.,-1.));
#3581 = DIRECTION('',(0.809016994375,0.587785252292,0.));
#3582 = ORIENTED_EDGE('',*,*,#3583,.T.);
#3583 = EDGE_CURVE('',#3575,#3408,#3584,.T.);
#3584 = CIRCLE('',#3585,6.125E-02);
#3585 = AXIS2_PLACEMENT_3D('',#3586,#3587,#3588);
#3586 = CARTESIAN_POINT('',(-16.75350318457,-13.08218760513,
    9.538781480394));
#3587 = DIRECTION('',(-0.587785252292,0.809016994375,0.));
#3588 = DIRECTION('',(0.,0.,-1.));
#3589 = ORIENTED_EDGE('',*,*,#3590,.T.);
#3590 = EDGE_CURVE('',#3408,#3573,#3591,.T.);
#3591 = CIRCLE('',#3592,6.125E-02);
#3592 = AXIS2_PLACEMENT_3D('',#3593,#3594,#3595);
#3593 = CARTESIAN_POINT('',(-16.75350318457,-13.08218760513,
    9.538781480394));
#3594 = DIRECTION('',(0.809016994375,0.587785252292,0.));
#3595 = DIRECTION('',(-0.587785252292,0.809016994375,0.));
#3596 = SPHERICAL_SURFACE('',#3597,6.125E-02);
#3597 = AXIS2_PLACEMENT_3D('',#3598,#3599,#3600);
#3598 = CARTESIAN_POINT('',(-16.75350318457,-13.08218760513,
    9.538781480394));
#3599 = DIRECTION('',(-0.991809208181,0.103856330373,-7.435292334376E-02
    ));
#3600 = DIRECTION('',(0.127728205845,0.806444153118,-0.57735026919));
#3601 = ADVANCED_FACE('',(#3602),#3614,.T.);
#3602 = FACE_BOUND('',#3603,.T.);
#3603 = EDGE_LOOP('',(#3604,#3605,#3606,#3607,#3613));
#3604 = ORIENTED_EDGE('',*,*,#3042,.F.);
#3605 = ORIENTED_EDGE('',*,*,#3415,.T.);
#3606 = ORIENTED_EDGE('',*,*,#3583,.F.);
#3607 = ORIENTED_EDGE('',*,*,#3608,.T.);
#3608 = EDGE_CURVE('',#3575,#3172,#3609,.T.);
#3609 = LINE('',#3610,#3611);
#3610 = CARTESIAN_POINT('',(-16.66647958383,-13.09776059182,
    9.538781480394));
#3611 = VECTOR('',#3612,1.);
#3612 = DIRECTION('',(0.587785252292,-0.809016994375,0.));
#3613 = ORIENTED_EDGE('',*,*,#3204,.F.);
#3614 = CYLINDRICAL_SURFACE('',#3615,6.125E-02);
#3615 = AXIS2_PLACEMENT_3D('',#3616,#3617,#3618);
#3616 = CARTESIAN_POINT('',(-16.71603187473,-13.13376243853,
    9.538781480394));
#3617 = DIRECTION('',(-0.587785252292,0.809016994375,0.));
#3618 = DIRECTION('',(0.572061402818,0.415626937777,-0.707106781187));
#3619 = ADVANCED_FACE('',(#3620),#3649,.T.);
#3620 = FACE_BOUND('',#3621,.T.);
#3621 = EDGE_LOOP('',(#3622,#3633,#3642));
#3622 = ORIENTED_EDGE('',*,*,#3623,.T.);
#3623 = EDGE_CURVE('',#3624,#3626,#3628,.T.);
#3624 = VERTEX_POINT('',#3625);
#3625 = CARTESIAN_POINT('',(-16.78950503127,-13.03263531423,
    9.916281480394));
#3626 = VERTEX_POINT('',#3627);
#3627 = CARTESIAN_POINT('',(-16.75350318457,-13.08218760513,
    9.977531480394));
#3628 = CIRCLE('',#3629,6.125E-02);
#3629 = AXIS2_PLACEMENT_3D('',#3630,#3631,#3632);
#3630 = CARTESIAN_POINT('',(-16.75350318457,-13.08218760513,
    9.916281480394));
#3631 = DIRECTION('',(0.809016994375,0.587785252292,0.));
#3632 = DIRECTION('',(0.,-0.,1.));
#3633 = ORIENTED_EDGE('',*,*,#3634,.T.);
#3634 = EDGE_CURVE('',#3626,#3635,#3637,.T.);
#3635 = VERTEX_POINT('',#3636);
#3636 = CARTESIAN_POINT('',(-16.70395089366,-13.04618575843,
    9.916281480394));
#3637 = CIRCLE('',#3638,6.125E-02);
#3638 = AXIS2_PLACEMENT_3D('',#3639,#3640,#3641);
#3639 = CARTESIAN_POINT('',(-16.75350318457,-13.08218760513,
    9.916281480394));
#3640 = DIRECTION('',(-0.587785252292,0.809016994375,0.));
#3641 = DIRECTION('',(0.809016994375,0.587785252292,0.));
#3642 = ORIENTED_EDGE('',*,*,#3643,.T.);
#3643 = EDGE_CURVE('',#3635,#3624,#3644,.T.);
#3644 = CIRCLE('',#3645,6.125E-02);
#3645 = AXIS2_PLACEMENT_3D('',#3646,#3647,#3648);
#3646 = CARTESIAN_POINT('',(-16.75350318457,-13.08218760513,
    9.916281480394));
#3647 = DIRECTION('',(0.,0.,1.));
#3648 = DIRECTION('',(-0.587785252292,0.809016994375,0.));
#3649 = SPHERICAL_SURFACE('',#3650,6.125E-02);
#3650 = AXIS2_PLACEMENT_3D('',#3651,#3652,#3653);
#3651 = CARTESIAN_POINT('',(-16.75350318457,-13.08218760513,
    9.916281480394));
#3652 = DIRECTION('',(-0.991809208181,0.103856330373,7.435292334377E-02)
  );
#3653 = DIRECTION('',(0.127728205845,0.806444153118,0.57735026919));
#3654 = ADVANCED_FACE('',(#3655),#3672,.T.);
#3655 = FACE_BOUND('',#3656,.T.);
#3656 = EDGE_LOOP('',(#3657,#3658,#3664,#3665,#3671));
#3657 = ORIENTED_EDGE('',*,*,#3361,.F.);
#3658 = ORIENTED_EDGE('',*,*,#3659,.T.);
#3659 = EDGE_CURVE('',#3163,#3635,#3660,.T.);
#3660 = LINE('',#3661,#3662);
#3661 = CARTESIAN_POINT('',(-16.66647958383,-13.09776059182,
    9.916281480394));
#3662 = VECTOR('',#3663,1.);
#3663 = DIRECTION('',(-0.587785252292,0.809016994375,0.));
#3664 = ORIENTED_EDGE('',*,*,#3634,.F.);
#3665 = ORIENTED_EDGE('',*,*,#3666,.T.);
#3666 = EDGE_CURVE('',#3626,#3253,#3667,.T.);
#3667 = LINE('',#3668,#3669);
#3668 = CARTESIAN_POINT('',(-16.71603187473,-13.13376243853,
    9.977531480394));
#3669 = VECTOR('',#3670,1.);
#3670 = DIRECTION('',(0.587785252292,-0.809016994375,0.));
#3671 = ORIENTED_EDGE('',*,*,#3261,.F.);
#3672 = CYLINDRICAL_SURFACE('',#3673,6.125E-02);
#3673 = AXIS2_PLACEMENT_3D('',#3674,#3675,#3676);
#3674 = CARTESIAN_POINT('',(-16.71603187473,-13.13376243853,
    9.916281480394));
#3675 = DIRECTION('',(-0.587785252292,0.809016994375,0.));
#3676 = DIRECTION('',(0.572061402818,0.415626937777,0.707106781187));
#3677 = ADVANCED_FACE('',(#3678),#3694,.T.);
#3678 = FACE_BOUND('',#3679,.T.);
#3679 = EDGE_LOOP('',(#3680,#3681,#3687,#3688));
#3680 = ORIENTED_EDGE('',*,*,#3572,.F.);
#3681 = ORIENTED_EDGE('',*,*,#3682,.T.);
#3682 = EDGE_CURVE('',#3573,#3624,#3683,.T.);
#3683 = LINE('',#3684,#3685);
#3684 = CARTESIAN_POINT('',(-16.78950503127,-13.03263531423,
    9.852531480394));
#3685 = VECTOR('',#3686,1.);
#3686 = DIRECTION('',(0.,0.,1.));
#3687 = ORIENTED_EDGE('',*,*,#3643,.F.);
#3688 = ORIENTED_EDGE('',*,*,#3689,.T.);
#3689 = EDGE_CURVE('',#3635,#3575,#3690,.T.);
#3690 = LINE('',#3691,#3692);
#3691 = CARTESIAN_POINT('',(-16.70395089366,-13.04618575843,
    9.852531480394));
#3692 = VECTOR('',#3693,1.);
#3693 = DIRECTION('',(0.,0.,-1.));
#3694 = CYLINDRICAL_SURFACE('',#3695,6.125E-02);
#3695 = AXIS2_PLACEMENT_3D('',#3696,#3697,#3698);
#3696 = CARTESIAN_POINT('',(-16.75350318457,-13.08218760513,
    9.852531480394));
#3697 = DIRECTION('',(0.,0.,-1.));
#3698 = DIRECTION('',(0.15643446504,0.987688340595,0.));
#3699 = ADVANCED_FACE('',(#3700),#3725,.T.);
#3700 = FACE_BOUND('',#3701,.T.);
#3701 = EDGE_LOOP('',(#3702,#3711,#3718));
#3702 = ORIENTED_EDGE('',*,*,#3703,.T.);
#3703 = EDGE_CURVE('',#3704,#3400,#3706,.T.);
#3704 = VERTEX_POINT('',#3705);
#3705 = CARTESIAN_POINT('',(-17.09490894665,-13.25452424697,
    9.538781480394));
#3706 = CIRCLE('',#3707,6.125E-02);
#3707 = AXIS2_PLACEMENT_3D('',#3708,#3709,#3710);
#3708 = CARTESIAN_POINT('',(-17.05890709994,-13.30407653787,
    9.538781480394));
#3709 = DIRECTION('',(-0.809016994375,-0.587785252292,0.));
#3710 = DIRECTION('',(-0.,0.,-1.));
#3711 = ORIENTED_EDGE('',*,*,#3712,.T.);
#3712 = EDGE_CURVE('',#3400,#3550,#3713,.T.);
#3713 = CIRCLE('',#3714,6.125E-02);
#3714 = AXIS2_PLACEMENT_3D('',#3715,#3716,#3717);
#3715 = CARTESIAN_POINT('',(-17.05890709994,-13.30407653787,
    9.538781480394));
#3716 = DIRECTION('',(-0.587785252292,0.809016994375,0.));
#3717 = DIRECTION('',(-0.809016994375,-0.587785252292,0.));
#3718 = ORIENTED_EDGE('',*,*,#3719,.T.);
#3719 = EDGE_CURVE('',#3550,#3704,#3720,.T.);
#3720 = CIRCLE('',#3721,6.125E-02);
#3721 = AXIS2_PLACEMENT_3D('',#3722,#3723,#3724);
#3722 = CARTESIAN_POINT('',(-17.05890709994,-13.30407653787,
    9.538781480394));
#3723 = DIRECTION('',(0.,0.,-1.));
#3724 = DIRECTION('',(-0.587785252292,0.809016994375,0.));
#3725 = SPHERICAL_SURFACE('',#3726,6.125E-02);
#3726 = AXIS2_PLACEMENT_3D('',#3727,#3728,#3729);
#3727 = CARTESIAN_POINT('',(-17.05890709994,-13.30407653787,
    9.538781480394));
#3728 = DIRECTION('',(0.570242129318,-9.03174805015E-02,-0.816496580928)
  );
#3729 = DIRECTION('',(-0.806444153118,0.127728205845,-0.57735026919));
#3730 = ADVANCED_FACE('',(#3731),#3737,.T.);
#3731 = FACE_BOUND('',#3732,.T.);
#3732 = EDGE_LOOP('',(#3733,#3734,#3735,#3736));
#3733 = ORIENTED_EDGE('',*,*,#3557,.T.);
#3734 = ORIENTED_EDGE('',*,*,#3712,.F.);
#3735 = ORIENTED_EDGE('',*,*,#3399,.T.);
#3736 = ORIENTED_EDGE('',*,*,#3118,.F.);
#3737 = CYLINDRICAL_SURFACE('',#3738,6.125E-02);
#3738 = AXIS2_PLACEMENT_3D('',#3739,#3740,#3741);
#3739 = CARTESIAN_POINT('',(-17.02143579011,-13.35565137127,
    9.538781480394));
#3740 = DIRECTION('',(-0.587785252292,0.809016994375,0.));
#3741 = DIRECTION('',(-0.572061402818,-0.415626937777,-0.707106781187));
#3742 = ADVANCED_FACE('',(#3743),#3770,.T.);
#3743 = FACE_BOUND('',#3744,.T.);
#3744 = EDGE_LOOP('',(#3745,#3754,#3763));
#3745 = ORIENTED_EDGE('',*,*,#3746,.T.);
#3746 = EDGE_CURVE('',#3747,#3542,#3749,.T.);
#3747 = VERTEX_POINT('',#3748);
#3748 = CARTESIAN_POINT('',(-17.09490894665,-13.25452424697,
    9.916281480394));
#3749 = CIRCLE('',#3750,6.125E-02);
#3750 = AXIS2_PLACEMENT_3D('',#3751,#3752,#3753);
#3751 = CARTESIAN_POINT('',(-17.05890709994,-13.30407653787,
    9.916281480394));
#3752 = DIRECTION('',(0.,0.,1.));
#3753 = DIRECTION('',(-0.809016994375,-0.587785252292,0.));
#3754 = ORIENTED_EDGE('',*,*,#3755,.T.);
#3755 = EDGE_CURVE('',#3542,#3756,#3758,.T.);
#3756 = VERTEX_POINT('',#3757);
#3757 = CARTESIAN_POINT('',(-17.05890709994,-13.30407653787,
    9.977531480394));
#3758 = CIRCLE('',#3759,6.125E-02);
#3759 = AXIS2_PLACEMENT_3D('',#3760,#3761,#3762);
#3760 = CARTESIAN_POINT('',(-17.05890709994,-13.30407653787,
    9.916281480394));
#3761 = DIRECTION('',(-0.587785252292,0.809016994375,0.));
#3762 = DIRECTION('',(0.,0.,1.));
#3763 = ORIENTED_EDGE('',*,*,#3764,.T.);
#3764 = EDGE_CURVE('',#3756,#3747,#3765,.T.);
#3765 = CIRCLE('',#3766,6.125E-02);
#3766 = AXIS2_PLACEMENT_3D('',#3767,#3768,#3769);
#3767 = CARTESIAN_POINT('',(-17.05890709994,-13.30407653787,
    9.916281480394));
#3768 = DIRECTION('',(-0.809016994375,-0.587785252292,0.));
#3769 = DIRECTION('',(-0.587785252292,0.809016994375,0.));
#3770 = SPHERICAL_SURFACE('',#3771,6.125E-02);
#3771 = AXIS2_PLACEMENT_3D('',#3772,#3773,#3774);
#3772 = CARTESIAN_POINT('',(-17.05890709994,-13.30407653787,
    9.916281480394));
#3773 = DIRECTION('',(-0.570242129318,9.031748050153E-02,-0.816496580928
    ));
#3774 = DIRECTION('',(-0.806444153118,0.127728205845,0.57735026919));
#3775 = ADVANCED_FACE('',(#3776),#3787,.T.);
#3776 = FACE_BOUND('',#3777,.T.);
#3777 = EDGE_LOOP('',(#3778,#3784,#3785,#3786));
#3778 = ORIENTED_EDGE('',*,*,#3779,.T.);
#3779 = EDGE_CURVE('',#3286,#3756,#3780,.T.);
#3780 = LINE('',#3781,#3782);
#3781 = CARTESIAN_POINT('',(-17.02143579011,-13.35565137127,
    9.977531480394));
#3782 = VECTOR('',#3783,1.);
#3783 = DIRECTION('',(-0.587785252292,0.809016994375,0.));
#3784 = ORIENTED_EDGE('',*,*,#3755,.F.);
#3785 = ORIENTED_EDGE('',*,*,#3541,.T.);
#3786 = ORIENTED_EDGE('',*,*,#3335,.T.);
#3787 = CYLINDRICAL_SURFACE('',#3788,6.125E-02);
#3788 = AXIS2_PLACEMENT_3D('',#3789,#3790,#3791);
#3789 = CARTESIAN_POINT('',(-17.02143579011,-13.35565137127,
    9.916281480394));
#3790 = DIRECTION('',(-0.587785252292,0.809016994375,0.));
#3791 = DIRECTION('',(-0.572061402818,-0.415626937777,0.707106781187));
#3792 = ADVANCED_FACE('',(#3793),#3809,.T.);
#3793 = FACE_BOUND('',#3794,.T.);
#3794 = EDGE_LOOP('',(#3795,#3796,#3802,#3803));
#3795 = ORIENTED_EDGE('',*,*,#3623,.F.);
#3796 = ORIENTED_EDGE('',*,*,#3797,.T.);
#3797 = EDGE_CURVE('',#3624,#3747,#3798,.T.);
#3798 = LINE('',#3799,#3800);
#3799 = CARTESIAN_POINT('',(-17.04333411326,-13.21705293713,
    9.916281480394));
#3800 = VECTOR('',#3801,1.);
#3801 = DIRECTION('',(-0.809016994375,-0.587785252292,0.));
#3802 = ORIENTED_EDGE('',*,*,#3764,.F.);
#3803 = ORIENTED_EDGE('',*,*,#3804,.T.);
#3804 = EDGE_CURVE('',#3756,#3626,#3805,.T.);
#3805 = LINE('',#3806,#3807);
#3806 = CARTESIAN_POINT('',(-17.00733226655,-13.26660522804,
    9.977531480394));
#3807 = VECTOR('',#3808,1.);
#3808 = DIRECTION('',(0.809016994375,0.587785252292,0.));
#3809 = CYLINDRICAL_SURFACE('',#3810,6.125E-02);
#3810 = AXIS2_PLACEMENT_3D('',#3811,#3812,#3813);
#3811 = CARTESIAN_POINT('',(-17.00733226655,-13.26660522804,
    9.916281480394));
#3812 = DIRECTION('',(0.809016994375,0.587785252292,0.));
#3813 = DIRECTION('',(-0.415626937777,0.572061402818,0.707106781187));
#3814 = ADVANCED_FACE('',(#3815),#3826,.T.);
#3815 = FACE_BOUND('',#3816,.T.);
#3816 = EDGE_LOOP('',(#3817,#3818,#3824,#3825));
#3817 = ORIENTED_EDGE('',*,*,#3746,.F.);
#3818 = ORIENTED_EDGE('',*,*,#3819,.T.);
#3819 = EDGE_CURVE('',#3747,#3704,#3820,.T.);
#3820 = LINE('',#3821,#3822);
#3821 = CARTESIAN_POINT('',(-17.09490894665,-13.25452424697,
    9.602531480394));
#3822 = VECTOR('',#3823,1.);
#3823 = DIRECTION('',(0.,0.,-1.));
#3824 = ORIENTED_EDGE('',*,*,#3719,.F.);
#3825 = ORIENTED_EDGE('',*,*,#3549,.T.);
#3826 = CYLINDRICAL_SURFACE('',#3827,6.125E-02);
#3827 = AXIS2_PLACEMENT_3D('',#3828,#3829,#3830);
#3828 = CARTESIAN_POINT('',(-17.05890709994,-13.30407653787,
    9.602531480394));
#3829 = DIRECTION('',(0.,0.,1.));
#3830 = DIRECTION('',(-0.987688340595,0.15643446504,0.));
#3831 = ADVANCED_FACE('',(#3832),#3843,.T.);
#3832 = FACE_BOUND('',#3833,.T.);
#3833 = EDGE_LOOP('',(#3834,#3835,#3841,#3842));
#3834 = ORIENTED_EDGE('',*,*,#3703,.F.);
#3835 = ORIENTED_EDGE('',*,*,#3836,.T.);
#3836 = EDGE_CURVE('',#3704,#3573,#3837,.T.);
#3837 = LINE('',#3838,#3839);
#3838 = CARTESIAN_POINT('',(-16.84107986466,-13.07010662406,
    9.538781480394));
#3839 = VECTOR('',#3840,1.);
#3840 = DIRECTION('',(0.809016994375,0.587785252292,0.));
#3841 = ORIENTED_EDGE('',*,*,#3590,.F.);
#3842 = ORIENTED_EDGE('',*,*,#3407,.T.);
#3843 = CYLINDRICAL_SURFACE('',#3844,6.125E-02);
#3844 = AXIS2_PLACEMENT_3D('',#3845,#3846,#3847);
#3845 = CARTESIAN_POINT('',(-16.80507801796,-13.11965891497,
    9.538781480394));
#3846 = DIRECTION('',(-0.809016994375,-0.587785252292,0.));
#3847 = DIRECTION('',(-0.415626937777,0.572061402818,-0.707106781187));
#3848 = ADVANCED_FACE('',(#3849),#3855,.T.);
#3849 = FACE_BOUND('',#3850,.T.);
#3850 = EDGE_LOOP('',(#3851,#3852,#3853,#3854));
#3851 = ORIENTED_EDGE('',*,*,#3171,.F.);
#3852 = ORIENTED_EDGE('',*,*,#3608,.F.);
#3853 = ORIENTED_EDGE('',*,*,#3689,.F.);
#3854 = ORIENTED_EDGE('',*,*,#3659,.F.);
#3855 = PLANE('',#3856);
#3856 = AXIS2_PLACEMENT_3D('',#3857,#3858,#3859);
#3857 = CARTESIAN_POINT('',(-16.66647958383,-13.09776059182,
    9.977531480394));
#3858 = DIRECTION('',(0.809016994375,0.587785252292,0.));
#3859 = DIRECTION('',(0.,0.,-1.));
#3860 = ADVANCED_FACE('',(#3861),#3867,.T.);
#3861 = FACE_BOUND('',#3862,.T.);
#3862 = EDGE_LOOP('',(#3863,#3864,#3865,#3866));
#3863 = ORIENTED_EDGE('',*,*,#3682,.F.);
#3864 = ORIENTED_EDGE('',*,*,#3836,.F.);
#3865 = ORIENTED_EDGE('',*,*,#3819,.F.);
#3866 = ORIENTED_EDGE('',*,*,#3797,.F.);
#3867 = PLANE('',#3868);
#3868 = AXIS2_PLACEMENT_3D('',#3869,#3870,#3871);
#3869 = CARTESIAN_POINT('',(-16.94220698896,-13.1435797806,
    9.727531480394));
#3870 = DIRECTION('',(-0.587785252292,0.809016994375,0.));
#3871 = DIRECTION('',(0.,0.,-1.));
#3872 = ADVANCED_FACE('',(#3873),#3879,.T.);
#3873 = FACE_BOUND('',#3874,.T.);
#3874 = EDGE_LOOP('',(#3875,#3876,#3877,#3878));
#3875 = ORIENTED_EDGE('',*,*,#3285,.F.);
#3876 = ORIENTED_EDGE('',*,*,#3666,.F.);
#3877 = ORIENTED_EDGE('',*,*,#3804,.F.);
#3878 = ORIENTED_EDGE('',*,*,#3779,.F.);
#3879 = PLANE('',#3880);
#3880 = AXIS2_PLACEMENT_3D('',#3881,#3882,#3883);
#3881 = CARTESIAN_POINT('',(-17.07098808102,-13.39165321797,
    9.977531480394));
#3882 = DIRECTION('',(0.,0.,1.));
#3883 = DIRECTION('',(0.809016994375,0.587785252292,-0.));
#3884 = ADVANCED_FACE('',(#3885),#3914,.T.);
#3885 = FACE_BOUND('',#3886,.T.);
#3886 = EDGE_LOOP('',(#3887,#3898,#3907));
#3887 = ORIENTED_EDGE('',*,*,#3888,.T.);
#3888 = EDGE_CURVE('',#3889,#3891,#3893,.T.);
#3889 = VERTEX_POINT('',#3890);
#3890 = CARTESIAN_POINT('',(-15.71843218277,-13.89224540938,6.1));
#3891 = VERTEX_POINT('',#3892);
#3892 = CARTESIAN_POINT('',(-15.78480170539,-14.31128608338,6.1));
#3893 = CIRCLE('',#3894,0.3);
#3894 = AXIS2_PLACEMENT_3D('',#3895,#3896,#3897);
#3895 = CARTESIAN_POINT('',(-15.96113728108,-14.06858098507,6.1));
#3896 = DIRECTION('',(0.,0.,-1.));
#3897 = DIRECTION('',(0.587785252292,-0.809016994375,0.));
#3898 = ORIENTED_EDGE('',*,*,#3899,.T.);
#3899 = EDGE_CURVE('',#3891,#3900,#3902,.T.);
#3900 = VERTEX_POINT('',#3901);
#3901 = CARTESIAN_POINT('',(-15.96113728108,-14.06858098507,5.8));
#3902 = CIRCLE('',#3903,0.3);
#3903 = AXIS2_PLACEMENT_3D('',#3904,#3905,#3906);
#3904 = CARTESIAN_POINT('',(-15.96113728108,-14.06858098507,6.1));
#3905 = DIRECTION('',(0.809016994375,0.587785252292,0.));
#3906 = DIRECTION('',(0.,0.,-1.));
#3907 = ORIENTED_EDGE('',*,*,#3908,.T.);
#3908 = EDGE_CURVE('',#3900,#3889,#3909,.T.);
#3909 = CIRCLE('',#3910,0.3);
#3910 = AXIS2_PLACEMENT_3D('',#3911,#3912,#3913);
#3911 = CARTESIAN_POINT('',(-15.96113728108,-14.06858098507,6.1));
#3912 = DIRECTION('',(0.587785252292,-0.809016994375,1.033841343399E-14)
  );
#3913 = DIRECTION('',(0.809016994375,0.587785252292,0.));
#3914 = SPHERICAL_SURFACE('',#3915,0.3);
#3915 = AXIS2_PLACEMENT_3D('',#3916,#3917,#3918);
#3916 = CARTESIAN_POINT('',(-15.96113728108,-14.06858098507,6.1));
#3917 = DIRECTION('',(-0.570242129318,9.031748050151E-02,-0.816496580928
    ));
#3918 = DIRECTION('',(0.806444153118,-0.127728205845,-0.57735026919));
#3919 = ADVANCED_FACE('',(#3920),#3948,.T.);
#3920 = FACE_BOUND('',#3921,.T.);
#3921 = EDGE_LOOP('',(#3922,#3933,#3940,#3941));
#3922 = ORIENTED_EDGE('',*,*,#3923,.T.);
#3923 = EDGE_CURVE('',#3924,#3926,#3928,.T.);
#3924 = VERTEX_POINT('',#3925);
#3925 = CARTESIAN_POINT('',(-16.66100681036,-14.57706596215,5.8));
#3926 = VERTEX_POINT('',#3927);
#3927 = CARTESIAN_POINT('',(-16.48467123467,-14.81977106046,6.1));
#3928 = CIRCLE('',#3929,0.3);
#3929 = AXIS2_PLACEMENT_3D('',#3930,#3931,#3932);
#3930 = CARTESIAN_POINT('',(-16.66100681036,-14.57706596215,6.1));
#3931 = DIRECTION('',(-0.809016994375,-0.587785252292,0.));
#3932 = DIRECTION('',(-0.,0.,-1.));
#3933 = ORIENTED_EDGE('',*,*,#3934,.T.);
#3934 = EDGE_CURVE('',#3926,#482,#3935,.T.);
#3935 = CIRCLE('',#3936,0.3);
#3936 = AXIS2_PLACEMENT_3D('',#3937,#3938,#3939);
#3937 = CARTESIAN_POINT('',(-16.30833565898,-15.06247615877,6.1));
#3938 = DIRECTION('',(0.,0.,1.));
#3939 = DIRECTION('',(-0.995163963805,9.822772085291E-02,0.));
#3940 = ORIENTED_EDGE('',*,*,#489,.F.);
#3941 = ORIENTED_EDGE('',*,*,#3942,.T.);
#3942 = EDGE_CURVE('',#490,#3924,#3943,.T.);
#3943 = CIRCLE('',#3944,0.6);
#3944 = AXIS2_PLACEMENT_3D('',#3945,#3946,#3947);
#3945 = CARTESIAN_POINT('',(-16.30833565898,-15.06247615877,5.8));
#3946 = DIRECTION('',(0.,0.,-1.));
#3947 = DIRECTION('',(-0.995163963805,9.822772085291E-02,0.));
#3948 = TOROIDAL_SURFACE('',#3949,0.6,0.3);
#3949 = AXIS2_PLACEMENT_3D('',#3950,#3951,#3952);
#3950 = CARTESIAN_POINT('',(-16.30833565898,-15.06247615877,6.1));
#3951 = DIRECTION('',(0.,0.,-1.));
#3952 = DIRECTION('',(-1.,0.,0.));
#3953 = ADVANCED_FACE('',(#3954),#3970,.T.);
#3954 = FACE_BOUND('',#3955,.T.);
#3955 = EDGE_LOOP('',(#3956,#3957,#3963,#3964));
#3956 = ORIENTED_EDGE('',*,*,#3899,.F.);
#3957 = ORIENTED_EDGE('',*,*,#3958,.T.);
#3958 = EDGE_CURVE('',#3891,#3926,#3959,.T.);
#3959 = LINE('',#3960,#3961);
#3960 = CARTESIAN_POINT('',(-15.84547797997,-14.35536997731,6.1));
#3961 = VECTOR('',#3962,1.);
#3962 = DIRECTION('',(-0.809016994375,-0.587785252292,0.));
#3963 = ORIENTED_EDGE('',*,*,#3923,.F.);
#3964 = ORIENTED_EDGE('',*,*,#3965,.T.);
#3965 = EDGE_CURVE('',#3924,#3900,#3966,.T.);
#3966 = LINE('',#3967,#3968);
#3967 = CARTESIAN_POINT('',(-16.02181355566,-14.11266487899,5.8));
#3968 = VECTOR('',#3969,1.);
#3969 = DIRECTION('',(0.809016994375,0.587785252292,0.));
#3970 = CYLINDRICAL_SURFACE('',#3971,0.3);
#3971 = AXIS2_PLACEMENT_3D('',#3972,#3973,#3974);
#3972 = CARTESIAN_POINT('',(-16.02181355566,-14.11266487899,6.1));
#3973 = DIRECTION('',(0.809016994375,0.587785252292,0.));
#3974 = DIRECTION('',(0.415626937777,-0.572061402818,-0.707106781187));
#3975 = ADVANCED_FACE('',(#3976),#3995,.T.);
#3976 = FACE_BOUND('',#3977,.T.);
#3977 = EDGE_LOOP('',(#3978,#3987,#3994));
#3978 = ORIENTED_EDGE('',*,*,#3979,.T.);
#3979 = EDGE_CURVE('',#3450,#3980,#3982,.T.);
#3980 = VERTEX_POINT('',#3981);
#3981 = CARTESIAN_POINT('',(-16.49014400814,-13.34046569013,5.8));
#3982 = CIRCLE('',#3983,0.3);
#3983 = AXIS2_PLACEMENT_3D('',#3984,#3985,#3986);
#3984 = CARTESIAN_POINT('',(-16.49014400814,-13.34046569013,6.1));
#3985 = DIRECTION('',(-0.587785252292,0.809016994375,0.));
#3986 = DIRECTION('',(0.,0.,-1.));
#3987 = ORIENTED_EDGE('',*,*,#3988,.T.);
#3988 = EDGE_CURVE('',#3980,#3458,#3989,.T.);
#3989 = CIRCLE('',#3990,0.3);
#3990 = AXIS2_PLACEMENT_3D('',#3991,#3992,#3993);
#3991 = CARTESIAN_POINT('',(-16.49014400814,-13.34046569013,6.1));
#3992 = DIRECTION('',(0.809016994375,0.587785252292,5.987928629787E-15)
  );
#3993 = DIRECTION('',(-0.587785252292,0.809016994375,3.944304526105E-31)
  );
#3994 = ORIENTED_EDGE('',*,*,#3457,.T.);
#3995 = SPHERICAL_SURFACE('',#3996,0.3);
#3996 = AXIS2_PLACEMENT_3D('',#3997,#3998,#3999);
#3997 = CARTESIAN_POINT('',(-16.49014400814,-13.34046569013,6.1));
#3998 = DIRECTION('',(-0.991809208181,0.103856330373,-7.435292334377E-02
    ));
#3999 = DIRECTION('',(0.127728205845,0.806444153118,-0.57735026919));
#4000 = ADVANCED_FACE('',(#4001),#4020,.T.);
#4001 = FACE_BOUND('',#4002,.T.);
#4002 = EDGE_LOOP('',(#4003,#4012,#4013,#4014));
#4003 = ORIENTED_EDGE('',*,*,#4004,.T.);
#4004 = EDGE_CURVE('',#4005,#3485,#4007,.T.);
#4005 = VERTEX_POINT('',#4006);
#4006 = CARTESIAN_POINT('',(-17.30905764388,-13.93544127326,5.8));
#4007 = CIRCLE('',#4008,0.3);
#4008 = AXIS2_PLACEMENT_3D('',#4009,#4010,#4011);
#4009 = CARTESIAN_POINT('',(-17.30905764388,-13.93544127326,6.1));
#4010 = DIRECTION('',(0.809016994375,0.587785252292,0.));
#4011 = DIRECTION('',(0.,0.,-1.));
#4012 = ORIENTED_EDGE('',*,*,#3484,.T.);
#4013 = ORIENTED_EDGE('',*,*,#3988,.F.);
#4014 = ORIENTED_EDGE('',*,*,#4015,.T.);
#4015 = EDGE_CURVE('',#3980,#4005,#4016,.T.);
#4016 = LINE('',#4017,#4018);
#4017 = CARTESIAN_POINT('',(-17.19950529663,-13.85584683394,5.8));
#4018 = VECTOR('',#4019,1.);
#4019 = DIRECTION('',(-0.809016994375,-0.587785252292,0.));
#4020 = CYLINDRICAL_SURFACE('',#4021,0.3);
#4021 = AXIS2_PLACEMENT_3D('',#4022,#4023,#4024);
#4022 = CARTESIAN_POINT('',(-17.19950529663,-13.85584683394,6.1));
#4023 = DIRECTION('',(-0.809016994375,-0.587785252292,0.));
#4024 = DIRECTION('',(-0.415626937777,0.572061402818,-0.707106781187));
#4025 = ADVANCED_FACE('',(#4026),#4044,.T.);
#4026 = FACE_BOUND('',#4027,.T.);
#4027 = EDGE_LOOP('',(#4028,#4029,#4036,#4037));
#4028 = ORIENTED_EDGE('',*,*,#513,.F.);
#4029 = ORIENTED_EDGE('',*,*,#4030,.T.);
#4030 = EDGE_CURVE('',#514,#3485,#4031,.T.);
#4031 = CIRCLE('',#4032,0.3);
#4032 = AXIS2_PLACEMENT_3D('',#4033,#4034,#4035);
#4033 = CARTESIAN_POINT('',(-17.66172879526,-13.45003107664,6.1));
#4034 = DIRECTION('',(0.,0.,1.));
#4035 = DIRECTION('',(-0.145301222402,-0.989387464429,0.));
#4036 = ORIENTED_EDGE('',*,*,#4004,.F.);
#4037 = ORIENTED_EDGE('',*,*,#4038,.T.);
#4038 = EDGE_CURVE('',#4005,#505,#4039,.T.);
#4039 = CIRCLE('',#4040,0.6);
#4040 = AXIS2_PLACEMENT_3D('',#4041,#4042,#4043);
#4041 = CARTESIAN_POINT('',(-17.66172879526,-13.45003107664,5.8));
#4042 = DIRECTION('',(0.,0.,-1.));
#4043 = DIRECTION('',(-0.145301222402,-0.989387464429,-0.));
#4044 = TOROIDAL_SURFACE('',#4045,0.6,0.3);
#4045 = AXIS2_PLACEMENT_3D('',#4046,#4047,#4048);
#4046 = CARTESIAN_POINT('',(-17.66172879526,-13.45003107664,6.1));
#4047 = DIRECTION('',(0.,0.,-1.));
#4048 = DIRECTION('',(-1.,0.,0.));
#4049 = ADVANCED_FACE('',(#4050),#4078,.T.);
#4050 = FACE_BOUND('',#4051,.T.);
#4051 = EDGE_LOOP('',(#4052,#4061,#4070,#4077));
#4052 = ORIENTED_EDGE('',*,*,#4053,.T.);
#4053 = EDGE_CURVE('',#3433,#4054,#4056,.T.);
#4054 = VERTEX_POINT('',#4055);
#4055 = CARTESIAN_POINT('',(-16.84281515952,-12.85505549351,20.25));
#4056 = CIRCLE('',#4057,0.3);
#4057 = AXIS2_PLACEMENT_3D('',#4058,#4059,#4060);
#4058 = CARTESIAN_POINT('',(-16.84281515952,-12.85505549351,19.95));
#4059 = DIRECTION('',(-0.809016994375,-0.587785252292,0.));
#4060 = DIRECTION('',(0.,0.,1.));
#4061 = ORIENTED_EDGE('',*,*,#4062,.F.);
#4062 = EDGE_CURVE('',#4063,#4054,#4065,.T.);
#4063 = VERTEX_POINT('',#4064);
#4064 = CARTESIAN_POINT('',(-16.6001100612,-12.67871991782,20.55));
#4065 = CIRCLE('',#4066,0.3);
#4066 = AXIS2_PLACEMENT_3D('',#4067,#4068,#4069);
#4067 = CARTESIAN_POINT('',(-16.84281515952,-12.85505549351,20.55));
#4068 = DIRECTION('',(-0.587785252292,0.809016994375,0.));
#4069 = DIRECTION('',(0.809016994375,0.587785252292,0.));
#4070 = ORIENTED_EDGE('',*,*,#4071,.T.);
#4071 = EDGE_CURVE('',#4063,#3441,#4072,.T.);
#4072 = CIRCLE('',#4073,0.6);
#4073 = AXIS2_PLACEMENT_3D('',#4074,#4075,#4076);
#4074 = CARTESIAN_POINT('',(-16.6001100612,-12.67871991782,19.95));
#4075 = DIRECTION('',(0.809016994375,0.587785252292,-2.775557561563E-17)
  );
#4076 = DIRECTION('',(0.415626937777,-0.572061402818,0.707106781187));
#4077 = ORIENTED_EDGE('',*,*,#3440,.F.);
#4078 = TOROIDAL_SURFACE('',#4079,0.6,0.3);
#4079 = AXIS2_PLACEMENT_3D('',#4080,#4081,#4082);
#4080 = CARTESIAN_POINT('',(-16.84281515952,-12.85505549351,19.95));
#4081 = DIRECTION('',(-0.809016994375,-0.587785252292,0.));
#4082 = DIRECTION('',(0.,0.,1.));
#4083 = ADVANCED_FACE('',(#4084),#4122,.T.);
#4084 = FACE_BOUND('',#4085,.T.);
#4085 = EDGE_LOOP('',(#4086,#4097,#4106,#4115));
#4086 = ORIENTED_EDGE('',*,*,#4087,.F.);
#4087 = EDGE_CURVE('',#4088,#4090,#4092,.T.);
#4088 = VERTEX_POINT('',#4089);
#4089 = CARTESIAN_POINT('',(-17.43060041185,-12.04603849908,20.25));
#4090 = VERTEX_POINT('',#4091);
#4091 = CARTESIAN_POINT('',(-17.18789531353,-11.8697029234,20.55));
#4092 = CIRCLE('',#4093,0.3);
#4093 = AXIS2_PLACEMENT_3D('',#4094,#4095,#4096);
#4094 = CARTESIAN_POINT('',(-17.43060041185,-12.04603849908,20.55));
#4095 = DIRECTION('',(0.587785252292,-0.809016994375,0.));
#4096 = DIRECTION('',(0.,0.,-1.));
#4097 = ORIENTED_EDGE('',*,*,#4098,.T.);
#4098 = EDGE_CURVE('',#4088,#4099,#4101,.T.);
#4099 = VERTEX_POINT('',#4100);
#4100 = CARTESIAN_POINT('',(-17.60693598753,-11.80333340077,19.95));
#4101 = CIRCLE('',#4102,0.3);
#4102 = AXIS2_PLACEMENT_3D('',#4103,#4104,#4105);
#4103 = CARTESIAN_POINT('',(-17.43060041185,-12.04603849908,19.95));
#4104 = DIRECTION('',(-0.809016994375,-0.587785252292,1.033841343399E-14
    ));
#4105 = DIRECTION('',(-0.587785252292,0.809016994375,0.));
#4106 = ORIENTED_EDGE('',*,*,#4107,.F.);
#4107 = EDGE_CURVE('',#4108,#4099,#4110,.T.);
#4108 = VERTEX_POINT('',#4109);
#4109 = CARTESIAN_POINT('',(-17.54056646491,-11.38429272677,19.95));
#4110 = CIRCLE('',#4111,0.3);
#4111 = AXIS2_PLACEMENT_3D('',#4112,#4113,#4114);
#4112 = CARTESIAN_POINT('',(-17.78327156322,-11.56062830246,19.95));
#4113 = DIRECTION('',(0.,0.,-1.));
#4114 = DIRECTION('',(0.809016994375,0.587785252292,0.));
#4115 = ORIENTED_EDGE('',*,*,#4116,.T.);
#4116 = EDGE_CURVE('',#4108,#4090,#4117,.T.);
#4117 = CIRCLE('',#4118,0.6);
#4118 = AXIS2_PLACEMENT_3D('',#4119,#4120,#4121);
#4119 = CARTESIAN_POINT('',(-17.18789531353,-11.8697029234,19.95));
#4120 = DIRECTION('',(0.809016994375,0.587785252292,2.775557561563E-17)
  );
#4121 = DIRECTION('',(-0.415626937777,0.572061402818,0.707106781187));
#4122 = TOROIDAL_SURFACE('',#4123,0.6,0.3);
#4123 = AXIS2_PLACEMENT_3D('',#4124,#4125,#4126);
#4124 = CARTESIAN_POINT('',(-17.43060041185,-12.04603849908,19.95));
#4125 = DIRECTION('',(-0.809016994375,-0.587785252292,0.));
#4126 = DIRECTION('',(0.,0.,1.));
#4127 = ADVANCED_FACE('',(#4128),#4154,.F.);
#4128 = FACE_BOUND('',#4129,.F.);
#4129 = EDGE_LOOP('',(#4130,#4138,#4139,#4147));
#4130 = ORIENTED_EDGE('',*,*,#4131,.F.);
#4131 = EDGE_CURVE('',#4088,#4132,#4134,.T.);
#4132 = VERTEX_POINT('',#4133);
#4133 = CARTESIAN_POINT('',(-18.24951404759,-12.64101408221,20.25));
#4134 = LINE('',#4135,#4136);
#4135 = CARTESIAN_POINT('',(-17.49127668642,-12.09012239301,20.25));
#4136 = VECTOR('',#4137,1.);
#4137 = DIRECTION('',(-0.809016994375,-0.587785252292,0.));
#4138 = ORIENTED_EDGE('',*,*,#4098,.T.);
#4139 = ORIENTED_EDGE('',*,*,#4140,.F.);
#4140 = EDGE_CURVE('',#4141,#4099,#4143,.T.);
#4141 = VERTEX_POINT('',#4142);
#4142 = CARTESIAN_POINT('',(-18.42584962327,-12.3983089839,19.95));
#4143 = LINE('',#4144,#4145);
#4144 = CARTESIAN_POINT('',(-17.66761226211,-11.84741729469,19.95));
#4145 = VECTOR('',#4146,1.);
#4146 = DIRECTION('',(0.809016994375,0.587785252292,0.));
#4147 = ORIENTED_EDGE('',*,*,#4148,.F.);
#4148 = EDGE_CURVE('',#4132,#4141,#4149,.T.);
#4149 = CIRCLE('',#4150,0.3);
#4150 = AXIS2_PLACEMENT_3D('',#4151,#4152,#4153);
#4151 = CARTESIAN_POINT('',(-18.24951404759,-12.64101408221,19.95));
#4152 = DIRECTION('',(-0.809016994375,-0.587785252292,0.));
#4153 = DIRECTION('',(0.,0.,1.));
#4154 = CYLINDRICAL_SURFACE('',#4155,0.3);
#4155 = AXIS2_PLACEMENT_3D('',#4156,#4157,#4158);
#4156 = CARTESIAN_POINT('',(-17.49127668642,-12.09012239301,19.95));
#4157 = DIRECTION('',(-0.809016994375,-0.587785252292,0.));
#4158 = DIRECTION('',(-0.415626937777,0.572061402818,0.707106781187));
#4159 = ADVANCED_FACE('',(#4160),#4189,.T.);
#4160 = FACE_BOUND('',#4161,.T.);
#4161 = EDGE_LOOP('',(#4162,#4173,#4182));
#4162 = ORIENTED_EDGE('',*,*,#4163,.T.);
#4163 = EDGE_CURVE('',#4164,#4166,#4168,.T.);
#4164 = VERTEX_POINT('',#4165);
#4165 = CARTESIAN_POINT('',(-17.54056646491,-11.38429272677,6.1));
#4166 = VERTEX_POINT('',#4167);
#4167 = CARTESIAN_POINT('',(-17.60693598753,-11.80333340077,6.1));
#4168 = CIRCLE('',#4169,0.3);
#4169 = AXIS2_PLACEMENT_3D('',#4170,#4171,#4172);
#4170 = CARTESIAN_POINT('',(-17.78327156322,-11.56062830246,6.1));
#4171 = DIRECTION('',(0.,0.,-1.));
#4172 = DIRECTION('',(0.587785252292,-0.809016994375,0.));
#4173 = ORIENTED_EDGE('',*,*,#4174,.T.);
#4174 = EDGE_CURVE('',#4166,#4175,#4177,.T.);
#4175 = VERTEX_POINT('',#4176);
#4176 = CARTESIAN_POINT('',(-17.78327156322,-11.56062830246,5.8));
#4177 = CIRCLE('',#4178,0.3);
#4178 = AXIS2_PLACEMENT_3D('',#4179,#4180,#4181);
#4179 = CARTESIAN_POINT('',(-17.78327156322,-11.56062830246,6.1));
#4180 = DIRECTION('',(0.809016994375,0.587785252292,0.));
#4181 = DIRECTION('',(0.,0.,-1.));
#4182 = ORIENTED_EDGE('',*,*,#4183,.T.);
#4183 = EDGE_CURVE('',#4175,#4164,#4184,.T.);
#4184 = CIRCLE('',#4185,0.3);
#4185 = AXIS2_PLACEMENT_3D('',#4186,#4187,#4188);
#4186 = CARTESIAN_POINT('',(-17.78327156322,-11.56062830246,6.1));
#4187 = DIRECTION('',(0.587785252292,-0.809016994375,-4.350484804201E-15
    ));
#4188 = DIRECTION('',(0.809016994375,0.587785252292,0.));
#4189 = SPHERICAL_SURFACE('',#4190,0.3);
#4190 = AXIS2_PLACEMENT_3D('',#4191,#4192,#4193);
#4191 = CARTESIAN_POINT('',(-17.78327156322,-11.56062830246,6.1));
#4192 = DIRECTION('',(-0.570242129318,9.031748050152E-02,-0.816496580928
    ));
#4193 = DIRECTION('',(0.806444153118,-0.127728205845,-0.57735026919));
#4194 = ADVANCED_FACE('',(#4195),#4223,.T.);
#4195 = FACE_BOUND('',#4196,.T.);
#4196 = EDGE_LOOP('',(#4197,#4208,#4215,#4216));
#4197 = ORIENTED_EDGE('',*,*,#4198,.T.);
#4198 = EDGE_CURVE('',#4199,#4201,#4203,.T.);
#4199 = VERTEX_POINT('',#4200);
#4200 = CARTESIAN_POINT('',(-18.60218519896,-12.15560388559,5.8));
#4201 = VERTEX_POINT('',#4202);
#4202 = CARTESIAN_POINT('',(-18.42584962327,-12.3983089839,6.1));
#4203 = CIRCLE('',#4204,0.3);
#4204 = AXIS2_PLACEMENT_3D('',#4205,#4206,#4207);
#4205 = CARTESIAN_POINT('',(-18.60218519896,-12.15560388559,6.1));
#4206 = DIRECTION('',(-0.809016994375,-0.587785252292,0.));
#4207 = DIRECTION('',(-0.,0.,-1.));
#4208 = ORIENTED_EDGE('',*,*,#4209,.T.);
#4209 = EDGE_CURVE('',#4201,#398,#4210,.T.);
#4210 = CIRCLE('',#4211,0.3);
#4211 = AXIS2_PLACEMENT_3D('',#4212,#4213,#4214);
#4212 = CARTESIAN_POINT('',(-18.24951404759,-12.64101408221,6.1));
#4213 = DIRECTION('',(0.,0.,1.));
#4214 = DIRECTION('',(-0.985863942211,0.167547866139,0.));
#4215 = ORIENTED_EDGE('',*,*,#405,.F.);
#4216 = ORIENTED_EDGE('',*,*,#4217,.T.);
#4217 = EDGE_CURVE('',#406,#4199,#4218,.T.);
#4218 = CIRCLE('',#4219,0.6);
#4219 = AXIS2_PLACEMENT_3D('',#4220,#4221,#4222);
#4220 = CARTESIAN_POINT('',(-18.24951404759,-12.64101408221,5.8));
#4221 = DIRECTION('',(0.,0.,-1.));
#4222 = DIRECTION('',(-0.985863942211,0.167547866139,0.));
#4223 = TOROIDAL_SURFACE('',#4224,0.6,0.3);
#4224 = AXIS2_PLACEMENT_3D('',#4225,#4226,#4227);
#4225 = CARTESIAN_POINT('',(-18.24951404759,-12.64101408221,6.1));
#4226 = DIRECTION('',(0.,0.,-1.));
#4227 = DIRECTION('',(-1.,0.,0.));
#4228 = ADVANCED_FACE('',(#4229),#4245,.T.);
#4229 = FACE_BOUND('',#4230,.T.);
#4230 = EDGE_LOOP('',(#4231,#4232,#4238,#4239));
#4231 = ORIENTED_EDGE('',*,*,#4174,.F.);
#4232 = ORIENTED_EDGE('',*,*,#4233,.T.);
#4233 = EDGE_CURVE('',#4166,#4201,#4234,.T.);
#4234 = LINE('',#4235,#4236);
#4235 = CARTESIAN_POINT('',(-17.66761226211,-11.84741729469,6.1));
#4236 = VECTOR('',#4237,1.);
#4237 = DIRECTION('',(-0.809016994375,-0.587785252292,0.));
#4238 = ORIENTED_EDGE('',*,*,#4198,.F.);
#4239 = ORIENTED_EDGE('',*,*,#4240,.T.);
#4240 = EDGE_CURVE('',#4199,#4175,#4241,.T.);
#4241 = LINE('',#4242,#4243);
#4242 = CARTESIAN_POINT('',(-17.8439478378,-11.60471219638,5.8));
#4243 = VECTOR('',#4244,1.);
#4244 = DIRECTION('',(0.809016994375,0.587785252292,0.));
#4245 = CYLINDRICAL_SURFACE('',#4246,0.3);
#4246 = AXIS2_PLACEMENT_3D('',#4247,#4248,#4249);
#4247 = CARTESIAN_POINT('',(-17.8439478378,-11.60471219638,6.1));
#4248 = DIRECTION('',(0.809016994375,0.587785252292,0.));
#4249 = DIRECTION('',(0.415626937777,-0.572061402818,-0.707106781187));
#4250 = ADVANCED_FACE('',(#4251),#4280,.T.);
#4251 = FACE_BOUND('',#4252,.T.);
#4252 = EDGE_LOOP('',(#4253,#4264,#4273));
#4253 = ORIENTED_EDGE('',*,*,#4254,.T.);
#4254 = EDGE_CURVE('',#4255,#4257,#4259,.T.);
#4255 = VERTEX_POINT('',#4256);
#4256 = CARTESIAN_POINT('',(-18.48861386597,-10.58980790921,6.1));
#4257 = VERTEX_POINT('',#4258);
#4258 = CARTESIAN_POINT('',(-18.06957319197,-10.65617743183,6.1));
#4259 = CIRCLE('',#4260,0.3);
#4260 = AXIS2_PLACEMENT_3D('',#4261,#4262,#4263);
#4261 = CARTESIAN_POINT('',(-18.31227829028,-10.83251300752,6.1));
#4262 = DIRECTION('',(0.,0.,-1.));
#4263 = DIRECTION('',(0.809016994375,0.587785252292,0.));
#4264 = ORIENTED_EDGE('',*,*,#4265,.T.);
#4265 = EDGE_CURVE('',#4257,#4266,#4268,.T.);
#4266 = VERTEX_POINT('',#4267);
#4267 = CARTESIAN_POINT('',(-18.31227829028,-10.83251300752,5.8));
#4268 = CIRCLE('',#4269,0.3);
#4269 = AXIS2_PLACEMENT_3D('',#4270,#4271,#4272);
#4270 = CARTESIAN_POINT('',(-18.31227829028,-10.83251300752,6.1));
#4271 = DIRECTION('',(-0.587785252292,0.809016994375,0.));
#4272 = DIRECTION('',(0.,0.,-1.));
#4273 = ORIENTED_EDGE('',*,*,#4274,.T.);
#4274 = EDGE_CURVE('',#4266,#4255,#4275,.T.);
#4275 = CIRCLE('',#4276,0.3);
#4276 = AXIS2_PLACEMENT_3D('',#4277,#4278,#4279);
#4277 = CARTESIAN_POINT('',(-18.31227829028,-10.83251300752,6.1));
#4278 = DIRECTION('',(0.809016994375,0.587785252292,0.));
#4279 = DIRECTION('',(-0.587785252292,0.809016994375,0.));
#4280 = SPHERICAL_SURFACE('',#4281,0.3);
#4281 = AXIS2_PLACEMENT_3D('',#4282,#4283,#4284);
#4282 = CARTESIAN_POINT('',(-18.31227829028,-10.83251300752,6.1));
#4283 = DIRECTION('',(-0.991809208181,0.103856330373,-7.435292334377E-02
    ));
#4284 = DIRECTION('',(0.127728205845,0.806444153118,-0.57735026919));
#4285 = ADVANCED_FACE('',(#4286),#4302,.T.);
#4286 = FACE_BOUND('',#4287,.T.);
#4287 = EDGE_LOOP('',(#4288,#4289,#4295,#4296));
#4288 = ORIENTED_EDGE('',*,*,#4265,.F.);
#4289 = ORIENTED_EDGE('',*,*,#4290,.T.);
#4290 = EDGE_CURVE('',#4257,#4164,#4291,.T.);
#4291 = LINE('',#4292,#4293);
#4292 = CARTESIAN_POINT('',(-16.65888858644,-12.59781821837,6.1));
#4293 = VECTOR('',#4294,1.);
#4294 = DIRECTION('',(0.587785252292,-0.809016994375,0.));
#4295 = ORIENTED_EDGE('',*,*,#4183,.F.);
#4296 = ORIENTED_EDGE('',*,*,#4297,.T.);
#4297 = EDGE_CURVE('',#4175,#4266,#4298,.T.);
#4298 = LINE('',#4299,#4300);
#4299 = CARTESIAN_POINT('',(-16.90159368475,-12.77415379406,5.8));
#4300 = VECTOR('',#4301,1.);
#4301 = DIRECTION('',(-0.587785252292,0.809016994375,0.));
#4302 = CYLINDRICAL_SURFACE('',#4303,0.3);
#4303 = AXIS2_PLACEMENT_3D('',#4304,#4305,#4306);
#4304 = CARTESIAN_POINT('',(-16.90159368475,-12.77415379406,6.1));
#4305 = DIRECTION('',(-0.587785252292,0.809016994375,0.));
#4306 = DIRECTION('',(0.572061402818,0.415626937777,-0.707106781187));
#4307 = ADVANCED_FACE('',(#4308),#4334,.T.);
#4308 = FACE_BOUND('',#4309,.T.);
#4309 = EDGE_LOOP('',(#4310,#4321,#4327,#4328));
#4310 = ORIENTED_EDGE('',*,*,#4311,.T.);
#4311 = EDGE_CURVE('',#4312,#4314,#4316,.T.);
#4312 = VERTEX_POINT('',#4313);
#4313 = CARTESIAN_POINT('',(-19.01214781957,-11.3409979846,5.8));
#4314 = VERTEX_POINT('',#4315);
#4315 = CARTESIAN_POINT('',(-19.18848339525,-11.09829288629,6.1));
#4316 = CIRCLE('',#4317,0.3);
#4317 = AXIS2_PLACEMENT_3D('',#4318,#4319,#4320);
#4318 = CARTESIAN_POINT('',(-19.01214781957,-11.3409979846,6.1));
#4319 = DIRECTION('',(0.809016994375,0.587785252292,0.));
#4320 = DIRECTION('',(0.,0.,-1.));
#4321 = ORIENTED_EDGE('',*,*,#4322,.T.);
#4322 = EDGE_CURVE('',#4314,#4255,#4323,.T.);
#4323 = LINE('',#4324,#4325);
#4324 = CARTESIAN_POINT('',(-19.15605288633,-11.07473074235,6.1));
#4325 = VECTOR('',#4326,1.);
#4326 = DIRECTION('',(0.809016994375,0.587785252292,0.));
#4327 = ORIENTED_EDGE('',*,*,#4274,.F.);
#4328 = ORIENTED_EDGE('',*,*,#4329,.T.);
#4329 = EDGE_CURVE('',#4266,#4312,#4330,.T.);
#4330 = LINE('',#4331,#4332);
#4331 = CARTESIAN_POINT('',(-18.97971731064,-11.31743584066,5.8));
#4332 = VECTOR('',#4333,1.);
#4333 = DIRECTION('',(-0.809016994375,-0.587785252292,0.));
#4334 = CYLINDRICAL_SURFACE('',#4335,0.3);
#4335 = AXIS2_PLACEMENT_3D('',#4336,#4337,#4338);
#4336 = CARTESIAN_POINT('',(-18.97971731064,-11.31743584066,6.1));
#4337 = DIRECTION('',(-0.809016994375,-0.587785252292,0.));
#4338 = DIRECTION('',(-0.415626937777,0.572061402818,-0.707106781187));
#4339 = ADVANCED_FACE('',(#4340),#4358,.T.);
#4340 = FACE_BOUND('',#4341,.T.);
#4341 = EDGE_LOOP('',(#4342,#4343,#4350,#4351));
#4342 = ORIENTED_EDGE('',*,*,#429,.F.);
#4343 = ORIENTED_EDGE('',*,*,#4344,.T.);
#4344 = EDGE_CURVE('',#430,#4314,#4345,.T.);
#4345 = CIRCLE('',#4346,0.3);
#4346 = AXIS2_PLACEMENT_3D('',#4347,#4348,#4349);
#4347 = CARTESIAN_POINT('',(-19.36481897094,-10.85558778797,6.1));
#4348 = DIRECTION('',(0.,0.,1.));
#4349 = DIRECTION('',(-0.214102463007,-0.976811207621,0.));
#4350 = ORIENTED_EDGE('',*,*,#4311,.F.);
#4351 = ORIENTED_EDGE('',*,*,#4352,.T.);
#4352 = EDGE_CURVE('',#4312,#421,#4353,.T.);
#4353 = CIRCLE('',#4354,0.6);
#4354 = AXIS2_PLACEMENT_3D('',#4355,#4356,#4357);
#4355 = CARTESIAN_POINT('',(-19.36481897094,-10.85558778797,5.8));
#4356 = DIRECTION('',(0.,0.,-1.));
#4357 = DIRECTION('',(-0.214102463007,-0.976811207621,-0.));
#4358 = TOROIDAL_SURFACE('',#4359,0.6,0.3);
#4359 = AXIS2_PLACEMENT_3D('',#4360,#4361,#4362);
#4360 = CARTESIAN_POINT('',(-19.36481897094,-10.85558778797,6.1));
#4361 = DIRECTION('',(0.,0.,-1.));
#4362 = DIRECTION('',(-1.,0.,0.));
#4363 = ADVANCED_FACE('',(#4364),#4393,.T.);
#4364 = FACE_BOUND('',#4365,.T.);
#4365 = EDGE_LOOP('',(#4366,#4377,#4386));
#4366 = ORIENTED_EDGE('',*,*,#4367,.T.);
#4367 = EDGE_CURVE('',#4368,#4370,#4372,.T.);
#4368 = VERTEX_POINT('',#4369);
#4369 = CARTESIAN_POINT('',(-18.06957319197,-10.65617743183,21.45));
#4370 = VERTEX_POINT('',#4371);
#4371 = CARTESIAN_POINT('',(-18.48861386597,-10.58980790921,21.45));
#4372 = CIRCLE('',#4373,0.3);
#4373 = AXIS2_PLACEMENT_3D('',#4374,#4375,#4376);
#4374 = CARTESIAN_POINT('',(-18.31227829028,-10.83251300752,21.45));
#4375 = DIRECTION('',(0.,0.,1.));
#4376 = DIRECTION('',(0.809016994375,0.587785252292,-0.));
#4377 = ORIENTED_EDGE('',*,*,#4378,.T.);
#4378 = EDGE_CURVE('',#4370,#4379,#4381,.T.);
#4379 = VERTEX_POINT('',#4380);
#4380 = CARTESIAN_POINT('',(-18.31227829028,-10.83251300752,21.75));
#4381 = CIRCLE('',#4382,0.3);
#4382 = AXIS2_PLACEMENT_3D('',#4383,#4384,#4385);
#4383 = CARTESIAN_POINT('',(-18.31227829028,-10.83251300752,21.45));
#4384 = DIRECTION('',(0.809016994375,0.587785252292,0.));
#4385 = DIRECTION('',(-0.415626937777,0.572061402818,0.707106781187));
#4386 = ORIENTED_EDGE('',*,*,#4387,.T.);
#4387 = EDGE_CURVE('',#4379,#4368,#4388,.T.);
#4388 = CIRCLE('',#4389,0.3);
#4389 = AXIS2_PLACEMENT_3D('',#4390,#4391,#4392);
#4390 = CARTESIAN_POINT('',(-18.31227829028,-10.83251300752,21.45));
#4391 = DIRECTION('',(-0.587785252292,0.809016994375,0.));
#4392 = DIRECTION('',(0.572061402818,0.415626937777,0.707106781187));
#4393 = SPHERICAL_SURFACE('',#4394,0.3);
#4394 = AXIS2_PLACEMENT_3D('',#4395,#4396,#4397);
#4395 = CARTESIAN_POINT('',(-18.31227829028,-10.83251300752,21.45));
#4396 = DIRECTION('',(-0.991809208181,0.103856330373,7.435292334377E-02)
  );
#4397 = DIRECTION('',(0.127728205845,0.806444153118,0.57735026919));
#4398 = ADVANCED_FACE('',(#4399),#4415,.T.);
#4399 = FACE_BOUND('',#4400,.T.);
#4400 = EDGE_LOOP('',(#4401,#4402,#4408,#4409));
#4401 = ORIENTED_EDGE('',*,*,#4367,.F.);
#4402 = ORIENTED_EDGE('',*,*,#4403,.T.);
#4403 = EDGE_CURVE('',#4368,#4257,#4404,.T.);
#4404 = LINE('',#4405,#4406);
#4405 = CARTESIAN_POINT('',(-18.06957319197,-10.65617743183,20.25));
#4406 = VECTOR('',#4407,1.);
#4407 = DIRECTION('',(0.,0.,-1.));
#4408 = ORIENTED_EDGE('',*,*,#4254,.F.);
#4409 = ORIENTED_EDGE('',*,*,#4410,.T.);
#4410 = EDGE_CURVE('',#4255,#4370,#4411,.T.);
#4411 = LINE('',#4412,#4413);
#4412 = CARTESIAN_POINT('',(-18.48861386597,-10.58980790921,20.25));
#4413 = VECTOR('',#4414,1.);
#4414 = DIRECTION('',(0.,0.,1.));
#4415 = CYLINDRICAL_SURFACE('',#4416,0.3);
#4416 = AXIS2_PLACEMENT_3D('',#4417,#4418,#4419);
#4417 = CARTESIAN_POINT('',(-18.31227829028,-10.83251300752,20.25));
#4418 = DIRECTION('',(0.,0.,-1.));
#4419 = DIRECTION('',(0.15643446504,0.987688340595,0.));
#4420 = ADVANCED_FACE('',(#4421),#4437,.T.);
#4421 = FACE_BOUND('',#4422,.T.);
#4422 = EDGE_LOOP('',(#4423,#4424,#4430,#4431));
#4423 = ORIENTED_EDGE('',*,*,#4163,.F.);
#4424 = ORIENTED_EDGE('',*,*,#4425,.T.);
#4425 = EDGE_CURVE('',#4164,#4108,#4426,.T.);
#4426 = LINE('',#4427,#4428);
#4427 = CARTESIAN_POINT('',(-17.54056646491,-11.38429272677,20.25));
#4428 = VECTOR('',#4429,1.);
#4429 = DIRECTION('',(0.,0.,1.));
#4430 = ORIENTED_EDGE('',*,*,#4107,.T.);
#4431 = ORIENTED_EDGE('',*,*,#4432,.T.);
#4432 = EDGE_CURVE('',#4099,#4166,#4433,.T.);
#4433 = LINE('',#4434,#4435);
#4434 = CARTESIAN_POINT('',(-17.60693598753,-11.80333340077,20.25));
#4435 = VECTOR('',#4436,1.);
#4436 = DIRECTION('',(0.,0.,-1.));
#4437 = CYLINDRICAL_SURFACE('',#4438,0.3);
#4438 = AXIS2_PLACEMENT_3D('',#4439,#4440,#4441);
#4439 = CARTESIAN_POINT('',(-17.78327156322,-11.56062830246,20.25));
#4440 = DIRECTION('',(0.,0.,-1.));
#4441 = DIRECTION('',(0.987688340595,-0.15643446504,0.));
#4442 = ADVANCED_FACE('',(#4443),#4459,.T.);
#4443 = FACE_BOUND('',#4444,.T.);
#4444 = EDGE_LOOP('',(#4445,#4446,#4452,#4453));
#4445 = ORIENTED_EDGE('',*,*,#4062,.T.);
#4446 = ORIENTED_EDGE('',*,*,#4447,.T.);
#4447 = EDGE_CURVE('',#4054,#4088,#4448,.T.);
#4448 = LINE('',#4449,#4450);
#4449 = CARTESIAN_POINT('',(-16.90159368475,-12.77415379406,20.25));
#4450 = VECTOR('',#4451,1.);
#4451 = DIRECTION('',(-0.587785252292,0.809016994375,0.));
#4452 = ORIENTED_EDGE('',*,*,#4087,.T.);
#4453 = ORIENTED_EDGE('',*,*,#4454,.T.);
#4454 = EDGE_CURVE('',#4090,#4063,#4455,.T.);
#4455 = LINE('',#4456,#4457);
#4456 = CARTESIAN_POINT('',(-16.65888858644,-12.59781821837,20.55));
#4457 = VECTOR('',#4458,1.);
#4458 = DIRECTION('',(0.587785252292,-0.809016994375,0.));
#4459 = CYLINDRICAL_SURFACE('',#4460,0.3);
#4460 = AXIS2_PLACEMENT_3D('',#4461,#4462,#4463);
#4461 = CARTESIAN_POINT('',(-16.90159368475,-12.77415379406,20.55));
#4462 = DIRECTION('',(0.587785252292,-0.809016994375,0.));
#4463 = DIRECTION('',(0.572061402818,0.415626937777,-0.707106781187));
#4464 = ADVANCED_FACE('',(#4465),#4484,.F.);
#4465 = FACE_BOUND('',#4466,.F.);
#4466 = EDGE_LOOP('',(#4467,#4468,#4469,#4477));
#4467 = ORIENTED_EDGE('',*,*,#3500,.F.);
#4468 = ORIENTED_EDGE('',*,*,#4053,.T.);
#4469 = ORIENTED_EDGE('',*,*,#4470,.F.);
#4470 = EDGE_CURVE('',#4471,#4054,#4473,.T.);
#4471 = VERTEX_POINT('',#4472);
#4472 = CARTESIAN_POINT('',(-17.66172879526,-13.45003107664,20.25));
#4473 = LINE('',#4474,#4475);
#4474 = CARTESIAN_POINT('',(-17.552176448,-13.37043663732,20.25));
#4475 = VECTOR('',#4476,1.);
#4476 = DIRECTION('',(0.809016994375,0.587785252292,0.));
#4477 = ORIENTED_EDGE('',*,*,#4478,.F.);
#4478 = EDGE_CURVE('',#3493,#4471,#4479,.T.);
#4479 = CIRCLE('',#4480,0.3);
#4480 = AXIS2_PLACEMENT_3D('',#4481,#4482,#4483);
#4481 = CARTESIAN_POINT('',(-17.66172879526,-13.45003107664,19.95));
#4482 = DIRECTION('',(-0.809016994375,-0.587785252292,0.));
#4483 = DIRECTION('',(0.587785252292,-0.809016994375,0.));
#4484 = CYLINDRICAL_SURFACE('',#4485,0.3);
#4485 = AXIS2_PLACEMENT_3D('',#4486,#4487,#4488);
#4486 = CARTESIAN_POINT('',(-17.552176448,-13.37043663732,19.95));
#4487 = DIRECTION('',(0.809016994375,0.587785252292,0.));
#4488 = DIRECTION('',(0.415626937777,-0.572061402818,0.707106781187));
#4489 = ADVANCED_FACE('',(#4490),#4506,.T.);
#4490 = FACE_BOUND('',#4491,.T.);
#4491 = EDGE_LOOP('',(#4492,#4493,#4499,#4500));
#4492 = ORIENTED_EDGE('',*,*,#3979,.F.);
#4493 = ORIENTED_EDGE('',*,*,#4494,.T.);
#4494 = EDGE_CURVE('',#3450,#3889,#4495,.T.);
#4495 = LINE('',#4496,#4497);
#4496 = CARTESIAN_POINT('',(-16.65888858644,-12.59781821837,6.1));
#4497 = VECTOR('',#4498,1.);
#4498 = DIRECTION('',(0.587785252292,-0.809016994375,0.));
#4499 = ORIENTED_EDGE('',*,*,#3908,.F.);
#4500 = ORIENTED_EDGE('',*,*,#4501,.T.);
#4501 = EDGE_CURVE('',#3900,#3980,#4502,.T.);
#4502 = LINE('',#4503,#4504);
#4503 = CARTESIAN_POINT('',(-16.90159368475,-12.77415379406,5.8));
#4504 = VECTOR('',#4505,1.);
#4505 = DIRECTION('',(-0.587785252292,0.809016994375,0.));
#4506 = CYLINDRICAL_SURFACE('',#4507,0.3);
#4507 = AXIS2_PLACEMENT_3D('',#4508,#4509,#4510);
#4508 = CARTESIAN_POINT('',(-16.90159368475,-12.77415379406,6.1));
#4509 = DIRECTION('',(-0.587785252292,0.809016994375,0.));
#4510 = DIRECTION('',(0.572061402818,0.415626937777,-0.707106781187));
#4511 = ADVANCED_FACE('',(#4512),#4541,.T.);
#4512 = FACE_BOUND('',#4513,.T.);
#4513 = EDGE_LOOP('',(#4514,#4525,#4534));
#4514 = ORIENTED_EDGE('',*,*,#4515,.T.);
#4515 = EDGE_CURVE('',#4516,#4518,#4520,.T.);
#4516 = VERTEX_POINT('',#4517);
#4517 = CARTESIAN_POINT('',(-15.78480170539,-14.31128608338,21.45));
#4518 = VERTEX_POINT('',#4519);
#4519 = CARTESIAN_POINT('',(-15.71843218277,-13.89224540938,21.45));
#4520 = CIRCLE('',#4521,0.3);
#4521 = AXIS2_PLACEMENT_3D('',#4522,#4523,#4524);
#4522 = CARTESIAN_POINT('',(-15.96113728108,-14.06858098507,21.45));
#4523 = DIRECTION('',(0.,0.,1.));
#4524 = DIRECTION('',(0.587785252292,-0.809016994375,0.));
#4525 = ORIENTED_EDGE('',*,*,#4526,.T.);
#4526 = EDGE_CURVE('',#4518,#4527,#4529,.T.);
#4527 = VERTEX_POINT('',#4528);
#4528 = CARTESIAN_POINT('',(-15.96113728108,-14.06858098507,21.75));
#4529 = CIRCLE('',#4530,0.3);
#4530 = AXIS2_PLACEMENT_3D('',#4531,#4532,#4533);
#4531 = CARTESIAN_POINT('',(-15.96113728108,-14.06858098507,21.45));
#4532 = DIRECTION('',(0.587785252292,-0.809016994375,2.775557561563E-17)
  );
#4533 = DIRECTION('',(0.572061402818,0.415626937777,0.707106781187));
#4534 = ORIENTED_EDGE('',*,*,#4535,.T.);
#4535 = EDGE_CURVE('',#4527,#4516,#4536,.T.);
#4536 = CIRCLE('',#4537,0.3);
#4537 = AXIS2_PLACEMENT_3D('',#4538,#4539,#4540);
#4538 = CARTESIAN_POINT('',(-15.96113728108,-14.06858098507,21.45));
#4539 = DIRECTION('',(0.809016994375,0.587785252292,0.));
#4540 = DIRECTION('',(0.415626937777,-0.572061402818,0.707106781187));
#4541 = SPHERICAL_SURFACE('',#4542,0.3);
#4542 = AXIS2_PLACEMENT_3D('',#4543,#4544,#4545);
#4543 = CARTESIAN_POINT('',(-15.96113728108,-14.06858098507,21.45));
#4544 = DIRECTION('',(0.570242129318,-9.031748050151E-02,-0.816496580928
    ));
#4545 = DIRECTION('',(0.806444153118,-0.127728205845,0.57735026919));
#4546 = ADVANCED_FACE('',(#4547),#4563,.T.);
#4547 = FACE_BOUND('',#4548,.T.);
#4548 = EDGE_LOOP('',(#4549,#4550,#4556,#4557));
#4549 = ORIENTED_EDGE('',*,*,#4515,.F.);
#4550 = ORIENTED_EDGE('',*,*,#4551,.T.);
#4551 = EDGE_CURVE('',#4516,#3891,#4552,.T.);
#4552 = LINE('',#4553,#4554);
#4553 = CARTESIAN_POINT('',(-15.78480170539,-14.31128608338,20.25));
#4554 = VECTOR('',#4555,1.);
#4555 = DIRECTION('',(0.,0.,-1.));
#4556 = ORIENTED_EDGE('',*,*,#3888,.F.);
#4557 = ORIENTED_EDGE('',*,*,#4558,.T.);
#4558 = EDGE_CURVE('',#3889,#4518,#4559,.T.);
#4559 = LINE('',#4560,#4561);
#4560 = CARTESIAN_POINT('',(-15.71843218277,-13.89224540938,20.25));
#4561 = VECTOR('',#4562,1.);
#4562 = DIRECTION('',(0.,0.,1.));
#4563 = CYLINDRICAL_SURFACE('',#4564,0.3);
#4564 = AXIS2_PLACEMENT_3D('',#4565,#4566,#4567);
#4565 = CARTESIAN_POINT('',(-15.96113728108,-14.06858098507,20.25));
#4566 = DIRECTION('',(0.,0.,-1.));
#4567 = DIRECTION('',(0.987688340595,-0.15643446504,0.));
#4568 = ADVANCED_FACE('',(#4569),#4593,.F.);
#4569 = FACE_BOUND('',#4570,.F.);
#4570 = EDGE_LOOP('',(#4571,#4572,#4579,#4586));
#4571 = ORIENTED_EDGE('',*,*,#536,.F.);
#4572 = ORIENTED_EDGE('',*,*,#4573,.F.);
#4573 = EDGE_CURVE('',#4471,#529,#4574,.T.);
#4574 = CIRCLE('',#4575,0.3);
#4575 = AXIS2_PLACEMENT_3D('',#4576,#4577,#4578);
#4576 = CARTESIAN_POINT('',(-17.66172879526,-13.45003107664,19.95));
#4577 = DIRECTION('',(0.605857255705,-0.795573369156,0.));
#4578 = DIRECTION('',(0.,0.,1.));
#4579 = ORIENTED_EDGE('',*,*,#4580,.F.);
#4580 = EDGE_CURVE('',#4132,#4471,#4581,.T.);
#4581 = CIRCLE('',#4582,22.2);
#4582 = AXIS2_PLACEMENT_3D('',#4583,#4584,#4585);
#4583 = CARTESIAN_POINT('',(4.440892098501E-15,-4.815648849472E-16,20.25
    ));
#4584 = DIRECTION('',(0.,0.,1.));
#4585 = DIRECTION('',(-0.809016994375,-0.587785252292,0.));
#4586 = ORIENTED_EDGE('',*,*,#4587,.F.);
#4587 = EDGE_CURVE('',#396,#4132,#4588,.T.);
#4588 = CIRCLE('',#4589,0.3);
#4589 = AXIS2_PLACEMENT_3D('',#4590,#4591,#4592);
#4590 = CARTESIAN_POINT('',(-18.24951404759,-12.64101408221,19.95));
#4591 = DIRECTION('',(-0.569415048748,0.822050182324,0.));
#4592 = DIRECTION('',(-0.822050182324,-0.569415048748,0.));
#4593 = TOROIDAL_SURFACE('',#4594,22.2,0.3);
#4594 = AXIS2_PLACEMENT_3D('',#4595,#4596,#4597);
#4595 = CARTESIAN_POINT('',(4.440892098501E-15,-4.815648849472E-16,19.95
    ));
#4596 = DIRECTION('',(0.,0.,1.));
#4597 = DIRECTION('',(1.,0.,-0.));
#4598 = ADVANCED_FACE('',(#4599),#4610,.F.);
#4599 = FACE_BOUND('',#4600,.F.);
#4600 = EDGE_LOOP('',(#4601,#4608,#4609));
#4601 = ORIENTED_EDGE('',*,*,#4602,.F.);
#4602 = EDGE_CURVE('',#3493,#529,#4603,.T.);
#4603 = CIRCLE('',#4604,0.3);
#4604 = AXIS2_PLACEMENT_3D('',#4605,#4606,#4607);
#4605 = CARTESIAN_POINT('',(-17.66172879526,-13.45003107664,19.95));
#4606 = DIRECTION('',(0.,0.,-1.));
#4607 = DIRECTION('',(-0.145301222402,-0.989387464429,-0.));
#4608 = ORIENTED_EDGE('',*,*,#4478,.T.);
#4609 = ORIENTED_EDGE('',*,*,#4573,.T.);
#4610 = SPHERICAL_SURFACE('',#4611,0.3);
#4611 = AXIS2_PLACEMENT_3D('',#4612,#4613,#4614);
#4612 = CARTESIAN_POINT('',(-17.66172879526,-13.45003107664,19.95));
#4613 = DIRECTION('',(-0.992885155369,9.724019270459E-02,
    -6.872709196532E-02));
#4614 = DIRECTION('',(-0.119075892805,-0.810813520416,0.573064016375));
#4615 = ADVANCED_FACE('',(#4616),#4627,.F.);
#4616 = FACE_BOUND('',#4617,.F.);
#4617 = EDGE_LOOP('',(#4618,#4625,#4626));
#4618 = ORIENTED_EDGE('',*,*,#4619,.F.);
#4619 = EDGE_CURVE('',#396,#4141,#4620,.T.);
#4620 = CIRCLE('',#4621,0.3);
#4621 = AXIS2_PLACEMENT_3D('',#4622,#4623,#4624);
#4622 = CARTESIAN_POINT('',(-18.24951404759,-12.64101408221,19.95));
#4623 = DIRECTION('',(0.,0.,-1.));
#4624 = DIRECTION('',(-0.985863942211,0.167547866139,0.));
#4625 = ORIENTED_EDGE('',*,*,#4587,.T.);
#4626 = ORIENTED_EDGE('',*,*,#4148,.T.);
#4627 = SPHERICAL_SURFACE('',#4628,0.3);
#4628 = AXIS2_PLACEMENT_3D('',#4629,#4630,#4631);
#4629 = CARTESIAN_POINT('',(-18.24951404759,-12.64101408221,19.95));
#4630 = DIRECTION('',(-0.564963150323,9.60156531045E-02,-0.819510605872)
  );
#4631 = DIRECTION('',(-0.807925956589,0.137307253292,0.573064016375));
#4632 = ADVANCED_FACE('',(#4633),#4649,.T.);
#4633 = FACE_BOUND('',#4634,.T.);
#4634 = EDGE_LOOP('',(#4635,#4636,#4642,#4643));
#4635 = ORIENTED_EDGE('',*,*,#4387,.F.);
#4636 = ORIENTED_EDGE('',*,*,#4637,.T.);
#4637 = EDGE_CURVE('',#4379,#4527,#4638,.T.);
#4638 = LINE('',#4639,#4640);
#4639 = CARTESIAN_POINT('',(-16.90159368475,-12.77415379406,21.75));
#4640 = VECTOR('',#4641,1.);
#4641 = DIRECTION('',(0.587785252292,-0.809016994375,0.));
#4642 = ORIENTED_EDGE('',*,*,#4526,.F.);
#4643 = ORIENTED_EDGE('',*,*,#4644,.T.);
#4644 = EDGE_CURVE('',#4518,#4368,#4645,.T.);
#4645 = LINE('',#4646,#4647);
#4646 = CARTESIAN_POINT('',(-16.65888858644,-12.59781821837,21.45));
#4647 = VECTOR('',#4648,1.);
#4648 = DIRECTION('',(-0.587785252292,0.809016994375,0.));
#4649 = CYLINDRICAL_SURFACE('',#4650,0.3);
#4650 = AXIS2_PLACEMENT_3D('',#4651,#4652,#4653);
#4651 = CARTESIAN_POINT('',(-16.90159368475,-12.77415379406,21.45));
#4652 = DIRECTION('',(-0.587785252292,0.809016994375,0.));
#4653 = DIRECTION('',(0.572061402818,0.415626937777,0.707106781187));
#4654 = ADVANCED_FACE('',(#4655),#4682,.T.);
#4655 = FACE_BOUND('',#4656,.T.);
#4656 = EDGE_LOOP('',(#4657,#4658,#4666,#4676));
#4657 = ORIENTED_EDGE('',*,*,#4378,.F.);
#4658 = ORIENTED_EDGE('',*,*,#4659,.T.);
#4659 = EDGE_CURVE('',#4370,#4660,#4662,.T.);
#4660 = VERTEX_POINT('',#4661);
#4661 = CARTESIAN_POINT('',(-19.18848339525,-11.09829288629,21.45));
#4662 = LINE('',#4663,#4664);
#4663 = CARTESIAN_POINT('',(-19.15605288633,-11.07473074235,21.45));
#4664 = VECTOR('',#4665,1.);
#4665 = DIRECTION('',(-0.809016994375,-0.587785252292,0.));
#4666 = ORIENTED_EDGE('',*,*,#4667,.F.);
#4667 = EDGE_CURVE('',#4668,#4660,#4670,.T.);
#4668 = VERTEX_POINT('',#4669);
#4669 = CARTESIAN_POINT('',(-19.06271487605,-11.37773710165,21.75));
#4670 = B_SPLINE_CURVE_WITH_KNOTS('',3,(#4671,#4672,#4673,#4674,#4675),
  .UNSPECIFIED.,.F.,.F.,(4,1,4),(0.,4.724538026267E-02,
    9.449076052534E-02),.QUASI_UNIFORM_KNOTS.);
#4671 = CARTESIAN_POINT('',(-19.06271487605,-11.37773710165,21.75));
#4672 = CARTESIAN_POINT('',(-19.09733205959,-11.3059529058,21.75));
#4673 = CARTESIAN_POINT('',(-19.16289556522,-11.16073322818,
    21.685245259268));
#4674 = CARTESIAN_POINT('',(-19.18848339525,-11.09829288629,
    21.528742300438));
#4675 = CARTESIAN_POINT('',(-19.18848339525,-11.09829288629,21.45));
#4676 = ORIENTED_EDGE('',*,*,#4677,.T.);
#4677 = EDGE_CURVE('',#4668,#4379,#4678,.T.);
#4678 = LINE('',#4679,#4680);
#4679 = CARTESIAN_POINT('',(-18.97971731064,-11.31743584066,21.75));
#4680 = VECTOR('',#4681,1.);
#4681 = DIRECTION('',(0.809016994375,0.587785252292,0.));
#4682 = CYLINDRICAL_SURFACE('',#4683,0.3);
#4683 = AXIS2_PLACEMENT_3D('',#4684,#4685,#4686);
#4684 = CARTESIAN_POINT('',(-18.97971731064,-11.31743584066,21.45));
#4685 = DIRECTION('',(-0.809016994375,-0.587785252292,0.));
#4686 = DIRECTION('',(-0.415626937777,0.572061402818,0.707106781187));
#4687 = ADVANCED_FACE('',(#4688),#4699,.T.);
#4688 = FACE_BOUND('',#4689,.T.);
#4689 = EDGE_LOOP('',(#4690,#4691,#4692,#4698));
#4690 = ORIENTED_EDGE('',*,*,#4410,.F.);
#4691 = ORIENTED_EDGE('',*,*,#4322,.F.);
#4692 = ORIENTED_EDGE('',*,*,#4693,.F.);
#4693 = EDGE_CURVE('',#4660,#4314,#4694,.T.);
#4694 = LINE('',#4695,#4696);
#4695 = CARTESIAN_POINT('',(-19.18848339525,-11.09829288629,18.75));
#4696 = VECTOR('',#4697,1.);
#4697 = DIRECTION('',(0.,0.,-1.));
#4698 = ORIENTED_EDGE('',*,*,#4659,.F.);
#4699 = PLANE('',#4700);
#4700 = AXIS2_PLACEMENT_3D('',#4701,#4702,#4703);
#4701 = CARTESIAN_POINT('',(-19.45943425922,-11.29515021196,20.25));
#4702 = DIRECTION('',(-0.587785252292,0.809016994375,0.));
#4703 = DIRECTION('',(0.809016994375,0.587785252292,0.));
#4704 = ADVANCED_FACE('',(#4705),#4717,.F.);
#4705 = FACE_BOUND('',#4706,.F.);
#4706 = EDGE_LOOP('',(#4707,#4708,#4715,#4716));
#4707 = ORIENTED_EDGE('',*,*,#4693,.F.);
#4708 = ORIENTED_EDGE('',*,*,#4709,.F.);
#4709 = EDGE_CURVE('',#445,#4660,#4710,.T.);
#4710 = CIRCLE('',#4711,0.3);
#4711 = AXIS2_PLACEMENT_3D('',#4712,#4713,#4714);
#4712 = CARTESIAN_POINT('',(-19.36481897094,-10.85558778797,21.45));
#4713 = DIRECTION('',(0.,0.,1.));
#4714 = DIRECTION('',(-0.872289142835,-0.4889904409,0.));
#4715 = ORIENTED_EDGE('',*,*,#444,.F.);
#4716 = ORIENTED_EDGE('',*,*,#4344,.T.);
#4717 = CYLINDRICAL_SURFACE('',#4718,0.3);
#4718 = AXIS2_PLACEMENT_3D('',#4719,#4720,#4721);
#4719 = CARTESIAN_POINT('',(-19.36481897094,-10.85558778797,18.75));
#4720 = DIRECTION('',(0.,0.,-1.));
#4721 = DIRECTION('',(-0.214102463007,-0.976811207621,-0.));
#4722 = ADVANCED_FACE('',(#4723),#4731,.T.);
#4723 = FACE_BOUND('',#4724,.T.);
#4724 = EDGE_LOOP('',(#4725,#4726,#4727,#4728,#4729,#4730));
#4725 = ORIENTED_EDGE('',*,*,#4352,.F.);
#4726 = ORIENTED_EDGE('',*,*,#4329,.F.);
#4727 = ORIENTED_EDGE('',*,*,#4297,.F.);
#4728 = ORIENTED_EDGE('',*,*,#4240,.F.);
#4729 = ORIENTED_EDGE('',*,*,#4217,.F.);
#4730 = ORIENTED_EDGE('',*,*,#420,.F.);
#4731 = PLANE('',#4732);
#4732 = AXIS2_PLACEMENT_3D('',#4733,#4734,#4735);
#4733 = CARTESIAN_POINT('',(-17.50076543315,-12.71505035983,5.8));
#4734 = DIRECTION('',(0.,0.,-1.));
#4735 = DIRECTION('',(-1.,0.,0.));
#4736 = ADVANCED_FACE('',(#4737),#4748,.T.);
#4737 = FACE_BOUND('',#4738,.T.);
#4738 = EDGE_LOOP('',(#4739,#4740,#4741,#4742));
#4739 = ORIENTED_EDGE('',*,*,#4233,.F.);
#4740 = ORIENTED_EDGE('',*,*,#4432,.F.);
#4741 = ORIENTED_EDGE('',*,*,#4140,.F.);
#4742 = ORIENTED_EDGE('',*,*,#4743,.F.);
#4743 = EDGE_CURVE('',#4201,#4141,#4744,.T.);
#4744 = LINE('',#4745,#4746);
#4745 = CARTESIAN_POINT('',(-18.42584962327,-12.3983089839,18.75));
#4746 = VECTOR('',#4747,1.);
#4747 = DIRECTION('',(0.,0.,1.));
#4748 = PLANE('',#4749);
#4749 = AXIS2_PLACEMENT_3D('',#4750,#4751,#4752);
#4750 = CARTESIAN_POINT('',(-17.36423088922,-11.62699782508,20.25));
#4751 = DIRECTION('',(0.587785252292,-0.809016994375,0.));
#4752 = DIRECTION('',(-0.809016994375,-0.587785252292,0.));
#4753 = ADVANCED_FACE('',(#4754),#4760,.F.);
#4754 = FACE_BOUND('',#4755,.F.);
#4755 = EDGE_LOOP('',(#4756,#4757,#4758,#4759));
#4756 = ORIENTED_EDGE('',*,*,#395,.F.);
#4757 = ORIENTED_EDGE('',*,*,#4619,.T.);
#4758 = ORIENTED_EDGE('',*,*,#4743,.F.);
#4759 = ORIENTED_EDGE('',*,*,#4209,.T.);
#4760 = CYLINDRICAL_SURFACE('',#4761,0.3);
#4761 = AXIS2_PLACEMENT_3D('',#4762,#4763,#4764);
#4762 = CARTESIAN_POINT('',(-18.24951404759,-12.64101408221,18.75));
#4763 = DIRECTION('',(0.,0.,1.));
#4764 = DIRECTION('',(-0.985863942211,0.167547866139,0.));
#4765 = ADVANCED_FACE('',(#4766),#4772,.F.);
#4766 = FACE_BOUND('',#4767,.T.);
#4767 = EDGE_LOOP('',(#4768,#4769,#4770,#4771));
#4768 = ORIENTED_EDGE('',*,*,#4131,.F.);
#4769 = ORIENTED_EDGE('',*,*,#4447,.F.);
#4770 = ORIENTED_EDGE('',*,*,#4470,.F.);
#4771 = ORIENTED_EDGE('',*,*,#4580,.F.);
#4772 = PLANE('',#4773);
#4773 = AXIS2_PLACEMENT_3D('',#4774,#4775,#4776);
#4774 = CARTESIAN_POINT('',(-17.50076543315,-12.71505035983,20.25));
#4775 = DIRECTION('',(0.,0.,1.));
#4776 = DIRECTION('',(1.,0.,-0.));
#4777 = ADVANCED_FACE('',(#4778),#4784,.F.);
#4778 = FACE_BOUND('',#4779,.F.);
#4779 = EDGE_LOOP('',(#4780,#4781,#4782,#4783));
#4780 = ORIENTED_EDGE('',*,*,#3492,.F.);
#4781 = ORIENTED_EDGE('',*,*,#4602,.T.);
#4782 = ORIENTED_EDGE('',*,*,#528,.F.);
#4783 = ORIENTED_EDGE('',*,*,#4030,.T.);
#4784 = CYLINDRICAL_SURFACE('',#4785,0.3);
#4785 = AXIS2_PLACEMENT_3D('',#4786,#4787,#4788);
#4786 = CARTESIAN_POINT('',(-17.66172879526,-13.45003107664,18.75));
#4787 = DIRECTION('',(0.,0.,-1.));
#4788 = DIRECTION('',(-0.145301222402,-0.989387464429,-0.));
#4789 = ADVANCED_FACE('',(#4790),#4802,.T.);
#4790 = FACE_BOUND('',#4791,.T.);
#4791 = EDGE_LOOP('',(#4792,#4793,#4794,#4795));
#4792 = ORIENTED_EDGE('',*,*,#4667,.T.);
#4793 = ORIENTED_EDGE('',*,*,#4709,.F.);
#4794 = ORIENTED_EDGE('',*,*,#452,.T.);
#4795 = ORIENTED_EDGE('',*,*,#4796,.F.);
#4796 = EDGE_CURVE('',#4668,#453,#4797,.T.);
#4797 = CIRCLE('',#4798,0.3);
#4798 = AXIS2_PLACEMENT_3D('',#4799,#4800,#4801);
#4799 = CARTESIAN_POINT('',(-19.06271487605,-11.37773710165,22.05));
#4800 = DIRECTION('',(-0.512510680255,0.858680850273,0.));
#4801 = DIRECTION('',(0.,0.,-1.));
#4802 = B_SPLINE_SURFACE_WITH_KNOTS('',3,3,(
    (#4803,#4804,#4805,#4806,#4807)
    ,(#4808,#4809,#4810,#4811,#4812)
    ,(#4813,#4814,#4815,#4816,#4817)
    ,(#4818,#4819,#4820,#4821,#4822)
    ,(#4823,#4824,#4825,#4826,#4827
  )),.UNSPECIFIED.,.F.,.F.,.F.,(4,1,4),(4,1,4),(0.,0.5,1.),(0.,
    4.724538026267E-02,9.449076052534E-02),.QUASI_UNIFORM_KNOTS.);
#4803 = CARTESIAN_POINT('',(-19.32031913113,-11.53149030573,22.05));
#4804 = CARTESIAN_POINT('',(-19.40212238105,-11.39443387567,22.05));
#4805 = CARTESIAN_POINT('',(-19.5615188676,-11.11932121667,
    21.920490518535));
#4806 = CARTESIAN_POINT('',(-19.62650571379,-11.00228492024,
    21.607484600876));
#4807 = CARTESIAN_POINT('',(-19.62650571379,-11.00228492024,21.45));
#4808 = CARTESIAN_POINT('',(-19.32031913113,-11.53149030573,
    21.97146018366));
#4809 = CARTESIAN_POINT('',(-19.39165882,-11.4120398494,21.970271111644)
  );
#4810 = CARTESIAN_POINT('',(-19.52987822611,-11.17450990526,
    21.85445614382));
#4811 = CARTESIAN_POINT('',(-19.58523045003,-11.07591409872,
    21.585119595298));
#4812 = CARTESIAN_POINT('',(-19.58523045003,-11.07591409872,21.45));
#4813 = CARTESIAN_POINT('',(-19.26445979704,-11.49815020585,
    21.81505249776));
#4814 = CARTESIAN_POINT('',(-19.31293884958,-11.41289461034,
    21.811592251694));
#4815 = CARTESIAN_POINT('',(-19.40384190287,-11.24826737354,
    21.723531769609));
#4816 = CARTESIAN_POINT('',(-19.4370800317,-11.18526832051,
    21.540919311286));
#4817 = CARTESIAN_POINT('',(-19.4370800317,-11.18526832051,21.45));
#4818 = CARTESIAN_POINT('',(-19.13015551232,-11.41798959635,21.75));
#4819 = CARTESIAN_POINT('',(-19.16598284425,-11.34646896549,
    21.748108572458));
#4820 = CARTESIAN_POINT('',(-19.23254300374,-11.20511762349,
    21.678141108241));
#4821 = CARTESIAN_POINT('',(-19.25677182594,-11.14790733535,
    21.52590108258));
#4822 = CARTESIAN_POINT('',(-19.25677182594,-11.14790733535,21.45));
#4823 = CARTESIAN_POINT('',(-19.06271487605,-11.37773710165,21.75));
#4824 = CARTESIAN_POINT('',(-19.09733205959,-11.3059529058,21.75));
#4825 = CARTESIAN_POINT('',(-19.16289556522,-11.16073322818,
    21.685245259268));
#4826 = CARTESIAN_POINT('',(-19.18848339525,-11.09829288629,
    21.528742300438));
#4827 = CARTESIAN_POINT('',(-19.18848339525,-11.09829288629,21.45));
#4828 = ADVANCED_FACE('',(#4829),#4858,.T.);
#4829 = FACE_BOUND('',#4830,.T.);
#4830 = EDGE_LOOP('',(#4831,#4832,#4841,#4851));
#4831 = ORIENTED_EDGE('',*,*,#471,.T.);
#4832 = ORIENTED_EDGE('',*,*,#4833,.F.);
#4833 = EDGE_CURVE('',#4834,#472,#4836,.T.);
#4834 = VERTEX_POINT('',#4835);
#4835 = CARTESIAN_POINT('',(-16.48467123467,-14.81977106046,21.45));
#4836 = CIRCLE('',#4837,0.3);
#4837 = AXIS2_PLACEMENT_3D('',#4838,#4839,#4840);
#4838 = CARTESIAN_POINT('',(-16.30833565898,-15.06247615877,21.45));
#4839 = DIRECTION('',(0.,0.,1.));
#4840 = DIRECTION('',(-0.587785252292,0.809016994375,0.));
#4841 = ORIENTED_EDGE('',*,*,#4842,.T.);
#4842 = EDGE_CURVE('',#4834,#4843,#4845,.T.);
#4843 = VERTEX_POINT('',#4844);
#4844 = CARTESIAN_POINT('',(-16.71157386684,-14.6138050792,21.75));
#4845 = B_SPLINE_CURVE_WITH_KNOTS('',3,(#4846,#4847,#4848,#4849,#4850),
  .UNSPECIFIED.,.F.,.F.,(4,1,4),(0.,4.724538743065E-02,
    9.449077486131E-02),.QUASI_UNIFORM_KNOTS.);
#4846 = CARTESIAN_POINT('',(-16.48467123467,-14.81977106046,21.45));
#4847 = CARTESIAN_POINT('',(-16.48467123467,-14.81977106046,
    21.528742312384));
#4848 = CARTESIAN_POINT('',(-16.53615298978,-14.77613651094,
    21.685250698332));
#4849 = CARTESIAN_POINT('',(-16.65400032889,-14.66891052199,21.75));
#4850 = CARTESIAN_POINT('',(-16.71157386684,-14.6138050792,21.75));
#4851 = ORIENTED_EDGE('',*,*,#4852,.F.);
#4852 = EDGE_CURVE('',#463,#4843,#4853,.T.);
#4853 = CIRCLE('',#4854,0.3);
#4854 = AXIS2_PLACEMENT_3D('',#4855,#4856,#4857);
#4855 = CARTESIAN_POINT('',(-16.71157386684,-14.6138050792,22.05));
#4856 = DIRECTION('',(0.658279508072,-0.752773597606,0.));
#4857 = DIRECTION('',(-0.752773597606,-0.658279508072,0.));
#4858 = B_SPLINE_SURFACE_WITH_KNOTS('',3,3,(
    (#4859,#4860,#4861,#4862,#4863)
    ,(#4864,#4865,#4866,#4867,#4868)
    ,(#4869,#4870,#4871,#4872,#4873)
    ,(#4874,#4875,#4876,#4877,#4878)
    ,(#4879,#4880,#4881,#4882,#4883
  )),.UNSPECIFIED.,.F.,.F.,.F.,(4,1,4),(4,1,4),(0.,0.5,1.),(0.,
    4.724538743065E-02,9.449077486131E-02),.QUASI_UNIFORM_KNOTS.);
#4859 = CARTESIAN_POINT('',(-16.52871857329,-15.26602313389,21.45));
#4860 = CARTESIAN_POINT('',(-16.52871857329,-15.26602313389,
    21.607484624769));
#4861 = CARTESIAN_POINT('',(-16.61995275442,-15.1680419559,
    21.920501396664));
#4862 = CARTESIAN_POINT('',(-16.8323361137,-14.93144122982,22.05));
#4863 = CARTESIAN_POINT('',(-16.93740594612,-14.81128893162,22.05));
#4864 = CARTESIAN_POINT('',(-16.58598932532,-15.2040153579,21.45));
#4865 = CARTESIAN_POINT('',(-16.58598932532,-15.2040153579,
    21.585119615799));
#4866 = CARTESIAN_POINT('',(-16.66266160098,-15.12089693698,
    21.85446564717));
#4867 = CARTESIAN_POINT('',(-16.8458469736,-14.91604924447,
    21.970271111464));
#4868 = CARTESIAN_POINT('',(-16.93740594612,-14.81128893162,
    21.97146018366));
#4869 = CARTESIAN_POINT('',(-16.64420848267,-15.02932381085,21.45));
#4870 = CARTESIAN_POINT('',(-16.64420848267,-15.02932381085,
    21.54091932508));
#4871 = CARTESIAN_POINT('',(-16.69385819882,-14.97823941623,
    21.723539042767));
#4872 = CARTESIAN_POINT('',(-16.82233332394,-14.84091728902,
    21.811593275153));
#4873 = CARTESIAN_POINT('',(-16.88843537252,-14.76846553133,
    21.815053521744));
#4874 = CARTESIAN_POINT('',(-16.55295966535,-14.86938550952,21.45));
#4875 = CARTESIAN_POINT('',(-16.55295966535,-14.86938550952,
    21.525901094095));
#4876 = CARTESIAN_POINT('',(-16.59988698966,-14.82865979673,
    21.678146621986));
#4877 = CARTESIAN_POINT('',(-16.7137476507,-14.72168114726,
    21.748108572171));
#4878 = CARTESIAN_POINT('',(-16.77069656694,-14.66550623086,21.75));
#4879 = CARTESIAN_POINT('',(-16.48467123467,-14.81977106046,21.45));
#4880 = CARTESIAN_POINT('',(-16.48467123467,-14.81977106046,
    21.528742312384));
#4881 = CARTESIAN_POINT('',(-16.53615298978,-14.77613651094,
    21.685250698332));
#4882 = CARTESIAN_POINT('',(-16.65400032889,-14.66891052199,21.75));
#4883 = CARTESIAN_POINT('',(-16.71157386684,-14.6138050792,21.75));
#4884 = ADVANCED_FACE('',(#4885),#4896,.F.);
#4885 = FACE_BOUND('',#4886,.F.);
#4886 = EDGE_LOOP('',(#4887,#4888,#4889,#4895));
#4887 = ORIENTED_EDGE('',*,*,#481,.F.);
#4888 = ORIENTED_EDGE('',*,*,#4833,.F.);
#4889 = ORIENTED_EDGE('',*,*,#4890,.F.);
#4890 = EDGE_CURVE('',#3926,#4834,#4891,.T.);
#4891 = LINE('',#4892,#4893);
#4892 = CARTESIAN_POINT('',(-16.48467123467,-14.81977106046,18.75));
#4893 = VECTOR('',#4894,1.);
#4894 = DIRECTION('',(0.,0.,1.));
#4895 = ORIENTED_EDGE('',*,*,#3934,.T.);
#4896 = CYLINDRICAL_SURFACE('',#4897,0.3);
#4897 = AXIS2_PLACEMENT_3D('',#4898,#4899,#4900);
#4898 = CARTESIAN_POINT('',(-16.30833565898,-15.06247615877,18.75));
#4899 = DIRECTION('',(0.,0.,1.));
#4900 = DIRECTION('',(-0.995163963805,9.822772085292E-02,0.));
#4901 = ADVANCED_FACE('',(#4902),#4918,.T.);
#4902 = FACE_BOUND('',#4903,.T.);
#4903 = EDGE_LOOP('',(#4904,#4905,#4911,#4912));
#4904 = ORIENTED_EDGE('',*,*,#4535,.F.);
#4905 = ORIENTED_EDGE('',*,*,#4906,.T.);
#4906 = EDGE_CURVE('',#4527,#4843,#4907,.T.);
#4907 = LINE('',#4908,#4909);
#4908 = CARTESIAN_POINT('',(-16.02181355566,-14.11266487899,21.75));
#4909 = VECTOR('',#4910,1.);
#4910 = DIRECTION('',(-0.809016994375,-0.587785252292,0.));
#4911 = ORIENTED_EDGE('',*,*,#4842,.F.);
#4912 = ORIENTED_EDGE('',*,*,#4913,.T.);
#4913 = EDGE_CURVE('',#4834,#4516,#4914,.T.);
#4914 = LINE('',#4915,#4916);
#4915 = CARTESIAN_POINT('',(-15.84547797997,-14.35536997731,21.45));
#4916 = VECTOR('',#4917,1.);
#4917 = DIRECTION('',(0.809016994375,0.587785252292,0.));
#4918 = CYLINDRICAL_SURFACE('',#4919,0.3);
#4919 = AXIS2_PLACEMENT_3D('',#4920,#4921,#4922);
#4920 = CARTESIAN_POINT('',(-16.02181355566,-14.11266487899,21.45));
#4921 = DIRECTION('',(0.809016994375,0.587785252292,0.));
#4922 = DIRECTION('',(0.415626937777,-0.572061402818,0.707106781187));
#4923 = ADVANCED_FACE('',(#4924),#4936,.F.);
#4924 = FACE_BOUND('',#4925,.F.);
#4925 = EDGE_LOOP('',(#4926,#4933,#4934,#4935));
#4926 = ORIENTED_EDGE('',*,*,#4927,.F.);
#4927 = EDGE_CURVE('',#4843,#4668,#4928,.T.);
#4928 = CIRCLE('',#4929,22.2);
#4929 = AXIS2_PLACEMENT_3D('',#4930,#4931,#4932);
#4930 = CARTESIAN_POINT('',(4.440892098501E-15,-4.815648849472E-16,21.75
    ));
#4931 = DIRECTION('',(0.,0.,-1.));
#4932 = DIRECTION('',(-0.809016994375,-0.587785252292,-0.));
#4933 = ORIENTED_EDGE('',*,*,#4852,.F.);
#4934 = ORIENTED_EDGE('',*,*,#462,.F.);
#4935 = ORIENTED_EDGE('',*,*,#4796,.F.);
#4936 = TOROIDAL_SURFACE('',#4937,22.2,0.3);
#4937 = AXIS2_PLACEMENT_3D('',#4938,#4939,#4940);
#4938 = CARTESIAN_POINT('',(4.440892098501E-15,-4.815648849472E-16,22.05
    ));
#4939 = DIRECTION('',(0.,0.,-1.));
#4940 = DIRECTION('',(-1.,0.,0.));
#4941 = ADVANCED_FACE('',(#4942),#4954,.T.);
#4942 = FACE_BOUND('',#4943,.T.);
#4943 = EDGE_LOOP('',(#4944,#4945,#4946,#4947,#4948,#4949,#4950,#4951,
    #4952,#4953));
#4944 = ORIENTED_EDGE('',*,*,#4403,.F.);
#4945 = ORIENTED_EDGE('',*,*,#4644,.F.);
#4946 = ORIENTED_EDGE('',*,*,#4558,.F.);
#4947 = ORIENTED_EDGE('',*,*,#4494,.F.);
#4948 = ORIENTED_EDGE('',*,*,#3449,.F.);
#4949 = ORIENTED_EDGE('',*,*,#4071,.F.);
#4950 = ORIENTED_EDGE('',*,*,#4454,.F.);
#4951 = ORIENTED_EDGE('',*,*,#4116,.F.);
#4952 = ORIENTED_EDGE('',*,*,#4425,.F.);
#4953 = ORIENTED_EDGE('',*,*,#4290,.F.);
#4954 = PLANE('',#4955);
#4955 = AXIS2_PLACEMENT_3D('',#4956,#4957,#4958);
#4956 = CARTESIAN_POINT('',(-16.42377448552,-12.92142501613,20.25));
#4957 = DIRECTION('',(0.809016994375,0.587785252292,0.));
#4958 = DIRECTION('',(0.587785252292,-0.809016994375,0.));
#4959 = ADVANCED_FACE('',(#4960),#4966,.T.);
#4960 = FACE_BOUND('',#4961,.T.);
#4961 = EDGE_LOOP('',(#4962,#4963,#4964,#4965));
#4962 = ORIENTED_EDGE('',*,*,#4551,.F.);
#4963 = ORIENTED_EDGE('',*,*,#4913,.F.);
#4964 = ORIENTED_EDGE('',*,*,#4890,.F.);
#4965 = ORIENTED_EDGE('',*,*,#3958,.F.);
#4966 = PLANE('',#4967);
#4967 = AXIS2_PLACEMENT_3D('',#4968,#4969,#4970);
#4968 = CARTESIAN_POINT('',(-15.54209660708,-14.1349505077,20.25));
#4969 = DIRECTION('',(0.587785252292,-0.809016994375,0.));
#4970 = DIRECTION('',(-0.809016994375,-0.587785252292,0.));
#4971 = ADVANCED_FACE('',(#4972),#4978,.T.);
#4972 = FACE_BOUND('',#4973,.T.);
#4973 = EDGE_LOOP('',(#4974,#4975,#4976,#4977));
#4974 = ORIENTED_EDGE('',*,*,#4637,.F.);
#4975 = ORIENTED_EDGE('',*,*,#4677,.F.);
#4976 = ORIENTED_EDGE('',*,*,#4927,.F.);
#4977 = ORIENTED_EDGE('',*,*,#4906,.F.);
#4978 = PLANE('',#4979);
#4979 = AXIS2_PLACEMENT_3D('',#4980,#4981,#4982);
#4980 = CARTESIAN_POINT('',(-17.50076543315,-12.71505035983,21.75));
#4981 = DIRECTION('',(0.,0.,1.));
#4982 = DIRECTION('',(1.,0.,-0.));
#4983 = ADVANCED_FACE('',(#4984),#4992,.T.);
#4984 = FACE_BOUND('',#4985,.T.);
#4985 = EDGE_LOOP('',(#4986,#4987,#4988,#4989,#4990,#4991));
#4986 = ORIENTED_EDGE('',*,*,#3942,.F.);
#4987 = ORIENTED_EDGE('',*,*,#504,.F.);
#4988 = ORIENTED_EDGE('',*,*,#4038,.F.);
#4989 = ORIENTED_EDGE('',*,*,#4015,.F.);
#4990 = ORIENTED_EDGE('',*,*,#4501,.F.);
#4991 = ORIENTED_EDGE('',*,*,#3965,.F.);
#4992 = PLANE('',#4993);
#4993 = AXIS2_PLACEMENT_3D('',#4994,#4995,#4996);
#4994 = CARTESIAN_POINT('',(-17.50076543315,-12.71505035983,5.8));
#4995 = DIRECTION('',(0.,0.,-1.));
#4996 = DIRECTION('',(-1.,0.,0.));
#4997 = ADVANCED_FACE('',(#4998),#5036,.F.);
#4998 = FACE_BOUND('',#4999,.F.);
#4999 = EDGE_LOOP('',(#5000,#5011,#5020,#5029));
#5000 = ORIENTED_EDGE('',*,*,#5001,.F.);
#5001 = EDGE_CURVE('',#5002,#5004,#5006,.T.);
#5002 = VERTEX_POINT('',#5003);
#5003 = CARTESIAN_POINT('',(-17.62048643174,11.888887538384,
    9.477531480394));
#5004 = VERTEX_POINT('',#5005);
#5005 = CARTESIAN_POINT('',(-17.59571028628,11.870886615033,
    9.485737424413));
#5006 = CIRCLE('',#5007,6.125E-02);
#5007 = AXIS2_PLACEMENT_3D('',#5008,#5009,#5010);
#5008 = CARTESIAN_POINT('',(-17.62048643174,11.888887538384,
    9.538781480394));
#5009 = DIRECTION('',(-0.587785252292,-0.809016994375,0.));
#5010 = DIRECTION('',(0.572061402818,-0.415626937777,-0.707106781187));
#5011 = ORIENTED_EDGE('',*,*,#5012,.F.);
#5012 = EDGE_CURVE('',#5013,#5002,#5015,.T.);
#5013 = VERTEX_POINT('',#5014);
#5014 = CARTESIAN_POINT('',(-17.65648827844,11.839335247478,
    9.416281480394));
#5015 = CIRCLE('',#5016,6.125E-02);
#5016 = AXIS2_PLACEMENT_3D('',#5017,#5018,#5019);
#5017 = CARTESIAN_POINT('',(-17.62048643174,11.888887538384,
    9.416281480394));
#5018 = DIRECTION('',(-0.809016994375,0.587785252292,0.));
#5019 = DIRECTION('',(-0.587785252292,-0.809016994375,0.));
#5020 = ORIENTED_EDGE('',*,*,#5021,.F.);
#5021 = EDGE_CURVE('',#5022,#5013,#5024,.T.);
#5022 = VERTEX_POINT('',#5023);
#5023 = CARTESIAN_POINT('',(-17.60693598753,11.803333400776,
    9.432693368431));
#5024 = CIRCLE('',#5025,0.1225);
#5025 = AXIS2_PLACEMENT_3D('',#5026,#5027,#5028);
#5026 = CARTESIAN_POINT('',(-17.65648827844,11.839335247478,
    9.538781480394));
#5027 = DIRECTION('',(0.587785252292,0.809016994375,0.));
#5028 = DIRECTION('',(0.572061402818,-0.415626937777,-0.707106781187));
#5029 = ORIENTED_EDGE('',*,*,#5030,.F.);
#5030 = EDGE_CURVE('',#5004,#5022,#5031,.T.);
#5031 = CIRCLE('',#5032,6.125E-02);
#5032 = AXIS2_PLACEMENT_3D('',#5033,#5034,#5035);
#5033 = CARTESIAN_POINT('',(-17.57093414083,11.852885691681,
    9.432693368431));
#5034 = DIRECTION('',(0.700629269222,-0.509036960455,0.5));
#5035 = DIRECTION('',(-0.404508497187,0.293892626146,0.866025403784));
#5036 = TOROIDAL_SURFACE('',#5037,0.1225,6.125E-02);
#5037 = AXIS2_PLACEMENT_3D('',#5038,#5039,#5040);
#5038 = CARTESIAN_POINT('',(-17.62048643174,11.888887538384,
    9.538781480394));
#5039 = DIRECTION('',(-0.587785252292,-0.809016994375,0.));
#5040 = DIRECTION('',(0.,0.,1.));
#5041 = ADVANCED_FACE('',(#5042),#5068,.F.);
#5042 = FACE_BOUND('',#5043,.F.);
#5043 = EDGE_LOOP('',(#5044,#5052,#5053,#5061));
#5044 = ORIENTED_EDGE('',*,*,#5045,.F.);
#5045 = EDGE_CURVE('',#5013,#5046,#5048,.T.);
#5046 = VERTEX_POINT('',#5047);
#5047 = CARTESIAN_POINT('',(-17.96189219382,12.061224180219,
    9.416281480394));
#5048 = LINE('',#5049,#5050);
#5049 = CARTESIAN_POINT('',(-18.13426845229,12.186462862816,
    9.416281480394));
#5050 = VECTOR('',#5051,1.);
#5051 = DIRECTION('',(-0.809016994375,0.587785252292,0.));
#5052 = ORIENTED_EDGE('',*,*,#5012,.T.);
#5053 = ORIENTED_EDGE('',*,*,#5054,.F.);
#5054 = EDGE_CURVE('',#5055,#5002,#5057,.T.);
#5055 = VERTEX_POINT('',#5056);
#5056 = CARTESIAN_POINT('',(-17.92589034711,12.110776471124,
    9.477531480394));
#5057 = LINE('',#5058,#5059);
#5058 = CARTESIAN_POINT('',(-18.09826660558,12.236015153721,
    9.477531480394));
#5059 = VECTOR('',#5060,1.);
#5060 = DIRECTION('',(0.809016994375,-0.587785252292,0.));
#5061 = ORIENTED_EDGE('',*,*,#5062,.F.);
#5062 = EDGE_CURVE('',#5046,#5055,#5063,.T.);
#5063 = CIRCLE('',#5064,6.125E-02);
#5064 = AXIS2_PLACEMENT_3D('',#5065,#5066,#5067);
#5065 = CARTESIAN_POINT('',(-17.92589034711,12.110776471124,
    9.416281480394));
#5066 = DIRECTION('',(-0.809016994375,0.587785252292,0.));
#5067 = DIRECTION('',(-0.587785252292,-0.809016994375,0.));
#5068 = CYLINDRICAL_SURFACE('',#5069,6.125E-02);
#5069 = AXIS2_PLACEMENT_3D('',#5070,#5071,#5072);
#5070 = CARTESIAN_POINT('',(-18.09826660558,12.236015153721,
    9.416281480394));
#5071 = DIRECTION('',(0.809016994375,-0.587785252292,0.));
#5072 = DIRECTION('',(-0.415626937777,-0.572061402818,0.707106781187));
#5073 = ADVANCED_FACE('',(#5074),#5102,.F.);
#5074 = FACE_BOUND('',#5075,.F.);
#5075 = EDGE_LOOP('',(#5076,#5085,#5094,#5101));
#5076 = ORIENTED_EDGE('',*,*,#5077,.F.);
#5077 = EDGE_CURVE('',#5078,#5055,#5080,.T.);
#5078 = VERTEX_POINT('',#5079);
#5079 = CARTESIAN_POINT('',(-17.97544263802,12.146778317827,
    9.538781480394));
#5080 = CIRCLE('',#5081,6.125E-02);
#5081 = AXIS2_PLACEMENT_3D('',#5082,#5083,#5084);
#5082 = CARTESIAN_POINT('',(-17.92589034711,12.110776471124,
    9.538781480394));
#5083 = DIRECTION('',(-0.587785252292,-0.809016994375,0.));
#5084 = DIRECTION('',(-0.809016994375,0.587785252292,0.));
#5085 = ORIENTED_EDGE('',*,*,#5086,.F.);
#5086 = EDGE_CURVE('',#5087,#5078,#5089,.T.);
#5087 = VERTEX_POINT('',#5088);
#5088 = CARTESIAN_POINT('',(-18.06099677563,12.133227873625,
    9.538781480394));
#5089 = CIRCLE('',#5090,6.125E-02);
#5090 = AXIS2_PLACEMENT_3D('',#5091,#5092,#5093);
#5091 = CARTESIAN_POINT('',(-18.02499492892,12.18278016453,
    9.538781480394));
#5092 = DIRECTION('',(0.,0.,1.));
#5093 = DIRECTION('',(0.15643446504,-0.987688340595,0.));
#5094 = ORIENTED_EDGE('',*,*,#5095,.F.);
#5095 = EDGE_CURVE('',#5046,#5087,#5096,.T.);
#5096 = CIRCLE('',#5097,0.1225);
#5097 = AXIS2_PLACEMENT_3D('',#5098,#5099,#5100);
#5098 = CARTESIAN_POINT('',(-17.96189219382,12.061224180219,
    9.538781480394));
#5099 = DIRECTION('',(0.587785252292,0.809016994375,-5.551115123126E-17)
  );
#5100 = DIRECTION('',(-0.706394522737,0.513225662319,-0.487448661691));
#5101 = ORIENTED_EDGE('',*,*,#5062,.T.);
#5102 = TOROIDAL_SURFACE('',#5103,0.1225,6.125E-02);
#5103 = AXIS2_PLACEMENT_3D('',#5104,#5105,#5106);
#5104 = CARTESIAN_POINT('',(-17.92589034711,12.110776471124,
    9.538781480394));
#5105 = DIRECTION('',(0.587785252292,0.809016994375,0.));
#5106 = DIRECTION('',(0.,0.,-1.));
#5107 = ADVANCED_FACE('',(#5108),#5144,.F.);
#5108 = FACE_BOUND('',#5109,.F.);
#5109 = EDGE_LOOP('',(#5110,#5120,#5129,#5137));
#5110 = ORIENTED_EDGE('',*,*,#5111,.F.);
#5111 = EDGE_CURVE('',#5112,#5114,#5116,.T.);
#5112 = VERTEX_POINT('',#5113);
#5113 = CARTESIAN_POINT('',(-17.56833836075,11.769921681419,
    9.916281480394));
#5114 = VERTEX_POINT('',#5115);
#5115 = CARTESIAN_POINT('',(-17.56833836075,11.769921681419,
    9.538781480394));
#5116 = LINE('',#5117,#5118);
#5117 = CARTESIAN_POINT('',(-17.56833836075,11.769921681419,20.25));
#5118 = VECTOR('',#5119,1.);
#5119 = DIRECTION('',(0.,0.,-1.));
#5120 = ORIENTED_EDGE('',*,*,#5121,.F.);
#5121 = EDGE_CURVE('',#5122,#5112,#5124,.T.);
#5122 = VERTEX_POINT('',#5123);
#5123 = CARTESIAN_POINT('',(-17.57400845615,11.848654259659,
    9.916281480394));
#5124 = CIRCLE('',#5125,6.125E-02);
#5125 = AXIS2_PLACEMENT_3D('',#5126,#5127,#5128);
#5126 = CARTESIAN_POINT('',(-17.52445616524,11.812652412956,
    9.916281480394));
#5127 = DIRECTION('',(0.,0.,1.));
#5128 = DIRECTION('',(-0.809016994375,0.587785252292,0.));
#5129 = ORIENTED_EDGE('',*,*,#5130,.F.);
#5130 = EDGE_CURVE('',#5131,#5122,#5133,.T.);
#5131 = VERTEX_POINT('',#5132);
#5132 = CARTESIAN_POINT('',(-17.57400845615,11.848654259659,
    9.538781480394));
#5133 = LINE('',#5134,#5135);
#5134 = CARTESIAN_POINT('',(-17.57400845615,11.848654259659,20.25));
#5135 = VECTOR('',#5136,1.);
#5136 = DIRECTION('',(0.,0.,1.));
#5137 = ORIENTED_EDGE('',*,*,#5138,.F.);
#5138 = EDGE_CURVE('',#5114,#5131,#5139,.T.);
#5139 = CIRCLE('',#5140,6.125E-02);
#5140 = AXIS2_PLACEMENT_3D('',#5141,#5142,#5143);
#5141 = CARTESIAN_POINT('',(-17.52445616524,11.812652412956,
    9.538781480394));
#5142 = DIRECTION('',(-1.283134680915E-14,1.31771127949E-14,-1.));
#5143 = DIRECTION('',(-0.716444008243,-0.69764459652,-4.575393250282E-29
    ));
#5144 = CYLINDRICAL_SURFACE('',#5145,6.125E-02);
#5145 = AXIS2_PLACEMENT_3D('',#5146,#5147,#5148);
#5146 = CARTESIAN_POINT('',(-17.52445616524,11.812652412956,20.25));
#5147 = DIRECTION('',(0.,0.,1.));
#5148 = DIRECTION('',(-0.997416809404,-7.183110968715E-02,0.));
#5149 = ADVANCED_FACE('',(#5150),#5170,.T.);
#5150 = FACE_BOUND('',#5151,.T.);
#5151 = EDGE_LOOP('',(#5152,#5153,#5161,#5162));
#5152 = ORIENTED_EDGE('',*,*,#5138,.F.);
#5153 = ORIENTED_EDGE('',*,*,#5154,.T.);
#5154 = EDGE_CURVE('',#5114,#5022,#5155,.T.);
#5155 = B_SPLINE_CURVE_WITH_KNOTS('',3,(#5156,#5157,#5158,#5159,#5160),
  .UNSPECIFIED.,.F.,.F.,(4,1,4),(-1.284078553581E-02,-5.503193801059E-03
    ,0.),.UNSPECIFIED.);
#5156 = CARTESIAN_POINT('',(-17.56833836075,11.769921681419,
    9.538781480394));
#5157 = CARTESIAN_POINT('',(-17.56833836075,11.769921681419,
    9.514322841279));
#5158 = CARTESIAN_POINT('',(-17.57592610411,11.778151715809,
    9.471684995819));
#5159 = CARTESIAN_POINT('',(-17.59626277327,11.795578856706,
    9.441865358099));
#5160 = CARTESIAN_POINT('',(-17.60693598753,11.803333400776,
    9.432693368431));
#5161 = ORIENTED_EDGE('',*,*,#5030,.F.);
#5162 = ORIENTED_EDGE('',*,*,#5163,.T.);
#5163 = EDGE_CURVE('',#5004,#5131,#5164,.T.);
#5164 = B_SPLINE_CURVE_WITH_KNOTS('',3,(#5165,#5166,#5167,#5168,#5169),
  .UNSPECIFIED.,.F.,.F.,(4,1,4),(0.,5.503193801059E-03,
    1.284078553581E-02),.UNSPECIFIED.);
#5165 = CARTESIAN_POINT('',(-17.59571028628,11.870886615033,
    9.485737424413));
#5166 = CARTESIAN_POINT('',(-17.58928412186,11.86621773329,
    9.490323419247));
#5167 = CARTESIAN_POINT('',(-17.57779895023,11.854680195917,
    9.505233238107));
#5168 = CARTESIAN_POINT('',(-17.57400845615,11.848654259659,
    9.526552160837));
#5169 = CARTESIAN_POINT('',(-17.57400845615,11.848654259659,
    9.538781480394));
#5170 = B_SPLINE_SURFACE_WITH_KNOTS('',3,3,(
    (#5171,#5172,#5173,#5174,#5175)
    ,(#5176,#5177,#5178,#5179,#5180)
    ,(#5181,#5182,#5183,#5184,#5185)
    ,(#5186,#5187,#5188,#5189,#5190)
    ,(#5191,#5192,#5193,#5194,#5195
  )),.UNSPECIFIED.,.F.,.F.,.F.,(4,1,4),(4,1,4),(0.,0.571428571429,1.),(
    0.,5.503193801059E-03,1.284078553581E-02),.UNSPECIFIED.);
#5171 = CARTESIAN_POINT('',(-17.60693598753,11.803333400776,
    9.432693368431));
#5172 = CARTESIAN_POINT('',(-17.59626277327,11.795578856706,
    9.441865358099));
#5173 = CARTESIAN_POINT('',(-17.57592610411,11.778151715809,
    9.471684995819));
#5174 = CARTESIAN_POINT('',(-17.56833836075,11.769921681419,
    9.514322841279));
#5175 = CARTESIAN_POINT('',(-17.56833836075,11.769921681419,
    9.538781480394));
#5176 = CARTESIAN_POINT('',(-17.61434899292,11.808719264448,
    9.448564112868));
#5177 = CARTESIAN_POINT('',(-17.60526367222,11.802631692657,
    9.456131056976));
#5178 = CARTESIAN_POINT('',(-17.5871145851,11.788675268889,
    9.480840933687));
#5179 = CARTESIAN_POINT('',(-17.57973666627,11.7816271368,9.517641960513
    ));
#5180 = CARTESIAN_POINT('',(-17.57973666627,11.7816271368,9.538781480394
    ));
#5181 = CARTESIAN_POINT('',(-17.6181409455,11.830488202181,
    9.476040006593));
#5182 = CARTESIAN_POINT('',(-17.61151529835,11.82646588118,
    9.480878525302));
#5183 = CARTESIAN_POINT('',(-17.59736261009,11.81632500617,
    9.496809831705));
#5184 = CARTESIAN_POINT('',(-17.59089886523,11.810395347326,
    9.523382476109));
#5185 = CARTESIAN_POINT('',(-17.59089886523,11.810395347326,
    9.538781480394));
#5186 = CARTESIAN_POINT('',(-17.60378908179,11.859767106956,
    9.485737424413));
#5187 = CARTESIAN_POINT('',(-17.59762062211,11.855521211786,
    9.490055495106));
#5188 = CARTESIAN_POINT('',(-17.58579217574,11.844729947108,
    9.504191245271));
#5189 = CARTESIAN_POINT('',(-17.5812110016,11.838740806317,
    9.526137461459));
#5190 = CARTESIAN_POINT('',(-17.5812110016,11.838740806317,
    9.538781480394));
#5191 = CARTESIAN_POINT('',(-17.59571028628,11.870886615033,
    9.485737424413));
#5192 = CARTESIAN_POINT('',(-17.58928412186,11.86621773329,
    9.490323419247));
#5193 = CARTESIAN_POINT('',(-17.57779895023,11.854680195917,
    9.505233238107));
#5194 = CARTESIAN_POINT('',(-17.57400845615,11.848654259659,
    9.526552160837));
#5195 = CARTESIAN_POINT('',(-17.57400845615,11.848654259659,
    9.538781480394));
#5196 = ADVANCED_FACE('',(#5197),#5235,.F.);
#5197 = FACE_BOUND('',#5198,.F.);
#5198 = EDGE_LOOP('',(#5199,#5210,#5219,#5228));
#5199 = ORIENTED_EDGE('',*,*,#5200,.F.);
#5200 = EDGE_CURVE('',#5201,#5203,#5205,.T.);
#5201 = VERTEX_POINT('',#5202);
#5202 = CARTESIAN_POINT('',(-17.65648827844,11.839335247478,
    10.038781480394));
#5203 = VERTEX_POINT('',#5204);
#5204 = CARTESIAN_POINT('',(-17.60693598753,11.803333400776,
    10.022369592358));
#5205 = CIRCLE('',#5206,0.1225);
#5206 = AXIS2_PLACEMENT_3D('',#5207,#5208,#5209);
#5207 = CARTESIAN_POINT('',(-17.65648827844,11.839335247478,
    9.916281480394));
#5208 = DIRECTION('',(0.587785252292,0.809016994375,0.));
#5209 = DIRECTION('',(0.572061402818,-0.415626937777,0.707106781187));
#5210 = ORIENTED_EDGE('',*,*,#5211,.F.);
#5211 = EDGE_CURVE('',#5212,#5201,#5214,.T.);
#5212 = VERTEX_POINT('',#5213);
#5213 = CARTESIAN_POINT('',(-17.62048643174,11.888887538384,
    9.977531480394));
#5214 = CIRCLE('',#5215,6.125E-02);
#5215 = AXIS2_PLACEMENT_3D('',#5216,#5217,#5218);
#5216 = CARTESIAN_POINT('',(-17.62048643174,11.888887538384,
    10.038781480394));
#5217 = DIRECTION('',(-0.809016994375,0.587785252292,0.));
#5218 = DIRECTION('',(0.,0.,-1.));
#5219 = ORIENTED_EDGE('',*,*,#5220,.F.);
#5220 = EDGE_CURVE('',#5221,#5212,#5223,.T.);
#5221 = VERTEX_POINT('',#5222);
#5222 = CARTESIAN_POINT('',(-17.59571028628,11.870886615033,
    9.969325536376));
#5223 = CIRCLE('',#5224,6.125E-02);
#5224 = AXIS2_PLACEMENT_3D('',#5225,#5226,#5227);
#5225 = CARTESIAN_POINT('',(-17.62048643174,11.888887538384,
    9.916281480394));
#5226 = DIRECTION('',(-0.587785252292,-0.809016994375,0.));
#5227 = DIRECTION('',(0.572061402818,-0.415626937777,0.707106781187));
#5228 = ORIENTED_EDGE('',*,*,#5229,.F.);
#5229 = EDGE_CURVE('',#5203,#5221,#5230,.T.);
#5230 = CIRCLE('',#5231,6.125E-02);
#5231 = AXIS2_PLACEMENT_3D('',#5232,#5233,#5234);
#5232 = CARTESIAN_POINT('',(-17.57093414083,11.852885691681,
    10.022369592358));
#5233 = DIRECTION('',(0.700629269222,-0.509036960455,-0.5));
#5234 = DIRECTION('',(-0.587785252292,-0.809016994375,
    -5.551115123126E-17));
#5235 = TOROIDAL_SURFACE('',#5236,0.1225,6.125E-02);
#5236 = AXIS2_PLACEMENT_3D('',#5237,#5238,#5239);
#5237 = CARTESIAN_POINT('',(-17.62048643174,11.888887538384,
    9.916281480394));
#5238 = DIRECTION('',(-0.587785252292,-0.809016994375,0.));
#5239 = DIRECTION('',(0.,0.,1.));
#5240 = ADVANCED_FACE('',(#5241),#5267,.F.);
#5241 = FACE_BOUND('',#5242,.F.);
#5242 = EDGE_LOOP('',(#5243,#5251,#5252,#5260));
#5243 = ORIENTED_EDGE('',*,*,#5244,.F.);
#5244 = EDGE_CURVE('',#5212,#5245,#5247,.T.);
#5245 = VERTEX_POINT('',#5246);
#5246 = CARTESIAN_POINT('',(-17.92589034711,12.110776471124,
    9.977531480394));
#5247 = LINE('',#5248,#5249);
#5248 = CARTESIAN_POINT('',(-18.30052085418,12.382961466794,
    9.977531480394));
#5249 = VECTOR('',#5250,1.);
#5250 = DIRECTION('',(-0.809016994375,0.587785252292,0.));
#5251 = ORIENTED_EDGE('',*,*,#5211,.T.);
#5252 = ORIENTED_EDGE('',*,*,#5253,.F.);
#5253 = EDGE_CURVE('',#5254,#5201,#5256,.T.);
#5254 = VERTEX_POINT('',#5255);
#5255 = CARTESIAN_POINT('',(-17.96189219382,12.061224180219,
    10.038781480394));
#5256 = LINE('',#5257,#5258);
#5257 = CARTESIAN_POINT('',(-18.33652270088,12.333409175889,
    10.038781480394));
#5258 = VECTOR('',#5259,1.);
#5259 = DIRECTION('',(0.809016994375,-0.587785252292,0.));
#5260 = ORIENTED_EDGE('',*,*,#5261,.F.);
#5261 = EDGE_CURVE('',#5245,#5254,#5262,.T.);
#5262 = CIRCLE('',#5263,6.125E-02);
#5263 = AXIS2_PLACEMENT_3D('',#5264,#5265,#5266);
#5264 = CARTESIAN_POINT('',(-17.92589034711,12.110776471124,
    10.038781480394));
#5265 = DIRECTION('',(-0.809016994375,0.587785252292,0.));
#5266 = DIRECTION('',(0.,0.,-1.));
#5267 = CYLINDRICAL_SURFACE('',#5268,6.125E-02);
#5268 = AXIS2_PLACEMENT_3D('',#5269,#5270,#5271);
#5269 = CARTESIAN_POINT('',(-18.30052085418,12.382961466794,
    10.038781480394));
#5270 = DIRECTION('',(-0.809016994375,0.587785252292,0.));
#5271 = DIRECTION('',(-0.415626937777,-0.572061402818,-0.707106781187));
#5272 = ADVANCED_FACE('',(#5273),#5301,.F.);
#5273 = FACE_BOUND('',#5274,.F.);
#5274 = EDGE_LOOP('',(#5275,#5284,#5293,#5300));
#5275 = ORIENTED_EDGE('',*,*,#5276,.F.);
#5276 = EDGE_CURVE('',#5277,#5254,#5279,.T.);
#5277 = VERTEX_POINT('',#5278);
#5278 = CARTESIAN_POINT('',(-18.06099677563,12.133227873625,
    9.916281480394));
#5279 = CIRCLE('',#5280,0.1225);
#5280 = AXIS2_PLACEMENT_3D('',#5281,#5282,#5283);
#5281 = CARTESIAN_POINT('',(-17.96189219382,12.061224180219,
    9.916281480394));
#5282 = DIRECTION('',(0.587785252292,0.809016994375,0.));
#5283 = DIRECTION('',(-0.706394522737,0.513225662319,0.487448661691));
#5284 = ORIENTED_EDGE('',*,*,#5285,.F.);
#5285 = EDGE_CURVE('',#5286,#5277,#5288,.T.);
#5286 = VERTEX_POINT('',#5287);
#5287 = CARTESIAN_POINT('',(-17.97544263802,12.146778317827,
    9.916281480394));
#5288 = CIRCLE('',#5289,6.125E-02);
#5289 = AXIS2_PLACEMENT_3D('',#5290,#5291,#5292);
#5290 = CARTESIAN_POINT('',(-18.02499492892,12.18278016453,
    9.916281480394));
#5291 = DIRECTION('',(0.,0.,-1.));
#5292 = DIRECTION('',(0.15643446504,-0.987688340595,0.));
#5293 = ORIENTED_EDGE('',*,*,#5294,.T.);
#5294 = EDGE_CURVE('',#5286,#5245,#5295,.T.);
#5295 = CIRCLE('',#5296,6.125E-02);
#5296 = AXIS2_PLACEMENT_3D('',#5297,#5298,#5299);
#5297 = CARTESIAN_POINT('',(-17.92589034711,12.110776471124,
    9.916281480394));
#5298 = DIRECTION('',(0.587785252292,0.809016994375,0.));
#5299 = DIRECTION('',(-0.809016994375,0.587785252292,0.));
#5300 = ORIENTED_EDGE('',*,*,#5261,.T.);
#5301 = TOROIDAL_SURFACE('',#5302,0.1225,6.125E-02);
#5302 = AXIS2_PLACEMENT_3D('',#5303,#5304,#5305);
#5303 = CARTESIAN_POINT('',(-17.92589034711,12.110776471124,
    9.916281480394));
#5304 = DIRECTION('',(0.587785252292,0.809016994375,0.));
#5305 = DIRECTION('',(0.,0.,-1.));
#5306 = ADVANCED_FACE('',(#5307),#5327,.T.);
#5307 = FACE_BOUND('',#5308,.T.);
#5308 = EDGE_LOOP('',(#5309,#5310,#5318,#5319));
#5309 = ORIENTED_EDGE('',*,*,#5229,.F.);
#5310 = ORIENTED_EDGE('',*,*,#5311,.T.);
#5311 = EDGE_CURVE('',#5203,#5112,#5312,.T.);
#5312 = B_SPLINE_CURVE_WITH_KNOTS('',3,(#5313,#5314,#5315,#5316,#5317),
  .UNSPECIFIED.,.F.,.F.,(4,1,4),(-1.284076083616E-02,-5.503183215495E-03
    ,-2.242366951084E-16),.UNSPECIFIED.);
#5313 = CARTESIAN_POINT('',(-17.60693598753,11.803333400776,
    10.022369592358));
#5314 = CARTESIAN_POINT('',(-17.59270506256,11.79299402857,
    10.010140296324));
#5315 = CARTESIAN_POINT('',(-17.5739754365,11.775956033452,
    9.977395608026));
#5316 = CARTESIAN_POINT('',(-17.56833836075,11.769921681419,
    9.934625424446));
#5317 = CARTESIAN_POINT('',(-17.56833836075,11.769921681419,
    9.916281480394));
#5318 = ORIENTED_EDGE('',*,*,#5121,.F.);
#5319 = ORIENTED_EDGE('',*,*,#5320,.T.);
#5320 = EDGE_CURVE('',#5122,#5221,#5321,.T.);
#5321 = B_SPLINE_CURVE_WITH_KNOTS('',3,(#5322,#5323,#5324,#5325,#5326),
  .UNSPECIFIED.,.F.,.F.,(4,1,4),(2.242366951084E-16,5.503183215495E-03,
    1.284076083616E-02),.UNSPECIFIED.);
#5322 = CARTESIAN_POINT('',(-17.57400845615,11.848654259659,
    9.916281480394));
#5323 = CARTESIAN_POINT('',(-17.57400845615,11.848654259659,
    9.92545345242));
#5324 = CARTESIAN_POINT('',(-17.57684735891,11.853051453602,
    9.94683854421));
#5325 = CARTESIAN_POINT('',(-17.58714208354,11.864661451351,
    9.963210888359));
#5326 = CARTESIAN_POINT('',(-17.59571028628,11.870886615033,
    9.969325536376));
#5327 = B_SPLINE_SURFACE_WITH_KNOTS('',3,3,(
    (#5328,#5329,#5330,#5331,#5332)
    ,(#5333,#5334,#5335,#5336,#5337)
    ,(#5338,#5339,#5340,#5341,#5342)
    ,(#5343,#5344,#5345,#5346,#5347)
    ,(#5348,#5349,#5350,#5351,#5352
  )),.UNSPECIFIED.,.F.,.F.,.F.,(4,1,4),(4,1,4),(0.,0.571428571429,1.),(
    2.242366951084E-16,5.503183215495E-03,1.284076083616E-02),
  .UNSPECIFIED.);
#5328 = CARTESIAN_POINT('',(-17.56833836075,11.769921681419,
    9.916281480394));
#5329 = CARTESIAN_POINT('',(-17.56833836075,11.769921681419,
    9.934625424446));
#5330 = CARTESIAN_POINT('',(-17.5739754365,11.775956033452,
    9.977395608026));
#5331 = CARTESIAN_POINT('',(-17.59270506256,11.79299402857,
    10.010140296324));
#5332 = CARTESIAN_POINT('',(-17.60693598753,11.803333400776,
    10.022369592358));
#5333 = CARTESIAN_POINT('',(-17.57973666627,11.7816271368,9.916281480394
    ));
#5334 = CARTESIAN_POINT('',(-17.57973666627,11.7816271368,9.932136089809
    ));
#5335 = CARTESIAN_POINT('',(-17.58520070542,11.78680848839,
    9.969128717067));
#5336 = CARTESIAN_POINT('',(-17.60223525529,11.800602517673,
    9.996409608517));
#5337 = CARTESIAN_POINT('',(-17.61434899292,11.808719264448,
    10.006498847921));
#5338 = CARTESIAN_POINT('',(-17.59089874365,11.810395346368,
    9.916281480394));
#5339 = CARTESIAN_POINT('',(-17.59089874365,11.810395346368,
    9.927830711393));
#5340 = CARTESIAN_POINT('',(-17.59566816869,11.814777938316,
    9.954751744378));
#5341 = CARTESIAN_POINT('',(-17.6093066368,11.825125172902,
    9.972571733718));
#5342 = CARTESIAN_POINT('',(-17.618140816,11.830488257254,9.979023079588
    ));
#5343 = CARTESIAN_POINT('',(-17.5812110016,11.838740806317,
    9.916281480394));
#5344 = CARTESIAN_POINT('',(-17.5812110016,11.838740806317,
    9.925764476355));
#5345 = CARTESIAN_POINT('',(-17.58462081876,11.843128338826,
    9.947885947222));
#5346 = CARTESIAN_POINT('',(-17.59556448471,11.854105924286,
    9.963568119859));
#5347 = CARTESIAN_POINT('',(-17.60378908179,11.859767106956,
    9.969325536376));
#5348 = CARTESIAN_POINT('',(-17.57400845615,11.848654259659,
    9.916281480394));
#5349 = CARTESIAN_POINT('',(-17.57400845615,11.848654259659,
    9.92545345242));
#5350 = CARTESIAN_POINT('',(-17.57684735891,11.853051453602,
    9.94683854421));
#5351 = CARTESIAN_POINT('',(-17.58714208354,11.864661451351,
    9.963210888359));
#5352 = CARTESIAN_POINT('',(-17.59571028628,11.870886615033,
    9.969325536376));
#5353 = ADVANCED_FACE('',(#5354),#5379,.T.);
#5354 = FACE_BOUND('',#5355,.T.);
#5355 = EDGE_LOOP('',(#5356,#5357,#5365,#5373));
#5356 = ORIENTED_EDGE('',*,*,#5054,.F.);
#5357 = ORIENTED_EDGE('',*,*,#5358,.F.);
#5358 = EDGE_CURVE('',#5359,#5055,#5361,.T.);
#5359 = VERTEX_POINT('',#5360);
#5360 = CARTESIAN_POINT('',(-17.92442088398,12.11279901361,
    9.477531480394));
#5361 = LINE('',#5362,#5363);
#5362 = CARTESIAN_POINT('',(-17.96189219382,12.061224180219,
    9.477531480394));
#5363 = VECTOR('',#5364,1.);
#5364 = DIRECTION('',(-0.587785252292,-0.809016994375,0.));
#5365 = ORIENTED_EDGE('',*,*,#5366,.F.);
#5366 = EDGE_CURVE('',#5367,#5359,#5369,.T.);
#5367 = VERTEX_POINT('',#5368);
#5368 = CARTESIAN_POINT('',(-17.61901696861,11.89091008087,
    9.477531480394));
#5369 = LINE('',#5370,#5371);
#5370 = CARTESIAN_POINT('',(-17.670591802,11.928381390703,9.477531480394
    ));
#5371 = VECTOR('',#5372,1.);
#5372 = DIRECTION('',(-0.809016994375,0.587785252292,0.));
#5373 = ORIENTED_EDGE('',*,*,#5374,.F.);
#5374 = EDGE_CURVE('',#5002,#5367,#5375,.T.);
#5375 = LINE('',#5376,#5377);
#5376 = CARTESIAN_POINT('',(-17.65648827844,11.839335247479,
    9.477531480394));
#5377 = VECTOR('',#5378,1.);
#5378 = DIRECTION('',(0.587785252292,0.809016994375,0.));
#5379 = PLANE('',#5380);
#5380 = AXIS2_PLACEMENT_3D('',#5381,#5382,#5383);
#5381 = CARTESIAN_POINT('',(-17.60693598753,11.803333400776,
    9.477531480394));
#5382 = DIRECTION('',(0.,0.,-1.));
#5383 = DIRECTION('',(-0.809016994375,0.587785252292,0.));
#5384 = ADVANCED_FACE('',(#5385),#5430,.T.);
#5385 = FACE_BOUND('',#5386,.T.);
#5386 = EDGE_LOOP('',(#5387,#5388,#5389,#5390,#5398,#5407,#5415,#5424));
#5387 = ORIENTED_EDGE('',*,*,#5154,.F.);
#5388 = ORIENTED_EDGE('',*,*,#5111,.F.);
#5389 = ORIENTED_EDGE('',*,*,#5311,.F.);
#5390 = ORIENTED_EDGE('',*,*,#5391,.T.);
#5391 = EDGE_CURVE('',#5203,#5392,#5394,.T.);
#5392 = VERTEX_POINT('',#5393);
#5393 = CARTESIAN_POINT('',(-17.60693598753,11.803333400776,19.95));
#5394 = LINE('',#5395,#5396);
#5395 = CARTESIAN_POINT('',(-17.60693598753,11.803333400776,20.25));
#5396 = VECTOR('',#5397,1.);
#5397 = DIRECTION('',(0.,0.,1.));
#5398 = ORIENTED_EDGE('',*,*,#5399,.T.);
#5399 = EDGE_CURVE('',#5392,#5400,#5402,.T.);
#5400 = VERTEX_POINT('',#5401);
#5401 = CARTESIAN_POINT('',(-17.54056646491,11.384292726775,19.95));
#5402 = CIRCLE('',#5403,0.3);
#5403 = AXIS2_PLACEMENT_3D('',#5404,#5405,#5406);
#5404 = CARTESIAN_POINT('',(-17.78327156322,11.560628302463,19.95));
#5405 = DIRECTION('',(0.,0.,-1.));
#5406 = DIRECTION('',(0.587785252292,0.809016994375,0.));
#5407 = ORIENTED_EDGE('',*,*,#5408,.T.);
#5408 = EDGE_CURVE('',#5400,#5409,#5411,.T.);
#5409 = VERTEX_POINT('',#5410);
#5410 = CARTESIAN_POINT('',(-17.54056646491,11.384292726775,6.1));
#5411 = LINE('',#5412,#5413);
#5412 = CARTESIAN_POINT('',(-17.54056646491,11.384292726775,20.25));
#5413 = VECTOR('',#5414,1.);
#5414 = DIRECTION('',(0.,0.,-1.));
#5415 = ORIENTED_EDGE('',*,*,#5416,.F.);
#5416 = EDGE_CURVE('',#5417,#5409,#5419,.T.);
#5417 = VERTEX_POINT('',#5418);
#5418 = CARTESIAN_POINT('',(-17.60693598753,11.803333400776,6.1));
#5419 = CIRCLE('',#5420,0.3);
#5420 = AXIS2_PLACEMENT_3D('',#5421,#5422,#5423);
#5421 = CARTESIAN_POINT('',(-17.78327156322,11.560628302463,6.1));
#5422 = DIRECTION('',(0.,0.,-1.));
#5423 = DIRECTION('',(0.809016994375,-0.587785252292,0.));
#5424 = ORIENTED_EDGE('',*,*,#5425,.T.);
#5425 = EDGE_CURVE('',#5417,#5022,#5426,.T.);
#5426 = LINE('',#5427,#5428);
#5427 = CARTESIAN_POINT('',(-17.60693598753,11.803333400776,20.25));
#5428 = VECTOR('',#5429,1.);
#5429 = DIRECTION('',(0.,0.,1.));
#5430 = CYLINDRICAL_SURFACE('',#5431,0.3);
#5431 = AXIS2_PLACEMENT_3D('',#5432,#5433,#5434);
#5432 = CARTESIAN_POINT('',(-17.78327156322,11.560628302463,20.25));
#5433 = DIRECTION('',(0.,0.,-1.));
#5434 = DIRECTION('',(0.987688340595,0.15643446504,0.));
#5435 = ADVANCED_FACE('',(#5436),#5474,.T.);
#5436 = FACE_BOUND('',#5437,.T.);
#5437 = EDGE_LOOP('',(#5438,#5439,#5440,#5441,#5442,#5450,#5458,#5464,
    #5465,#5466,#5467,#5468));
#5438 = ORIENTED_EDGE('',*,*,#5095,.F.);
#5439 = ORIENTED_EDGE('',*,*,#5045,.F.);
#5440 = ORIENTED_EDGE('',*,*,#5021,.F.);
#5441 = ORIENTED_EDGE('',*,*,#5425,.F.);
#5442 = ORIENTED_EDGE('',*,*,#5443,.F.);
#5443 = EDGE_CURVE('',#5444,#5417,#5446,.T.);
#5444 = VERTEX_POINT('',#5445);
#5445 = CARTESIAN_POINT('',(-18.42584962327,12.398308983904,6.1));
#5446 = LINE('',#5447,#5448);
#5447 = CARTESIAN_POINT('',(-18.31629727602,12.318714544581,6.1));
#5448 = VECTOR('',#5449,1.);
#5449 = DIRECTION('',(0.809016994375,-0.587785252292,0.));
#5450 = ORIENTED_EDGE('',*,*,#5451,.F.);
#5451 = EDGE_CURVE('',#5452,#5444,#5454,.T.);
#5452 = VERTEX_POINT('',#5453);
#5453 = CARTESIAN_POINT('',(-18.42584962327,12.398308983904,19.95));
#5454 = LINE('',#5455,#5456);
#5455 = CARTESIAN_POINT('',(-18.42584962327,12.398308983904,18.75));
#5456 = VECTOR('',#5457,1.);
#5457 = DIRECTION('',(0.,0.,-1.));
#5458 = ORIENTED_EDGE('',*,*,#5459,.F.);
#5459 = EDGE_CURVE('',#5392,#5452,#5460,.T.);
#5460 = LINE('',#5461,#5462);
#5461 = CARTESIAN_POINT('',(-18.31629727602,12.318714544581,19.95));
#5462 = VECTOR('',#5463,1.);
#5463 = DIRECTION('',(-0.809016994375,0.587785252292,0.));
#5464 = ORIENTED_EDGE('',*,*,#5391,.F.);
#5465 = ORIENTED_EDGE('',*,*,#5200,.F.);
#5466 = ORIENTED_EDGE('',*,*,#5253,.F.);
#5467 = ORIENTED_EDGE('',*,*,#5276,.F.);
#5468 = ORIENTED_EDGE('',*,*,#5469,.F.);
#5469 = EDGE_CURVE('',#5087,#5277,#5470,.T.);
#5470 = LINE('',#5471,#5472);
#5471 = CARTESIAN_POINT('',(-18.06099677563,12.133227873625,
    14.863765740197));
#5472 = VECTOR('',#5473,1.);
#5473 = DIRECTION('',(0.,0.,1.));
#5474 = PLANE('',#5475);
#5475 = AXIS2_PLACEMENT_3D('',#5476,#5477,#5478);
#5476 = CARTESIAN_POINT('',(-18.66160091704,12.569592324856,20.25));
#5477 = DIRECTION('',(0.587785252292,0.809016994375,0.));
#5478 = DIRECTION('',(0.809016994375,-0.587785252292,0.));
#5479 = ADVANCED_FACE('',(#5480),#5491,.F.);
#5480 = FACE_BOUND('',#5481,.F.);
#5481 = EDGE_LOOP('',(#5482,#5483,#5484,#5490));
#5482 = ORIENTED_EDGE('',*,*,#5469,.F.);
#5483 = ORIENTED_EDGE('',*,*,#5086,.T.);
#5484 = ORIENTED_EDGE('',*,*,#5485,.F.);
#5485 = EDGE_CURVE('',#5286,#5078,#5486,.T.);
#5486 = LINE('',#5487,#5488);
#5487 = CARTESIAN_POINT('',(-17.97544263802,12.146778317827,
    14.863765740197));
#5488 = VECTOR('',#5489,1.);
#5489 = DIRECTION('',(0.,0.,-1.));
#5490 = ORIENTED_EDGE('',*,*,#5285,.T.);
#5491 = CYLINDRICAL_SURFACE('',#5492,6.125E-02);
#5492 = AXIS2_PLACEMENT_3D('',#5493,#5494,#5495);
#5493 = CARTESIAN_POINT('',(-18.02499492892,12.18278016453,
    14.863765740197));
#5494 = DIRECTION('',(0.,0.,-1.));
#5495 = DIRECTION('',(0.15643446504,-0.987688340595,0.));
#5496 = ADVANCED_FACE('',(#5497),#5522,.T.);
#5497 = FACE_BOUND('',#5498,.T.);
#5498 = EDGE_LOOP('',(#5499,#5507,#5515,#5521));
#5499 = ORIENTED_EDGE('',*,*,#5500,.F.);
#5500 = EDGE_CURVE('',#5501,#5286,#5503,.T.);
#5501 = VERTEX_POINT('',#5502);
#5502 = CARTESIAN_POINT('',(-17.97397317489,12.148800860313,
    9.916281480394));
#5503 = LINE('',#5504,#5505);
#5504 = CARTESIAN_POINT('',(-18.01144448472,12.097226026922,
    9.916281480394));
#5505 = VECTOR('',#5506,1.);
#5506 = DIRECTION('',(-0.587785252292,-0.809016994375,0.));
#5507 = ORIENTED_EDGE('',*,*,#5508,.F.);
#5508 = EDGE_CURVE('',#5509,#5501,#5511,.T.);
#5509 = VERTEX_POINT('',#5510);
#5510 = CARTESIAN_POINT('',(-17.97397317489,12.148800860313,
    9.538781480394));
#5511 = LINE('',#5512,#5513);
#5512 = CARTESIAN_POINT('',(-17.97397317489,12.148800860313,
    9.602531480394));
#5513 = VECTOR('',#5514,1.);
#5514 = DIRECTION('',(0.,0.,1.));
#5515 = ORIENTED_EDGE('',*,*,#5516,.F.);
#5516 = EDGE_CURVE('',#5078,#5509,#5517,.T.);
#5517 = LINE('',#5518,#5519);
#5518 = CARTESIAN_POINT('',(-18.01144448472,12.097226026922,
    9.538781480394));
#5519 = VECTOR('',#5520,1.);
#5520 = DIRECTION('',(0.587785252292,0.809016994375,0.));
#5521 = ORIENTED_EDGE('',*,*,#5485,.F.);
#5522 = PLANE('',#5523);
#5523 = AXIS2_PLACEMENT_3D('',#5524,#5525,#5526);
#5524 = CARTESIAN_POINT('',(-18.01144448472,12.097226026922,
    9.477531480394));
#5525 = DIRECTION('',(-0.809016994375,0.587785252292,0.));
#5526 = DIRECTION('',(0.,0.,1.));
#5527 = ADVANCED_FACE('',(#5528),#5555,.T.);
#5528 = FACE_BOUND('',#5529,.T.);
#5529 = EDGE_LOOP('',(#5530,#5541,#5548));
#5530 = ORIENTED_EDGE('',*,*,#5531,.T.);
#5531 = EDGE_CURVE('',#5532,#5534,#5536,.T.);
#5532 = VERTEX_POINT('',#5533);
#5533 = CARTESIAN_POINT('',(-17.5830151219,11.940462371775,
    9.538781480394));
#5534 = VERTEX_POINT('',#5535);
#5535 = CARTESIAN_POINT('',(-17.5694646777,11.854908234167,
    9.538781480394));
#5536 = CIRCLE('',#5537,6.125E-02);
#5537 = AXIS2_PLACEMENT_3D('',#5538,#5539,#5540);
#5538 = CARTESIAN_POINT('',(-17.61901696861,11.89091008087,
    9.538781480394));
#5539 = DIRECTION('',(0.,0.,-1.));
#5540 = DIRECTION('',(0.809016994375,-0.587785252292,0.));
#5541 = ORIENTED_EDGE('',*,*,#5542,.T.);
#5542 = EDGE_CURVE('',#5534,#5367,#5543,.T.);
#5543 = CIRCLE('',#5544,6.125E-02);
#5544 = AXIS2_PLACEMENT_3D('',#5545,#5546,#5547);
#5545 = CARTESIAN_POINT('',(-17.61901696861,11.89091008087,
    9.538781480394));
#5546 = DIRECTION('',(0.587785252293,0.809016994375,0.));
#5547 = DIRECTION('',(0.,0.,-1.));
#5548 = ORIENTED_EDGE('',*,*,#5549,.T.);
#5549 = EDGE_CURVE('',#5367,#5532,#5550,.T.);
#5550 = CIRCLE('',#5551,6.125E-02);
#5551 = AXIS2_PLACEMENT_3D('',#5552,#5553,#5554);
#5552 = CARTESIAN_POINT('',(-17.61901696861,11.89091008087,
    9.538781480394));
#5553 = DIRECTION('',(0.809016994375,-0.587785252292,0.));
#5554 = DIRECTION('',(0.587785252292,0.809016994375,0.));
#5555 = SPHERICAL_SURFACE('',#5556,6.125E-02);
#5556 = AXIS2_PLACEMENT_3D('',#5557,#5558,#5559);
#5557 = CARTESIAN_POINT('',(-17.61901696861,11.89091008087,
    9.538781480394));
#5558 = DIRECTION('',(-0.570242129318,-9.03174805015E-02,-0.816496580928
    ));
#5559 = DIRECTION('',(0.806444153118,0.127728205845,-0.57735026919));
#5560 = ADVANCED_FACE('',(#5561),#5573,.T.);
#5561 = FACE_BOUND('',#5562,.T.);
#5562 = EDGE_LOOP('',(#5563,#5564,#5565,#5566,#5572));
#5563 = ORIENTED_EDGE('',*,*,#5001,.F.);
#5564 = ORIENTED_EDGE('',*,*,#5374,.T.);
#5565 = ORIENTED_EDGE('',*,*,#5542,.F.);
#5566 = ORIENTED_EDGE('',*,*,#5567,.T.);
#5567 = EDGE_CURVE('',#5534,#5131,#5568,.T.);
#5568 = LINE('',#5569,#5570);
#5569 = CARTESIAN_POINT('',(-17.60693598753,11.803333400776,
    9.538781480394));
#5570 = VECTOR('',#5571,1.);
#5571 = DIRECTION('',(-0.587785252292,-0.809016994375,0.));
#5572 = ORIENTED_EDGE('',*,*,#5163,.F.);
#5573 = CYLINDRICAL_SURFACE('',#5574,6.125E-02);
#5574 = AXIS2_PLACEMENT_3D('',#5575,#5576,#5577);
#5575 = CARTESIAN_POINT('',(-17.65648827844,11.839335247479,
    9.538781480394));
#5576 = DIRECTION('',(0.587785252292,0.809016994375,0.));
#5577 = DIRECTION('',(0.572061402818,-0.415626937777,-0.707106781187));
#5578 = ADVANCED_FACE('',(#5579),#5608,.T.);
#5579 = FACE_BOUND('',#5580,.T.);
#5580 = EDGE_LOOP('',(#5581,#5592,#5601));
#5581 = ORIENTED_EDGE('',*,*,#5582,.T.);
#5582 = EDGE_CURVE('',#5583,#5585,#5587,.T.);
#5583 = VERTEX_POINT('',#5584);
#5584 = CARTESIAN_POINT('',(-17.5830151219,11.940462371775,
    9.916281480394));
#5585 = VERTEX_POINT('',#5586);
#5586 = CARTESIAN_POINT('',(-17.61901696861,11.89091008087,
    9.977531480394));
#5587 = CIRCLE('',#5588,6.125E-02);
#5588 = AXIS2_PLACEMENT_3D('',#5589,#5590,#5591);
#5589 = CARTESIAN_POINT('',(-17.61901696861,11.89091008087,
    9.916281480394));
#5590 = DIRECTION('',(0.809016994375,-0.587785252293,0.));
#5591 = DIRECTION('',(0.,0.,1.));
#5592 = ORIENTED_EDGE('',*,*,#5593,.T.);
#5593 = EDGE_CURVE('',#5585,#5594,#5596,.T.);
#5594 = VERTEX_POINT('',#5595);
#5595 = CARTESIAN_POINT('',(-17.5694646777,11.854908234167,
    9.916281480394));
#5596 = CIRCLE('',#5597,6.125E-02);
#5597 = AXIS2_PLACEMENT_3D('',#5598,#5599,#5600);
#5598 = CARTESIAN_POINT('',(-17.61901696861,11.89091008087,
    9.916281480394));
#5599 = DIRECTION('',(0.587785252292,0.809016994375,0.));
#5600 = DIRECTION('',(0.809016994375,-0.587785252292,0.));
#5601 = ORIENTED_EDGE('',*,*,#5602,.T.);
#5602 = EDGE_CURVE('',#5594,#5583,#5603,.T.);
#5603 = CIRCLE('',#5604,6.125E-02);
#5604 = AXIS2_PLACEMENT_3D('',#5605,#5606,#5607);
#5605 = CARTESIAN_POINT('',(-17.61901696861,11.89091008087,
    9.916281480394));
#5606 = DIRECTION('',(-1.466431501172E-14,1.065424850009E-14,1.));
#5607 = DIRECTION('',(0.587785252292,0.809016994375,-4.259848888193E-29)
  );
#5608 = SPHERICAL_SURFACE('',#5609,6.125E-02);
#5609 = AXIS2_PLACEMENT_3D('',#5610,#5611,#5612);
#5610 = CARTESIAN_POINT('',(-17.61901696861,11.89091008087,
    9.916281480394));
#5611 = DIRECTION('',(0.570242129318,9.031748050147E-02,-0.816496580928)
  );
#5612 = DIRECTION('',(0.806444153118,0.127728205845,0.57735026919));
#5613 = ADVANCED_FACE('',(#5614),#5631,.T.);
#5614 = FACE_BOUND('',#5615,.T.);
#5615 = EDGE_LOOP('',(#5616,#5617,#5623,#5624,#5630));
#5616 = ORIENTED_EDGE('',*,*,#5320,.F.);
#5617 = ORIENTED_EDGE('',*,*,#5618,.T.);
#5618 = EDGE_CURVE('',#5122,#5594,#5619,.T.);
#5619 = LINE('',#5620,#5621);
#5620 = CARTESIAN_POINT('',(-17.60693598753,11.803333400776,
    9.916281480394));
#5621 = VECTOR('',#5622,1.);
#5622 = DIRECTION('',(0.587785252292,0.809016994375,0.));
#5623 = ORIENTED_EDGE('',*,*,#5593,.F.);
#5624 = ORIENTED_EDGE('',*,*,#5625,.T.);
#5625 = EDGE_CURVE('',#5585,#5212,#5626,.T.);
#5626 = LINE('',#5627,#5628);
#5627 = CARTESIAN_POINT('',(-17.65648827844,11.839335247479,
    9.977531480394));
#5628 = VECTOR('',#5629,1.);
#5629 = DIRECTION('',(-0.587785252292,-0.809016994375,0.));
#5630 = ORIENTED_EDGE('',*,*,#5220,.F.);
#5631 = CYLINDRICAL_SURFACE('',#5632,6.125E-02);
#5632 = AXIS2_PLACEMENT_3D('',#5633,#5634,#5635);
#5633 = CARTESIAN_POINT('',(-17.65648827844,11.839335247479,
    9.916281480394));
#5634 = DIRECTION('',(0.587785252292,0.809016994375,0.));
#5635 = DIRECTION('',(0.572061402818,-0.415626937777,0.707106781187));
#5636 = ADVANCED_FACE('',(#5637),#5653,.T.);
#5637 = FACE_BOUND('',#5638,.T.);
#5638 = EDGE_LOOP('',(#5639,#5640,#5646,#5647));
#5639 = ORIENTED_EDGE('',*,*,#5531,.F.);
#5640 = ORIENTED_EDGE('',*,*,#5641,.T.);
#5641 = EDGE_CURVE('',#5532,#5583,#5642,.T.);
#5642 = LINE('',#5643,#5644);
#5643 = CARTESIAN_POINT('',(-17.5830151219,11.940462371775,
    9.852531480394));
#5644 = VECTOR('',#5645,1.);
#5645 = DIRECTION('',(0.,0.,1.));
#5646 = ORIENTED_EDGE('',*,*,#5602,.F.);
#5647 = ORIENTED_EDGE('',*,*,#5648,.T.);
#5648 = EDGE_CURVE('',#5594,#5534,#5649,.T.);
#5649 = LINE('',#5650,#5651);
#5650 = CARTESIAN_POINT('',(-17.5694646777,11.854908234167,
    9.852531480394));
#5651 = VECTOR('',#5652,1.);
#5652 = DIRECTION('',(0.,0.,-1.));
#5653 = CYLINDRICAL_SURFACE('',#5654,6.125E-02);
#5654 = AXIS2_PLACEMENT_3D('',#5655,#5656,#5657);
#5655 = CARTESIAN_POINT('',(-17.61901696861,11.89091008087,
    9.852531480394));
#5656 = DIRECTION('',(0.,0.,-1.));
#5657 = DIRECTION('',(0.987688340595,0.15643446504,0.));
#5658 = ADVANCED_FACE('',(#5659),#5684,.T.);
#5659 = FACE_BOUND('',#5660,.T.);
#5660 = EDGE_LOOP('',(#5661,#5670,#5677));
#5661 = ORIENTED_EDGE('',*,*,#5662,.T.);
#5662 = EDGE_CURVE('',#5663,#5359,#5665,.T.);
#5663 = VERTEX_POINT('',#5664);
#5664 = CARTESIAN_POINT('',(-17.88841903728,12.162351304516,
    9.538781480394));
#5665 = CIRCLE('',#5666,6.125E-02);
#5666 = AXIS2_PLACEMENT_3D('',#5667,#5668,#5669);
#5667 = CARTESIAN_POINT('',(-17.92442088398,12.11279901361,
    9.538781480394));
#5668 = DIRECTION('',(-0.809016994375,0.587785252292,0.));
#5669 = DIRECTION('',(0.,0.,-1.));
#5670 = ORIENTED_EDGE('',*,*,#5671,.T.);
#5671 = EDGE_CURVE('',#5359,#5509,#5672,.T.);
#5672 = CIRCLE('',#5673,6.125E-02);
#5673 = AXIS2_PLACEMENT_3D('',#5674,#5675,#5676);
#5674 = CARTESIAN_POINT('',(-17.92442088398,12.11279901361,
    9.538781480394));
#5675 = DIRECTION('',(0.587785252292,0.809016994375,7.996575704707E-14)
  );
#5676 = DIRECTION('',(-0.809016994375,0.587785252292,0.));
#5677 = ORIENTED_EDGE('',*,*,#5678,.T.);
#5678 = EDGE_CURVE('',#5509,#5663,#5679,.T.);
#5679 = CIRCLE('',#5680,6.125E-02);
#5680 = AXIS2_PLACEMENT_3D('',#5681,#5682,#5683);
#5681 = CARTESIAN_POINT('',(-17.92442088398,12.11279901361,
    9.538781480394));
#5682 = DIRECTION('',(1.466431501172E-14,-1.065424850009E-14,-1.));
#5683 = DIRECTION('',(0.587785252292,0.809016994375,0.));
#5684 = SPHERICAL_SURFACE('',#5685,6.125E-02);
#5685 = AXIS2_PLACEMENT_3D('',#5686,#5687,#5688);
#5686 = CARTESIAN_POINT('',(-17.92442088398,12.11279901361,
    9.538781480394));
#5687 = DIRECTION('',(-0.991809208181,-0.103856330373,7.435292334373E-02
    ));
#5688 = DIRECTION('',(-0.127728205845,0.806444153118,-0.57735026919));
#5689 = ADVANCED_FACE('',(#5690),#5696,.T.);
#5690 = FACE_BOUND('',#5691,.T.);
#5691 = EDGE_LOOP('',(#5692,#5693,#5694,#5695));
#5692 = ORIENTED_EDGE('',*,*,#5516,.T.);
#5693 = ORIENTED_EDGE('',*,*,#5671,.F.);
#5694 = ORIENTED_EDGE('',*,*,#5358,.T.);
#5695 = ORIENTED_EDGE('',*,*,#5077,.F.);
#5696 = CYLINDRICAL_SURFACE('',#5697,6.125E-02);
#5697 = AXIS2_PLACEMENT_3D('',#5698,#5699,#5700);
#5698 = CARTESIAN_POINT('',(-17.96189219382,12.061224180219,
    9.538781480394));
#5699 = DIRECTION('',(0.587785252292,0.809016994375,0.));
#5700 = DIRECTION('',(-0.572061402818,0.415626937777,-0.707106781187));
#5701 = ADVANCED_FACE('',(#5702),#5729,.T.);
#5702 = FACE_BOUND('',#5703,.T.);
#5703 = EDGE_LOOP('',(#5704,#5713,#5722));
#5704 = ORIENTED_EDGE('',*,*,#5705,.T.);
#5705 = EDGE_CURVE('',#5706,#5501,#5708,.T.);
#5706 = VERTEX_POINT('',#5707);
#5707 = CARTESIAN_POINT('',(-17.88841903728,12.162351304516,
    9.916281480394));
#5708 = CIRCLE('',#5709,6.125E-02);
#5709 = AXIS2_PLACEMENT_3D('',#5710,#5711,#5712);
#5710 = CARTESIAN_POINT('',(-17.92442088398,12.11279901361,
    9.916281480394));
#5711 = DIRECTION('',(0.,0.,1.));
#5712 = DIRECTION('',(-0.809016994375,0.587785252292,0.));
#5713 = ORIENTED_EDGE('',*,*,#5714,.T.);
#5714 = EDGE_CURVE('',#5501,#5715,#5717,.T.);
#5715 = VERTEX_POINT('',#5716);
#5716 = CARTESIAN_POINT('',(-17.92442088398,12.11279901361,
    9.977531480394));
#5717 = CIRCLE('',#5718,6.125E-02);
#5718 = AXIS2_PLACEMENT_3D('',#5719,#5720,#5721);
#5719 = CARTESIAN_POINT('',(-17.92442088398,12.11279901361,
    9.916281480394));
#5720 = DIRECTION('',(0.587785252292,0.809016994375,0.));
#5721 = DIRECTION('',(0.,-0.,1.));
#5722 = ORIENTED_EDGE('',*,*,#5723,.T.);
#5723 = EDGE_CURVE('',#5715,#5706,#5724,.T.);
#5724 = CIRCLE('',#5725,6.125E-02);
#5725 = AXIS2_PLACEMENT_3D('',#5726,#5727,#5728);
#5726 = CARTESIAN_POINT('',(-17.92442088398,12.11279901361,
    9.916281480394));
#5727 = DIRECTION('',(-0.809016994375,0.587785252292,-5.063712702362E-14
    ));
#5728 = DIRECTION('',(0.587785252292,0.809016994375,3.155443620884E-30)
  );
#5729 = SPHERICAL_SURFACE('',#5730,6.125E-02);
#5730 = AXIS2_PLACEMENT_3D('',#5731,#5732,#5733);
#5731 = CARTESIAN_POINT('',(-17.92442088398,12.11279901361,
    9.916281480394));
#5732 = DIRECTION('',(-0.991809208181,-0.103856330373,
    -7.435292334376E-02));
#5733 = DIRECTION('',(-0.127728205845,0.806444153118,0.57735026919));
#5734 = ADVANCED_FACE('',(#5735),#5746,.T.);
#5735 = FACE_BOUND('',#5736,.T.);
#5736 = EDGE_LOOP('',(#5737,#5743,#5744,#5745));
#5737 = ORIENTED_EDGE('',*,*,#5738,.T.);
#5738 = EDGE_CURVE('',#5245,#5715,#5739,.T.);
#5739 = LINE('',#5740,#5741);
#5740 = CARTESIAN_POINT('',(-17.96189219382,12.061224180219,
    9.977531480394));
#5741 = VECTOR('',#5742,1.);
#5742 = DIRECTION('',(0.587785252292,0.809016994375,0.));
#5743 = ORIENTED_EDGE('',*,*,#5714,.F.);
#5744 = ORIENTED_EDGE('',*,*,#5500,.T.);
#5745 = ORIENTED_EDGE('',*,*,#5294,.T.);
#5746 = CYLINDRICAL_SURFACE('',#5747,6.125E-02);
#5747 = AXIS2_PLACEMENT_3D('',#5748,#5749,#5750);
#5748 = CARTESIAN_POINT('',(-17.96189219382,12.061224180219,
    9.916281480394));
#5749 = DIRECTION('',(0.587785252292,0.809016994375,0.));
#5750 = DIRECTION('',(-0.572061402818,0.415626937777,0.707106781187));
#5751 = ADVANCED_FACE('',(#5752),#5768,.T.);
#5752 = FACE_BOUND('',#5753,.T.);
#5753 = EDGE_LOOP('',(#5754,#5755,#5761,#5762));
#5754 = ORIENTED_EDGE('',*,*,#5582,.F.);
#5755 = ORIENTED_EDGE('',*,*,#5756,.T.);
#5756 = EDGE_CURVE('',#5583,#5706,#5757,.T.);
#5757 = LINE('',#5758,#5759);
#5758 = CARTESIAN_POINT('',(-17.83684420389,12.124879994682,
    9.916281480394));
#5759 = VECTOR('',#5760,1.);
#5760 = DIRECTION('',(-0.809016994375,0.587785252292,0.));
#5761 = ORIENTED_EDGE('',*,*,#5723,.F.);
#5762 = ORIENTED_EDGE('',*,*,#5763,.T.);
#5763 = EDGE_CURVE('',#5715,#5585,#5764,.T.);
#5764 = LINE('',#5765,#5766);
#5765 = CARTESIAN_POINT('',(-17.87284605059,12.075327703777,
    9.977531480394));
#5766 = VECTOR('',#5767,1.);
#5767 = DIRECTION('',(0.809016994375,-0.587785252292,0.));
#5768 = CYLINDRICAL_SURFACE('',#5769,6.125E-02);
#5769 = AXIS2_PLACEMENT_3D('',#5770,#5771,#5772);
#5770 = CARTESIAN_POINT('',(-17.87284605059,12.075327703777,
    9.916281480394));
#5771 = DIRECTION('',(0.809016994375,-0.587785252292,0.));
#5772 = DIRECTION('',(0.415626937777,0.572061402818,0.707106781187));
#5773 = ADVANCED_FACE('',(#5774),#5785,.T.);
#5774 = FACE_BOUND('',#5775,.T.);
#5775 = EDGE_LOOP('',(#5776,#5777,#5783,#5784));
#5776 = ORIENTED_EDGE('',*,*,#5705,.F.);
#5777 = ORIENTED_EDGE('',*,*,#5778,.T.);
#5778 = EDGE_CURVE('',#5706,#5663,#5779,.T.);
#5779 = LINE('',#5780,#5781);
#5780 = CARTESIAN_POINT('',(-17.88841903728,12.162351304516,
    9.602531480394));
#5781 = VECTOR('',#5782,1.);
#5782 = DIRECTION('',(0.,0.,-1.));
#5783 = ORIENTED_EDGE('',*,*,#5678,.F.);
#5784 = ORIENTED_EDGE('',*,*,#5508,.T.);
#5785 = CYLINDRICAL_SURFACE('',#5786,6.125E-02);
#5786 = AXIS2_PLACEMENT_3D('',#5787,#5788,#5789);
#5787 = CARTESIAN_POINT('',(-17.92442088398,12.11279901361,
    9.602531480394));
#5788 = DIRECTION('',(0.,0.,1.));
#5789 = DIRECTION('',(-0.15643446504,0.987688340595,0.));
#5790 = ADVANCED_FACE('',(#5791),#5802,.T.);
#5791 = FACE_BOUND('',#5792,.T.);
#5792 = EDGE_LOOP('',(#5793,#5794,#5800,#5801));
#5793 = ORIENTED_EDGE('',*,*,#5662,.F.);
#5794 = ORIENTED_EDGE('',*,*,#5795,.T.);
#5795 = EDGE_CURVE('',#5663,#5532,#5796,.T.);
#5796 = LINE('',#5797,#5798);
#5797 = CARTESIAN_POINT('',(-17.63458995529,11.977933681609,
    9.538781480394));
#5798 = VECTOR('',#5799,1.);
#5799 = DIRECTION('',(0.809016994375,-0.587785252292,0.));
#5800 = ORIENTED_EDGE('',*,*,#5549,.F.);
#5801 = ORIENTED_EDGE('',*,*,#5366,.T.);
#5802 = CYLINDRICAL_SURFACE('',#5803,6.125E-02);
#5803 = AXIS2_PLACEMENT_3D('',#5804,#5805,#5806);
#5804 = CARTESIAN_POINT('',(-17.670591802,11.928381390703,9.538781480394
    ));
#5805 = DIRECTION('',(-0.809016994375,0.587785252292,0.));
#5806 = DIRECTION('',(0.415626937777,0.572061402818,-0.707106781187));
#5807 = ADVANCED_FACE('',(#5808),#5814,.T.);
#5808 = FACE_BOUND('',#5809,.T.);
#5809 = EDGE_LOOP('',(#5810,#5811,#5812,#5813));
#5810 = ORIENTED_EDGE('',*,*,#5130,.F.);
#5811 = ORIENTED_EDGE('',*,*,#5567,.F.);
#5812 = ORIENTED_EDGE('',*,*,#5648,.F.);
#5813 = ORIENTED_EDGE('',*,*,#5618,.F.);
#5814 = PLANE('',#5815);
#5815 = AXIS2_PLACEMENT_3D('',#5816,#5817,#5818);
#5816 = CARTESIAN_POINT('',(-17.60693598753,11.803333400776,
    9.977531480394));
#5817 = DIRECTION('',(0.809016994375,-0.587785252292,0.));
#5818 = DIRECTION('',(0.,0.,-1.));
#5819 = ADVANCED_FACE('',(#5820),#5826,.T.);
#5820 = FACE_BOUND('',#5821,.T.);
#5821 = EDGE_LOOP('',(#5822,#5823,#5824,#5825));
#5822 = ORIENTED_EDGE('',*,*,#5641,.F.);
#5823 = ORIENTED_EDGE('',*,*,#5795,.F.);
#5824 = ORIENTED_EDGE('',*,*,#5778,.F.);
#5825 = ORIENTED_EDGE('',*,*,#5756,.F.);
#5826 = PLANE('',#5827);
#5827 = AXIS2_PLACEMENT_3D('',#5828,#5829,#5830);
#5828 = CARTESIAN_POINT('',(-17.73571707959,12.051406838145,
    9.727531480394));
#5829 = DIRECTION('',(0.587785252292,0.809016994375,0.));
#5830 = DIRECTION('',(0.,0.,-1.));
#5831 = ADVANCED_FACE('',(#5832),#5838,.T.);
#5832 = FACE_BOUND('',#5833,.T.);
#5833 = EDGE_LOOP('',(#5834,#5835,#5836,#5837));
#5834 = ORIENTED_EDGE('',*,*,#5244,.F.);
#5835 = ORIENTED_EDGE('',*,*,#5625,.F.);
#5836 = ORIENTED_EDGE('',*,*,#5763,.F.);
#5837 = ORIENTED_EDGE('',*,*,#5738,.F.);
#5838 = PLANE('',#5839);
#5839 = AXIS2_PLACEMENT_3D('',#5840,#5841,#5842);
#5840 = CARTESIAN_POINT('',(-18.01144448472,12.097226026922,
    9.977531480394));
#5841 = DIRECTION('',(0.,0.,1.));
#5842 = DIRECTION('',(0.809016994375,-0.587785252292,0.));
#5843 = ADVANCED_FACE('',(#5844),#5873,.T.);
#5844 = FACE_BOUND('',#5845,.T.);
#5845 = EDGE_LOOP('',(#5846,#5857,#5866));
#5846 = ORIENTED_EDGE('',*,*,#5847,.T.);
#5847 = EDGE_CURVE('',#5848,#5850,#5852,.T.);
#5848 = VERTEX_POINT('',#5849);
#5849 = CARTESIAN_POINT('',(-18.06957319197,10.656177431838,6.1));
#5850 = VERTEX_POINT('',#5851);
#5851 = CARTESIAN_POINT('',(-18.48861386597,10.589807909213,6.1));
#5852 = CIRCLE('',#5853,0.3);
#5853 = AXIS2_PLACEMENT_3D('',#5854,#5855,#5856);
#5854 = CARTESIAN_POINT('',(-18.31227829028,10.832513007526,6.1));
#5855 = DIRECTION('',(0.,0.,-1.));
#5856 = DIRECTION('',(-0.587785252292,-0.809016994375,-0.));
#5857 = ORIENTED_EDGE('',*,*,#5858,.T.);
#5858 = EDGE_CURVE('',#5850,#5859,#5861,.T.);
#5859 = VERTEX_POINT('',#5860);
#5860 = CARTESIAN_POINT('',(-18.31227829028,10.832513007526,5.8));
#5861 = CIRCLE('',#5862,0.3);
#5862 = AXIS2_PLACEMENT_3D('',#5863,#5864,#5865);
#5863 = CARTESIAN_POINT('',(-18.31227829028,10.832513007526,6.1));
#5864 = DIRECTION('',(0.809016994375,-0.587785252292,0.));
#5865 = DIRECTION('',(0.,0.,-1.));
#5866 = ORIENTED_EDGE('',*,*,#5867,.T.);
#5867 = EDGE_CURVE('',#5859,#5848,#5868,.T.);
#5868 = CIRCLE('',#5869,0.3);
#5869 = AXIS2_PLACEMENT_3D('',#5870,#5871,#5872);
#5870 = CARTESIAN_POINT('',(-18.31227829028,10.832513007526,6.1));
#5871 = DIRECTION('',(-0.587785252292,-0.809016994375,0.));
#5872 = DIRECTION('',(0.809016994375,-0.587785252292,0.));
#5873 = SPHERICAL_SURFACE('',#5874,0.3);
#5874 = AXIS2_PLACEMENT_3D('',#5875,#5876,#5877);
#5875 = CARTESIAN_POINT('',(-18.31227829028,10.832513007526,6.1));
#5876 = DIRECTION('',(-0.991809208181,-0.103856330373,
    -7.435292334377E-02));
#5877 = DIRECTION('',(0.127728205845,-0.806444153118,-0.57735026919));
#5878 = ADVANCED_FACE('',(#5879),#5907,.T.);
#5879 = FACE_BOUND('',#5880,.T.);
#5880 = EDGE_LOOP('',(#5881,#5892,#5899,#5900));
#5881 = ORIENTED_EDGE('',*,*,#5882,.T.);
#5882 = EDGE_CURVE('',#5883,#5885,#5887,.T.);
#5883 = VERTEX_POINT('',#5884);
#5884 = CARTESIAN_POINT('',(-19.01214781957,11.340997984603,5.8));
#5885 = VERTEX_POINT('',#5886);
#5886 = CARTESIAN_POINT('',(-19.18848339525,11.098292886291,6.1));
#5887 = CIRCLE('',#5888,0.3);
#5888 = AXIS2_PLACEMENT_3D('',#5889,#5890,#5891);
#5889 = CARTESIAN_POINT('',(-19.01214781957,11.340997984603,6.1));
#5890 = DIRECTION('',(-0.809016994375,0.587785252292,0.));
#5891 = DIRECTION('',(0.,0.,-1.));
#5892 = ORIENTED_EDGE('',*,*,#5893,.T.);
#5893 = EDGE_CURVE('',#5885,#782,#5894,.T.);
#5894 = CIRCLE('',#5895,0.3);
#5895 = AXIS2_PLACEMENT_3D('',#5896,#5897,#5898);
#5896 = CARTESIAN_POINT('',(-19.36481897094,10.855587787978,6.1));
#5897 = DIRECTION('',(0.,0.,1.));
#5898 = DIRECTION('',(-0.214102463007,0.976811207621,0.));
#5899 = ORIENTED_EDGE('',*,*,#789,.F.);
#5900 = ORIENTED_EDGE('',*,*,#5901,.T.);
#5901 = EDGE_CURVE('',#790,#5883,#5902,.T.);
#5902 = CIRCLE('',#5903,0.6);
#5903 = AXIS2_PLACEMENT_3D('',#5904,#5905,#5906);
#5904 = CARTESIAN_POINT('',(-19.36481897094,10.855587787978,5.8));
#5905 = DIRECTION('',(0.,0.,-1.));
#5906 = DIRECTION('',(-0.214102463007,0.976811207621,0.));
#5907 = TOROIDAL_SURFACE('',#5908,0.6,0.3);
#5908 = AXIS2_PLACEMENT_3D('',#5909,#5910,#5911);
#5909 = CARTESIAN_POINT('',(-19.36481897094,10.855587787978,6.1));
#5910 = DIRECTION('',(0.,0.,-1.));
#5911 = DIRECTION('',(-1.,0.,0.));
#5912 = ADVANCED_FACE('',(#5913),#5929,.T.);
#5913 = FACE_BOUND('',#5914,.T.);
#5914 = EDGE_LOOP('',(#5915,#5916,#5922,#5923));
#5915 = ORIENTED_EDGE('',*,*,#5858,.F.);
#5916 = ORIENTED_EDGE('',*,*,#5917,.T.);
#5917 = EDGE_CURVE('',#5850,#5885,#5918,.T.);
#5918 = LINE('',#5919,#5920);
#5919 = CARTESIAN_POINT('',(-18.54929014055,10.633891803135,6.1));
#5920 = VECTOR('',#5921,1.);
#5921 = DIRECTION('',(-0.809016994375,0.587785252292,0.));
#5922 = ORIENTED_EDGE('',*,*,#5882,.F.);
#5923 = ORIENTED_EDGE('',*,*,#5924,.T.);
#5924 = EDGE_CURVE('',#5883,#5859,#5925,.T.);
#5925 = LINE('',#5926,#5927);
#5926 = CARTESIAN_POINT('',(-18.37295456486,10.876596901448,5.8));
#5927 = VECTOR('',#5928,1.);
#5928 = DIRECTION('',(0.809016994375,-0.587785252292,0.));
#5929 = CYLINDRICAL_SURFACE('',#5930,0.3);
#5930 = AXIS2_PLACEMENT_3D('',#5931,#5932,#5933);
#5931 = CARTESIAN_POINT('',(-18.37295456486,10.876596901448,6.1));
#5932 = DIRECTION('',(0.809016994375,-0.587785252292,0.));
#5933 = DIRECTION('',(-0.415626937777,-0.572061402818,-0.707106781187));
#5934 = ADVANCED_FACE('',(#5935),#5954,.T.);
#5935 = FACE_BOUND('',#5936,.T.);
#5936 = EDGE_LOOP('',(#5937,#5946,#5953));
#5937 = ORIENTED_EDGE('',*,*,#5938,.T.);
#5938 = EDGE_CURVE('',#5409,#5939,#5941,.T.);
#5939 = VERTEX_POINT('',#5940);
#5940 = CARTESIAN_POINT('',(-17.78327156322,11.560628302463,5.8));
#5941 = CIRCLE('',#5942,0.3);
#5942 = AXIS2_PLACEMENT_3D('',#5943,#5944,#5945);
#5943 = CARTESIAN_POINT('',(-17.78327156322,11.560628302463,6.1));
#5944 = DIRECTION('',(0.587785252292,0.809016994375,0.));
#5945 = DIRECTION('',(0.,0.,-1.));
#5946 = ORIENTED_EDGE('',*,*,#5947,.T.);
#5947 = EDGE_CURVE('',#5939,#5417,#5948,.T.);
#5948 = CIRCLE('',#5949,0.3);
#5949 = AXIS2_PLACEMENT_3D('',#5950,#5951,#5952);
#5950 = CARTESIAN_POINT('',(-17.78327156322,11.560628302463,6.1));
#5951 = DIRECTION('',(0.809016994375,-0.587785252292,-4.350484804201E-15
    ));
#5952 = DIRECTION('',(0.587785252292,0.809016994375,0.));
#5953 = ORIENTED_EDGE('',*,*,#5416,.T.);
#5954 = SPHERICAL_SURFACE('',#5955,0.3);
#5955 = AXIS2_PLACEMENT_3D('',#5956,#5957,#5958);
#5956 = CARTESIAN_POINT('',(-17.78327156322,11.560628302463,6.1));
#5957 = DIRECTION('',(-0.570242129318,-9.031748050152E-02,
    -0.816496580928));
#5958 = DIRECTION('',(0.806444153118,0.127728205845,-0.57735026919));
#5959 = ADVANCED_FACE('',(#5960),#5979,.T.);
#5960 = FACE_BOUND('',#5961,.T.);
#5961 = EDGE_LOOP('',(#5962,#5971,#5972,#5973));
#5962 = ORIENTED_EDGE('',*,*,#5963,.T.);
#5963 = EDGE_CURVE('',#5964,#5444,#5966,.T.);
#5964 = VERTEX_POINT('',#5965);
#5965 = CARTESIAN_POINT('',(-18.60218519896,12.155603885592,5.8));
#5966 = CIRCLE('',#5967,0.3);
#5967 = AXIS2_PLACEMENT_3D('',#5968,#5969,#5970);
#5968 = CARTESIAN_POINT('',(-18.60218519896,12.155603885592,6.1));
#5969 = DIRECTION('',(0.809016994375,-0.587785252292,0.));
#5970 = DIRECTION('',(0.,0.,-1.));
#5971 = ORIENTED_EDGE('',*,*,#5443,.T.);
#5972 = ORIENTED_EDGE('',*,*,#5947,.F.);
#5973 = ORIENTED_EDGE('',*,*,#5974,.T.);
#5974 = EDGE_CURVE('',#5939,#5964,#5975,.T.);
#5975 = LINE('',#5976,#5977);
#5976 = CARTESIAN_POINT('',(-18.49263285171,12.076009446269,5.8));
#5977 = VECTOR('',#5978,1.);
#5978 = DIRECTION('',(-0.809016994375,0.587785252292,0.));
#5979 = CYLINDRICAL_SURFACE('',#5980,0.3);
#5980 = AXIS2_PLACEMENT_3D('',#5981,#5982,#5983);
#5981 = CARTESIAN_POINT('',(-18.49263285171,12.076009446269,6.1));
#5982 = DIRECTION('',(-0.809016994375,0.587785252292,0.));
#5983 = DIRECTION('',(0.415626937777,0.572061402818,-0.707106781187));
#5984 = ADVANCED_FACE('',(#5985),#6003,.T.);
#5985 = FACE_BOUND('',#5986,.T.);
#5986 = EDGE_LOOP('',(#5987,#5988,#5995,#5996));
#5987 = ORIENTED_EDGE('',*,*,#813,.F.);
#5988 = ORIENTED_EDGE('',*,*,#5989,.T.);
#5989 = EDGE_CURVE('',#814,#5444,#5990,.T.);
#5990 = CIRCLE('',#5991,0.3);
#5991 = AXIS2_PLACEMENT_3D('',#5992,#5993,#5994);
#5992 = CARTESIAN_POINT('',(-18.24951404759,12.641014082217,6.1));
#5993 = DIRECTION('',(0.,0.,1.));
#5994 = DIRECTION('',(-0.985863942211,-0.167547866139,0.));
#5995 = ORIENTED_EDGE('',*,*,#5963,.F.);
#5996 = ORIENTED_EDGE('',*,*,#5997,.T.);
#5997 = EDGE_CURVE('',#5964,#805,#5998,.T.);
#5998 = CIRCLE('',#5999,0.6);
#5999 = AXIS2_PLACEMENT_3D('',#6000,#6001,#6002);
#6000 = CARTESIAN_POINT('',(-18.24951404759,12.641014082217,5.8));
#6001 = DIRECTION('',(0.,0.,-1.));
#6002 = DIRECTION('',(-0.985863942211,-0.167547866139,-0.));
#6003 = TOROIDAL_SURFACE('',#6004,0.6,0.3);
#6004 = AXIS2_PLACEMENT_3D('',#6005,#6006,#6007);
#6005 = CARTESIAN_POINT('',(-18.24951404759,12.641014082217,6.1));
#6006 = DIRECTION('',(0.,0.,-1.));
#6007 = DIRECTION('',(-1.,0.,0.));
#6008 = ADVANCED_FACE('',(#6009),#6037,.T.);
#6009 = FACE_BOUND('',#6010,.T.);
#6010 = EDGE_LOOP('',(#6011,#6020,#6029,#6036));
#6011 = ORIENTED_EDGE('',*,*,#6012,.T.);
#6012 = EDGE_CURVE('',#5392,#6013,#6015,.T.);
#6013 = VERTEX_POINT('',#6014);
#6014 = CARTESIAN_POINT('',(-17.43060041185,12.046038499088,20.25));
#6015 = CIRCLE('',#6016,0.3);
#6016 = AXIS2_PLACEMENT_3D('',#6017,#6018,#6019);
#6017 = CARTESIAN_POINT('',(-17.43060041185,12.046038499088,19.95));
#6018 = DIRECTION('',(-0.809016994375,0.587785252292,0.));
#6019 = DIRECTION('',(0.,0.,1.));
#6020 = ORIENTED_EDGE('',*,*,#6021,.F.);
#6021 = EDGE_CURVE('',#6022,#6013,#6024,.T.);
#6022 = VERTEX_POINT('',#6023);
#6023 = CARTESIAN_POINT('',(-17.18789531353,11.8697029234,20.55));
#6024 = CIRCLE('',#6025,0.3);
#6025 = AXIS2_PLACEMENT_3D('',#6026,#6027,#6028);
#6026 = CARTESIAN_POINT('',(-17.43060041185,12.046038499088,20.55));
#6027 = DIRECTION('',(0.587785252292,0.809016994375,0.));
#6028 = DIRECTION('',(0.809016994375,-0.587785252292,0.));
#6029 = ORIENTED_EDGE('',*,*,#6030,.T.);
#6030 = EDGE_CURVE('',#6022,#5400,#6031,.T.);
#6031 = CIRCLE('',#6032,0.6);
#6032 = AXIS2_PLACEMENT_3D('',#6033,#6034,#6035);
#6033 = CARTESIAN_POINT('',(-17.18789531353,11.8697029234,19.95));
#6034 = DIRECTION('',(0.809016994375,-0.587785252292,0.));
#6035 = DIRECTION('',(-0.415626937777,-0.572061402818,0.707106781187));
#6036 = ORIENTED_EDGE('',*,*,#5399,.F.);
#6037 = TOROIDAL_SURFACE('',#6038,0.6,0.3);
#6038 = AXIS2_PLACEMENT_3D('',#6039,#6040,#6041);
#6039 = CARTESIAN_POINT('',(-17.43060041185,12.046038499088,19.95));
#6040 = DIRECTION('',(-0.809016994375,0.587785252292,0.));
#6041 = DIRECTION('',(0.,0.,1.));
#6042 = ADVANCED_FACE('',(#6043),#6081,.T.);
#6043 = FACE_BOUND('',#6044,.T.);
#6044 = EDGE_LOOP('',(#6045,#6056,#6065,#6074));
#6045 = ORIENTED_EDGE('',*,*,#6046,.F.);
#6046 = EDGE_CURVE('',#6047,#6049,#6051,.T.);
#6047 = VERTEX_POINT('',#6048);
#6048 = CARTESIAN_POINT('',(-16.84281515952,12.855055493514,20.25));
#6049 = VERTEX_POINT('',#6050);
#6050 = CARTESIAN_POINT('',(-16.6001100612,12.678719917826,20.55));
#6051 = CIRCLE('',#6052,0.3);
#6052 = AXIS2_PLACEMENT_3D('',#6053,#6054,#6055);
#6053 = CARTESIAN_POINT('',(-16.84281515952,12.855055493514,20.55));
#6054 = DIRECTION('',(-0.587785252292,-0.809016994375,0.));
#6055 = DIRECTION('',(-0.,0.,-1.));
#6056 = ORIENTED_EDGE('',*,*,#6057,.T.);
#6057 = EDGE_CURVE('',#6047,#6058,#6060,.T.);
#6058 = VERTEX_POINT('',#6059);
#6059 = CARTESIAN_POINT('',(-16.66647958383,13.097760591827,19.95));
#6060 = CIRCLE('',#6061,0.3);
#6061 = AXIS2_PLACEMENT_3D('',#6062,#6063,#6064);
#6062 = CARTESIAN_POINT('',(-16.84281515952,12.855055493514,19.95));
#6063 = DIRECTION('',(-0.809016994375,0.587785252292,5.987928629787E-15)
  );
#6064 = DIRECTION('',(0.587785252292,0.809016994375,0.));
#6065 = ORIENTED_EDGE('',*,*,#6066,.F.);
#6066 = EDGE_CURVE('',#6067,#6058,#6069,.T.);
#6067 = VERTEX_POINT('',#6068);
#6068 = CARTESIAN_POINT('',(-16.24743890983,13.164130114451,19.95));
#6069 = CIRCLE('',#6070,0.3);
#6070 = AXIS2_PLACEMENT_3D('',#6071,#6072,#6073);
#6071 = CARTESIAN_POINT('',(-16.49014400814,13.340465690139,19.95));
#6072 = DIRECTION('',(0.,0.,-1.));
#6073 = DIRECTION('',(0.809016994375,-0.587785252292,0.));
#6074 = ORIENTED_EDGE('',*,*,#6075,.T.);
#6075 = EDGE_CURVE('',#6067,#6049,#6076,.T.);
#6076 = CIRCLE('',#6077,0.6);
#6077 = AXIS2_PLACEMENT_3D('',#6078,#6079,#6080);
#6078 = CARTESIAN_POINT('',(-16.6001100612,12.678719917826,19.95));
#6079 = DIRECTION('',(0.809016994375,-0.587785252292,0.));
#6080 = DIRECTION('',(0.415626937777,0.572061402818,0.707106781187));
#6081 = TOROIDAL_SURFACE('',#6082,0.6,0.3);
#6082 = AXIS2_PLACEMENT_3D('',#6083,#6084,#6085);
#6083 = CARTESIAN_POINT('',(-16.84281515952,12.855055493514,19.95));
#6084 = DIRECTION('',(-0.809016994375,0.587785252292,0.));
#6085 = DIRECTION('',(0.,0.,1.));
#6086 = ADVANCED_FACE('',(#6087),#6113,.F.);
#6087 = FACE_BOUND('',#6088,.F.);
#6088 = EDGE_LOOP('',(#6089,#6097,#6098,#6106));
#6089 = ORIENTED_EDGE('',*,*,#6090,.F.);
#6090 = EDGE_CURVE('',#6047,#6091,#6093,.T.);
#6091 = VERTEX_POINT('',#6092);
#6092 = CARTESIAN_POINT('',(-17.66172879526,13.450031076643,20.25));
#6093 = LINE('',#6094,#6095);
#6094 = CARTESIAN_POINT('',(-16.90349143409,12.899139387436,20.25));
#6095 = VECTOR('',#6096,1.);
#6096 = DIRECTION('',(-0.809016994375,0.587785252292,0.));
#6097 = ORIENTED_EDGE('',*,*,#6057,.T.);
#6098 = ORIENTED_EDGE('',*,*,#6099,.F.);
#6099 = EDGE_CURVE('',#6100,#6058,#6102,.T.);
#6100 = VERTEX_POINT('',#6101);
#6101 = CARTESIAN_POINT('',(-17.48539321957,13.692736174955,19.95));
#6102 = LINE('',#6103,#6104);
#6103 = CARTESIAN_POINT('',(-16.72715585841,13.141844485749,19.95));
#6104 = VECTOR('',#6105,1.);
#6105 = DIRECTION('',(0.809016994375,-0.587785252292,0.));
#6106 = ORIENTED_EDGE('',*,*,#6107,.F.);
#6107 = EDGE_CURVE('',#6091,#6100,#6108,.T.);
#6108 = CIRCLE('',#6109,0.3);
#6109 = AXIS2_PLACEMENT_3D('',#6110,#6111,#6112);
#6110 = CARTESIAN_POINT('',(-17.66172879526,13.450031076643,19.95));
#6111 = DIRECTION('',(-0.809016994375,0.587785252292,0.));
#6112 = DIRECTION('',(0.,0.,1.));
#6113 = CYLINDRICAL_SURFACE('',#6114,0.3);
#6114 = AXIS2_PLACEMENT_3D('',#6115,#6116,#6117);
#6115 = CARTESIAN_POINT('',(-16.90349143409,12.899139387436,19.95));
#6116 = DIRECTION('',(-0.809016994375,0.587785252292,0.));
#6117 = DIRECTION('',(0.415626937777,0.572061402818,0.707106781187));
#6118 = ADVANCED_FACE('',(#6119),#6148,.T.);
#6119 = FACE_BOUND('',#6120,.T.);
#6120 = EDGE_LOOP('',(#6121,#6132,#6141));
#6121 = ORIENTED_EDGE('',*,*,#6122,.T.);
#6122 = EDGE_CURVE('',#6123,#6125,#6127,.T.);
#6123 = VERTEX_POINT('',#6124);
#6124 = CARTESIAN_POINT('',(-16.24743890983,13.164130114451,6.1));
#6125 = VERTEX_POINT('',#6126);
#6126 = CARTESIAN_POINT('',(-16.66647958383,13.097760591827,6.1));
#6127 = CIRCLE('',#6128,0.3);
#6128 = AXIS2_PLACEMENT_3D('',#6129,#6130,#6131);
#6129 = CARTESIAN_POINT('',(-16.49014400814,13.340465690139,6.1));
#6130 = DIRECTION('',(0.,0.,-1.));
#6131 = DIRECTION('',(-0.587785252292,-0.809016994375,-0.));
#6132 = ORIENTED_EDGE('',*,*,#6133,.T.);
#6133 = EDGE_CURVE('',#6125,#6134,#6136,.T.);
#6134 = VERTEX_POINT('',#6135);
#6135 = CARTESIAN_POINT('',(-16.49014400814,13.340465690139,5.8));
#6136 = CIRCLE('',#6137,0.3);
#6137 = AXIS2_PLACEMENT_3D('',#6138,#6139,#6140);
#6138 = CARTESIAN_POINT('',(-16.49014400814,13.340465690139,6.1));
#6139 = DIRECTION('',(0.809016994375,-0.587785252292,0.));
#6140 = DIRECTION('',(0.,0.,-1.));
#6141 = ORIENTED_EDGE('',*,*,#6142,.T.);
#6142 = EDGE_CURVE('',#6134,#6123,#6143,.T.);
#6143 = CIRCLE('',#6144,0.3);
#6144 = AXIS2_PLACEMENT_3D('',#6145,#6146,#6147);
#6145 = CARTESIAN_POINT('',(-16.49014400814,13.340465690139,6.1));
#6146 = DIRECTION('',(-0.587785252292,-0.809016994375,0.));
#6147 = DIRECTION('',(0.809016994375,-0.587785252292,0.));
#6148 = SPHERICAL_SURFACE('',#6149,0.3);
#6149 = AXIS2_PLACEMENT_3D('',#6150,#6151,#6152);
#6150 = CARTESIAN_POINT('',(-16.49014400814,13.340465690139,6.1));
#6151 = DIRECTION('',(-0.991809208181,-0.103856330373,
    -7.435292334376E-02));
#6152 = DIRECTION('',(0.127728205845,-0.806444153118,-0.57735026919));
#6153 = ADVANCED_FACE('',(#6154),#6182,.T.);
#6154 = FACE_BOUND('',#6155,.T.);
#6155 = EDGE_LOOP('',(#6156,#6167,#6174,#6175));
#6156 = ORIENTED_EDGE('',*,*,#6157,.T.);
#6157 = EDGE_CURVE('',#6158,#6160,#6162,.T.);
#6158 = VERTEX_POINT('',#6159);
#6159 = CARTESIAN_POINT('',(-17.30905764388,13.935441273268,5.8));
#6160 = VERTEX_POINT('',#6161);
#6161 = CARTESIAN_POINT('',(-17.48539321957,13.692736174955,6.1));
#6162 = CIRCLE('',#6163,0.3);
#6163 = AXIS2_PLACEMENT_3D('',#6164,#6165,#6166);
#6164 = CARTESIAN_POINT('',(-17.30905764388,13.935441273268,6.1));
#6165 = DIRECTION('',(-0.809016994375,0.587785252292,0.));
#6166 = DIRECTION('',(0.,0.,-1.));
#6167 = ORIENTED_EDGE('',*,*,#6168,.T.);
#6168 = EDGE_CURVE('',#6160,#698,#6169,.T.);
#6169 = CIRCLE('',#6170,0.3);
#6170 = AXIS2_PLACEMENT_3D('',#6171,#6172,#6173);
#6171 = CARTESIAN_POINT('',(-17.66172879526,13.450031076643,6.1));
#6172 = DIRECTION('',(0.,0.,1.));
#6173 = DIRECTION('',(-0.145301222402,0.989387464429,0.));
#6174 = ORIENTED_EDGE('',*,*,#705,.F.);
#6175 = ORIENTED_EDGE('',*,*,#6176,.T.);
#6176 = EDGE_CURVE('',#706,#6158,#6177,.T.);
#6177 = CIRCLE('',#6178,0.6);
#6178 = AXIS2_PLACEMENT_3D('',#6179,#6180,#6181);
#6179 = CARTESIAN_POINT('',(-17.66172879526,13.450031076643,5.8));
#6180 = DIRECTION('',(0.,0.,-1.));
#6181 = DIRECTION('',(-0.145301222402,0.989387464429,0.));
#6182 = TOROIDAL_SURFACE('',#6183,0.6,0.3);
#6183 = AXIS2_PLACEMENT_3D('',#6184,#6185,#6186);
#6184 = CARTESIAN_POINT('',(-17.66172879526,13.450031076643,6.1));
#6185 = DIRECTION('',(0.,0.,-1.));
#6186 = DIRECTION('',(-1.,0.,0.));
#6187 = ADVANCED_FACE('',(#6188),#6204,.T.);
#6188 = FACE_BOUND('',#6189,.T.);
#6189 = EDGE_LOOP('',(#6190,#6191,#6197,#6198));
#6190 = ORIENTED_EDGE('',*,*,#6133,.F.);
#6191 = ORIENTED_EDGE('',*,*,#6192,.T.);
#6192 = EDGE_CURVE('',#6125,#6160,#6193,.T.);
#6193 = LINE('',#6194,#6195);
#6194 = CARTESIAN_POINT('',(-16.72715585841,13.141844485749,6.1));
#6195 = VECTOR('',#6196,1.);
#6196 = DIRECTION('',(-0.809016994375,0.587785252292,0.));
#6197 = ORIENTED_EDGE('',*,*,#6157,.F.);
#6198 = ORIENTED_EDGE('',*,*,#6199,.T.);
#6199 = EDGE_CURVE('',#6158,#6134,#6200,.T.);
#6200 = LINE('',#6201,#6202);
#6201 = CARTESIAN_POINT('',(-16.55082028272,13.384549584061,5.8));
#6202 = VECTOR('',#6203,1.);
#6203 = DIRECTION('',(0.809016994375,-0.587785252292,0.));
#6204 = CYLINDRICAL_SURFACE('',#6205,0.3);
#6205 = AXIS2_PLACEMENT_3D('',#6206,#6207,#6208);
#6206 = CARTESIAN_POINT('',(-16.55082028272,13.384549584061,6.1));
#6207 = DIRECTION('',(0.809016994375,-0.587785252292,0.));
#6208 = DIRECTION('',(-0.415626937777,-0.572061402818,-0.707106781187));
#6209 = ADVANCED_FACE('',(#6210),#6239,.T.);
#6210 = FACE_BOUND('',#6211,.T.);
#6211 = EDGE_LOOP('',(#6212,#6223,#6232));
#6212 = ORIENTED_EDGE('',*,*,#6213,.T.);
#6213 = EDGE_CURVE('',#6214,#6216,#6218,.T.);
#6214 = VERTEX_POINT('',#6215);
#6215 = CARTESIAN_POINT('',(-15.78480170539,14.311286083389,6.1));
#6216 = VERTEX_POINT('',#6217);
#6217 = CARTESIAN_POINT('',(-15.71843218277,13.892245409389,6.1));
#6218 = CIRCLE('',#6219,0.3);
#6219 = AXIS2_PLACEMENT_3D('',#6220,#6221,#6222);
#6220 = CARTESIAN_POINT('',(-15.96113728108,14.068580985077,6.1));
#6221 = DIRECTION('',(0.,0.,-1.));
#6222 = DIRECTION('',(0.809016994375,-0.587785252292,0.));
#6223 = ORIENTED_EDGE('',*,*,#6224,.T.);
#6224 = EDGE_CURVE('',#6216,#6225,#6227,.T.);
#6225 = VERTEX_POINT('',#6226);
#6226 = CARTESIAN_POINT('',(-15.96113728108,14.068580985077,5.8));
#6227 = CIRCLE('',#6228,0.3);
#6228 = AXIS2_PLACEMENT_3D('',#6229,#6230,#6231);
#6229 = CARTESIAN_POINT('',(-15.96113728108,14.068580985077,6.1));
#6230 = DIRECTION('',(0.587785252292,0.809016994375,0.));
#6231 = DIRECTION('',(0.,0.,-1.));
#6232 = ORIENTED_EDGE('',*,*,#6233,.T.);
#6233 = EDGE_CURVE('',#6225,#6214,#6234,.T.);
#6234 = CIRCLE('',#6235,0.3);
#6235 = AXIS2_PLACEMENT_3D('',#6236,#6237,#6238);
#6236 = CARTESIAN_POINT('',(-15.96113728108,14.068580985077,6.1));
#6237 = DIRECTION('',(0.809016994375,-0.587785252292,0.));
#6238 = DIRECTION('',(0.587785252292,0.809016994375,0.));
#6239 = SPHERICAL_SURFACE('',#6240,0.3);
#6240 = AXIS2_PLACEMENT_3D('',#6241,#6242,#6243);
#6241 = CARTESIAN_POINT('',(-15.96113728108,14.068580985077,6.1));
#6242 = DIRECTION('',(-0.570242129318,-9.031748050151E-02,
    -0.816496580928));
#6243 = DIRECTION('',(0.806444153118,0.127728205845,-0.57735026919));
#6244 = ADVANCED_FACE('',(#6245),#6261,.T.);
#6245 = FACE_BOUND('',#6246,.T.);
#6246 = EDGE_LOOP('',(#6247,#6248,#6254,#6255));
#6247 = ORIENTED_EDGE('',*,*,#6224,.F.);
#6248 = ORIENTED_EDGE('',*,*,#6249,.T.);
#6249 = EDGE_CURVE('',#6216,#6123,#6250,.T.);
#6250 = LINE('',#6251,#6252);
#6251 = CARTESIAN_POINT('',(-17.12911678829,11.950604622851,6.1));
#6252 = VECTOR('',#6253,1.);
#6253 = DIRECTION('',(-0.587785252292,-0.809016994375,0.));
#6254 = ORIENTED_EDGE('',*,*,#6142,.F.);
#6255 = ORIENTED_EDGE('',*,*,#6256,.T.);
#6256 = EDGE_CURVE('',#6134,#6225,#6257,.T.);
#6257 = LINE('',#6258,#6259);
#6258 = CARTESIAN_POINT('',(-17.37182188661,12.126940198538,5.8));
#6259 = VECTOR('',#6260,1.);
#6260 = DIRECTION('',(0.587785252292,0.809016994375,0.));
#6261 = CYLINDRICAL_SURFACE('',#6262,0.3);
#6262 = AXIS2_PLACEMENT_3D('',#6263,#6264,#6265);
#6263 = CARTESIAN_POINT('',(-17.37182188661,12.126940198538,6.1));
#6264 = DIRECTION('',(0.587785252292,0.809016994375,0.));
#6265 = DIRECTION('',(0.572061402818,-0.415626937777,-0.707106781187));
#6266 = ADVANCED_FACE('',(#6267),#6293,.T.);
#6267 = FACE_BOUND('',#6268,.T.);
#6268 = EDGE_LOOP('',(#6269,#6280,#6286,#6287));
#6269 = ORIENTED_EDGE('',*,*,#6270,.T.);
#6270 = EDGE_CURVE('',#6271,#6273,#6275,.T.);
#6271 = VERTEX_POINT('',#6272);
#6272 = CARTESIAN_POINT('',(-16.66100681036,14.577065962154,5.8));
#6273 = VERTEX_POINT('',#6274);
#6274 = CARTESIAN_POINT('',(-16.48467123467,14.819771060467,6.1));
#6275 = CIRCLE('',#6276,0.3);
#6276 = AXIS2_PLACEMENT_3D('',#6277,#6278,#6279);
#6277 = CARTESIAN_POINT('',(-16.66100681036,14.577065962154,6.1));
#6278 = DIRECTION('',(0.809016994375,-0.587785252292,0.));
#6279 = DIRECTION('',(0.,0.,-1.));
#6280 = ORIENTED_EDGE('',*,*,#6281,.T.);
#6281 = EDGE_CURVE('',#6273,#6214,#6282,.T.);
#6282 = LINE('',#6283,#6284);
#6283 = CARTESIAN_POINT('',(-16.45224072575,14.79620891653,6.1));
#6284 = VECTOR('',#6285,1.);
#6285 = DIRECTION('',(0.809016994375,-0.587785252292,0.));
#6286 = ORIENTED_EDGE('',*,*,#6233,.F.);
#6287 = ORIENTED_EDGE('',*,*,#6288,.T.);
#6288 = EDGE_CURVE('',#6225,#6271,#6289,.T.);
#6289 = LINE('',#6290,#6291);
#6290 = CARTESIAN_POINT('',(-16.62857630144,14.553503818218,5.8));
#6291 = VECTOR('',#6292,1.);
#6292 = DIRECTION('',(-0.809016994375,0.587785252292,0.));
#6293 = CYLINDRICAL_SURFACE('',#6294,0.3);
#6294 = AXIS2_PLACEMENT_3D('',#6295,#6296,#6297);
#6295 = CARTESIAN_POINT('',(-16.62857630144,14.553503818218,6.1));
#6296 = DIRECTION('',(-0.809016994375,0.587785252292,0.));
#6297 = DIRECTION('',(0.415626937777,0.572061402818,-0.707106781187));
#6298 = ADVANCED_FACE('',(#6299),#6317,.T.);
#6299 = FACE_BOUND('',#6300,.T.);
#6300 = EDGE_LOOP('',(#6301,#6302,#6309,#6310));
#6301 = ORIENTED_EDGE('',*,*,#729,.F.);
#6302 = ORIENTED_EDGE('',*,*,#6303,.T.);
#6303 = EDGE_CURVE('',#730,#6273,#6304,.T.);
#6304 = CIRCLE('',#6305,0.3);
#6305 = AXIS2_PLACEMENT_3D('',#6306,#6307,#6308);
#6306 = CARTESIAN_POINT('',(-16.30833565898,15.062476158779,6.1));
#6307 = DIRECTION('',(0.,0.,1.));
#6308 = DIRECTION('',(-0.995163963805,-9.822772085291E-02,0.));
#6309 = ORIENTED_EDGE('',*,*,#6270,.F.);
#6310 = ORIENTED_EDGE('',*,*,#6311,.T.);
#6311 = EDGE_CURVE('',#6271,#721,#6312,.T.);
#6312 = CIRCLE('',#6313,0.6);
#6313 = AXIS2_PLACEMENT_3D('',#6314,#6315,#6316);
#6314 = CARTESIAN_POINT('',(-16.30833565898,15.062476158779,5.8));
#6315 = DIRECTION('',(0.,0.,-1.));
#6316 = DIRECTION('',(-0.995163963805,-9.822772085291E-02,-0.));
#6317 = TOROIDAL_SURFACE('',#6318,0.6,0.3);
#6318 = AXIS2_PLACEMENT_3D('',#6319,#6320,#6321);
#6319 = CARTESIAN_POINT('',(-16.30833565898,15.062476158779,6.1));
#6320 = DIRECTION('',(0.,0.,-1.));
#6321 = DIRECTION('',(-1.,0.,0.));
#6322 = ADVANCED_FACE('',(#6323),#6352,.T.);
#6323 = FACE_BOUND('',#6324,.T.);
#6324 = EDGE_LOOP('',(#6325,#6336,#6345));
#6325 = ORIENTED_EDGE('',*,*,#6326,.T.);
#6326 = EDGE_CURVE('',#6327,#6329,#6331,.T.);
#6327 = VERTEX_POINT('',#6328);
#6328 = CARTESIAN_POINT('',(-15.71843218277,13.892245409389,21.45));
#6329 = VERTEX_POINT('',#6330);
#6330 = CARTESIAN_POINT('',(-15.78480170539,14.311286083389,21.45));
#6331 = CIRCLE('',#6332,0.3);
#6332 = AXIS2_PLACEMENT_3D('',#6333,#6334,#6335);
#6333 = CARTESIAN_POINT('',(-15.96113728108,14.068580985077,21.45));
#6334 = DIRECTION('',(0.,0.,1.));
#6335 = DIRECTION('',(0.809016994375,-0.587785252292,0.));
#6336 = ORIENTED_EDGE('',*,*,#6337,.T.);
#6337 = EDGE_CURVE('',#6329,#6338,#6340,.T.);
#6338 = VERTEX_POINT('',#6339);
#6339 = CARTESIAN_POINT('',(-15.96113728108,14.068580985077,21.75));
#6340 = CIRCLE('',#6341,0.3);
#6341 = AXIS2_PLACEMENT_3D('',#6342,#6343,#6344);
#6342 = CARTESIAN_POINT('',(-15.96113728108,14.068580985077,21.45));
#6343 = DIRECTION('',(0.809016994375,-0.587785252292,0.));
#6344 = DIRECTION('',(0.415626937777,0.572061402818,0.707106781187));
#6345 = ORIENTED_EDGE('',*,*,#6346,.T.);
#6346 = EDGE_CURVE('',#6338,#6327,#6347,.T.);
#6347 = CIRCLE('',#6348,0.3);
#6348 = AXIS2_PLACEMENT_3D('',#6349,#6350,#6351);
#6349 = CARTESIAN_POINT('',(-15.96113728108,14.068580985077,21.45));
#6350 = DIRECTION('',(0.587785252292,0.809016994375,2.775557561563E-17)
  );
#6351 = DIRECTION('',(0.572061402818,-0.415626937777,0.707106781187));
#6352 = SPHERICAL_SURFACE('',#6353,0.3);
#6353 = AXIS2_PLACEMENT_3D('',#6354,#6355,#6356);
#6354 = CARTESIAN_POINT('',(-15.96113728108,14.068580985077,21.45));
#6355 = DIRECTION('',(0.570242129318,9.031748050151E-02,-0.816496580928)
  );
#6356 = DIRECTION('',(0.806444153118,0.127728205845,0.57735026919));
#6357 = ADVANCED_FACE('',(#6358),#6374,.T.);
#6358 = FACE_BOUND('',#6359,.T.);
#6359 = EDGE_LOOP('',(#6360,#6361,#6367,#6368));
#6360 = ORIENTED_EDGE('',*,*,#6326,.F.);
#6361 = ORIENTED_EDGE('',*,*,#6362,.T.);
#6362 = EDGE_CURVE('',#6327,#6216,#6363,.T.);
#6363 = LINE('',#6364,#6365);
#6364 = CARTESIAN_POINT('',(-15.71843218277,13.892245409389,20.25));
#6365 = VECTOR('',#6366,1.);
#6366 = DIRECTION('',(0.,0.,-1.));
#6367 = ORIENTED_EDGE('',*,*,#6213,.F.);
#6368 = ORIENTED_EDGE('',*,*,#6369,.T.);
#6369 = EDGE_CURVE('',#6214,#6329,#6370,.T.);
#6370 = LINE('',#6371,#6372);
#6371 = CARTESIAN_POINT('',(-15.78480170539,14.311286083389,20.25));
#6372 = VECTOR('',#6373,1.);
#6373 = DIRECTION('',(0.,0.,1.));
#6374 = CYLINDRICAL_SURFACE('',#6375,0.3);
#6375 = AXIS2_PLACEMENT_3D('',#6376,#6377,#6378);
#6376 = CARTESIAN_POINT('',(-15.96113728108,14.068580985077,20.25));
#6377 = DIRECTION('',(0.,0.,-1.));
#6378 = DIRECTION('',(0.987688340595,0.15643446504,0.));
#6379 = ADVANCED_FACE('',(#6380),#6396,.T.);
#6380 = FACE_BOUND('',#6381,.T.);
#6381 = EDGE_LOOP('',(#6382,#6383,#6389,#6390));
#6382 = ORIENTED_EDGE('',*,*,#6122,.F.);
#6383 = ORIENTED_EDGE('',*,*,#6384,.T.);
#6384 = EDGE_CURVE('',#6123,#6067,#6385,.T.);
#6385 = LINE('',#6386,#6387);
#6386 = CARTESIAN_POINT('',(-16.24743890983,13.164130114451,20.25));
#6387 = VECTOR('',#6388,1.);
#6388 = DIRECTION('',(0.,0.,1.));
#6389 = ORIENTED_EDGE('',*,*,#6066,.T.);
#6390 = ORIENTED_EDGE('',*,*,#6391,.T.);
#6391 = EDGE_CURVE('',#6058,#6125,#6392,.T.);
#6392 = LINE('',#6393,#6394);
#6393 = CARTESIAN_POINT('',(-16.66647958383,13.097760591827,20.25));
#6394 = VECTOR('',#6395,1.);
#6395 = DIRECTION('',(0.,0.,-1.));
#6396 = CYLINDRICAL_SURFACE('',#6397,0.3);
#6397 = AXIS2_PLACEMENT_3D('',#6398,#6399,#6400);
#6398 = CARTESIAN_POINT('',(-16.49014400814,13.340465690139,20.25));
#6399 = DIRECTION('',(0.,0.,-1.));
#6400 = DIRECTION('',(0.15643446504,-0.987688340595,0.));
#6401 = ADVANCED_FACE('',(#6402),#6418,.T.);
#6402 = FACE_BOUND('',#6403,.T.);
#6403 = EDGE_LOOP('',(#6404,#6405,#6411,#6412));
#6404 = ORIENTED_EDGE('',*,*,#6021,.T.);
#6405 = ORIENTED_EDGE('',*,*,#6406,.T.);
#6406 = EDGE_CURVE('',#6013,#6047,#6407,.T.);
#6407 = LINE('',#6408,#6409);
#6408 = CARTESIAN_POINT('',(-17.37182188661,12.126940198538,20.25));
#6409 = VECTOR('',#6410,1.);
#6410 = DIRECTION('',(0.587785252292,0.809016994375,0.));
#6411 = ORIENTED_EDGE('',*,*,#6046,.T.);
#6412 = ORIENTED_EDGE('',*,*,#6413,.T.);
#6413 = EDGE_CURVE('',#6049,#6022,#6414,.T.);
#6414 = LINE('',#6415,#6416);
#6415 = CARTESIAN_POINT('',(-17.12911678829,11.950604622851,20.55));
#6416 = VECTOR('',#6417,1.);
#6417 = DIRECTION('',(-0.587785252292,-0.809016994375,0.));
#6418 = CYLINDRICAL_SURFACE('',#6419,0.3);
#6419 = AXIS2_PLACEMENT_3D('',#6420,#6421,#6422);
#6420 = CARTESIAN_POINT('',(-17.37182188661,12.126940198538,20.55));
#6421 = DIRECTION('',(-0.587785252292,-0.809016994375,0.));
#6422 = DIRECTION('',(0.572061402818,-0.415626937777,-0.707106781187));
#6423 = ADVANCED_FACE('',(#6424),#6443,.F.);
#6424 = FACE_BOUND('',#6425,.F.);
#6425 = EDGE_LOOP('',(#6426,#6427,#6428,#6436));
#6426 = ORIENTED_EDGE('',*,*,#5459,.F.);
#6427 = ORIENTED_EDGE('',*,*,#6012,.T.);
#6428 = ORIENTED_EDGE('',*,*,#6429,.F.);
#6429 = EDGE_CURVE('',#6430,#6013,#6432,.T.);
#6430 = VERTEX_POINT('',#6431);
#6431 = CARTESIAN_POINT('',(-18.24951404759,12.641014082217,20.25));
#6432 = LINE('',#6433,#6434);
#6433 = CARTESIAN_POINT('',(-18.13996170033,12.561419642894,20.25));
#6434 = VECTOR('',#6435,1.);
#6435 = DIRECTION('',(0.809016994375,-0.587785252292,0.));
#6436 = ORIENTED_EDGE('',*,*,#6437,.F.);
#6437 = EDGE_CURVE('',#5452,#6430,#6438,.T.);
#6438 = CIRCLE('',#6439,0.3);
#6439 = AXIS2_PLACEMENT_3D('',#6440,#6441,#6442);
#6440 = CARTESIAN_POINT('',(-18.24951404759,12.641014082217,19.95));
#6441 = DIRECTION('',(-0.809016994375,0.587785252292,0.));
#6442 = DIRECTION('',(-0.587785252292,-0.809016994375,0.));
#6443 = CYLINDRICAL_SURFACE('',#6444,0.3);
#6444 = AXIS2_PLACEMENT_3D('',#6445,#6446,#6447);
#6445 = CARTESIAN_POINT('',(-18.13996170033,12.561419642894,19.95));
#6446 = DIRECTION('',(0.809016994375,-0.587785252292,0.));
#6447 = DIRECTION('',(-0.415626937777,-0.572061402818,0.707106781187));
#6448 = ADVANCED_FACE('',(#6449),#6465,.T.);
#6449 = FACE_BOUND('',#6450,.T.);
#6450 = EDGE_LOOP('',(#6451,#6452,#6458,#6459));
#6451 = ORIENTED_EDGE('',*,*,#5938,.F.);
#6452 = ORIENTED_EDGE('',*,*,#6453,.T.);
#6453 = EDGE_CURVE('',#5409,#5848,#6454,.T.);
#6454 = LINE('',#6455,#6456);
#6455 = CARTESIAN_POINT('',(-17.12911678829,11.950604622851,6.1));
#6456 = VECTOR('',#6457,1.);
#6457 = DIRECTION('',(-0.587785252292,-0.809016994375,0.));
#6458 = ORIENTED_EDGE('',*,*,#5867,.F.);
#6459 = ORIENTED_EDGE('',*,*,#6460,.T.);
#6460 = EDGE_CURVE('',#5859,#5939,#6461,.T.);
#6461 = LINE('',#6462,#6463);
#6462 = CARTESIAN_POINT('',(-17.37182188661,12.126940198538,5.8));
#6463 = VECTOR('',#6464,1.);
#6464 = DIRECTION('',(0.587785252292,0.809016994375,0.));
#6465 = CYLINDRICAL_SURFACE('',#6466,0.3);
#6466 = AXIS2_PLACEMENT_3D('',#6467,#6468,#6469);
#6467 = CARTESIAN_POINT('',(-17.37182188661,12.126940198538,6.1));
#6468 = DIRECTION('',(0.587785252292,0.809016994375,0.));
#6469 = DIRECTION('',(0.572061402818,-0.415626937777,-0.707106781187));
#6470 = ADVANCED_FACE('',(#6471),#6500,.T.);
#6471 = FACE_BOUND('',#6472,.T.);
#6472 = EDGE_LOOP('',(#6473,#6484,#6493));
#6473 = ORIENTED_EDGE('',*,*,#6474,.T.);
#6474 = EDGE_CURVE('',#6475,#6477,#6479,.T.);
#6475 = VERTEX_POINT('',#6476);
#6476 = CARTESIAN_POINT('',(-18.48861386597,10.589807909213,21.45));
#6477 = VERTEX_POINT('',#6478);
#6478 = CARTESIAN_POINT('',(-18.06957319197,10.656177431838,21.45));
#6479 = CIRCLE('',#6480,0.3);
#6480 = AXIS2_PLACEMENT_3D('',#6481,#6482,#6483);
#6481 = CARTESIAN_POINT('',(-18.31227829028,10.832513007526,21.45));
#6482 = DIRECTION('',(0.,0.,1.));
#6483 = DIRECTION('',(-0.587785252292,-0.809016994375,0.));
#6484 = ORIENTED_EDGE('',*,*,#6485,.T.);
#6485 = EDGE_CURVE('',#6477,#6486,#6488,.T.);
#6486 = VERTEX_POINT('',#6487);
#6487 = CARTESIAN_POINT('',(-18.31227829028,10.832513007526,21.75));
#6488 = CIRCLE('',#6489,0.3);
#6489 = AXIS2_PLACEMENT_3D('',#6490,#6491,#6492);
#6490 = CARTESIAN_POINT('',(-18.31227829028,10.832513007526,21.45));
#6491 = DIRECTION('',(-0.587785252292,-0.809016994375,
    -2.775557561563E-17));
#6492 = DIRECTION('',(0.572061402818,-0.415626937777,0.707106781187));
#6493 = ORIENTED_EDGE('',*,*,#6494,.T.);
#6494 = EDGE_CURVE('',#6486,#6475,#6495,.T.);
#6495 = CIRCLE('',#6496,0.3);
#6496 = AXIS2_PLACEMENT_3D('',#6497,#6498,#6499);
#6497 = CARTESIAN_POINT('',(-18.31227829028,10.832513007526,21.45));
#6498 = DIRECTION('',(0.809016994375,-0.587785252292,2.775557561563E-17)
  );
#6499 = DIRECTION('',(-0.415626937777,-0.572061402818,0.707106781187));
#6500 = SPHERICAL_SURFACE('',#6501,0.3);
#6501 = AXIS2_PLACEMENT_3D('',#6502,#6503,#6504);
#6502 = CARTESIAN_POINT('',(-18.31227829028,10.832513007526,21.45));
#6503 = DIRECTION('',(-0.991809208181,-0.103856330373,7.435292334377E-02
    ));
#6504 = DIRECTION('',(0.127728205845,-0.806444153118,0.57735026919));
#6505 = ADVANCED_FACE('',(#6506),#6522,.T.);
#6506 = FACE_BOUND('',#6507,.T.);
#6507 = EDGE_LOOP('',(#6508,#6509,#6515,#6516));
#6508 = ORIENTED_EDGE('',*,*,#6474,.F.);
#6509 = ORIENTED_EDGE('',*,*,#6510,.T.);
#6510 = EDGE_CURVE('',#6475,#5850,#6511,.T.);
#6511 = LINE('',#6512,#6513);
#6512 = CARTESIAN_POINT('',(-18.48861386597,10.589807909213,20.25));
#6513 = VECTOR('',#6514,1.);
#6514 = DIRECTION('',(0.,0.,-1.));
#6515 = ORIENTED_EDGE('',*,*,#5847,.F.);
#6516 = ORIENTED_EDGE('',*,*,#6517,.T.);
#6517 = EDGE_CURVE('',#5848,#6477,#6518,.T.);
#6518 = LINE('',#6519,#6520);
#6519 = CARTESIAN_POINT('',(-18.06957319197,10.656177431838,20.25));
#6520 = VECTOR('',#6521,1.);
#6521 = DIRECTION('',(0.,0.,1.));
#6522 = CYLINDRICAL_SURFACE('',#6523,0.3);
#6523 = AXIS2_PLACEMENT_3D('',#6524,#6525,#6526);
#6524 = CARTESIAN_POINT('',(-18.31227829028,10.832513007526,20.25));
#6525 = DIRECTION('',(0.,0.,-1.));
#6526 = DIRECTION('',(0.15643446504,-0.987688340595,0.));
#6527 = ADVANCED_FACE('',(#6528),#6552,.F.);
#6528 = FACE_BOUND('',#6529,.F.);
#6529 = EDGE_LOOP('',(#6530,#6531,#6538,#6545));
#6530 = ORIENTED_EDGE('',*,*,#836,.F.);
#6531 = ORIENTED_EDGE('',*,*,#6532,.F.);
#6532 = EDGE_CURVE('',#6430,#829,#6533,.T.);
#6533 = CIRCLE('',#6534,0.3);
#6534 = AXIS2_PLACEMENT_3D('',#6535,#6536,#6537);
#6535 = CARTESIAN_POINT('',(-18.24951404759,12.641014082217,19.95));
#6536 = DIRECTION('',(-0.569415048748,-0.822050182324,0.));
#6537 = DIRECTION('',(0.,0.,1.));
#6538 = ORIENTED_EDGE('',*,*,#6539,.F.);
#6539 = EDGE_CURVE('',#6091,#6430,#6540,.T.);
#6540 = CIRCLE('',#6541,22.2);
#6541 = AXIS2_PLACEMENT_3D('',#6542,#6543,#6544);
#6542 = CARTESIAN_POINT('',(4.440892098501E-15,-4.815648849472E-16,20.25
    ));
#6543 = DIRECTION('',(0.,0.,1.));
#6544 = DIRECTION('',(-0.809016994375,0.587785252292,0.));
#6545 = ORIENTED_EDGE('',*,*,#6546,.F.);
#6546 = EDGE_CURVE('',#696,#6091,#6547,.T.);
#6547 = CIRCLE('',#6548,0.3);
#6548 = AXIS2_PLACEMENT_3D('',#6549,#6550,#6551);
#6549 = CARTESIAN_POINT('',(-17.66172879526,13.450031076643,19.95));
#6550 = DIRECTION('',(0.605857255705,0.795573369156,0.));
#6551 = DIRECTION('',(-0.795573369156,0.605857255705,0.));
#6552 = TOROIDAL_SURFACE('',#6553,22.2,0.3);
#6553 = AXIS2_PLACEMENT_3D('',#6554,#6555,#6556);
#6554 = CARTESIAN_POINT('',(4.440892098501E-15,-4.815648849472E-16,19.95
    ));
#6555 = DIRECTION('',(0.,0.,1.));
#6556 = DIRECTION('',(1.,0.,-0.));
#6557 = ADVANCED_FACE('',(#6558),#6569,.F.);
#6558 = FACE_BOUND('',#6559,.F.);
#6559 = EDGE_LOOP('',(#6560,#6567,#6568));
#6560 = ORIENTED_EDGE('',*,*,#6561,.F.);
#6561 = EDGE_CURVE('',#5452,#829,#6562,.T.);
#6562 = CIRCLE('',#6563,0.3);
#6563 = AXIS2_PLACEMENT_3D('',#6564,#6565,#6566);
#6564 = CARTESIAN_POINT('',(-18.24951404759,12.641014082217,19.95));
#6565 = DIRECTION('',(0.,0.,-1.));
#6566 = DIRECTION('',(-0.985863942211,-0.167547866139,-0.));
#6567 = ORIENTED_EDGE('',*,*,#6437,.T.);
#6568 = ORIENTED_EDGE('',*,*,#6532,.T.);
#6569 = SPHERICAL_SURFACE('',#6570,0.3);
#6570 = AXIS2_PLACEMENT_3D('',#6571,#6572,#6573);
#6571 = CARTESIAN_POINT('',(-18.24951404759,12.641014082217,19.95));
#6572 = DIRECTION('',(-0.564963150323,-9.60156531045E-02,-0.819510605872
    ));
#6573 = DIRECTION('',(-0.807925956589,-0.137307253292,0.573064016375));
#6574 = ADVANCED_FACE('',(#6575),#6586,.F.);
#6575 = FACE_BOUND('',#6576,.F.);
#6576 = EDGE_LOOP('',(#6577,#6584,#6585));
#6577 = ORIENTED_EDGE('',*,*,#6578,.F.);
#6578 = EDGE_CURVE('',#696,#6100,#6579,.T.);
#6579 = CIRCLE('',#6580,0.3);
#6580 = AXIS2_PLACEMENT_3D('',#6581,#6582,#6583);
#6581 = CARTESIAN_POINT('',(-17.66172879526,13.450031076643,19.95));
#6582 = DIRECTION('',(0.,0.,-1.));
#6583 = DIRECTION('',(-0.145301222402,0.989387464429,0.));
#6584 = ORIENTED_EDGE('',*,*,#6546,.T.);
#6585 = ORIENTED_EDGE('',*,*,#6107,.T.);
#6586 = SPHERICAL_SURFACE('',#6587,0.3);
#6587 = AXIS2_PLACEMENT_3D('',#6588,#6589,#6590);
#6588 = CARTESIAN_POINT('',(-17.66172879526,13.450031076643,19.95));
#6589 = DIRECTION('',(-0.992885155369,-9.724019270458E-02,
    -6.872709196532E-02));
#6590 = DIRECTION('',(-0.119075892805,0.810813520416,0.573064016375));
#6591 = ADVANCED_FACE('',(#6592),#6608,.T.);
#6592 = FACE_BOUND('',#6593,.T.);
#6593 = EDGE_LOOP('',(#6594,#6595,#6601,#6602));
#6594 = ORIENTED_EDGE('',*,*,#6346,.F.);
#6595 = ORIENTED_EDGE('',*,*,#6596,.T.);
#6596 = EDGE_CURVE('',#6338,#6486,#6597,.T.);
#6597 = LINE('',#6598,#6599);
#6598 = CARTESIAN_POINT('',(-17.37182188661,12.126940198538,21.75));
#6599 = VECTOR('',#6600,1.);
#6600 = DIRECTION('',(-0.587785252292,-0.809016994375,0.));
#6601 = ORIENTED_EDGE('',*,*,#6485,.F.);
#6602 = ORIENTED_EDGE('',*,*,#6603,.T.);
#6603 = EDGE_CURVE('',#6477,#6327,#6604,.T.);
#6604 = LINE('',#6605,#6606);
#6605 = CARTESIAN_POINT('',(-17.12911678829,11.950604622851,21.45));
#6606 = VECTOR('',#6607,1.);
#6607 = DIRECTION('',(0.587785252292,0.809016994375,0.));
#6608 = CYLINDRICAL_SURFACE('',#6609,0.3);
#6609 = AXIS2_PLACEMENT_3D('',#6610,#6611,#6612);
#6610 = CARTESIAN_POINT('',(-17.37182188661,12.126940198538,21.45));
#6611 = DIRECTION('',(0.587785252292,0.809016994375,0.));
#6612 = DIRECTION('',(0.572061402818,-0.415626937777,0.707106781187));
#6613 = ADVANCED_FACE('',(#6614),#6641,.T.);
#6614 = FACE_BOUND('',#6615,.T.);
#6615 = EDGE_LOOP('',(#6616,#6617,#6625,#6635));
#6616 = ORIENTED_EDGE('',*,*,#6337,.F.);
#6617 = ORIENTED_EDGE('',*,*,#6618,.T.);
#6618 = EDGE_CURVE('',#6329,#6619,#6621,.T.);
#6619 = VERTEX_POINT('',#6620);
#6620 = CARTESIAN_POINT('',(-16.48467123467,14.819771060467,21.45));
#6621 = LINE('',#6622,#6623);
#6622 = CARTESIAN_POINT('',(-16.45224072575,14.79620891653,21.45));
#6623 = VECTOR('',#6624,1.);
#6624 = DIRECTION('',(-0.809016994375,0.587785252292,0.));
#6625 = ORIENTED_EDGE('',*,*,#6626,.F.);
#6626 = EDGE_CURVE('',#6627,#6619,#6629,.T.);
#6627 = VERTEX_POINT('',#6628);
#6628 = CARTESIAN_POINT('',(-16.71157386684,14.613805079205,21.75));
#6629 = B_SPLINE_CURVE_WITH_KNOTS('',3,(#6630,#6631,#6632,#6633,#6634),
  .UNSPECIFIED.,.F.,.F.,(4,1,4),(0.,4.724538027184E-02,
    9.449076054367E-02),.UNSPECIFIED.);
#6630 = CARTESIAN_POINT('',(-16.71157386684,14.613805079205,21.75));
#6631 = CARTESIAN_POINT('',(-16.65400033762,14.668910513645,21.75));
#6632 = CARTESIAN_POINT('',(-16.53614844804,14.776140467245,
    21.685245267887));
#6633 = CARTESIAN_POINT('',(-16.48467123467,14.819771060467,
    21.528742300453));
#6634 = CARTESIAN_POINT('',(-16.48467123467,14.819771060467,21.45));
#6635 = ORIENTED_EDGE('',*,*,#6636,.T.);
#6636 = EDGE_CURVE('',#6627,#6338,#6637,.T.);
#6637 = LINE('',#6638,#6639);
#6638 = CARTESIAN_POINT('',(-16.62857630144,14.553503818218,21.75));
#6639 = VECTOR('',#6640,1.);
#6640 = DIRECTION('',(0.809016994375,-0.587785252292,0.));
#6641 = CYLINDRICAL_SURFACE('',#6642,0.3);
#6642 = AXIS2_PLACEMENT_3D('',#6643,#6644,#6645);
#6643 = CARTESIAN_POINT('',(-16.62857630144,14.553503818218,21.45));
#6644 = DIRECTION('',(-0.809016994375,0.587785252292,0.));
#6645 = DIRECTION('',(0.415626937777,0.572061402818,0.707106781187));
#6646 = ADVANCED_FACE('',(#6647),#6658,.T.);
#6647 = FACE_BOUND('',#6648,.T.);
#6648 = EDGE_LOOP('',(#6649,#6650,#6651,#6657));
#6649 = ORIENTED_EDGE('',*,*,#6369,.F.);
#6650 = ORIENTED_EDGE('',*,*,#6281,.F.);
#6651 = ORIENTED_EDGE('',*,*,#6652,.F.);
#6652 = EDGE_CURVE('',#6619,#6273,#6653,.T.);
#6653 = LINE('',#6654,#6655);
#6654 = CARTESIAN_POINT('',(-16.48467123467,14.819771060467,18.75));
#6655 = VECTOR('',#6656,1.);
#6656 = DIRECTION('',(0.,0.,-1.));
#6657 = ORIENTED_EDGE('',*,*,#6618,.F.);
#6658 = PLANE('',#6659);
#6659 = AXIS2_PLACEMENT_3D('',#6660,#6661,#6662);
#6660 = CARTESIAN_POINT('',(-16.75562209864,15.01662838614,20.25));
#6661 = DIRECTION('',(0.587785252292,0.809016994375,0.));
#6662 = DIRECTION('',(0.809016994375,-0.587785252292,0.));
#6663 = ADVANCED_FACE('',(#6664),#6676,.F.);
#6664 = FACE_BOUND('',#6665,.F.);
#6665 = EDGE_LOOP('',(#6666,#6667,#6674,#6675));
#6666 = ORIENTED_EDGE('',*,*,#6652,.F.);
#6667 = ORIENTED_EDGE('',*,*,#6668,.F.);
#6668 = EDGE_CURVE('',#745,#6619,#6669,.T.);
#6669 = CIRCLE('',#6670,0.3);
#6670 = AXIS2_PLACEMENT_3D('',#6671,#6672,#6673);
#6671 = CARTESIAN_POINT('',(-16.30833565898,15.062476158779,21.45));
#6672 = DIRECTION('',(0.,0.,1.));
#6673 = DIRECTION('',(-0.734609714369,0.678489917062,0.));
#6674 = ORIENTED_EDGE('',*,*,#744,.F.);
#6675 = ORIENTED_EDGE('',*,*,#6303,.T.);
#6676 = CYLINDRICAL_SURFACE('',#6677,0.3);
#6677 = AXIS2_PLACEMENT_3D('',#6678,#6679,#6680);
#6678 = CARTESIAN_POINT('',(-16.30833565898,15.062476158779,18.75));
#6679 = DIRECTION('',(0.,0.,-1.));
#6680 = DIRECTION('',(-0.995163963805,-9.822772085292E-02,-0.));
#6681 = ADVANCED_FACE('',(#6682),#6690,.T.);
#6682 = FACE_BOUND('',#6683,.T.);
#6683 = EDGE_LOOP('',(#6684,#6685,#6686,#6687,#6688,#6689));
#6684 = ORIENTED_EDGE('',*,*,#6311,.F.);
#6685 = ORIENTED_EDGE('',*,*,#6288,.F.);
#6686 = ORIENTED_EDGE('',*,*,#6256,.F.);
#6687 = ORIENTED_EDGE('',*,*,#6199,.F.);
#6688 = ORIENTED_EDGE('',*,*,#6176,.F.);
#6689 = ORIENTED_EDGE('',*,*,#720,.F.);
#6690 = PLANE('',#6691);
#6691 = AXIS2_PLACEMENT_3D('',#6692,#6693,#6694);
#6692 = CARTESIAN_POINT('',(-17.50076543315,12.715050359833,5.8));
#6693 = DIRECTION('',(0.,0.,-1.));
#6694 = DIRECTION('',(-1.,0.,0.));
#6695 = ADVANCED_FACE('',(#6696),#6707,.T.);
#6696 = FACE_BOUND('',#6697,.T.);
#6697 = EDGE_LOOP('',(#6698,#6699,#6700,#6701));
#6698 = ORIENTED_EDGE('',*,*,#6192,.F.);
#6699 = ORIENTED_EDGE('',*,*,#6391,.F.);
#6700 = ORIENTED_EDGE('',*,*,#6099,.F.);
#6701 = ORIENTED_EDGE('',*,*,#6702,.F.);
#6702 = EDGE_CURVE('',#6160,#6100,#6703,.T.);
#6703 = LINE('',#6704,#6705);
#6704 = CARTESIAN_POINT('',(-17.48539321957,13.692736174955,18.75));
#6705 = VECTOR('',#6706,1.);
#6706 = DIRECTION('',(0.,0.,1.));
#6707 = PLANE('',#6708);
#6708 = AXIS2_PLACEMENT_3D('',#6709,#6710,#6711);
#6709 = CARTESIAN_POINT('',(-16.42377448552,12.921425016139,20.25));
#6710 = DIRECTION('',(-0.587785252292,-0.809016994375,0.));
#6711 = DIRECTION('',(-0.809016994375,0.587785252292,0.));
#6712 = ADVANCED_FACE('',(#6713),#6719,.F.);
#6713 = FACE_BOUND('',#6714,.F.);
#6714 = EDGE_LOOP('',(#6715,#6716,#6717,#6718));
#6715 = ORIENTED_EDGE('',*,*,#695,.F.);
#6716 = ORIENTED_EDGE('',*,*,#6578,.T.);
#6717 = ORIENTED_EDGE('',*,*,#6702,.F.);
#6718 = ORIENTED_EDGE('',*,*,#6168,.T.);
#6719 = CYLINDRICAL_SURFACE('',#6720,0.3);
#6720 = AXIS2_PLACEMENT_3D('',#6721,#6722,#6723);
#6721 = CARTESIAN_POINT('',(-17.66172879526,13.450031076643,18.75));
#6722 = DIRECTION('',(0.,0.,1.));
#6723 = DIRECTION('',(-0.145301222402,0.989387464429,0.));
#6724 = ADVANCED_FACE('',(#6725),#6731,.F.);
#6725 = FACE_BOUND('',#6726,.T.);
#6726 = EDGE_LOOP('',(#6727,#6728,#6729,#6730));
#6727 = ORIENTED_EDGE('',*,*,#6090,.F.);
#6728 = ORIENTED_EDGE('',*,*,#6406,.F.);
#6729 = ORIENTED_EDGE('',*,*,#6429,.F.);
#6730 = ORIENTED_EDGE('',*,*,#6539,.F.);
#6731 = PLANE('',#6732);
#6732 = AXIS2_PLACEMENT_3D('',#6733,#6734,#6735);
#6733 = CARTESIAN_POINT('',(-17.50076543315,12.715050359833,20.25));
#6734 = DIRECTION('',(0.,0.,1.));
#6735 = DIRECTION('',(1.,0.,-0.));
#6736 = ADVANCED_FACE('',(#6737),#6743,.F.);
#6737 = FACE_BOUND('',#6738,.F.);
#6738 = EDGE_LOOP('',(#6739,#6740,#6741,#6742));
#6739 = ORIENTED_EDGE('',*,*,#5451,.F.);
#6740 = ORIENTED_EDGE('',*,*,#6561,.T.);
#6741 = ORIENTED_EDGE('',*,*,#828,.F.);
#6742 = ORIENTED_EDGE('',*,*,#5989,.T.);
#6743 = CYLINDRICAL_SURFACE('',#6744,0.3);
#6744 = AXIS2_PLACEMENT_3D('',#6745,#6746,#6747);
#6745 = CARTESIAN_POINT('',(-18.24951404759,12.641014082217,18.75));
#6746 = DIRECTION('',(0.,0.,-1.));
#6747 = DIRECTION('',(-0.985863942211,-0.167547866139,-0.));
#6748 = ADVANCED_FACE('',(#6749),#6761,.T.);
#6749 = FACE_BOUND('',#6750,.T.);
#6750 = EDGE_LOOP('',(#6751,#6752,#6753,#6754));
#6751 = ORIENTED_EDGE('',*,*,#6626,.T.);
#6752 = ORIENTED_EDGE('',*,*,#6668,.F.);
#6753 = ORIENTED_EDGE('',*,*,#752,.T.);
#6754 = ORIENTED_EDGE('',*,*,#6755,.F.);
#6755 = EDGE_CURVE('',#6627,#753,#6756,.T.);
#6756 = CIRCLE('',#6757,0.3);
#6757 = AXIS2_PLACEMENT_3D('',#6758,#6759,#6760);
#6758 = CARTESIAN_POINT('',(-16.71157386684,14.613805079205,22.05));
#6759 = DIRECTION('',(0.658279508072,0.752773597606,0.));
#6760 = DIRECTION('',(0.,0.,-1.));
#6761 = B_SPLINE_SURFACE_WITH_KNOTS('',3,3,(
    (#6762,#6763,#6764,#6765,#6766)
    ,(#6767,#6768,#6769,#6770,#6771)
    ,(#6772,#6773,#6774,#6775,#6776)
    ,(#6777,#6778,#6779,#6780,#6781)
    ,(#6782,#6783,#6784,#6785,#6786
  )),.UNSPECIFIED.,.F.,.F.,.F.,(4,1,4),(4,1,4),(0.,0.5,1.),(0.,
    4.724538027184E-02,9.449076054367E-02),.UNSPECIFIED.);
#6762 = CARTESIAN_POINT('',(-16.93740594612,14.811288931626,22.05));
#6763 = CARTESIAN_POINT('',(-16.83233612962,14.931441211618,22.05));
#6764 = CARTESIAN_POINT('',(-16.61994465421,15.168050779001,
    21.920490535775));
#6765 = CARTESIAN_POINT('',(-16.52871857329,15.266023133898,
    21.607484600906));
#6766 = CARTESIAN_POINT('',(-16.52871857329,15.266023133898,21.45));
#6767 = CARTESIAN_POINT('',(-16.93740594612,14.811288931626,
    21.97146018366));
#6768 = CARTESIAN_POINT('',(-16.84584698748,14.916049228603,
    21.970271111644));
#6769 = CARTESIAN_POINT('',(-16.66265471949,15.120904496395,
    21.854456160793));
#6770 = CARTESIAN_POINT('',(-16.58598932532,15.204015357908,
    21.585119595325));
#6771 = CARTESIAN_POINT('',(-16.58598932532,15.204015357908,21.45));
#6772 = CARTESIAN_POINT('',(-16.88843537252,14.768465531334,
    21.815053521744));
#6773 = CARTESIAN_POINT('',(-16.82233333396,14.840917278049,
    21.811593275677));
#6774 = CARTESIAN_POINT('',(-16.69385354898,14.978244271309,
    21.723532286215));
#6775 = CARTESIAN_POINT('',(-16.64420848267,15.029323810857,
    21.540919311304));
#6776 = CARTESIAN_POINT('',(-16.64420848267,15.029323810857,21.45));
#6777 = CARTESIAN_POINT('',(-16.77069656694,14.665506230869,21.75));
#6778 = CARTESIAN_POINT('',(-16.71374765933,14.721681138752,
    21.748108572458));
#6779 = CARTESIAN_POINT('',(-16.59988275416,14.828663590493,
    21.678141128055));
#6780 = CARTESIAN_POINT('',(-16.55295966535,14.869385509529,
    21.525901082595));
#6781 = CARTESIAN_POINT('',(-16.55295966535,14.869385509529,21.45));
#6782 = CARTESIAN_POINT('',(-16.71157386684,14.613805079205,21.75));
#6783 = CARTESIAN_POINT('',(-16.65400033762,14.668910513645,21.75));
#6784 = CARTESIAN_POINT('',(-16.53614844804,14.776140467245,
    21.685245267887));
#6785 = CARTESIAN_POINT('',(-16.48467123467,14.819771060467,
    21.528742300453));
#6786 = CARTESIAN_POINT('',(-16.48467123467,14.819771060467,21.45));
#6787 = ADVANCED_FACE('',(#6788),#6817,.T.);
#6788 = FACE_BOUND('',#6789,.T.);
#6789 = EDGE_LOOP('',(#6790,#6791,#6800,#6810));
#6790 = ORIENTED_EDGE('',*,*,#771,.T.);
#6791 = ORIENTED_EDGE('',*,*,#6792,.F.);
#6792 = EDGE_CURVE('',#6793,#772,#6795,.T.);
#6793 = VERTEX_POINT('',#6794);
#6794 = CARTESIAN_POINT('',(-19.18848339525,11.098292886291,21.45));
#6795 = CIRCLE('',#6796,0.3);
#6796 = AXIS2_PLACEMENT_3D('',#6797,#6798,#6799);
#6797 = CARTESIAN_POINT('',(-19.36481897094,10.855587787978,21.45));
#6798 = DIRECTION('',(0.,0.,1.));
#6799 = DIRECTION('',(0.587785252292,0.809016994375,-0.));
#6800 = ORIENTED_EDGE('',*,*,#6801,.T.);
#6801 = EDGE_CURVE('',#6793,#6802,#6804,.T.);
#6802 = VERTEX_POINT('',#6803);
#6803 = CARTESIAN_POINT('',(-19.06271487605,11.377737101653,21.75));
#6804 = B_SPLINE_CURVE_WITH_KNOTS('',3,(#6805,#6806,#6807,#6808,#6809),
  .UNSPECIFIED.,.F.,.F.,(4,1,4),(1.385323355014E-16,4.724538744396E-02,
    9.449077488792E-02),.UNSPECIFIED.);
#6805 = CARTESIAN_POINT('',(-19.18848339525,11.098292886291,21.45));
#6806 = CARTESIAN_POINT('',(-19.18848339525,11.098292886291,
    21.528742312407));
#6807 = CARTESIAN_POINT('',(-19.16289320608,11.160738770095,
    21.685250689566));
#6808 = CARTESIAN_POINT('',(-19.09733206485,11.305952894896,21.75));
#6809 = CARTESIAN_POINT('',(-19.06271487605,11.377737101653,21.75));
#6810 = ORIENTED_EDGE('',*,*,#6811,.F.);
#6811 = EDGE_CURVE('',#763,#6802,#6812,.T.);
#6812 = CIRCLE('',#6813,0.3);
#6813 = AXIS2_PLACEMENT_3D('',#6814,#6815,#6816);
#6814 = CARTESIAN_POINT('',(-19.06271487605,11.377737101653,22.05));
#6815 = DIRECTION('',(-0.512510680255,-0.858680850273,1.014885605575E-14
    ));
#6816 = DIRECTION('',(-0.858680850273,0.512510680255,-7.88860905221E-31)
  );
#6817 = B_SPLINE_SURFACE_WITH_KNOTS('',3,3,(
    (#6818,#6819,#6820,#6821,#6822)
    ,(#6823,#6824,#6825,#6826,#6827)
    ,(#6828,#6829,#6830,#6831,#6832)
    ,(#6833,#6834,#6835,#6836,#6837)
    ,(#6838,#6839,#6840,#6841,#6842
  )),.UNSPECIFIED.,.F.,.F.,.F.,(4,1,4),(4,1,4),(0.,0.5,1.),(
    1.385323355014E-16,4.724538744396E-02,9.449077488792E-02),
  .UNSPECIFIED.);
#6818 = CARTESIAN_POINT('',(-19.62650571379,11.002284920248,21.45));
#6819 = CARTESIAN_POINT('',(-19.62650571379,11.002284920248,
    21.607484624813));
#6820 = CARTESIAN_POINT('',(-19.56151297956,11.119331646721,
    21.920501379132));
#6821 = CARTESIAN_POINT('',(-19.40212239349,11.394433854845,22.05));
#6822 = CARTESIAN_POINT('',(-19.32031913113,11.53149030573,22.05));
#6823 = CARTESIAN_POINT('',(-19.58523045003,11.075914098721,21.45));
#6824 = CARTESIAN_POINT('',(-19.58523045003,11.075914098721,
    21.585119615837));
#6825 = CARTESIAN_POINT('',(-19.52987316327,11.174518785761,
    21.854465629947));
#6826 = CARTESIAN_POINT('',(-19.39165883084,11.41203983125,
    21.970271111463));
#6827 = CARTESIAN_POINT('',(-19.32031913113,11.53149030573,
    21.97146018366));
#6828 = CARTESIAN_POINT('',(-19.4370800317,11.18526832051,21.45));
#6829 = CARTESIAN_POINT('',(-19.4370800317,11.18526832051,
    21.540919325106));
#6830 = CARTESIAN_POINT('',(-19.40383872236,11.248273296002,
    21.723538525968));
#6831 = CARTESIAN_POINT('',(-19.31293885695,11.412894597386,
    21.811592251168));
#6832 = CARTESIAN_POINT('',(-19.26445979704,11.498150205851,
    21.81505249776));
#6833 = CARTESIAN_POINT('',(-19.25677182594,11.147907335353,21.45));
#6834 = CARTESIAN_POINT('',(-19.25677182594,11.147907335353,
    21.525901094117));
#6835 = CARTESIAN_POINT('',(-19.23254070456,11.205122823927,
    21.67814660205));
#6836 = CARTESIAN_POINT('',(-19.16598284969,11.346468954625,
    21.748108572171));
#6837 = CARTESIAN_POINT('',(-19.13015551232,11.417989596353,21.75));
#6838 = CARTESIAN_POINT('',(-19.18848339525,11.098292886291,21.45));
#6839 = CARTESIAN_POINT('',(-19.18848339525,11.098292886291,
    21.528742312407));
#6840 = CARTESIAN_POINT('',(-19.16289320608,11.160738770095,
    21.685250689566));
#6841 = CARTESIAN_POINT('',(-19.09733206485,11.305952894896,21.75));
#6842 = CARTESIAN_POINT('',(-19.06271487605,11.377737101653,21.75));
#6843 = ADVANCED_FACE('',(#6844),#6855,.F.);
#6844 = FACE_BOUND('',#6845,.F.);
#6845 = EDGE_LOOP('',(#6846,#6847,#6848,#6854));
#6846 = ORIENTED_EDGE('',*,*,#781,.F.);
#6847 = ORIENTED_EDGE('',*,*,#6792,.F.);
#6848 = ORIENTED_EDGE('',*,*,#6849,.F.);
#6849 = EDGE_CURVE('',#5885,#6793,#6850,.T.);
#6850 = LINE('',#6851,#6852);
#6851 = CARTESIAN_POINT('',(-19.18848339525,11.098292886291,18.75));
#6852 = VECTOR('',#6853,1.);
#6853 = DIRECTION('',(0.,0.,1.));
#6854 = ORIENTED_EDGE('',*,*,#5893,.T.);
#6855 = CYLINDRICAL_SURFACE('',#6856,0.3);
#6856 = AXIS2_PLACEMENT_3D('',#6857,#6858,#6859);
#6857 = CARTESIAN_POINT('',(-19.36481897094,10.855587787978,18.75));
#6858 = DIRECTION('',(0.,0.,1.));
#6859 = DIRECTION('',(-0.214102463007,0.976811207621,0.));
#6860 = ADVANCED_FACE('',(#6861),#6877,.T.);
#6861 = FACE_BOUND('',#6862,.T.);
#6862 = EDGE_LOOP('',(#6863,#6864,#6870,#6871));
#6863 = ORIENTED_EDGE('',*,*,#6494,.F.);
#6864 = ORIENTED_EDGE('',*,*,#6865,.T.);
#6865 = EDGE_CURVE('',#6486,#6802,#6866,.T.);
#6866 = LINE('',#6867,#6868);
#6867 = CARTESIAN_POINT('',(-18.37295456486,10.876596901448,21.75));
#6868 = VECTOR('',#6869,1.);
#6869 = DIRECTION('',(-0.809016994375,0.587785252292,0.));
#6870 = ORIENTED_EDGE('',*,*,#6801,.F.);
#6871 = ORIENTED_EDGE('',*,*,#6872,.T.);
#6872 = EDGE_CURVE('',#6793,#6475,#6873,.T.);
#6873 = LINE('',#6874,#6875);
#6874 = CARTESIAN_POINT('',(-18.54929014055,10.633891803135,21.45));
#6875 = VECTOR('',#6876,1.);
#6876 = DIRECTION('',(0.809016994375,-0.587785252292,0.));
#6877 = CYLINDRICAL_SURFACE('',#6878,0.3);
#6878 = AXIS2_PLACEMENT_3D('',#6879,#6880,#6881);
#6879 = CARTESIAN_POINT('',(-18.37295456486,10.876596901448,21.45));
#6880 = DIRECTION('',(0.809016994375,-0.587785252292,0.));
#6881 = DIRECTION('',(-0.415626937777,-0.572061402818,0.707106781187));
#6882 = ADVANCED_FACE('',(#6883),#6895,.F.);
#6883 = FACE_BOUND('',#6884,.F.);
#6884 = EDGE_LOOP('',(#6885,#6892,#6893,#6894));
#6885 = ORIENTED_EDGE('',*,*,#6886,.F.);
#6886 = EDGE_CURVE('',#6802,#6627,#6887,.T.);
#6887 = CIRCLE('',#6888,22.2);
#6888 = AXIS2_PLACEMENT_3D('',#6889,#6890,#6891);
#6889 = CARTESIAN_POINT('',(4.440892098501E-15,-4.815648849472E-16,21.75
    ));
#6890 = DIRECTION('',(0.,0.,-1.));
#6891 = DIRECTION('',(-0.809016994375,0.587785252292,0.));
#6892 = ORIENTED_EDGE('',*,*,#6811,.F.);
#6893 = ORIENTED_EDGE('',*,*,#762,.F.);
#6894 = ORIENTED_EDGE('',*,*,#6755,.F.);
#6895 = TOROIDAL_SURFACE('',#6896,22.2,0.3);
#6896 = AXIS2_PLACEMENT_3D('',#6897,#6898,#6899);
#6897 = CARTESIAN_POINT('',(4.440892098501E-15,-4.815648849472E-16,22.05
    ));
#6898 = DIRECTION('',(0.,0.,-1.));
#6899 = DIRECTION('',(-1.,0.,0.));
#6900 = ADVANCED_FACE('',(#6901),#6913,.T.);
#6901 = FACE_BOUND('',#6902,.T.);
#6902 = EDGE_LOOP('',(#6903,#6904,#6905,#6906,#6907,#6908,#6909,#6910,
    #6911,#6912));
#6903 = ORIENTED_EDGE('',*,*,#6362,.F.);
#6904 = ORIENTED_EDGE('',*,*,#6603,.F.);
#6905 = ORIENTED_EDGE('',*,*,#6517,.F.);
#6906 = ORIENTED_EDGE('',*,*,#6453,.F.);
#6907 = ORIENTED_EDGE('',*,*,#5408,.F.);
#6908 = ORIENTED_EDGE('',*,*,#6030,.F.);
#6909 = ORIENTED_EDGE('',*,*,#6413,.F.);
#6910 = ORIENTED_EDGE('',*,*,#6075,.F.);
#6911 = ORIENTED_EDGE('',*,*,#6384,.F.);
#6912 = ORIENTED_EDGE('',*,*,#6249,.F.);
#6913 = PLANE('',#6914);
#6914 = AXIS2_PLACEMENT_3D('',#6915,#6916,#6917);
#6915 = CARTESIAN_POINT('',(-17.36423088922,11.626997825088,20.25));
#6916 = DIRECTION('',(0.809016994375,-0.587785252292,0.));
#6917 = DIRECTION('',(-0.587785252292,-0.809016994375,0.));
#6918 = ADVANCED_FACE('',(#6919),#6925,.T.);
#6919 = FACE_BOUND('',#6920,.T.);
#6920 = EDGE_LOOP('',(#6921,#6922,#6923,#6924));
#6921 = ORIENTED_EDGE('',*,*,#6510,.F.);
#6922 = ORIENTED_EDGE('',*,*,#6872,.F.);
#6923 = ORIENTED_EDGE('',*,*,#6849,.F.);
#6924 = ORIENTED_EDGE('',*,*,#5917,.F.);
#6925 = PLANE('',#6926);
#6926 = AXIS2_PLACEMENT_3D('',#6927,#6928,#6929);
#6927 = CARTESIAN_POINT('',(-18.24590876766,10.413472333525,20.25));
#6928 = DIRECTION('',(-0.587785252292,-0.809016994375,0.));
#6929 = DIRECTION('',(-0.809016994375,0.587785252292,0.));
#6930 = ADVANCED_FACE('',(#6931),#6937,.T.);
#6931 = FACE_BOUND('',#6932,.T.);
#6932 = EDGE_LOOP('',(#6933,#6934,#6935,#6936));
#6933 = ORIENTED_EDGE('',*,*,#6596,.F.);
#6934 = ORIENTED_EDGE('',*,*,#6636,.F.);
#6935 = ORIENTED_EDGE('',*,*,#6886,.F.);
#6936 = ORIENTED_EDGE('',*,*,#6865,.F.);
#6937 = PLANE('',#6938);
#6938 = AXIS2_PLACEMENT_3D('',#6939,#6940,#6941);
#6939 = CARTESIAN_POINT('',(-17.50076543315,12.715050359833,21.75));
#6940 = DIRECTION('',(0.,0.,1.));
#6941 = DIRECTION('',(1.,0.,-0.));
#6942 = ADVANCED_FACE('',(#6943),#6951,.T.);
#6943 = FACE_BOUND('',#6944,.T.);
#6944 = EDGE_LOOP('',(#6945,#6946,#6947,#6948,#6949,#6950));
#6945 = ORIENTED_EDGE('',*,*,#5901,.F.);
#6946 = ORIENTED_EDGE('',*,*,#804,.F.);
#6947 = ORIENTED_EDGE('',*,*,#5997,.F.);
#6948 = ORIENTED_EDGE('',*,*,#5974,.F.);
#6949 = ORIENTED_EDGE('',*,*,#6460,.F.);
#6950 = ORIENTED_EDGE('',*,*,#5924,.F.);
#6951 = PLANE('',#6952);
#6952 = AXIS2_PLACEMENT_3D('',#6953,#6954,#6955);
#6953 = CARTESIAN_POINT('',(-17.50076543315,12.715050359833,5.8));
#6954 = DIRECTION('',(0.,0.,-1.));
#6955 = DIRECTION('',(-1.,0.,0.));
#6956 = ADVANCED_FACE('',(#6957),#6995,.F.);
#6957 = FACE_BOUND('',#6958,.F.);
#6958 = EDGE_LOOP('',(#6959,#6970,#6979,#6988));
#6959 = ORIENTED_EDGE('',*,*,#6960,.F.);
#6960 = EDGE_CURVE('',#6961,#6963,#6965,.T.);
#6961 = VERTEX_POINT('',#6962);
#6962 = CARTESIAN_POINT('',(5.861974208319,20.43194673477,9.477531480394
    ));
#6963 = VERTEX_POINT('',#6964);
#6964 = CARTESIAN_POINT('',(5.852510562866,20.402820628959,
    9.485737424413));
#6965 = CIRCLE('',#6966,6.125E-02);
#6966 = AXIS2_PLACEMENT_3D('',#6967,#6968,#6969);
#6967 = CARTESIAN_POINT('',(5.861974208319,20.43194673477,9.538781480394
    ));
#6968 = DIRECTION('',(-0.951056516295,0.309016994375,-2.775557561563E-17
    ));
#6969 = DIRECTION('',(-0.218508012224,-0.672498511964,-0.707106781187));
#6970 = ORIENTED_EDGE('',*,*,#6971,.F.);
#6971 = EDGE_CURVE('',#6972,#6961,#6974,.T.);
#6972 = VERTEX_POINT('',#6973);
#6973 = CARTESIAN_POINT('',(5.803721996696,20.450874025676,
    9.416281480394));
#6974 = CIRCLE('',#6975,6.125E-02);
#6975 = AXIS2_PLACEMENT_3D('',#6976,#6977,#6978);
#6976 = CARTESIAN_POINT('',(5.861974208319,20.43194673477,9.416281480394
    ));
#6977 = DIRECTION('',(0.309016994375,0.951056516295,5.601269912743E-15)
  );
#6978 = DIRECTION('',(-0.951056516295,0.309016994375,0.));
#6979 = ORIENTED_EDGE('',*,*,#6980,.F.);
#6980 = EDGE_CURVE('',#6981,#6972,#6983,.T.);
#6981 = VERTEX_POINT('',#6982);
#6982 = CARTESIAN_POINT('',(5.784794705791,20.392621814053,
    9.432693368431));
#6983 = CIRCLE('',#6984,0.1225);
#6984 = AXIS2_PLACEMENT_3D('',#6985,#6986,#6987);
#6985 = CARTESIAN_POINT('',(5.803721996696,20.450874025676,
    9.538781480394));
#6986 = DIRECTION('',(0.951056516295,-0.309016994375,2.775557561563E-17)
  );
#6987 = DIRECTION('',(-0.218508012224,-0.672498511964,-0.707106781187));
#6988 = ORIENTED_EDGE('',*,*,#6989,.F.);
#6989 = EDGE_CURVE('',#6963,#6981,#6990,.T.);
#6990 = CIRCLE('',#6991,6.125E-02);
#6991 = AXIS2_PLACEMENT_3D('',#6992,#6993,#6994);
#6992 = CARTESIAN_POINT('',(5.843046917414,20.373694523147,
    9.432693368431));
#6993 = DIRECTION('',(-0.26761656733,-0.823639103546,0.5));
#6994 = DIRECTION('',(0.154508497187,0.475528258148,0.866025403784));
#6995 = TOROIDAL_SURFACE('',#6996,0.1225,6.125E-02);
#6996 = AXIS2_PLACEMENT_3D('',#6997,#6998,#6999);
#6997 = CARTESIAN_POINT('',(5.861974208319,20.43194673477,9.538781480394
    ));
#6998 = DIRECTION('',(-0.951056516295,0.309016994375,0.));
#6999 = DIRECTION('',(0.,0.,1.));
#7000 = ADVANCED_FACE('',(#7001),#7027,.F.);
#7001 = FACE_BOUND('',#7002,.F.);
#7002 = EDGE_LOOP('',(#7003,#7011,#7012,#7020));
#7003 = ORIENTED_EDGE('',*,*,#7004,.F.);
#7004 = EDGE_CURVE('',#6972,#7005,#7007,.T.);
#7005 = VERTEX_POINT('',#7006);
#7006 = CARTESIAN_POINT('',(5.920375912073,20.809897860577,
    9.416281480394));
#7007 = LINE('',#7008,#7009);
#7008 = CARTESIAN_POINT('',(5.986217783955,21.012538305725,
    9.416281480394));
#7009 = VECTOR('',#7010,1.);
#7010 = DIRECTION('',(0.309016994375,0.951056516295,0.));
#7011 = ORIENTED_EDGE('',*,*,#6971,.T.);
#7012 = ORIENTED_EDGE('',*,*,#7013,.F.);
#7013 = EDGE_CURVE('',#7014,#6961,#7016,.T.);
#7014 = VERTEX_POINT('',#7015);
#7015 = CARTESIAN_POINT('',(5.978628123696,20.790970569672,
    9.477531480394));
#7016 = LINE('',#7017,#7018);
#7017 = CARTESIAN_POINT('',(6.044469995578,20.99361101482,9.477531480394
    ));
#7018 = VECTOR('',#7019,1.);
#7019 = DIRECTION('',(-0.309016994375,-0.951056516295,0.));
#7020 = ORIENTED_EDGE('',*,*,#7021,.F.);
#7021 = EDGE_CURVE('',#7005,#7014,#7022,.T.);
#7022 = CIRCLE('',#7023,6.125E-02);
#7023 = AXIS2_PLACEMENT_3D('',#7024,#7025,#7026);
#7024 = CARTESIAN_POINT('',(5.978628123696,20.790970569672,
    9.416281480394));
#7025 = DIRECTION('',(0.309016994375,0.951056516295,0.));
#7026 = DIRECTION('',(-0.951056516295,0.309016994375,0.));
#7027 = CYLINDRICAL_SURFACE('',#7028,6.125E-02);
#7028 = AXIS2_PLACEMENT_3D('',#7029,#7030,#7031);
#7029 = CARTESIAN_POINT('',(6.044469995578,20.99361101482,9.416281480394
    ));
#7030 = DIRECTION('',(-0.309016994375,-0.951056516295,0.));
#7031 = DIRECTION('',(-0.672498511964,0.218508012224,0.707106781187));
#7032 = ADVANCED_FACE('',(#7033),#7061,.F.);
#7033 = FACE_BOUND('',#7034,.F.);
#7034 = EDGE_LOOP('',(#7035,#7044,#7053,#7060));
#7035 = ORIENTED_EDGE('',*,*,#7036,.F.);
#7036 = EDGE_CURVE('',#7037,#7014,#7039,.T.);
#7037 = VERTEX_POINT('',#7038);
#7038 = CARTESIAN_POINT('',(5.997555414601,20.849222781295,
    9.538781480394));
#7039 = CIRCLE('',#7040,6.125E-02);
#7040 = AXIS2_PLACEMENT_3D('',#7041,#7042,#7043);
#7041 = CARTESIAN_POINT('',(5.978628123696,20.790970569672,
    9.538781480394));
#7042 = DIRECTION('',(-0.951056516295,0.309016994375,0.));
#7043 = DIRECTION('',(0.309016994375,0.951056516295,0.));
#7044 = ORIENTED_EDGE('',*,*,#7045,.F.);
#7045 = EDGE_CURVE('',#7046,#7037,#7048,.T.);
#7046 = VERTEX_POINT('',#7047);
#7047 = CARTESIAN_POINT('',(5.958230493884,20.926402283823,
    9.538781480394));
#7048 = CIRCLE('',#7049,6.125E-02);
#7049 = AXIS2_PLACEMENT_3D('',#7050,#7051,#7052);
#7050 = CARTESIAN_POINT('',(6.016482705507,20.907474992918,
    9.538781480394));
#7051 = DIRECTION('',(0.,0.,1.));
#7052 = DIRECTION('',(-0.891006524188,-0.45399049974,0.));
#7053 = ORIENTED_EDGE('',*,*,#7054,.F.);
#7054 = EDGE_CURVE('',#7005,#7046,#7055,.T.);
#7055 = CIRCLE('',#7056,0.1225);
#7056 = AXIS2_PLACEMENT_3D('',#7057,#7058,#7059);
#7057 = CARTESIAN_POINT('',(5.920375912073,20.809897860577,
    9.538781480394));
#7058 = DIRECTION('',(0.951056516295,-0.309016994375,2.775557561563E-17)
  );
#7059 = DIRECTION('',(0.269818698219,0.83041656553,-0.487448661691));
#7060 = ORIENTED_EDGE('',*,*,#7021,.T.);
#7061 = TOROIDAL_SURFACE('',#7062,0.1225,6.125E-02);
#7062 = AXIS2_PLACEMENT_3D('',#7063,#7064,#7065);
#7063 = CARTESIAN_POINT('',(5.978628123696,20.790970569672,
    9.538781480394));
#7064 = DIRECTION('',(0.951056516295,-0.309016994375,0.));
#7065 = DIRECTION('',(0.,0.,-1.));
#7066 = ADVANCED_FACE('',(#7067),#7103,.F.);
#7067 = FACE_BOUND('',#7068,.F.);
#7068 = EDGE_LOOP('',(#7069,#7079,#7088,#7096));
#7069 = ORIENTED_EDGE('',*,*,#7070,.F.);
#7070 = EDGE_CURVE('',#7071,#7073,#7075,.T.);
#7071 = VERTEX_POINT('',#7072);
#7072 = CARTESIAN_POINT('',(5.764945594995,20.345588500493,
    9.916281480394));
#7073 = VERTEX_POINT('',#7074);
#7074 = CARTESIAN_POINT('',(5.764945594995,20.345588500493,
    9.538781480394));
#7075 = LINE('',#7076,#7077);
#7076 = CARTESIAN_POINT('',(5.764945594995,20.345588500493,20.25));
#7077 = VECTOR('',#7078,1.);
#7078 = DIRECTION('',(0.,0.,-1.));
#7079 = ORIENTED_EDGE('',*,*,#7080,.F.);
#7080 = EDGE_CURVE('',#7081,#7071,#7083,.T.);
#7081 = VERTEX_POINT('',#7082);
#7082 = CARTESIAN_POINT('',(5.838072570736,20.375310786359,
    9.916281480394));
#7083 = CIRCLE('',#7084,6.125E-02);
#7084 = AXIS2_PLACEMENT_3D('',#7085,#7086,#7087);
#7085 = CARTESIAN_POINT('',(5.819145279831,20.317058574736,
    9.916281480394));
#7086 = DIRECTION('',(8.567074764804E-15,1.627528778611E-14,1.));
#7087 = DIRECTION('',(0.309016994375,0.951056516295,-1.812609019796E-14)
  );
#7088 = ORIENTED_EDGE('',*,*,#7089,.F.);
#7089 = EDGE_CURVE('',#7090,#7081,#7092,.T.);
#7090 = VERTEX_POINT('',#7091);
#7091 = CARTESIAN_POINT('',(5.838072570736,20.375310786359,
    9.538781480394));
#7092 = LINE('',#7093,#7094);
#7093 = CARTESIAN_POINT('',(5.838072570736,20.375310786359,20.25));
#7094 = VECTOR('',#7095,1.);
#7095 = DIRECTION('',(0.,0.,1.));
#7096 = ORIENTED_EDGE('',*,*,#7097,.F.);
#7097 = EDGE_CURVE('',#7073,#7090,#7098,.T.);
#7098 = CIRCLE('',#7099,6.125E-02);
#7099 = AXIS2_PLACEMENT_3D('',#7100,#7101,#7102);
#7100 = CARTESIAN_POINT('',(5.819145279831,20.317058574736,
    9.538781480394));
#7101 = DIRECTION('',(-8.567074764804E-15,-1.627528778611E-14,-1.));
#7102 = DIRECTION('',(-0.884892813643,0.465794706241,0.));
#7103 = CYLINDRICAL_SURFACE('',#7104,6.125E-02);
#7104 = AXIS2_PLACEMENT_3D('',#7105,#7106,#7107);
#7105 = CARTESIAN_POINT('',(5.819145279831,20.317058574736,20.25));
#7106 = DIRECTION('',(0.,0.,1.));
#7107 = DIRECTION('',(-0.376534189522,0.926402722428,0.));
#7108 = ADVANCED_FACE('',(#7109),#7129,.T.);
#7109 = FACE_BOUND('',#7110,.T.);
#7110 = EDGE_LOOP('',(#7111,#7112,#7120,#7121));
#7111 = ORIENTED_EDGE('',*,*,#7097,.F.);
#7112 = ORIENTED_EDGE('',*,*,#7113,.T.);
#7113 = EDGE_CURVE('',#7073,#6981,#7114,.T.);
#7114 = B_SPLINE_CURVE_WITH_KNOTS('',3,(#7115,#7116,#7117,#7118,#7119),
  .UNSPECIFIED.,.F.,.F.,(4,1,4),(-1.284078553442E-02,-5.503193800464E-03
    ,-1.870407886739E-16),.UNSPECIFIED.);
#7115 = CARTESIAN_POINT('',(5.764945594995,20.345588500493,
    9.538781480394));
#7116 = CARTESIAN_POINT('',(5.764945594995,20.345588500493,
    9.514322841281));
#7117 = CARTESIAN_POINT('',(5.770428081292,20.355348094037,
    9.471684995045));
#7118 = CARTESIAN_POINT('',(5.780717900713,20.380074698182,
    9.441865358098));
#7119 = CARTESIAN_POINT('',(5.784794705791,20.392621814053,
    9.432693368431));
#7120 = ORIENTED_EDGE('',*,*,#6989,.F.);
#7121 = ORIENTED_EDGE('',*,*,#7122,.T.);
#7122 = EDGE_CURVE('',#6963,#7090,#7123,.T.);
#7123 = B_SPLINE_CURVE_WITH_KNOTS('',3,(#7124,#7125,#7126,#7127,#7128),
  .UNSPECIFIED.,.F.,.F.,(4,1,4),(1.870407886739E-16,5.503193800464E-03,
    1.284078553442E-02),.UNSPECIFIED.);
#7124 = CARTESIAN_POINT('',(5.852510562866,20.402820628959,
    9.485737424413));
#7125 = CARTESIAN_POINT('',(5.850055986476,20.395266219611,
    9.490323419246));
#7126 = CARTESIAN_POINT('',(5.842632249669,20.38077787733,9.505233237719
    ));
#7127 = CARTESIAN_POINT('',(5.838072570736,20.375310786359,
    9.526552160838));
#7128 = CARTESIAN_POINT('',(5.838072570736,20.375310786359,
    9.538781480394));
#7129 = B_SPLINE_SURFACE_WITH_KNOTS('',3,3,(
    (#7130,#7131,#7132,#7133,#7134)
    ,(#7135,#7136,#7137,#7138,#7139)
    ,(#7140,#7141,#7142,#7143,#7144)
    ,(#7145,#7146,#7147,#7148,#7149)
    ,(#7150,#7151,#7152,#7153,#7154
  )),.UNSPECIFIED.,.F.,.F.,.F.,(4,1,4),(4,1,4),(0.,0.571428571429,1.),(
    1.870407886739E-16,5.503193800464E-03,1.284078553442E-02),
  .UNSPECIFIED.);
#7130 = CARTESIAN_POINT('',(5.784794705791,20.392621814053,
    9.432693368431));
#7131 = CARTESIAN_POINT('',(5.780717900713,20.380074698182,
    9.441865358098));
#7132 = CARTESIAN_POINT('',(5.770428081292,20.355348094037,
    9.471684995045));
#7133 = CARTESIAN_POINT('',(5.764945594995,20.345588500493,
    9.514322841281));
#7134 = CARTESIAN_POINT('',(5.764945594995,20.345588500493,
    9.538781480394));
#7135 = CARTESIAN_POINT('',(5.787626221889,20.401336324533,
    9.448564112868));
#7136 = CARTESIAN_POINT('',(5.784644115565,20.390814507943,
    9.456131056975));
#7137 = CARTESIAN_POINT('',(5.7769791441,20.369240928451,9.480840933056)
  );
#7138 = CARTESIAN_POINT('',(5.772555874498,20.360046117875,
    9.517641960515));
#7139 = CARTESIAN_POINT('',(5.772555874498,20.360046117875,
    9.538781480394));
#7140 = CARTESIAN_POINT('',(5.807157260091,20.411670431838,
    9.476040921421));
#7141 = CARTESIAN_POINT('',(5.80537924306,20.404126101398,9.480879440129
    ));
#7142 = CARTESIAN_POINT('',(5.800108261457,20.387532417565,
    9.496810425777));
#7143 = CARTESIAN_POINT('',(5.796466491949,20.37955271167,9.52338247611)
  );
#7144 = CARTESIAN_POINT('',(5.796466491949,20.37955271167,9.538781480394
    ));
#7145 = CARTESIAN_POINT('',(5.839438797146,20.407067903106,
    9.485737424413));
#7146 = CARTESIAN_POINT('',(5.837306869747,20.399889295571,
    9.490055495106));
#7147 = CARTESIAN_POINT('',(5.830698958195,20.385305090556,
    9.504191244871));
#7148 = CARTESIAN_POINT('',(5.826418607389,20.379097388589,
    9.526137461461));
#7149 = CARTESIAN_POINT('',(5.826418607389,20.379097388589,
    9.538781480394));
#7150 = CARTESIAN_POINT('',(5.852510562866,20.402820628959,
    9.485737424413));
#7151 = CARTESIAN_POINT('',(5.850055986476,20.395266219611,
    9.490323419246));
#7152 = CARTESIAN_POINT('',(5.842632249669,20.38077787733,9.505233237719
    ));
#7153 = CARTESIAN_POINT('',(5.838072570736,20.375310786359,
    9.526552160838));
#7154 = CARTESIAN_POINT('',(5.838072570736,20.375310786359,
    9.538781480394));
#7155 = ADVANCED_FACE('',(#7156),#7194,.F.);
#7156 = FACE_BOUND('',#7157,.F.);
#7157 = EDGE_LOOP('',(#7158,#7169,#7178,#7187));
#7158 = ORIENTED_EDGE('',*,*,#7159,.F.);
#7159 = EDGE_CURVE('',#7160,#7162,#7164,.T.);
#7160 = VERTEX_POINT('',#7161);
#7161 = CARTESIAN_POINT('',(5.803721996696,20.450874025676,
    10.038781480394));
#7162 = VERTEX_POINT('',#7163);
#7163 = CARTESIAN_POINT('',(5.784794705791,20.392621814053,
    10.022369592358));
#7164 = CIRCLE('',#7165,0.1225);
#7165 = AXIS2_PLACEMENT_3D('',#7166,#7167,#7168);
#7166 = CARTESIAN_POINT('',(5.803721996696,20.450874025676,
    9.916281480394));
#7167 = DIRECTION('',(0.951056516295,-0.309016994375,2.775557561563E-17)
  );
#7168 = DIRECTION('',(-0.218508012224,-0.672498511964,0.707106781187));
#7169 = ORIENTED_EDGE('',*,*,#7170,.F.);
#7170 = EDGE_CURVE('',#7171,#7160,#7173,.T.);
#7171 = VERTEX_POINT('',#7172);
#7172 = CARTESIAN_POINT('',(5.861974208319,20.43194673477,9.977531480394
    ));
#7173 = CIRCLE('',#7174,6.125E-02);
#7174 = AXIS2_PLACEMENT_3D('',#7175,#7176,#7177);
#7175 = CARTESIAN_POINT('',(5.861974208319,20.43194673477,
    10.038781480394));
#7176 = DIRECTION('',(0.309016994375,0.951056516295,-5.601269912743E-15)
  );
#7177 = DIRECTION('',(-1.812609019796E-14,-4.733165431326E-30,-1.));
#7178 = ORIENTED_EDGE('',*,*,#7179,.F.);
#7179 = EDGE_CURVE('',#7180,#7171,#7182,.T.);
#7180 = VERTEX_POINT('',#7181);
#7181 = CARTESIAN_POINT('',(5.852510562866,20.402820628959,
    9.969325536376));
#7182 = CIRCLE('',#7183,6.125E-02);
#7183 = AXIS2_PLACEMENT_3D('',#7184,#7185,#7186);
#7184 = CARTESIAN_POINT('',(5.861974208319,20.43194673477,9.916281480394
    ));
#7185 = DIRECTION('',(-0.951056516295,0.309016994375,-2.775557561563E-17
    ));
#7186 = DIRECTION('',(-0.218508012224,-0.672498511964,0.707106781187));
#7187 = ORIENTED_EDGE('',*,*,#7188,.F.);
#7188 = EDGE_CURVE('',#7162,#7180,#7189,.T.);
#7189 = CIRCLE('',#7190,6.125E-02);
#7190 = AXIS2_PLACEMENT_3D('',#7191,#7192,#7193);
#7191 = CARTESIAN_POINT('',(5.843046917414,20.373694523147,
    10.022369592358));
#7192 = DIRECTION('',(-0.26761656733,-0.823639103546,-0.5));
#7193 = DIRECTION('',(-0.951056516295,0.309016994375,-1.387778780781E-16
    ));
#7194 = TOROIDAL_SURFACE('',#7195,0.1225,6.125E-02);
#7195 = AXIS2_PLACEMENT_3D('',#7196,#7197,#7198);
#7196 = CARTESIAN_POINT('',(5.861974208319,20.43194673477,9.916281480394
    ));
#7197 = DIRECTION('',(-0.951056516295,0.309016994375,0.));
#7198 = DIRECTION('',(0.,0.,1.));
#7199 = ADVANCED_FACE('',(#7200),#7226,.F.);
#7200 = FACE_BOUND('',#7201,.F.);
#7201 = EDGE_LOOP('',(#7202,#7210,#7211,#7219));
#7202 = ORIENTED_EDGE('',*,*,#7203,.F.);
#7203 = EDGE_CURVE('',#7171,#7204,#7206,.T.);
#7204 = VERTEX_POINT('',#7205);
#7205 = CARTESIAN_POINT('',(5.978628123696,20.790970569672,
    9.977531480394));
#7206 = LINE('',#7207,#7208);
#7207 = CARTESIAN_POINT('',(6.121724244171,21.231375143893,
    9.977531480394));
#7208 = VECTOR('',#7209,1.);
#7209 = DIRECTION('',(0.309016994375,0.951056516295,0.));
#7210 = ORIENTED_EDGE('',*,*,#7170,.T.);
#7211 = ORIENTED_EDGE('',*,*,#7212,.F.);
#7212 = EDGE_CURVE('',#7213,#7160,#7215,.T.);
#7213 = VERTEX_POINT('',#7214);
#7214 = CARTESIAN_POINT('',(5.920375912073,20.809897860577,
    10.038781480394));
#7215 = LINE('',#7216,#7217);
#7216 = CARTESIAN_POINT('',(6.063472032548,21.250302434799,
    10.038781480394));
#7217 = VECTOR('',#7218,1.);
#7218 = DIRECTION('',(-0.309016994375,-0.951056516295,0.));
#7219 = ORIENTED_EDGE('',*,*,#7220,.F.);
#7220 = EDGE_CURVE('',#7204,#7213,#7221,.T.);
#7221 = CIRCLE('',#7222,6.125E-02);
#7222 = AXIS2_PLACEMENT_3D('',#7223,#7224,#7225);
#7223 = CARTESIAN_POINT('',(5.978628123696,20.790970569672,
    10.038781480394));
#7224 = DIRECTION('',(0.309016994375,0.951056516295,0.));
#7225 = DIRECTION('',(0.,0.,-1.));
#7226 = CYLINDRICAL_SURFACE('',#7227,6.125E-02);
#7227 = AXIS2_PLACEMENT_3D('',#7228,#7229,#7230);
#7228 = CARTESIAN_POINT('',(6.121724244171,21.231375143893,
    10.038781480394));
#7229 = DIRECTION('',(0.309016994375,0.951056516295,0.));
#7230 = DIRECTION('',(-0.672498511964,0.218508012224,-0.707106781187));
#7231 = ADVANCED_FACE('',(#7232),#7260,.F.);
#7232 = FACE_BOUND('',#7233,.F.);
#7233 = EDGE_LOOP('',(#7234,#7243,#7252,#7259));
#7234 = ORIENTED_EDGE('',*,*,#7235,.F.);
#7235 = EDGE_CURVE('',#7236,#7213,#7238,.T.);
#7236 = VERTEX_POINT('',#7237);
#7237 = CARTESIAN_POINT('',(5.958230493884,20.926402283823,
    9.916281480394));
#7238 = CIRCLE('',#7239,0.1225);
#7239 = AXIS2_PLACEMENT_3D('',#7240,#7241,#7242);
#7240 = CARTESIAN_POINT('',(5.920375912073,20.809897860577,
    9.916281480394));
#7241 = DIRECTION('',(0.951056516295,-0.309016994375,2.775557561563E-17)
  );
#7242 = DIRECTION('',(0.269818698219,0.83041656553,0.487448661691));
#7243 = ORIENTED_EDGE('',*,*,#7244,.F.);
#7244 = EDGE_CURVE('',#7245,#7236,#7247,.T.);
#7245 = VERTEX_POINT('',#7246);
#7246 = CARTESIAN_POINT('',(5.997555414601,20.849222781295,
    9.916281480394));
#7247 = CIRCLE('',#7248,6.125E-02);
#7248 = AXIS2_PLACEMENT_3D('',#7249,#7250,#7251);
#7249 = CARTESIAN_POINT('',(6.016482705507,20.907474992918,
    9.916281480394));
#7250 = DIRECTION('',(0.,0.,-1.));
#7251 = DIRECTION('',(-0.891006524188,-0.45399049974,-0.));
#7252 = ORIENTED_EDGE('',*,*,#7253,.T.);
#7253 = EDGE_CURVE('',#7245,#7204,#7254,.T.);
#7254 = CIRCLE('',#7255,6.125E-02);
#7255 = AXIS2_PLACEMENT_3D('',#7256,#7257,#7258);
#7256 = CARTESIAN_POINT('',(5.978628123696,20.790970569672,
    9.916281480394));
#7257 = DIRECTION('',(0.951056516295,-0.309016994375,0.));
#7258 = DIRECTION('',(0.309016994375,0.951056516295,0.));
#7259 = ORIENTED_EDGE('',*,*,#7220,.T.);
#7260 = TOROIDAL_SURFACE('',#7261,0.1225,6.125E-02);
#7261 = AXIS2_PLACEMENT_3D('',#7262,#7263,#7264);
#7262 = CARTESIAN_POINT('',(5.978628123696,20.790970569672,
    9.916281480394));
#7263 = DIRECTION('',(0.951056516295,-0.309016994375,0.));
#7264 = DIRECTION('',(0.,0.,-1.));
#7265 = ADVANCED_FACE('',(#7266),#7286,.T.);
#7266 = FACE_BOUND('',#7267,.T.);
#7267 = EDGE_LOOP('',(#7268,#7269,#7277,#7278));
#7268 = ORIENTED_EDGE('',*,*,#7188,.F.);
#7269 = ORIENTED_EDGE('',*,*,#7270,.T.);
#7270 = EDGE_CURVE('',#7162,#7071,#7271,.T.);
#7271 = B_SPLINE_CURVE_WITH_KNOTS('',3,(#7272,#7273,#7274,#7275,#7276),
  .UNSPECIFIED.,.F.,.F.,(4,1,4),(-1.284076087656E-02,-5.503183232812E-03
    ,0.),.UNSPECIFIED.);
#7272 = CARTESIAN_POINT('',(5.784794705791,20.392621814053,
    10.022369592358));
#7273 = CARTESIAN_POINT('',(5.779358976126,20.37589235835,
    10.010140296285));
#7274 = CARTESIAN_POINT('',(5.768942652415,20.352814395159,
    9.977395607432));
#7275 = CARTESIAN_POINT('',(5.764945594995,20.345588500493,
    9.934625424504));
#7276 = CARTESIAN_POINT('',(5.764945594995,20.345588500493,
    9.916281480394));
#7277 = ORIENTED_EDGE('',*,*,#7080,.F.);
#7278 = ORIENTED_EDGE('',*,*,#7279,.T.);
#7279 = EDGE_CURVE('',#7081,#7180,#7280,.T.);
#7280 = B_SPLINE_CURVE_WITH_KNOTS('',3,(#7281,#7282,#7283,#7284,#7285),
  .UNSPECIFIED.,.F.,.F.,(4,1,4),(0.,5.503183232812E-03,
    1.284076087656E-02),.UNSPECIFIED.);
#7281 = CARTESIAN_POINT('',(5.838072570736,20.375310786359,
    9.916281480394));
#7282 = CARTESIAN_POINT('',(5.838072570736,20.375310786359,
    9.925453452449));
#7283 = CARTESIAN_POINT('',(5.841377281318,20.379369550829,
    9.946838543913));
#7284 = CARTESIAN_POINT('',(5.849237800631,20.392748102504,9.96321088834
    ));
#7285 = CARTESIAN_POINT('',(5.852510562866,20.402820628959,
    9.969325536376));
#7286 = B_SPLINE_SURFACE_WITH_KNOTS('',3,3,(
    (#7287,#7288,#7289,#7290,#7291)
    ,(#7292,#7293,#7294,#7295,#7296)
    ,(#7297,#7298,#7299,#7300,#7301)
    ,(#7302,#7303,#7304,#7305,#7306)
    ,(#7307,#7308,#7309,#7310,#7311
  )),.UNSPECIFIED.,.F.,.F.,.F.,(4,1,4),(4,1,4),(0.,0.571428571429,1.),(
    0.,5.503183232812E-03,1.284076087656E-02),.UNSPECIFIED.);
#7287 = CARTESIAN_POINT('',(5.764945594995,20.345588500493,
    9.916281480394));
#7288 = CARTESIAN_POINT('',(5.764945594995,20.345588500493,
    9.934625424504));
#7289 = CARTESIAN_POINT('',(5.768942652415,20.352814395159,
    9.977395607432));
#7290 = CARTESIAN_POINT('',(5.779358976126,20.37589235835,
    10.010140296285));
#7291 = CARTESIAN_POINT('',(5.784794705791,20.392621814053,
    10.022369592358));
#7292 = CARTESIAN_POINT('',(5.772555874498,20.360046117875,
    9.916281480394));
#7293 = CARTESIAN_POINT('',(5.772555874498,20.360046117875,
    9.932136089858));
#7294 = CARTESIAN_POINT('',(5.775795151499,20.366843853286,9.96912871658
    ));
#7295 = CARTESIAN_POINT('',(5.783650087758,20.387307262685,
    9.996409608486));
#7296 = CARTESIAN_POINT('',(5.787626221889,20.401336324533,
    10.006498847921));
#7297 = CARTESIAN_POINT('',(5.796466533604,20.379552579945,
    9.916281480394));
#7298 = CARTESIAN_POINT('',(5.796466533604,20.379552579945,9.92783071143
    ));
#7299 = CARTESIAN_POINT('',(5.799160653133,20.385442843386,
    9.954751429965));
#7300 = CARTESIAN_POINT('',(5.804786680254,20.401611223296,
    9.972570835957));
#7301 = CARTESIAN_POINT('',(5.807157365076,20.411670311233,
    9.979022181846));
#7302 = CARTESIAN_POINT('',(5.826418607389,20.379097388589,
    9.916281480394));
#7303 = CARTESIAN_POINT('',(5.826418607389,20.379097388589,
    9.925764476385));
#7304 = CARTESIAN_POINT('',(5.829537707173,20.383696139332,
    9.947885946963));
#7305 = CARTESIAN_POINT('',(5.83659623274,20.397496444772,9.963568119841
    ));
#7306 = CARTESIAN_POINT('',(5.839438797146,20.407067903106,
    9.969325536376));
#7307 = CARTESIAN_POINT('',(5.838072570736,20.375310786359,
    9.916281480394));
#7308 = CARTESIAN_POINT('',(5.838072570736,20.375310786359,
    9.925453452449));
#7309 = CARTESIAN_POINT('',(5.841377281318,20.379369550829,
    9.946838543913));
#7310 = CARTESIAN_POINT('',(5.849237800631,20.392748102504,9.96321088834
    ));
#7311 = CARTESIAN_POINT('',(5.852510562866,20.402820628959,
    9.969325536376));
#7312 = ADVANCED_FACE('',(#7313),#7338,.T.);
#7313 = FACE_BOUND('',#7314,.T.);
#7314 = EDGE_LOOP('',(#7315,#7316,#7324,#7332));
#7315 = ORIENTED_EDGE('',*,*,#7013,.F.);
#7316 = ORIENTED_EDGE('',*,*,#7317,.F.);
#7317 = EDGE_CURVE('',#7318,#7014,#7320,.T.);
#7318 = VERTEX_POINT('',#7319);
#7319 = CARTESIAN_POINT('',(5.981005764987,20.790198027186,
    9.477531480394));
#7320 = LINE('',#7321,#7322);
#7321 = CARTESIAN_POINT('',(5.920375912073,20.809897860577,
    9.477531480394));
#7322 = VECTOR('',#7323,1.);
#7323 = DIRECTION('',(-0.951056516295,0.309016994375,0.));
#7324 = ORIENTED_EDGE('',*,*,#7325,.F.);
#7325 = EDGE_CURVE('',#7326,#7318,#7328,.T.);
#7326 = VERTEX_POINT('',#7327);
#7327 = CARTESIAN_POINT('',(5.86435184961,20.431174192285,9.477531480394
    ));
#7328 = LINE('',#7329,#7330);
#7329 = CARTESIAN_POINT('',(5.884051683001,20.491804045198,
    9.477531480394));
#7330 = VECTOR('',#7331,1.);
#7331 = DIRECTION('',(0.309016994375,0.951056516295,0.));
#7332 = ORIENTED_EDGE('',*,*,#7333,.F.);
#7333 = EDGE_CURVE('',#6961,#7326,#7334,.T.);
#7334 = LINE('',#7335,#7336);
#7335 = CARTESIAN_POINT('',(5.803721996696,20.450874025676,
    9.477531480394));
#7336 = VECTOR('',#7337,1.);
#7337 = DIRECTION('',(0.951056516295,-0.309016994375,0.));
#7338 = PLANE('',#7339);
#7339 = AXIS2_PLACEMENT_3D('',#7340,#7341,#7342);
#7340 = CARTESIAN_POINT('',(5.784794705791,20.392621814053,
    9.477531480394));
#7341 = DIRECTION('',(0.,0.,-1.));
#7342 = DIRECTION('',(0.309016994375,0.951056516295,0.));
#7343 = ADVANCED_FACE('',(#7344),#7389,.T.);
#7344 = FACE_BOUND('',#7345,.T.);
#7345 = EDGE_LOOP('',(#7346,#7347,#7348,#7349,#7357,#7366,#7374,#7383));
#7346 = ORIENTED_EDGE('',*,*,#7113,.F.);
#7347 = ORIENTED_EDGE('',*,*,#7070,.F.);
#7348 = ORIENTED_EDGE('',*,*,#7270,.F.);
#7349 = ORIENTED_EDGE('',*,*,#7350,.T.);
#7350 = EDGE_CURVE('',#7162,#7351,#7353,.T.);
#7351 = VERTEX_POINT('',#7352);
#7352 = CARTESIAN_POINT('',(5.784794705791,20.392621814053,19.95));
#7353 = LINE('',#7354,#7355);
#7354 = CARTESIAN_POINT('',(5.784794705791,20.392621814053,20.25));
#7355 = VECTOR('',#7356,1.);
#7356 = DIRECTION('',(0.,0.,1.));
#7357 = ORIENTED_EDGE('',*,*,#7358,.T.);
#7358 = EDGE_CURVE('',#7351,#7359,#7361,.T.);
#7359 = VERTEX_POINT('',#7360);
#7360 = CARTESIAN_POINT('',(5.40677265259,20.200009957477,19.95));
#7361 = CIRCLE('',#7362,0.3);
#7362 = AXIS2_PLACEMENT_3D('',#7363,#7364,#7365);
#7363 = CARTESIAN_POINT('',(5.499477750902,20.485326912365,19.95));
#7364 = DIRECTION('',(0.,0.,-1.));
#7365 = DIRECTION('',(0.951056516295,-0.309016994375,0.));
#7366 = ORIENTED_EDGE('',*,*,#7367,.T.);
#7367 = EDGE_CURVE('',#7359,#7368,#7370,.T.);
#7368 = VERTEX_POINT('',#7369);
#7369 = CARTESIAN_POINT('',(5.40677265259,20.200009957477,6.1));
#7370 = LINE('',#7371,#7372);
#7371 = CARTESIAN_POINT('',(5.40677265259,20.200009957477,20.25));
#7372 = VECTOR('',#7373,1.);
#7373 = DIRECTION('',(0.,0.,-1.));
#7374 = ORIENTED_EDGE('',*,*,#7375,.F.);
#7375 = EDGE_CURVE('',#7376,#7368,#7378,.T.);
#7376 = VERTEX_POINT('',#7377);
#7377 = CARTESIAN_POINT('',(5.784794705791,20.392621814053,6.1));
#7378 = CIRCLE('',#7379,0.3);
#7379 = AXIS2_PLACEMENT_3D('',#7380,#7381,#7382);
#7380 = CARTESIAN_POINT('',(5.499477750902,20.485326912365,6.1));
#7381 = DIRECTION('',(0.,0.,-1.));
#7382 = DIRECTION('',(-0.309016994375,-0.951056516295,-0.));
#7383 = ORIENTED_EDGE('',*,*,#7384,.T.);
#7384 = EDGE_CURVE('',#7376,#6981,#7385,.T.);
#7385 = LINE('',#7386,#7387);
#7386 = CARTESIAN_POINT('',(5.784794705791,20.392621814053,20.25));
#7387 = VECTOR('',#7388,1.);
#7388 = DIRECTION('',(0.,0.,1.));
#7389 = CYLINDRICAL_SURFACE('',#7390,0.3);
#7390 = AXIS2_PLACEMENT_3D('',#7391,#7392,#7393);
#7391 = CARTESIAN_POINT('',(5.499477750902,20.485326912365,20.25));
#7392 = DIRECTION('',(0.,0.,-1.));
#7393 = DIRECTION('',(0.45399049974,-0.891006524188,0.));
#7394 = ADVANCED_FACE('',(#7395),#7433,.T.);
#7395 = FACE_BOUND('',#7396,.T.);
#7396 = EDGE_LOOP('',(#7397,#7398,#7399,#7400,#7401,#7409,#7417,#7423,
    #7424,#7425,#7426,#7427));
#7397 = ORIENTED_EDGE('',*,*,#7054,.F.);
#7398 = ORIENTED_EDGE('',*,*,#7004,.F.);
#7399 = ORIENTED_EDGE('',*,*,#6980,.F.);
#7400 = ORIENTED_EDGE('',*,*,#7384,.F.);
#7401 = ORIENTED_EDGE('',*,*,#7402,.F.);
#7402 = EDGE_CURVE('',#7403,#7376,#7405,.T.);
#7403 = VERTEX_POINT('',#7404);
#7404 = CARTESIAN_POINT('',(6.097591880793,21.355312530031,6.1));
#7405 = LINE('',#7406,#7407);
#7406 = CARTESIAN_POINT('',(6.055746607689,21.226526021892,6.1));
#7407 = VECTOR('',#7408,1.);
#7408 = DIRECTION('',(-0.309016994375,-0.951056516295,0.));
#7409 = ORIENTED_EDGE('',*,*,#7410,.F.);
#7410 = EDGE_CURVE('',#7411,#7403,#7413,.T.);
#7411 = VERTEX_POINT('',#7412);
#7412 = CARTESIAN_POINT('',(6.097591880793,21.355312530031,19.95));
#7413 = LINE('',#7414,#7415);
#7414 = CARTESIAN_POINT('',(6.097591880793,21.355312530031,18.75));
#7415 = VECTOR('',#7416,1.);
#7416 = DIRECTION('',(0.,0.,-1.));
#7417 = ORIENTED_EDGE('',*,*,#7418,.F.);
#7418 = EDGE_CURVE('',#7351,#7411,#7419,.T.);
#7419 = LINE('',#7420,#7421);
#7420 = CARTESIAN_POINT('',(6.055746607689,21.226526021892,19.95));
#7421 = VECTOR('',#7422,1.);
#7422 = DIRECTION('',(0.309016994375,0.951056516295,0.));
#7423 = ORIENTED_EDGE('',*,*,#7350,.F.);
#7424 = ORIENTED_EDGE('',*,*,#7159,.F.);
#7425 = ORIENTED_EDGE('',*,*,#7212,.F.);
#7426 = ORIENTED_EDGE('',*,*,#7235,.F.);
#7427 = ORIENTED_EDGE('',*,*,#7428,.F.);
#7428 = EDGE_CURVE('',#7046,#7236,#7429,.T.);
#7429 = LINE('',#7430,#7431);
#7430 = CARTESIAN_POINT('',(5.958230493884,20.926402283823,
    14.863765740197));
#7431 = VECTOR('',#7432,1.);
#7432 = DIRECTION('',(0.,0.,1.));
#7433 = PLANE('',#7434);
#7434 = AXIS2_PLACEMENT_3D('',#7435,#7436,#7437);
#7435 = CARTESIAN_POINT('',(6.187640862119,21.632454797397,20.25));
#7436 = DIRECTION('',(0.951056516295,-0.309016994375,0.));
#7437 = DIRECTION('',(-0.309016994375,-0.951056516295,0.));
#7438 = ADVANCED_FACE('',(#7439),#7450,.F.);
#7439 = FACE_BOUND('',#7440,.F.);
#7440 = EDGE_LOOP('',(#7441,#7442,#7443,#7449));
#7441 = ORIENTED_EDGE('',*,*,#7428,.F.);
#7442 = ORIENTED_EDGE('',*,*,#7045,.T.);
#7443 = ORIENTED_EDGE('',*,*,#7444,.F.);
#7444 = EDGE_CURVE('',#7245,#7037,#7445,.T.);
#7445 = LINE('',#7446,#7447);
#7446 = CARTESIAN_POINT('',(5.997555414601,20.849222781295,
    14.863765740197));
#7447 = VECTOR('',#7448,1.);
#7448 = DIRECTION('',(0.,0.,-1.));
#7449 = ORIENTED_EDGE('',*,*,#7244,.T.);
#7450 = CYLINDRICAL_SURFACE('',#7451,6.125E-02);
#7451 = AXIS2_PLACEMENT_3D('',#7452,#7453,#7454);
#7452 = CARTESIAN_POINT('',(6.016482705507,20.907474992918,
    14.863765740197));
#7453 = DIRECTION('',(0.,0.,-1.));
#7454 = DIRECTION('',(-0.891006524188,-0.45399049974,-0.));
#7455 = ADVANCED_FACE('',(#7456),#7481,.T.);
#7456 = FACE_BOUND('',#7457,.T.);
#7457 = EDGE_LOOP('',(#7458,#7466,#7474,#7480));
#7458 = ORIENTED_EDGE('',*,*,#7459,.F.);
#7459 = EDGE_CURVE('',#7460,#7245,#7462,.T.);
#7460 = VERTEX_POINT('',#7461);
#7461 = CARTESIAN_POINT('',(5.999933055892,20.848450238809,
    9.916281480394));
#7462 = LINE('',#7463,#7464);
#7463 = CARTESIAN_POINT('',(5.939303202978,20.8681500722,9.916281480394)
  );
#7464 = VECTOR('',#7465,1.);
#7465 = DIRECTION('',(-0.951056516295,0.309016994375,0.));
#7466 = ORIENTED_EDGE('',*,*,#7467,.F.);
#7467 = EDGE_CURVE('',#7468,#7460,#7470,.T.);
#7468 = VERTEX_POINT('',#7469);
#7469 = CARTESIAN_POINT('',(5.999933055892,20.848450238809,
    9.538781480394));
#7470 = LINE('',#7471,#7472);
#7471 = CARTESIAN_POINT('',(5.999933055892,20.848450238809,
    9.602531480394));
#7472 = VECTOR('',#7473,1.);
#7473 = DIRECTION('',(0.,0.,1.));
#7474 = ORIENTED_EDGE('',*,*,#7475,.F.);
#7475 = EDGE_CURVE('',#7037,#7468,#7476,.T.);
#7476 = LINE('',#7477,#7478);
#7477 = CARTESIAN_POINT('',(5.939303202978,20.8681500722,9.538781480394)
  );
#7478 = VECTOR('',#7479,1.);
#7479 = DIRECTION('',(0.951056516295,-0.309016994375,0.));
#7480 = ORIENTED_EDGE('',*,*,#7444,.F.);
#7481 = PLANE('',#7482);
#7482 = AXIS2_PLACEMENT_3D('',#7483,#7484,#7485);
#7483 = CARTESIAN_POINT('',(5.939303202978,20.8681500722,9.477531480394)
  );
#7484 = DIRECTION('',(0.309016994375,0.951056516295,0.));
#7485 = DIRECTION('',(0.,-0.,1.));
#7486 = ADVANCED_FACE('',(#7487),#7514,.T.);
#7487 = FACE_BOUND('',#7488,.T.);
#7488 = EDGE_LOOP('',(#7489,#7500,#7507));
#7489 = ORIENTED_EDGE('',*,*,#7490,.T.);
#7490 = EDGE_CURVE('',#7491,#7493,#7495,.T.);
#7491 = VERTEX_POINT('',#7492);
#7492 = CARTESIAN_POINT('',(5.922604061233,20.412246901379,
    9.538781480394));
#7493 = VERTEX_POINT('',#7494);
#7494 = CARTESIAN_POINT('',(5.845424558704,20.372921980661,
    9.538781480394));
#7495 = CIRCLE('',#7496,6.125E-02);
#7496 = AXIS2_PLACEMENT_3D('',#7497,#7498,#7499);
#7497 = CARTESIAN_POINT('',(5.86435184961,20.431174192285,9.538781480394
    ));
#7498 = DIRECTION('',(0.,0.,-1.));
#7499 = DIRECTION('',(-0.309016994375,-0.951056516295,-0.));
#7500 = ORIENTED_EDGE('',*,*,#7501,.T.);
#7501 = EDGE_CURVE('',#7493,#7326,#7502,.T.);
#7502 = CIRCLE('',#7503,6.125E-02);
#7503 = AXIS2_PLACEMENT_3D('',#7504,#7505,#7506);
#7504 = CARTESIAN_POINT('',(5.86435184961,20.431174192285,9.538781480394
    ));
#7505 = DIRECTION('',(0.951056516295,-0.309016994375,0.));
#7506 = DIRECTION('',(0.,0.,-1.));
#7507 = ORIENTED_EDGE('',*,*,#7508,.T.);
#7508 = EDGE_CURVE('',#7326,#7491,#7509,.T.);
#7509 = CIRCLE('',#7510,6.125E-02);
#7510 = AXIS2_PLACEMENT_3D('',#7511,#7512,#7513);
#7511 = CARTESIAN_POINT('',(5.86435184961,20.431174192285,9.538781480394
    ));
#7512 = DIRECTION('',(-0.309016994375,-0.951056516295,0.));
#7513 = DIRECTION('',(0.951056516295,-0.309016994375,0.));
#7514 = SPHERICAL_SURFACE('',#7515,6.125E-02);
#7515 = AXIS2_PLACEMENT_3D('',#7516,#7517,#7518);
#7516 = CARTESIAN_POINT('',(5.86435184961,20.431174192285,9.538781480394
    ));
#7517 = DIRECTION('',(-0.928759971197,-0.290357401074,-0.230428938165));
#7518 = DIRECTION('',(0.370681690811,-0.727503780584,-0.57735026919));
#7519 = ADVANCED_FACE('',(#7520),#7532,.T.);
#7520 = FACE_BOUND('',#7521,.T.);
#7521 = EDGE_LOOP('',(#7522,#7523,#7524,#7525,#7531));
#7522 = ORIENTED_EDGE('',*,*,#6960,.F.);
#7523 = ORIENTED_EDGE('',*,*,#7333,.T.);
#7524 = ORIENTED_EDGE('',*,*,#7501,.F.);
#7525 = ORIENTED_EDGE('',*,*,#7526,.T.);
#7526 = EDGE_CURVE('',#7493,#7090,#7527,.T.);
#7527 = LINE('',#7528,#7529);
#7528 = CARTESIAN_POINT('',(5.784794705791,20.392621814053,
    9.538781480394));
#7529 = VECTOR('',#7530,1.);
#7530 = DIRECTION('',(-0.951056516295,0.309016994375,0.));
#7531 = ORIENTED_EDGE('',*,*,#7122,.F.);
#7532 = CYLINDRICAL_SURFACE('',#7533,6.125E-02);
#7533 = AXIS2_PLACEMENT_3D('',#7534,#7535,#7536);
#7534 = CARTESIAN_POINT('',(5.803721996696,20.450874025676,
    9.538781480394));
#7535 = DIRECTION('',(0.951056516295,-0.309016994375,0.));
#7536 = DIRECTION('',(-0.218508012224,-0.672498511964,-0.707106781187));
#7537 = ADVANCED_FACE('',(#7538),#7567,.T.);
#7538 = FACE_BOUND('',#7539,.T.);
#7539 = EDGE_LOOP('',(#7540,#7551,#7560));
#7540 = ORIENTED_EDGE('',*,*,#7541,.T.);
#7541 = EDGE_CURVE('',#7542,#7544,#7546,.T.);
#7542 = VERTEX_POINT('',#7543);
#7543 = CARTESIAN_POINT('',(5.922604061233,20.412246901379,
    9.916281480394));
#7544 = VERTEX_POINT('',#7545);
#7545 = CARTESIAN_POINT('',(5.86435184961,20.431174192285,9.977531480394
    ));
#7546 = CIRCLE('',#7547,6.125E-02);
#7547 = AXIS2_PLACEMENT_3D('',#7548,#7549,#7550);
#7548 = CARTESIAN_POINT('',(5.86435184961,20.431174192285,9.916281480394
    ));
#7549 = DIRECTION('',(-0.309016994375,-0.951056516295,0.));
#7550 = DIRECTION('',(0.,0.,1.));
#7551 = ORIENTED_EDGE('',*,*,#7552,.T.);
#7552 = EDGE_CURVE('',#7544,#7553,#7555,.T.);
#7553 = VERTEX_POINT('',#7554);
#7554 = CARTESIAN_POINT('',(5.845424558704,20.372921980661,
    9.916281480394));
#7555 = CIRCLE('',#7556,6.125E-02);
#7556 = AXIS2_PLACEMENT_3D('',#7557,#7558,#7559);
#7557 = CARTESIAN_POINT('',(5.86435184961,20.431174192285,9.916281480394
    ));
#7558 = DIRECTION('',(0.951056516295,-0.309016994375,-3.447787239545E-14
    ));
#7559 = DIRECTION('',(-0.309016994375,-0.951056516295,
    -3.155443620884E-30));
#7560 = ORIENTED_EDGE('',*,*,#7561,.T.);
#7561 = EDGE_CURVE('',#7553,#7542,#7562,.T.);
#7562 = CIRCLE('',#7563,6.125E-02);
#7563 = AXIS2_PLACEMENT_3D('',#7564,#7565,#7566);
#7564 = CARTESIAN_POINT('',(5.86435184961,20.431174192285,9.916281480394
    ));
#7565 = DIRECTION('',(0.,0.,1.));
#7566 = DIRECTION('',(0.951056516295,-0.309016994375,0.));
#7567 = SPHERICAL_SURFACE('',#7568,6.125E-02);
#7568 = AXIS2_PLACEMENT_3D('',#7569,#7570,#7571);
#7569 = CARTESIAN_POINT('',(5.86435184961,20.431174192285,9.916281480394
    ));
#7570 = DIRECTION('',(-0.928759971197,-0.290357401074,0.230428938165));
#7571 = DIRECTION('',(0.370681690811,-0.727503780584,0.57735026919));
#7572 = ADVANCED_FACE('',(#7573),#7590,.T.);
#7573 = FACE_BOUND('',#7574,.T.);
#7574 = EDGE_LOOP('',(#7575,#7576,#7582,#7583,#7589));
#7575 = ORIENTED_EDGE('',*,*,#7279,.F.);
#7576 = ORIENTED_EDGE('',*,*,#7577,.T.);
#7577 = EDGE_CURVE('',#7081,#7553,#7578,.T.);
#7578 = LINE('',#7579,#7580);
#7579 = CARTESIAN_POINT('',(5.784794705791,20.392621814053,
    9.916281480394));
#7580 = VECTOR('',#7581,1.);
#7581 = DIRECTION('',(0.951056516295,-0.309016994375,0.));
#7582 = ORIENTED_EDGE('',*,*,#7552,.F.);
#7583 = ORIENTED_EDGE('',*,*,#7584,.T.);
#7584 = EDGE_CURVE('',#7544,#7171,#7585,.T.);
#7585 = LINE('',#7586,#7587);
#7586 = CARTESIAN_POINT('',(5.803721996696,20.450874025676,
    9.977531480394));
#7587 = VECTOR('',#7588,1.);
#7588 = DIRECTION('',(-0.951056516295,0.309016994375,0.));
#7589 = ORIENTED_EDGE('',*,*,#7179,.F.);
#7590 = CYLINDRICAL_SURFACE('',#7591,6.125E-02);
#7591 = AXIS2_PLACEMENT_3D('',#7592,#7593,#7594);
#7592 = CARTESIAN_POINT('',(5.803721996696,20.450874025676,
    9.916281480394));
#7593 = DIRECTION('',(0.951056516295,-0.309016994375,0.));
#7594 = DIRECTION('',(-0.218508012224,-0.672498511964,0.707106781187));
#7595 = ADVANCED_FACE('',(#7596),#7612,.T.);
#7596 = FACE_BOUND('',#7597,.T.);
#7597 = EDGE_LOOP('',(#7598,#7599,#7605,#7606));
#7598 = ORIENTED_EDGE('',*,*,#7490,.F.);
#7599 = ORIENTED_EDGE('',*,*,#7600,.T.);
#7600 = EDGE_CURVE('',#7491,#7542,#7601,.T.);
#7601 = LINE('',#7602,#7603);
#7602 = CARTESIAN_POINT('',(5.922604061233,20.412246901379,
    9.852531480394));
#7603 = VECTOR('',#7604,1.);
#7604 = DIRECTION('',(0.,0.,1.));
#7605 = ORIENTED_EDGE('',*,*,#7561,.F.);
#7606 = ORIENTED_EDGE('',*,*,#7607,.T.);
#7607 = EDGE_CURVE('',#7553,#7493,#7608,.T.);
#7608 = LINE('',#7609,#7610);
#7609 = CARTESIAN_POINT('',(5.845424558704,20.372921980661,
    9.852531480394));
#7610 = VECTOR('',#7611,1.);
#7611 = DIRECTION('',(0.,0.,-1.));
#7612 = CYLINDRICAL_SURFACE('',#7613,6.125E-02);
#7613 = AXIS2_PLACEMENT_3D('',#7614,#7615,#7616);
#7614 = CARTESIAN_POINT('',(5.86435184961,20.431174192285,9.852531480394
    ));
#7615 = DIRECTION('',(0.,0.,-1.));
#7616 = DIRECTION('',(0.45399049974,-0.891006524188,0.));
#7617 = ADVANCED_FACE('',(#7618),#7643,.T.);
#7618 = FACE_BOUND('',#7619,.T.);
#7619 = EDGE_LOOP('',(#7620,#7629,#7636));
#7620 = ORIENTED_EDGE('',*,*,#7621,.T.);
#7621 = EDGE_CURVE('',#7622,#7318,#7624,.T.);
#7622 = VERTEX_POINT('',#7623);
#7623 = CARTESIAN_POINT('',(6.03925797661,20.77127073628,9.538781480394)
  );
#7624 = CIRCLE('',#7625,6.125E-02);
#7625 = AXIS2_PLACEMENT_3D('',#7626,#7627,#7628);
#7626 = CARTESIAN_POINT('',(5.981005764987,20.790198027186,
    9.538781480394));
#7627 = DIRECTION('',(0.309016994375,0.951056516295,0.));
#7628 = DIRECTION('',(0.,0.,-1.));
#7629 = ORIENTED_EDGE('',*,*,#7630,.T.);
#7630 = EDGE_CURVE('',#7318,#7468,#7631,.T.);
#7631 = CIRCLE('',#7632,6.125E-02);
#7632 = AXIS2_PLACEMENT_3D('',#7633,#7634,#7635);
#7633 = CARTESIAN_POINT('',(5.981005764987,20.790198027186,
    9.538781480394));
#7634 = DIRECTION('',(0.951056516295,-0.309016994375,-1.723893619773E-14
    ));
#7635 = DIRECTION('',(0.309016994375,0.951056516295,0.));
#7636 = ORIENTED_EDGE('',*,*,#7637,.T.);
#7637 = EDGE_CURVE('',#7468,#7622,#7638,.T.);
#7638 = CIRCLE('',#7639,6.125E-02);
#7639 = AXIS2_PLACEMENT_3D('',#7640,#7641,#7642);
#7640 = CARTESIAN_POINT('',(5.981005764987,20.790198027186,
    9.538781480394));
#7641 = DIRECTION('',(0.,0.,-1.));
#7642 = DIRECTION('',(0.951056516295,-0.309016994375,0.));
#7643 = SPHERICAL_SURFACE('',#7644,6.125E-02);
#7644 = AXIS2_PLACEMENT_3D('',#7645,#7646,#7647);
#7645 = CARTESIAN_POINT('',(5.981005764987,20.790198027186,
    9.538781480394));
#7646 = DIRECTION('',(-0.51442285659,-0.262111537234,-0.816496580928));
#7647 = DIRECTION('',(0.727503780584,0.370681690811,-0.57735026919));
#7648 = ADVANCED_FACE('',(#7649),#7655,.T.);
#7649 = FACE_BOUND('',#7650,.T.);
#7650 = EDGE_LOOP('',(#7651,#7652,#7653,#7654));
#7651 = ORIENTED_EDGE('',*,*,#7475,.T.);
#7652 = ORIENTED_EDGE('',*,*,#7630,.F.);
#7653 = ORIENTED_EDGE('',*,*,#7317,.T.);
#7654 = ORIENTED_EDGE('',*,*,#7036,.F.);
#7655 = CYLINDRICAL_SURFACE('',#7656,6.125E-02);
#7656 = AXIS2_PLACEMENT_3D('',#7657,#7658,#7659);
#7657 = CARTESIAN_POINT('',(5.920375912073,20.809897860577,
    9.538781480394));
#7658 = DIRECTION('',(0.951056516295,-0.309016994375,0.));
#7659 = DIRECTION('',(0.218508012224,0.672498511964,-0.707106781187));
#7660 = ADVANCED_FACE('',(#7661),#7688,.T.);
#7661 = FACE_BOUND('',#7662,.T.);
#7662 = EDGE_LOOP('',(#7663,#7672,#7681));
#7663 = ORIENTED_EDGE('',*,*,#7664,.T.);
#7664 = EDGE_CURVE('',#7665,#7460,#7667,.T.);
#7665 = VERTEX_POINT('',#7666);
#7666 = CARTESIAN_POINT('',(6.03925797661,20.77127073628,9.916281480394)
  );
#7667 = CIRCLE('',#7668,6.125E-02);
#7668 = AXIS2_PLACEMENT_3D('',#7669,#7670,#7671);
#7669 = CARTESIAN_POINT('',(5.981005764987,20.790198027186,
    9.916281480394));
#7670 = DIRECTION('',(0.,0.,1.));
#7671 = DIRECTION('',(0.309016994375,0.951056516295,-0.));
#7672 = ORIENTED_EDGE('',*,*,#7673,.T.);
#7673 = EDGE_CURVE('',#7460,#7674,#7676,.T.);
#7674 = VERTEX_POINT('',#7675);
#7675 = CARTESIAN_POINT('',(5.981005764987,20.790198027186,
    9.977531480394));
#7676 = CIRCLE('',#7677,6.125E-02);
#7677 = AXIS2_PLACEMENT_3D('',#7678,#7679,#7680);
#7678 = CARTESIAN_POINT('',(5.981005764987,20.790198027186,
    9.916281480394));
#7679 = DIRECTION('',(0.951056516295,-0.309016994375,0.));
#7680 = DIRECTION('',(0.,0.,1.));
#7681 = ORIENTED_EDGE('',*,*,#7682,.T.);
#7682 = EDGE_CURVE('',#7674,#7665,#7683,.T.);
#7683 = CIRCLE('',#7684,6.125E-02);
#7684 = AXIS2_PLACEMENT_3D('',#7685,#7686,#7687);
#7685 = CARTESIAN_POINT('',(5.981005764987,20.790198027186,
    9.916281480394));
#7686 = DIRECTION('',(0.309016994375,0.951056516295,0.));
#7687 = DIRECTION('',(0.951056516295,-0.309016994375,0.));
#7688 = SPHERICAL_SURFACE('',#7689,6.125E-02);
#7689 = AXIS2_PLACEMENT_3D('',#7690,#7691,#7692);
#7690 = CARTESIAN_POINT('',(5.981005764987,20.790198027186,
    9.916281480394));
#7691 = DIRECTION('',(0.51442285659,0.262111537234,-0.816496580928));
#7692 = DIRECTION('',(0.727503780584,0.370681690811,0.57735026919));
#7693 = ADVANCED_FACE('',(#7694),#7705,.T.);
#7694 = FACE_BOUND('',#7695,.T.);
#7695 = EDGE_LOOP('',(#7696,#7702,#7703,#7704));
#7696 = ORIENTED_EDGE('',*,*,#7697,.T.);
#7697 = EDGE_CURVE('',#7204,#7674,#7698,.T.);
#7698 = LINE('',#7699,#7700);
#7699 = CARTESIAN_POINT('',(5.920375912073,20.809897860577,
    9.977531480394));
#7700 = VECTOR('',#7701,1.);
#7701 = DIRECTION('',(0.951056516295,-0.309016994375,0.));
#7702 = ORIENTED_EDGE('',*,*,#7673,.F.);
#7703 = ORIENTED_EDGE('',*,*,#7459,.T.);
#7704 = ORIENTED_EDGE('',*,*,#7253,.T.);
#7705 = CYLINDRICAL_SURFACE('',#7706,6.125E-02);
#7706 = AXIS2_PLACEMENT_3D('',#7707,#7708,#7709);
#7707 = CARTESIAN_POINT('',(5.920375912073,20.809897860577,
    9.916281480394));
#7708 = DIRECTION('',(0.951056516295,-0.309016994375,0.));
#7709 = DIRECTION('',(0.218508012224,0.672498511964,0.707106781187));
#7710 = ADVANCED_FACE('',(#7711),#7727,.T.);
#7711 = FACE_BOUND('',#7712,.T.);
#7712 = EDGE_LOOP('',(#7713,#7714,#7720,#7721));
#7713 = ORIENTED_EDGE('',*,*,#7541,.F.);
#7714 = ORIENTED_EDGE('',*,*,#7715,.T.);
#7715 = EDGE_CURVE('',#7542,#7665,#7716,.T.);
#7716 = LINE('',#7717,#7718);
#7717 = CARTESIAN_POINT('',(6.019558143218,20.710640883367,
    9.916281480394));
#7718 = VECTOR('',#7719,1.);
#7719 = DIRECTION('',(0.309016994375,0.951056516295,0.));
#7720 = ORIENTED_EDGE('',*,*,#7682,.F.);
#7721 = ORIENTED_EDGE('',*,*,#7722,.T.);
#7722 = EDGE_CURVE('',#7674,#7544,#7723,.T.);
#7723 = LINE('',#7724,#7725);
#7724 = CARTESIAN_POINT('',(5.961305931595,20.729568174272,
    9.977531480394));
#7725 = VECTOR('',#7726,1.);
#7726 = DIRECTION('',(-0.309016994375,-0.951056516295,0.));
#7727 = CYLINDRICAL_SURFACE('',#7728,6.125E-02);
#7728 = AXIS2_PLACEMENT_3D('',#7729,#7730,#7731);
#7729 = CARTESIAN_POINT('',(5.961305931595,20.729568174272,
    9.916281480394));
#7730 = DIRECTION('',(-0.309016994375,-0.951056516295,0.));
#7731 = DIRECTION('',(0.672498511964,-0.218508012224,0.707106781187));
#7732 = ADVANCED_FACE('',(#7733),#7744,.T.);
#7733 = FACE_BOUND('',#7734,.T.);
#7734 = EDGE_LOOP('',(#7735,#7736,#7742,#7743));
#7735 = ORIENTED_EDGE('',*,*,#7664,.F.);
#7736 = ORIENTED_EDGE('',*,*,#7737,.T.);
#7737 = EDGE_CURVE('',#7665,#7622,#7738,.T.);
#7738 = LINE('',#7739,#7740);
#7739 = CARTESIAN_POINT('',(6.03925797661,20.77127073628,9.602531480394)
  );
#7740 = VECTOR('',#7741,1.);
#7741 = DIRECTION('',(0.,0.,-1.));
#7742 = ORIENTED_EDGE('',*,*,#7637,.F.);
#7743 = ORIENTED_EDGE('',*,*,#7467,.T.);
#7744 = CYLINDRICAL_SURFACE('',#7745,6.125E-02);
#7745 = AXIS2_PLACEMENT_3D('',#7746,#7747,#7748);
#7746 = CARTESIAN_POINT('',(5.981005764987,20.790198027186,
    9.602531480394));
#7747 = DIRECTION('',(0.,0.,1.));
#7748 = DIRECTION('',(0.891006524188,0.45399049974,-0.));
#7749 = ADVANCED_FACE('',(#7750),#7761,.T.);
#7750 = FACE_BOUND('',#7751,.T.);
#7751 = EDGE_LOOP('',(#7752,#7753,#7759,#7760));
#7752 = ORIENTED_EDGE('',*,*,#7621,.F.);
#7753 = ORIENTED_EDGE('',*,*,#7754,.T.);
#7754 = EDGE_CURVE('',#7622,#7491,#7755,.T.);
#7755 = LINE('',#7756,#7757);
#7756 = CARTESIAN_POINT('',(5.942303894624,20.472876754293,
    9.538781480394));
#7757 = VECTOR('',#7758,1.);
#7758 = DIRECTION('',(-0.309016994375,-0.951056516295,0.));
#7759 = ORIENTED_EDGE('',*,*,#7508,.F.);
#7760 = ORIENTED_EDGE('',*,*,#7325,.T.);
#7761 = CYLINDRICAL_SURFACE('',#7762,6.125E-02);
#7762 = AXIS2_PLACEMENT_3D('',#7763,#7764,#7765);
#7763 = CARTESIAN_POINT('',(5.884051683001,20.491804045198,
    9.538781480394));
#7764 = DIRECTION('',(0.309016994375,0.951056516295,0.));
#7765 = DIRECTION('',(0.672498511964,-0.218508012224,-0.707106781187));
#7766 = ADVANCED_FACE('',(#7767),#7773,.T.);
#7767 = FACE_BOUND('',#7768,.T.);
#7768 = EDGE_LOOP('',(#7769,#7770,#7771,#7772));
#7769 = ORIENTED_EDGE('',*,*,#7089,.F.);
#7770 = ORIENTED_EDGE('',*,*,#7526,.F.);
#7771 = ORIENTED_EDGE('',*,*,#7607,.F.);
#7772 = ORIENTED_EDGE('',*,*,#7577,.F.);
#7773 = PLANE('',#7774);
#7774 = AXIS2_PLACEMENT_3D('',#7775,#7776,#7777);
#7775 = CARTESIAN_POINT('',(5.784794705791,20.392621814053,
    9.977531480394));
#7776 = DIRECTION('',(-0.309016994375,-0.951056516295,0.));
#7777 = DIRECTION('',(-0.,0.,-1.));
#7778 = ADVANCED_FACE('',(#7779),#7785,.T.);
#7779 = FACE_BOUND('',#7780,.T.);
#7780 = EDGE_LOOP('',(#7781,#7782,#7783,#7784));
#7781 = ORIENTED_EDGE('',*,*,#7600,.F.);
#7782 = ORIENTED_EDGE('',*,*,#7754,.F.);
#7783 = ORIENTED_EDGE('',*,*,#7737,.F.);
#7784 = ORIENTED_EDGE('',*,*,#7715,.F.);
#7785 = PLANE('',#7786);
#7786 = AXIS2_PLACEMENT_3D('',#7787,#7788,#7789);
#7787 = CARTESIAN_POINT('',(5.980931018921,20.59175881883,9.727531480394
    ));
#7788 = DIRECTION('',(0.951056516295,-0.309016994375,0.));
#7789 = DIRECTION('',(0.,0.,-1.));
#7790 = ADVANCED_FACE('',(#7791),#7797,.T.);
#7791 = FACE_BOUND('',#7792,.T.);
#7792 = EDGE_LOOP('',(#7793,#7794,#7795,#7796));
#7793 = ORIENTED_EDGE('',*,*,#7203,.F.);
#7794 = ORIENTED_EDGE('',*,*,#7584,.F.);
#7795 = ORIENTED_EDGE('',*,*,#7722,.F.);
#7796 = ORIENTED_EDGE('',*,*,#7697,.F.);
#7797 = PLANE('',#7798);
#7798 = AXIS2_PLACEMENT_3D('',#7799,#7800,#7801);
#7799 = CARTESIAN_POINT('',(5.939303202978,20.8681500722,9.977531480394)
  );
#7800 = DIRECTION('',(0.,0.,1.));
#7801 = DIRECTION('',(-0.309016994375,-0.951056516295,0.));
#7802 = ADVANCED_FACE('',(#7803),#7832,.T.);
#7803 = FACE_BOUND('',#7804,.T.);
#7804 = EDGE_LOOP('',(#7805,#7816,#7825));
#7805 = ORIENTED_EDGE('',*,*,#7806,.T.);
#7806 = EDGE_CURVE('',#7807,#7809,#7811,.T.);
#7807 = VERTEX_POINT('',#7808);
#7808 = CARTESIAN_POINT('',(4.550821787924,20.478125252414,6.1));
#7809 = VERTEX_POINT('',#7810);
#7810 = CARTESIAN_POINT('',(4.358209931348,20.856147305615,6.1));
#7811 = CIRCLE('',#7812,0.3);
#7812 = AXIS2_PLACEMENT_3D('',#7813,#7814,#7815);
#7813 = CARTESIAN_POINT('',(4.643526886236,20.763442207303,6.1));
#7814 = DIRECTION('',(0.,0.,-1.));
#7815 = DIRECTION('',(-0.951056516295,0.309016994375,0.));
#7816 = ORIENTED_EDGE('',*,*,#7817,.T.);
#7817 = EDGE_CURVE('',#7809,#7818,#7820,.T.);
#7818 = VERTEX_POINT('',#7819);
#7819 = CARTESIAN_POINT('',(4.643526886236,20.763442207303,5.8));
#7820 = CIRCLE('',#7821,0.3);
#7821 = AXIS2_PLACEMENT_3D('',#7822,#7823,#7824);
#7822 = CARTESIAN_POINT('',(4.643526886236,20.763442207303,6.1));
#7823 = DIRECTION('',(-0.309016994375,-0.951056516295,0.));
#7824 = DIRECTION('',(-0.,0.,-1.));
#7825 = ORIENTED_EDGE('',*,*,#7826,.T.);
#7826 = EDGE_CURVE('',#7818,#7807,#7827,.T.);
#7827 = CIRCLE('',#7828,0.3);
#7828 = AXIS2_PLACEMENT_3D('',#7829,#7830,#7831);
#7829 = CARTESIAN_POINT('',(4.643526886236,20.763442207303,6.1));
#7830 = DIRECTION('',(-0.951056516295,0.309016994375,3.519616140369E-15)
  );
#7831 = DIRECTION('',(-0.309016994375,-0.951056516295,
    -3.944304526105E-31));
#7832 = SPHERICAL_SURFACE('',#7833,0.3);
#7833 = AXIS2_PLACEMENT_3D('',#7834,#7835,#7836);
#7834 = CARTESIAN_POINT('',(4.643526886236,20.763442207303,6.1));
#7835 = DIRECTION('',(0.51442285659,0.262111537234,-0.816496580928));
#7836 = DIRECTION('',(-0.727503780584,-0.370681690811,-0.57735026919));
#7837 = ADVANCED_FACE('',(#7838),#7866,.T.);
#7838 = FACE_BOUND('',#7839,.T.);
#7839 = EDGE_LOOP('',(#7840,#7851,#7858,#7859));
#7840 = ORIENTED_EDGE('',*,*,#7841,.T.);
#7841 = EDGE_CURVE('',#7842,#7844,#7846,.T.);
#7842 = VERTEX_POINT('',#7843);
#7843 = CARTESIAN_POINT('',(4.910853258731,21.586188182983,5.8));
#7844 = VERTEX_POINT('',#7845);
#7845 = CARTESIAN_POINT('',(4.625536303843,21.678893281296,6.1));
#7846 = CIRCLE('',#7847,0.3);
#7847 = AXIS2_PLACEMENT_3D('',#7848,#7849,#7850);
#7848 = CARTESIAN_POINT('',(4.910853258731,21.586188182983,6.1));
#7849 = DIRECTION('',(0.309016994375,0.951056516295,0.));
#7850 = DIRECTION('',(0.,0.,-1.));
#7851 = ORIENTED_EDGE('',*,*,#7852,.T.);
#7852 = EDGE_CURVE('',#7844,#632,#7853,.T.);
#7853 = CIRCLE('',#7854,0.3);
#7854 = AXIS2_PLACEMENT_3D('',#7855,#7856,#7857);
#7855 = CARTESIAN_POINT('',(4.340219348954,21.771598379608,6.1));
#7856 = DIRECTION('',(0.,0.,1.));
#7857 = DIRECTION('',(0.862841364591,0.505474806049,-0.));
#7858 = ORIENTED_EDGE('',*,*,#639,.F.);
#7859 = ORIENTED_EDGE('',*,*,#7860,.T.);
#7860 = EDGE_CURVE('',#640,#7842,#7861,.T.);
#7861 = CIRCLE('',#7862,0.6);
#7862 = AXIS2_PLACEMENT_3D('',#7863,#7864,#7865);
#7863 = CARTESIAN_POINT('',(4.340219348954,21.771598379608,5.8));
#7864 = DIRECTION('',(0.,0.,-1.));
#7865 = DIRECTION('',(0.862841364591,0.505474806049,0.));
#7866 = TOROIDAL_SURFACE('',#7867,0.6,0.3);
#7867 = AXIS2_PLACEMENT_3D('',#7868,#7869,#7870);
#7868 = CARTESIAN_POINT('',(4.340219348954,21.771598379608,6.1));
#7869 = DIRECTION('',(0.,0.,-1.));
#7870 = DIRECTION('',(0.862841364591,0.505474806049,0.));
#7871 = ADVANCED_FACE('',(#7872),#7888,.T.);
#7872 = FACE_BOUND('',#7873,.T.);
#7873 = EDGE_LOOP('',(#7874,#7875,#7881,#7882));
#7874 = ORIENTED_EDGE('',*,*,#7817,.F.);
#7875 = ORIENTED_EDGE('',*,*,#7876,.T.);
#7876 = EDGE_CURVE('',#7809,#7844,#7877,.T.);
#7877 = LINE('',#7878,#7879);
#7878 = CARTESIAN_POINT('',(4.381386205926,20.927476544337,6.1));
#7879 = VECTOR('',#7880,1.);
#7880 = DIRECTION('',(0.309016994375,0.951056516295,0.));
#7881 = ORIENTED_EDGE('',*,*,#7841,.F.);
#7882 = ORIENTED_EDGE('',*,*,#7883,.T.);
#7883 = EDGE_CURVE('',#7842,#7818,#7884,.T.);
#7884 = LINE('',#7885,#7886);
#7885 = CARTESIAN_POINT('',(4.666703160815,20.834771446025,5.8));
#7886 = VECTOR('',#7887,1.);
#7887 = DIRECTION('',(-0.309016994375,-0.951056516295,0.));
#7888 = CYLINDRICAL_SURFACE('',#7889,0.3);
#7889 = AXIS2_PLACEMENT_3D('',#7890,#7891,#7892);
#7890 = CARTESIAN_POINT('',(4.666703160815,20.834771446025,6.1));
#7891 = DIRECTION('',(-0.309016994375,-0.951056516295,0.));
#7892 = DIRECTION('',(-0.672498511964,0.218508012224,-0.707106781187));
#7893 = ADVANCED_FACE('',(#7894),#7913,.T.);
#7894 = FACE_BOUND('',#7895,.T.);
#7895 = EDGE_LOOP('',(#7896,#7905,#7912));
#7896 = ORIENTED_EDGE('',*,*,#7897,.T.);
#7897 = EDGE_CURVE('',#7368,#7898,#7900,.T.);
#7898 = VERTEX_POINT('',#7899);
#7899 = CARTESIAN_POINT('',(5.499477750902,20.485326912365,5.8));
#7900 = CIRCLE('',#7901,0.3);
#7901 = AXIS2_PLACEMENT_3D('',#7902,#7903,#7904);
#7902 = CARTESIAN_POINT('',(5.499477750902,20.485326912365,6.1));
#7903 = DIRECTION('',(0.951056516295,-0.309016994375,0.));
#7904 = DIRECTION('',(0.,0.,-1.));
#7905 = ORIENTED_EDGE('',*,*,#7906,.T.);
#7906 = EDGE_CURVE('',#7898,#7376,#7907,.T.);
#7907 = CIRCLE('',#7908,0.3);
#7908 = AXIS2_PLACEMENT_3D('',#7909,#7910,#7911);
#7909 = CARTESIAN_POINT('',(5.499477750902,20.485326912365,6.1));
#7910 = DIRECTION('',(-0.309016994375,-0.951056516295,0.));
#7911 = DIRECTION('',(0.951056516295,-0.309016994375,0.));
#7912 = ORIENTED_EDGE('',*,*,#7375,.T.);
#7913 = SPHERICAL_SURFACE('',#7914,0.3);
#7914 = AXIS2_PLACEMENT_3D('',#7915,#7916,#7917);
#7915 = CARTESIAN_POINT('',(5.499477750902,20.485326912365,6.1));
#7916 = DIRECTION('',(-0.928759971197,-0.290357401074,-0.230428938165));
#7917 = DIRECTION('',(0.370681690811,-0.727503780584,-0.57735026919));
#7918 = ADVANCED_FACE('',(#7919),#7938,.T.);
#7919 = FACE_BOUND('',#7920,.T.);
#7920 = EDGE_LOOP('',(#7921,#7930,#7931,#7932));
#7921 = ORIENTED_EDGE('',*,*,#7922,.T.);
#7922 = EDGE_CURVE('',#7923,#7403,#7925,.T.);
#7923 = VERTEX_POINT('',#7924);
#7924 = CARTESIAN_POINT('',(5.812274925904,21.448017628344,5.8));
#7925 = CIRCLE('',#7926,0.3);
#7926 = AXIS2_PLACEMENT_3D('',#7927,#7928,#7929);
#7927 = CARTESIAN_POINT('',(5.812274925904,21.448017628344,6.1));
#7928 = DIRECTION('',(-0.309016994375,-0.951056516295,0.));
#7929 = DIRECTION('',(-0.,0.,-1.));
#7930 = ORIENTED_EDGE('',*,*,#7402,.T.);
#7931 = ORIENTED_EDGE('',*,*,#7906,.F.);
#7932 = ORIENTED_EDGE('',*,*,#7933,.T.);
#7933 = EDGE_CURVE('',#7898,#7923,#7934,.T.);
#7934 = LINE('',#7935,#7936);
#7935 = CARTESIAN_POINT('',(5.7704296528,21.319231120204,5.8));
#7936 = VECTOR('',#7937,1.);
#7937 = DIRECTION('',(0.309016994375,0.951056516295,0.));
#7938 = CYLINDRICAL_SURFACE('',#7939,0.3);
#7939 = AXIS2_PLACEMENT_3D('',#7940,#7941,#7942);
#7940 = CARTESIAN_POINT('',(5.7704296528,21.319231120204,6.1));
#7941 = DIRECTION('',(0.309016994375,0.951056516295,0.));
#7942 = DIRECTION('',(0.672498511964,-0.218508012224,-0.707106781187));
#7943 = ADVANCED_FACE('',(#7944),#7962,.T.);
#7944 = FACE_BOUND('',#7945,.T.);
#7945 = EDGE_LOOP('',(#7946,#7947,#7954,#7955));
#7946 = ORIENTED_EDGE('',*,*,#663,.F.);
#7947 = ORIENTED_EDGE('',*,*,#7948,.T.);
#7948 = EDGE_CURVE('',#664,#7403,#7949,.T.);
#7949 = CIRCLE('',#7950,0.3);
#7950 = AXIS2_PLACEMENT_3D('',#7951,#7952,#7953);
#7951 = CARTESIAN_POINT('',(6.382908835681,21.262607431719,6.1));
#7952 = DIRECTION('',(0.,0.,1.));
#7953 = DIRECTION('',(-0.463996202167,0.885837188412,0.));
#7954 = ORIENTED_EDGE('',*,*,#7922,.F.);
#7955 = ORIENTED_EDGE('',*,*,#7956,.T.);
#7956 = EDGE_CURVE('',#7923,#655,#7957,.T.);
#7957 = CIRCLE('',#7958,0.6);
#7958 = AXIS2_PLACEMENT_3D('',#7959,#7960,#7961);
#7959 = CARTESIAN_POINT('',(6.382908835681,21.262607431719,5.8));
#7960 = DIRECTION('',(0.,0.,-1.));
#7961 = DIRECTION('',(-0.463996202167,0.885837188412,0.));
#7962 = TOROIDAL_SURFACE('',#7963,0.6,0.3);
#7963 = AXIS2_PLACEMENT_3D('',#7964,#7965,#7966);
#7964 = CARTESIAN_POINT('',(6.382908835681,21.262607431719,6.1));
#7965 = DIRECTION('',(0.,0.,-1.));
#7966 = DIRECTION('',(-1.,0.,0.));
#7967 = ADVANCED_FACE('',(#7968),#7996,.T.);
#7968 = FACE_BOUND('',#7969,.T.);
#7969 = EDGE_LOOP('',(#7970,#7979,#7988,#7995));
#7970 = ORIENTED_EDGE('',*,*,#7971,.T.);
#7971 = EDGE_CURVE('',#7351,#7972,#7974,.T.);
#7972 = VERTEX_POINT('',#7973);
#7973 = CARTESIAN_POINT('',(6.070111660679,20.29991671574,20.25));
#7974 = CIRCLE('',#7975,0.3);
#7975 = AXIS2_PLACEMENT_3D('',#7976,#7977,#7978);
#7976 = CARTESIAN_POINT('',(6.070111660679,20.29991671574,19.95));
#7977 = DIRECTION('',(0.309016994375,0.951056516295,0.));
#7978 = DIRECTION('',(0.,-0.,1.));
#7979 = ORIENTED_EDGE('',*,*,#7980,.F.);
#7980 = EDGE_CURVE('',#7981,#7972,#7983,.T.);
#7981 = VERTEX_POINT('',#7982);
#7982 = CARTESIAN_POINT('',(5.977406562367,20.014599760852,20.55));
#7983 = CIRCLE('',#7984,0.3);
#7984 = AXIS2_PLACEMENT_3D('',#7985,#7986,#7987);
#7985 = CARTESIAN_POINT('',(6.070111660679,20.29991671574,20.55));
#7986 = DIRECTION('',(0.951056516295,-0.309016994375,0.));
#7987 = DIRECTION('',(-0.309016994375,-0.951056516295,0.));
#7988 = ORIENTED_EDGE('',*,*,#7989,.T.);
#7989 = EDGE_CURVE('',#7981,#7359,#7990,.T.);
#7990 = CIRCLE('',#7991,0.6);
#7991 = AXIS2_PLACEMENT_3D('',#7992,#7993,#7994);
#7992 = CARTESIAN_POINT('',(5.977406562367,20.014599760852,19.95));
#7993 = DIRECTION('',(-0.309016994375,-0.951056516295,2.775557561563E-17
    ));
#7994 = DIRECTION('',(-0.672498511964,0.218508012224,0.707106781187));
#7995 = ORIENTED_EDGE('',*,*,#7358,.F.);
#7996 = TOROIDAL_SURFACE('',#7997,0.6,0.3);
#7997 = AXIS2_PLACEMENT_3D('',#7998,#7999,#8000);
#7998 = CARTESIAN_POINT('',(6.070111660679,20.29991671574,19.95));
#7999 = DIRECTION('',(0.309016994375,0.951056516295,0.));
#8000 = DIRECTION('',(0.,-0.,1.));
#8001 = ADVANCED_FACE('',(#8002),#8040,.T.);
#8002 = FACE_BOUND('',#8003,.T.);
#8003 = EDGE_LOOP('',(#8004,#8015,#8024,#8033));
#8004 = ORIENTED_EDGE('',*,*,#8005,.F.);
#8005 = EDGE_CURVE('',#8006,#8008,#8010,.T.);
#8006 = VERTEX_POINT('',#8007);
#8007 = CARTESIAN_POINT('',(7.021168177035,19.990899721346,20.25));
#8008 = VERTEX_POINT('',#8009);
#8009 = CARTESIAN_POINT('',(6.928463078722,19.705582766457,20.55));
#8010 = CIRCLE('',#8011,0.3);
#8011 = AXIS2_PLACEMENT_3D('',#8012,#8013,#8014);
#8012 = CARTESIAN_POINT('',(7.021168177035,19.990899721346,20.55));
#8013 = DIRECTION('',(-0.951056516295,0.309016994375,0.));
#8014 = DIRECTION('',(0.,0.,-1.));
#8015 = ORIENTED_EDGE('',*,*,#8016,.T.);
#8016 = EDGE_CURVE('',#8006,#8017,#8019,.T.);
#8017 = VERTEX_POINT('',#8018);
#8018 = CARTESIAN_POINT('',(7.306485131923,19.898194623033,19.95));
#8019 = CIRCLE('',#8020,0.3);
#8020 = AXIS2_PLACEMENT_3D('',#8021,#8022,#8023);
#8021 = CARTESIAN_POINT('',(7.021168177035,19.990899721346,19.95));
#8022 = DIRECTION('',(0.309016994375,0.951056516295,8.182824887923E-15)
  );
#8023 = DIRECTION('',(0.951056516295,-0.309016994375,7.88860905221E-31)
  );
#8024 = ORIENTED_EDGE('',*,*,#8025,.F.);
#8025 = EDGE_CURVE('',#8026,#8017,#8028,.T.);
#8026 = VERTEX_POINT('',#8027);
#8027 = CARTESIAN_POINT('',(7.499096988499,19.520172569832,19.95));
#8028 = CIRCLE('',#8029,0.3);
#8029 = AXIS2_PLACEMENT_3D('',#8030,#8031,#8032);
#8030 = CARTESIAN_POINT('',(7.591802086812,19.805489524721,19.95));
#8031 = DIRECTION('',(0.,0.,-1.));
#8032 = DIRECTION('',(-0.309016994375,-0.951056516295,-0.));
#8033 = ORIENTED_EDGE('',*,*,#8034,.T.);
#8034 = EDGE_CURVE('',#8026,#8008,#8035,.T.);
#8035 = CIRCLE('',#8036,0.6);
#8036 = AXIS2_PLACEMENT_3D('',#8037,#8038,#8039);
#8037 = CARTESIAN_POINT('',(6.928463078722,19.705582766457,19.95));
#8038 = DIRECTION('',(-0.309016994375,-0.951056516295,2.775557561563E-17
    ));
#8039 = DIRECTION('',(0.672498511964,-0.218508012224,0.707106781187));
#8040 = TOROIDAL_SURFACE('',#8041,0.6,0.3);
#8041 = AXIS2_PLACEMENT_3D('',#8042,#8043,#8044);
#8042 = CARTESIAN_POINT('',(7.021168177035,19.990899721346,19.95));
#8043 = DIRECTION('',(0.309016994375,0.951056516295,0.));
#8044 = DIRECTION('',(0.,-0.,1.));
#8045 = ADVANCED_FACE('',(#8046),#8072,.F.);
#8046 = FACE_BOUND('',#8047,.F.);
#8047 = EDGE_LOOP('',(#8048,#8056,#8057,#8065));
#8048 = ORIENTED_EDGE('',*,*,#8049,.F.);
#8049 = EDGE_CURVE('',#8006,#8050,#8052,.T.);
#8050 = VERTEX_POINT('',#8051);
#8051 = CARTESIAN_POINT('',(7.333965352037,20.953590437324,20.25));
#8052 = LINE('',#8053,#8054);
#8053 = CARTESIAN_POINT('',(7.044344451613,20.062228960068,20.25));
#8054 = VECTOR('',#8055,1.);
#8055 = DIRECTION('',(0.309016994375,0.951056516295,0.));
#8056 = ORIENTED_EDGE('',*,*,#8016,.T.);
#8057 = ORIENTED_EDGE('',*,*,#8058,.F.);
#8058 = EDGE_CURVE('',#8059,#8017,#8061,.T.);
#8059 = VERTEX_POINT('',#8060);
#8060 = CARTESIAN_POINT('',(7.619282306925,20.860885339012,19.95));
#8061 = LINE('',#8062,#8063);
#8062 = CARTESIAN_POINT('',(7.329661406501,19.969523861756,19.95));
#8063 = VECTOR('',#8064,1.);
#8064 = DIRECTION('',(-0.309016994375,-0.951056516295,0.));
#8065 = ORIENTED_EDGE('',*,*,#8066,.F.);
#8066 = EDGE_CURVE('',#8050,#8059,#8067,.T.);
#8067 = CIRCLE('',#8068,0.3);
#8068 = AXIS2_PLACEMENT_3D('',#8069,#8070,#8071);
#8069 = CARTESIAN_POINT('',(7.333965352037,20.953590437324,19.95));
#8070 = DIRECTION('',(0.309016994375,0.951056516295,0.));
#8071 = DIRECTION('',(0.,-0.,1.));
#8072 = CYLINDRICAL_SURFACE('',#8073,0.3);
#8073 = AXIS2_PLACEMENT_3D('',#8074,#8075,#8076);
#8074 = CARTESIAN_POINT('',(7.044344451613,20.062228960068,19.95));
#8075 = DIRECTION('',(0.309016994375,0.951056516295,0.));
#8076 = DIRECTION('',(0.672498511964,-0.218508012224,0.707106781187));
#8077 = ADVANCED_FACE('',(#8078),#8107,.T.);
#8078 = FACE_BOUND('',#8079,.T.);
#8079 = EDGE_LOOP('',(#8080,#8091,#8100));
#8080 = ORIENTED_EDGE('',*,*,#8081,.T.);
#8081 = EDGE_CURVE('',#8082,#8084,#8086,.T.);
#8082 = VERTEX_POINT('',#8083);
#8083 = CARTESIAN_POINT('',(7.499096988499,19.520172569832,6.1));
#8084 = VERTEX_POINT('',#8085);
#8085 = CARTESIAN_POINT('',(7.306485131923,19.898194623033,6.1));
#8086 = CIRCLE('',#8087,0.3);
#8087 = AXIS2_PLACEMENT_3D('',#8088,#8089,#8090);
#8088 = CARTESIAN_POINT('',(7.591802086812,19.805489524721,6.1));
#8089 = DIRECTION('',(0.,0.,-1.));
#8090 = DIRECTION('',(-0.951056516295,0.309016994375,0.));
#8091 = ORIENTED_EDGE('',*,*,#8092,.T.);
#8092 = EDGE_CURVE('',#8084,#8093,#8095,.T.);
#8093 = VERTEX_POINT('',#8094);
#8094 = CARTESIAN_POINT('',(7.591802086812,19.805489524721,5.8));
#8095 = CIRCLE('',#8096,0.3);
#8096 = AXIS2_PLACEMENT_3D('',#8097,#8098,#8099);
#8097 = CARTESIAN_POINT('',(7.591802086812,19.805489524721,6.1));
#8098 = DIRECTION('',(-0.309016994375,-0.951056516295,0.));
#8099 = DIRECTION('',(-0.,0.,-1.));
#8100 = ORIENTED_EDGE('',*,*,#8101,.T.);
#8101 = EDGE_CURVE('',#8093,#8082,#8102,.T.);
#8102 = CIRCLE('',#8103,0.3);
#8103 = AXIS2_PLACEMENT_3D('',#8104,#8105,#8106);
#8104 = CARTESIAN_POINT('',(7.591802086812,19.805489524721,6.1));
#8105 = DIRECTION('',(-0.951056516295,0.309016994375,0.));
#8106 = DIRECTION('',(-0.309016994375,-0.951056516295,0.));
#8107 = SPHERICAL_SURFACE('',#8108,0.3);
#8108 = AXIS2_PLACEMENT_3D('',#8109,#8110,#8111);
#8109 = CARTESIAN_POINT('',(7.591802086812,19.805489524721,6.1));
#8110 = DIRECTION('',(0.51442285659,0.262111537234,-0.816496580928));
#8111 = DIRECTION('',(-0.727503780584,-0.370681690811,-0.57735026919));
#8112 = ADVANCED_FACE('',(#8113),#8141,.T.);
#8113 = FACE_BOUND('',#8114,.T.);
#8114 = EDGE_LOOP('',(#8115,#8126,#8133,#8134));
#8115 = ORIENTED_EDGE('',*,*,#8116,.T.);
#8116 = EDGE_CURVE('',#8117,#8119,#8121,.T.);
#8117 = VERTEX_POINT('',#8118);
#8118 = CARTESIAN_POINT('',(7.904599261814,20.768180240699,5.8));
#8119 = VERTEX_POINT('',#8120);
#8120 = CARTESIAN_POINT('',(7.619282306925,20.860885339012,6.1));
#8121 = CIRCLE('',#8122,0.3);
#8122 = AXIS2_PLACEMENT_3D('',#8123,#8124,#8125);
#8123 = CARTESIAN_POINT('',(7.904599261814,20.768180240699,6.1));
#8124 = DIRECTION('',(0.309016994375,0.951056516295,0.));
#8125 = DIRECTION('',(0.,0.,-1.));
#8126 = ORIENTED_EDGE('',*,*,#8127,.T.);
#8127 = EDGE_CURVE('',#8119,#548,#8128,.T.);
#8128 = CIRCLE('',#8129,0.3);
#8129 = AXIS2_PLACEMENT_3D('',#8130,#8131,#8132);
#8130 = CARTESIAN_POINT('',(7.333965352037,20.953590437324,6.1));
#8131 = DIRECTION('',(0.,0.,1.));
#8132 = DIRECTION('',(0.89606284816,0.443927214921,-0.));
#8133 = ORIENTED_EDGE('',*,*,#555,.F.);
#8134 = ORIENTED_EDGE('',*,*,#8135,.T.);
#8135 = EDGE_CURVE('',#556,#8117,#8136,.T.);
#8136 = CIRCLE('',#8137,0.6);
#8137 = AXIS2_PLACEMENT_3D('',#8138,#8139,#8140);
#8138 = CARTESIAN_POINT('',(7.333965352037,20.953590437324,5.8));
#8139 = DIRECTION('',(0.,0.,-1.));
#8140 = DIRECTION('',(0.89606284816,0.443927214921,0.));
#8141 = TOROIDAL_SURFACE('',#8142,0.6,0.3);
#8142 = AXIS2_PLACEMENT_3D('',#8143,#8144,#8145);
#8143 = CARTESIAN_POINT('',(7.333965352037,20.953590437324,6.1));
#8144 = DIRECTION('',(0.,0.,-1.));
#8145 = DIRECTION('',(0.89606284816,0.443927214921,0.));
#8146 = ADVANCED_FACE('',(#8147),#8163,.T.);
#8147 = FACE_BOUND('',#8148,.T.);
#8148 = EDGE_LOOP('',(#8149,#8150,#8156,#8157));
#8149 = ORIENTED_EDGE('',*,*,#8092,.F.);
#8150 = ORIENTED_EDGE('',*,*,#8151,.T.);
#8151 = EDGE_CURVE('',#8084,#8119,#8152,.T.);
#8152 = LINE('',#8153,#8154);
#8153 = CARTESIAN_POINT('',(7.329661406501,19.969523861756,6.1));
#8154 = VECTOR('',#8155,1.);
#8155 = DIRECTION('',(0.309016994375,0.951056516295,0.));
#8156 = ORIENTED_EDGE('',*,*,#8116,.F.);
#8157 = ORIENTED_EDGE('',*,*,#8158,.T.);
#8158 = EDGE_CURVE('',#8117,#8093,#8159,.T.);
#8159 = LINE('',#8160,#8161);
#8160 = CARTESIAN_POINT('',(7.61497836139,19.876818763443,5.8));
#8161 = VECTOR('',#8162,1.);
#8162 = DIRECTION('',(-0.309016994375,-0.951056516295,0.));
#8163 = CYLINDRICAL_SURFACE('',#8164,0.3);
#8164 = AXIS2_PLACEMENT_3D('',#8165,#8166,#8167);
#8165 = CARTESIAN_POINT('',(7.61497836139,19.876818763443,6.1));
#8166 = DIRECTION('',(-0.309016994375,-0.951056516295,0.));
#8167 = DIRECTION('',(-0.672498511964,0.218508012224,-0.707106781187));
#8168 = ADVANCED_FACE('',(#8169),#8198,.T.);
#8169 = FACE_BOUND('',#8170,.T.);
#8170 = EDGE_LOOP('',(#8171,#8182,#8191));
#8171 = ORIENTED_EDGE('',*,*,#8172,.T.);
#8172 = EDGE_CURVE('',#8173,#8175,#8177,.T.);
#8173 = VERTEX_POINT('',#8174);
#8174 = CARTESIAN_POINT('',(8.733069906366,19.434669131471,6.1));
#8175 = VERTEX_POINT('',#8176);
#8176 = CARTESIAN_POINT('',(8.355047853165,19.242057274895,6.1));
#8177 = CIRCLE('',#8178,0.3);
#8178 = AXIS2_PLACEMENT_3D('',#8179,#8180,#8181);
#8179 = CARTESIAN_POINT('',(8.447752951477,19.527374229783,6.1));
#8180 = DIRECTION('',(0.,0.,-1.));
#8181 = DIRECTION('',(-0.309016994375,-0.951056516295,-0.));
#8182 = ORIENTED_EDGE('',*,*,#8183,.T.);
#8183 = EDGE_CURVE('',#8175,#8184,#8186,.T.);
#8184 = VERTEX_POINT('',#8185);
#8185 = CARTESIAN_POINT('',(8.447752951477,19.527374229783,5.8));
#8186 = CIRCLE('',#8187,0.3);
#8187 = AXIS2_PLACEMENT_3D('',#8188,#8189,#8190);
#8188 = CARTESIAN_POINT('',(8.447752951477,19.527374229783,6.1));
#8189 = DIRECTION('',(0.951056516295,-0.309016994375,0.));
#8190 = DIRECTION('',(0.,0.,-1.));
#8191 = ORIENTED_EDGE('',*,*,#8192,.T.);
#8192 = EDGE_CURVE('',#8184,#8173,#8193,.T.);
#8193 = CIRCLE('',#8194,0.3);
#8194 = AXIS2_PLACEMENT_3D('',#8195,#8196,#8197);
#8195 = CARTESIAN_POINT('',(8.447752951477,19.527374229783,6.1));
#8196 = DIRECTION('',(-0.309016994375,-0.951056516295,
    -1.522205716866E-14));
#8197 = DIRECTION('',(0.951056516295,-0.309016994375,1.577721810442E-30)
  );
#8198 = SPHERICAL_SURFACE('',#8199,0.3);
#8199 = AXIS2_PLACEMENT_3D('',#8200,#8201,#8202);
#8200 = CARTESIAN_POINT('',(8.447752951477,19.527374229783,6.1));
#8201 = DIRECTION('',(-0.928759971197,-0.290357401074,-0.230428938165));
#8202 = DIRECTION('',(0.370681690811,-0.727503780584,-0.57735026919));
#8203 = ADVANCED_FACE('',(#8204),#8220,.T.);
#8204 = FACE_BOUND('',#8205,.T.);
#8205 = EDGE_LOOP('',(#8206,#8207,#8213,#8214));
#8206 = ORIENTED_EDGE('',*,*,#8183,.F.);
#8207 = ORIENTED_EDGE('',*,*,#8208,.T.);
#8208 = EDGE_CURVE('',#8175,#8082,#8209,.T.);
#8209 = LINE('',#8210,#8211);
#8210 = CARTESIAN_POINT('',(6.072512214011,19.983698061409,6.1));
#8211 = VECTOR('',#8212,1.);
#8212 = DIRECTION('',(-0.951056516295,0.309016994375,0.));
#8213 = ORIENTED_EDGE('',*,*,#8101,.F.);
#8214 = ORIENTED_EDGE('',*,*,#8215,.T.);
#8215 = EDGE_CURVE('',#8093,#8184,#8216,.T.);
#8216 = LINE('',#8217,#8218);
#8217 = CARTESIAN_POINT('',(6.165217312324,20.269015016298,5.8));
#8218 = VECTOR('',#8219,1.);
#8219 = DIRECTION('',(0.951056516295,-0.309016994375,0.));
#8220 = CYLINDRICAL_SURFACE('',#8221,0.3);
#8221 = AXIS2_PLACEMENT_3D('',#8222,#8223,#8224);
#8222 = CARTESIAN_POINT('',(6.165217312324,20.269015016298,6.1));
#8223 = DIRECTION('',(0.951056516295,-0.309016994375,0.));
#8224 = DIRECTION('',(-0.218508012224,-0.672498511964,-0.707106781187));
#8225 = ADVANCED_FACE('',(#8226),#8252,.T.);
#8226 = FACE_BOUND('',#8227,.T.);
#8227 = EDGE_LOOP('',(#8228,#8239,#8245,#8246));
#8228 = ORIENTED_EDGE('',*,*,#8229,.T.);
#8229 = EDGE_CURVE('',#8230,#8232,#8234,.T.);
#8230 = VERTEX_POINT('',#8231);
#8231 = CARTESIAN_POINT('',(8.715079323972,20.350120205464,5.8));
#8232 = VERTEX_POINT('',#8233);
#8233 = CARTESIAN_POINT('',(9.000396278861,20.257415107151,6.1));
#8234 = CIRCLE('',#8235,0.3);
#8235 = AXIS2_PLACEMENT_3D('',#8236,#8237,#8238);
#8236 = CARTESIAN_POINT('',(8.715079323972,20.350120205464,6.1));
#8237 = DIRECTION('',(-0.309016994375,-0.951056516295,0.));
#8238 = DIRECTION('',(-0.,0.,-1.));
#8239 = ORIENTED_EDGE('',*,*,#8240,.T.);
#8240 = EDGE_CURVE('',#8232,#8173,#8241,.T.);
#8241 = LINE('',#8242,#8243);
#8242 = CARTESIAN_POINT('',(8.988008926725,20.219290757415,6.1));
#8243 = VECTOR('',#8244,1.);
#8244 = DIRECTION('',(-0.309016994375,-0.951056516295,0.));
#8245 = ORIENTED_EDGE('',*,*,#8192,.F.);
#8246 = ORIENTED_EDGE('',*,*,#8247,.T.);
#8247 = EDGE_CURVE('',#8184,#8230,#8248,.T.);
#8248 = LINE('',#8249,#8250);
#8249 = CARTESIAN_POINT('',(8.702691971837,20.311995855727,5.8));
#8250 = VECTOR('',#8251,1.);
#8251 = DIRECTION('',(0.309016994375,0.951056516295,0.));
#8252 = CYLINDRICAL_SURFACE('',#8253,0.3);
#8253 = AXIS2_PLACEMENT_3D('',#8254,#8255,#8256);
#8254 = CARTESIAN_POINT('',(8.702691971837,20.311995855727,6.1));
#8255 = DIRECTION('',(0.309016994375,0.951056516295,0.));
#8256 = DIRECTION('',(0.672498511964,-0.218508012224,-0.707106781187));
#8257 = ADVANCED_FACE('',(#8258),#8276,.T.);
#8258 = FACE_BOUND('',#8259,.T.);
#8259 = EDGE_LOOP('',(#8260,#8261,#8268,#8269));
#8260 = ORIENTED_EDGE('',*,*,#579,.F.);
#8261 = ORIENTED_EDGE('',*,*,#8262,.T.);
#8262 = EDGE_CURVE('',#580,#8232,#8263,.T.);
#8263 = CIRCLE('',#8264,0.3);
#8264 = AXIS2_PLACEMENT_3D('',#8265,#8266,#8267);
#8265 = CARTESIAN_POINT('',(9.285713233749,20.164710008839,6.1));
#8266 = DIRECTION('',(0.,0.,1.));
#8267 = DIRECTION('',(-0.400942691003,0.916103137497,0.));
#8268 = ORIENTED_EDGE('',*,*,#8229,.F.);
#8269 = ORIENTED_EDGE('',*,*,#8270,.T.);
#8270 = EDGE_CURVE('',#8230,#571,#8271,.T.);
#8271 = CIRCLE('',#8272,0.6);
#8272 = AXIS2_PLACEMENT_3D('',#8273,#8274,#8275);
#8273 = CARTESIAN_POINT('',(9.285713233749,20.164710008839,5.8));
#8274 = DIRECTION('',(0.,0.,-1.));
#8275 = DIRECTION('',(-0.400942691003,0.916103137497,0.));
#8276 = TOROIDAL_SURFACE('',#8277,0.6,0.3);
#8277 = AXIS2_PLACEMENT_3D('',#8278,#8279,#8280);
#8278 = CARTESIAN_POINT('',(9.285713233749,20.164710008839,6.1));
#8279 = DIRECTION('',(0.,0.,-1.));
#8280 = DIRECTION('',(-1.,0.,0.));
#8281 = ADVANCED_FACE('',(#8282),#8311,.T.);
#8282 = FACE_BOUND('',#8283,.T.);
#8283 = EDGE_LOOP('',(#8284,#8295,#8304));
#8284 = ORIENTED_EDGE('',*,*,#8285,.T.);
#8285 = EDGE_CURVE('',#8286,#8288,#8290,.T.);
#8286 = VERTEX_POINT('',#8287);
#8287 = CARTESIAN_POINT('',(8.355047853165,19.242057274895,21.45));
#8288 = VERTEX_POINT('',#8289);
#8289 = CARTESIAN_POINT('',(8.733069906366,19.434669131471,21.45));
#8290 = CIRCLE('',#8291,0.3);
#8291 = AXIS2_PLACEMENT_3D('',#8292,#8293,#8294);
#8292 = CARTESIAN_POINT('',(8.447752951477,19.527374229783,21.45));
#8293 = DIRECTION('',(0.,0.,1.));
#8294 = DIRECTION('',(-0.309016994375,-0.951056516295,0.));
#8295 = ORIENTED_EDGE('',*,*,#8296,.T.);
#8296 = EDGE_CURVE('',#8288,#8297,#8299,.T.);
#8297 = VERTEX_POINT('',#8298);
#8298 = CARTESIAN_POINT('',(8.447752951477,19.527374229783,21.75));
#8299 = CIRCLE('',#8300,0.3);
#8300 = AXIS2_PLACEMENT_3D('',#8301,#8302,#8303);
#8301 = CARTESIAN_POINT('',(8.447752951477,19.527374229783,21.45));
#8302 = DIRECTION('',(-0.309016994375,-0.951056516295,2.775557561563E-17
    ));
#8303 = DIRECTION('',(0.672498511964,-0.218508012224,0.707106781187));
#8304 = ORIENTED_EDGE('',*,*,#8305,.T.);
#8305 = EDGE_CURVE('',#8297,#8286,#8306,.T.);
#8306 = CIRCLE('',#8307,0.3);
#8307 = AXIS2_PLACEMENT_3D('',#8308,#8309,#8310);
#8308 = CARTESIAN_POINT('',(8.447752951477,19.527374229783,21.45));
#8309 = DIRECTION('',(0.951056516295,-0.309016994375,2.775557561563E-17)
  );
#8310 = DIRECTION('',(-0.218508012224,-0.672498511964,0.707106781187));
#8311 = SPHERICAL_SURFACE('',#8312,0.3);
#8312 = AXIS2_PLACEMENT_3D('',#8313,#8314,#8315);
#8313 = CARTESIAN_POINT('',(8.447752951477,19.527374229783,21.45));
#8314 = DIRECTION('',(-0.928759971197,-0.290357401074,0.230428938165));
#8315 = DIRECTION('',(0.370681690811,-0.727503780584,0.57735026919));
#8316 = ADVANCED_FACE('',(#8317),#8333,.T.);
#8317 = FACE_BOUND('',#8318,.T.);
#8318 = EDGE_LOOP('',(#8319,#8320,#8326,#8327));
#8319 = ORIENTED_EDGE('',*,*,#8285,.F.);
#8320 = ORIENTED_EDGE('',*,*,#8321,.T.);
#8321 = EDGE_CURVE('',#8286,#8175,#8322,.T.);
#8322 = LINE('',#8323,#8324);
#8323 = CARTESIAN_POINT('',(8.355047853165,19.242057274895,20.25));
#8324 = VECTOR('',#8325,1.);
#8325 = DIRECTION('',(0.,0.,-1.));
#8326 = ORIENTED_EDGE('',*,*,#8172,.F.);
#8327 = ORIENTED_EDGE('',*,*,#8328,.T.);
#8328 = EDGE_CURVE('',#8173,#8288,#8329,.T.);
#8329 = LINE('',#8330,#8331);
#8330 = CARTESIAN_POINT('',(8.733069906366,19.434669131471,20.25));
#8331 = VECTOR('',#8332,1.);
#8332 = DIRECTION('',(0.,0.,1.));
#8333 = CYLINDRICAL_SURFACE('',#8334,0.3);
#8334 = AXIS2_PLACEMENT_3D('',#8335,#8336,#8337);
#8335 = CARTESIAN_POINT('',(8.447752951477,19.527374229783,20.25));
#8336 = DIRECTION('',(0.,0.,-1.));
#8337 = DIRECTION('',(0.45399049974,-0.891006524188,0.));
#8338 = ADVANCED_FACE('',(#8339),#8355,.T.);
#8339 = FACE_BOUND('',#8340,.T.);
#8340 = EDGE_LOOP('',(#8341,#8342,#8348,#8349));
#8341 = ORIENTED_EDGE('',*,*,#8081,.F.);
#8342 = ORIENTED_EDGE('',*,*,#8343,.T.);
#8343 = EDGE_CURVE('',#8082,#8026,#8344,.T.);
#8344 = LINE('',#8345,#8346);
#8345 = CARTESIAN_POINT('',(7.499096988499,19.520172569832,20.25));
#8346 = VECTOR('',#8347,1.);
#8347 = DIRECTION('',(0.,0.,1.));
#8348 = ORIENTED_EDGE('',*,*,#8025,.T.);
#8349 = ORIENTED_EDGE('',*,*,#8350,.T.);
#8350 = EDGE_CURVE('',#8017,#8084,#8351,.T.);
#8351 = LINE('',#8352,#8353);
#8352 = CARTESIAN_POINT('',(7.306485131923,19.898194623033,20.25));
#8353 = VECTOR('',#8354,1.);
#8354 = DIRECTION('',(0.,0.,-1.));
#8355 = CYLINDRICAL_SURFACE('',#8356,0.3);
#8356 = AXIS2_PLACEMENT_3D('',#8357,#8358,#8359);
#8357 = CARTESIAN_POINT('',(7.591802086812,19.805489524721,20.25));
#8358 = DIRECTION('',(0.,0.,-1.));
#8359 = DIRECTION('',(-0.891006524188,-0.45399049974,-0.));
#8360 = ADVANCED_FACE('',(#8361),#8377,.T.);
#8361 = FACE_BOUND('',#8362,.T.);
#8362 = EDGE_LOOP('',(#8363,#8364,#8370,#8371));
#8363 = ORIENTED_EDGE('',*,*,#7980,.T.);
#8364 = ORIENTED_EDGE('',*,*,#8365,.T.);
#8365 = EDGE_CURVE('',#7972,#8006,#8366,.T.);
#8366 = LINE('',#8367,#8368);
#8367 = CARTESIAN_POINT('',(6.165217312324,20.269015016298,20.25));
#8368 = VECTOR('',#8369,1.);
#8369 = DIRECTION('',(0.951056516295,-0.309016994375,0.));
#8370 = ORIENTED_EDGE('',*,*,#8005,.T.);
#8371 = ORIENTED_EDGE('',*,*,#8372,.T.);
#8372 = EDGE_CURVE('',#8008,#7981,#8373,.T.);
#8373 = LINE('',#8374,#8375);
#8374 = CARTESIAN_POINT('',(6.072512214011,19.983698061409,20.55));
#8375 = VECTOR('',#8376,1.);
#8376 = DIRECTION('',(-0.951056516295,0.309016994375,0.));
#8377 = CYLINDRICAL_SURFACE('',#8378,0.3);
#8378 = AXIS2_PLACEMENT_3D('',#8379,#8380,#8381);
#8379 = CARTESIAN_POINT('',(6.165217312324,20.269015016298,20.55));
#8380 = DIRECTION('',(-0.951056516295,0.309016994375,0.));
#8381 = DIRECTION('',(-0.218508012224,-0.672498511964,-0.707106781187));
#8382 = ADVANCED_FACE('',(#8383),#8402,.F.);
#8383 = FACE_BOUND('',#8384,.F.);
#8384 = EDGE_LOOP('',(#8385,#8386,#8387,#8395));
#8385 = ORIENTED_EDGE('',*,*,#7418,.F.);
#8386 = ORIENTED_EDGE('',*,*,#7971,.T.);
#8387 = ORIENTED_EDGE('',*,*,#8388,.F.);
#8388 = EDGE_CURVE('',#8389,#7972,#8391,.T.);
#8389 = VERTEX_POINT('',#8390);
#8390 = CARTESIAN_POINT('',(6.382908835681,21.262607431719,20.25));
#8391 = LINE('',#8392,#8393);
#8392 = CARTESIAN_POINT('',(6.341063562578,21.133820923579,20.25));
#8393 = VECTOR('',#8394,1.);
#8394 = DIRECTION('',(-0.309016994375,-0.951056516295,0.));
#8395 = ORIENTED_EDGE('',*,*,#8396,.F.);
#8396 = EDGE_CURVE('',#7411,#8389,#8397,.T.);
#8397 = CIRCLE('',#8398,0.3);
#8398 = AXIS2_PLACEMENT_3D('',#8399,#8400,#8401);
#8399 = CARTESIAN_POINT('',(6.382908835681,21.262607431719,19.95));
#8400 = DIRECTION('',(0.309016994375,0.951056516295,0.));
#8401 = DIRECTION('',(-0.951056516295,0.309016994375,0.));
#8402 = CYLINDRICAL_SURFACE('',#8403,0.3);
#8403 = AXIS2_PLACEMENT_3D('',#8404,#8405,#8406);
#8404 = CARTESIAN_POINT('',(6.341063562578,21.133820923579,19.95));
#8405 = DIRECTION('',(-0.309016994375,-0.951056516295,0.));
#8406 = DIRECTION('',(-0.672498511964,0.218508012224,0.707106781187));
#8407 = ADVANCED_FACE('',(#8408),#8424,.T.);
#8408 = FACE_BOUND('',#8409,.T.);
#8409 = EDGE_LOOP('',(#8410,#8411,#8417,#8418));
#8410 = ORIENTED_EDGE('',*,*,#7897,.F.);
#8411 = ORIENTED_EDGE('',*,*,#8412,.T.);
#8412 = EDGE_CURVE('',#7368,#7807,#8413,.T.);
#8413 = LINE('',#8414,#8415);
#8414 = CARTESIAN_POINT('',(6.072512214011,19.983698061409,6.1));
#8415 = VECTOR('',#8416,1.);
#8416 = DIRECTION('',(-0.951056516295,0.309016994375,0.));
#8417 = ORIENTED_EDGE('',*,*,#7826,.F.);
#8418 = ORIENTED_EDGE('',*,*,#8419,.T.);
#8419 = EDGE_CURVE('',#7818,#7898,#8420,.T.);
#8420 = LINE('',#8421,#8422);
#8421 = CARTESIAN_POINT('',(6.165217312324,20.269015016298,5.8));
#8422 = VECTOR('',#8423,1.);
#8423 = DIRECTION('',(0.951056516295,-0.309016994375,0.));
#8424 = CYLINDRICAL_SURFACE('',#8425,0.3);
#8425 = AXIS2_PLACEMENT_3D('',#8426,#8427,#8428);
#8426 = CARTESIAN_POINT('',(6.165217312324,20.269015016298,6.1));
#8427 = DIRECTION('',(0.951056516295,-0.309016994375,0.));
#8428 = DIRECTION('',(-0.218508012224,-0.672498511964,-0.707106781187));
#8429 = ADVANCED_FACE('',(#8430),#8459,.T.);
#8430 = FACE_BOUND('',#8431,.T.);
#8431 = EDGE_LOOP('',(#8432,#8443,#8452));
#8432 = ORIENTED_EDGE('',*,*,#8433,.T.);
#8433 = EDGE_CURVE('',#8434,#8436,#8438,.T.);
#8434 = VERTEX_POINT('',#8435);
#8435 = CARTESIAN_POINT('',(4.358209931348,20.856147305615,21.45));
#8436 = VERTEX_POINT('',#8437);
#8437 = CARTESIAN_POINT('',(4.550821787924,20.478125252414,21.45));
#8438 = CIRCLE('',#8439,0.3);
#8439 = AXIS2_PLACEMENT_3D('',#8440,#8441,#8442);
#8440 = CARTESIAN_POINT('',(4.643526886236,20.763442207303,21.45));
#8441 = DIRECTION('',(0.,0.,1.));
#8442 = DIRECTION('',(-0.951056516295,0.309016994375,0.));
#8443 = ORIENTED_EDGE('',*,*,#8444,.T.);
#8444 = EDGE_CURVE('',#8436,#8445,#8447,.T.);
#8445 = VERTEX_POINT('',#8446);
#8446 = CARTESIAN_POINT('',(4.643526886236,20.763442207303,21.75));
#8447 = CIRCLE('',#8448,0.3);
#8448 = AXIS2_PLACEMENT_3D('',#8449,#8450,#8451);
#8449 = CARTESIAN_POINT('',(4.643526886236,20.763442207303,21.45));
#8450 = DIRECTION('',(-0.951056516295,0.309016994375,-2.775557561563E-17
    ));
#8451 = DIRECTION('',(-0.218508012224,-0.672498511964,0.707106781187));
#8452 = ORIENTED_EDGE('',*,*,#8453,.T.);
#8453 = EDGE_CURVE('',#8445,#8434,#8454,.T.);
#8454 = CIRCLE('',#8455,0.3);
#8455 = AXIS2_PLACEMENT_3D('',#8456,#8457,#8458);
#8456 = CARTESIAN_POINT('',(4.643526886236,20.763442207303,21.45));
#8457 = DIRECTION('',(-0.309016994375,-0.951056516295,
    -2.775557561563E-17));
#8458 = DIRECTION('',(-0.672498511964,0.218508012224,0.707106781187));
#8459 = SPHERICAL_SURFACE('',#8460,0.3);
#8460 = AXIS2_PLACEMENT_3D('',#8461,#8462,#8463);
#8461 = CARTESIAN_POINT('',(4.643526886236,20.763442207303,21.45));
#8462 = DIRECTION('',(-0.51442285659,-0.262111537234,-0.816496580928));
#8463 = DIRECTION('',(-0.727503780584,-0.370681690811,0.57735026919));
#8464 = ADVANCED_FACE('',(#8465),#8481,.T.);
#8465 = FACE_BOUND('',#8466,.T.);
#8466 = EDGE_LOOP('',(#8467,#8468,#8474,#8475));
#8467 = ORIENTED_EDGE('',*,*,#8433,.F.);
#8468 = ORIENTED_EDGE('',*,*,#8469,.T.);
#8469 = EDGE_CURVE('',#8434,#7809,#8470,.T.);
#8470 = LINE('',#8471,#8472);
#8471 = CARTESIAN_POINT('',(4.358209931348,20.856147305615,20.25));
#8472 = VECTOR('',#8473,1.);
#8473 = DIRECTION('',(0.,0.,-1.));
#8474 = ORIENTED_EDGE('',*,*,#7806,.F.);
#8475 = ORIENTED_EDGE('',*,*,#8476,.T.);
#8476 = EDGE_CURVE('',#7807,#8436,#8477,.T.);
#8477 = LINE('',#8478,#8479);
#8478 = CARTESIAN_POINT('',(4.550821787924,20.478125252414,20.25));
#8479 = VECTOR('',#8480,1.);
#8480 = DIRECTION('',(0.,0.,1.));
#8481 = CYLINDRICAL_SURFACE('',#8482,0.3);
#8482 = AXIS2_PLACEMENT_3D('',#8483,#8484,#8485);
#8483 = CARTESIAN_POINT('',(4.643526886236,20.763442207303,20.25));
#8484 = DIRECTION('',(0.,0.,-1.));
#8485 = DIRECTION('',(-0.891006524188,-0.45399049974,-0.));
#8486 = ADVANCED_FACE('',(#8487),#8511,.F.);
#8487 = FACE_BOUND('',#8488,.F.);
#8488 = EDGE_LOOP('',(#8489,#8490,#8497,#8504));
#8489 = ORIENTED_EDGE('',*,*,#686,.F.);
#8490 = ORIENTED_EDGE('',*,*,#8491,.F.);
#8491 = EDGE_CURVE('',#8389,#679,#8492,.T.);
#8492 = CIRCLE('',#8493,0.3);
#8493 = AXIS2_PLACEMENT_3D('',#8494,#8495,#8496);
#8494 = CARTESIAN_POINT('',(6.382908835681,21.262607431719,19.95));
#8495 = DIRECTION('',(-0.957775109537,0.287518416022,0.));
#8496 = DIRECTION('',(0.,0.,1.));
#8497 = ORIENTED_EDGE('',*,*,#8498,.F.);
#8498 = EDGE_CURVE('',#8050,#8389,#8499,.T.);
#8499 = CIRCLE('',#8500,22.2);
#8500 = AXIS2_PLACEMENT_3D('',#8501,#8502,#8503);
#8501 = CARTESIAN_POINT('',(4.440892098501E-15,-4.815648849472E-16,20.25
    ));
#8502 = DIRECTION('',(0.,0.,1.));
#8503 = DIRECTION('',(0.309016994375,0.951056516295,-0.));
#8504 = ORIENTED_EDGE('',*,*,#8505,.F.);
#8505 = EDGE_CURVE('',#546,#8050,#8506,.T.);
#8506 = CIRCLE('',#8507,0.3);
#8507 = AXIS2_PLACEMENT_3D('',#8508,#8509,#8510);
#8508 = CARTESIAN_POINT('',(7.333965352037,20.953590437324,19.95));
#8509 = DIRECTION('',(0.943855425105,-0.330358799641,0.));
#8510 = DIRECTION('',(0.330358799641,0.943855425105,0.));
#8511 = TOROIDAL_SURFACE('',#8512,22.2,0.3);
#8512 = AXIS2_PLACEMENT_3D('',#8513,#8514,#8515);
#8513 = CARTESIAN_POINT('',(4.440892098501E-15,-4.815648849472E-16,19.95
    ));
#8514 = DIRECTION('',(0.,0.,1.));
#8515 = DIRECTION('',(1.,0.,-0.));
#8516 = ADVANCED_FACE('',(#8517),#8528,.F.);
#8517 = FACE_BOUND('',#8518,.F.);
#8518 = EDGE_LOOP('',(#8519,#8526,#8527));
#8519 = ORIENTED_EDGE('',*,*,#8520,.F.);
#8520 = EDGE_CURVE('',#7411,#679,#8521,.T.);
#8521 = CIRCLE('',#8522,0.3);
#8522 = AXIS2_PLACEMENT_3D('',#8523,#8524,#8525);
#8523 = CARTESIAN_POINT('',(6.382908835681,21.262607431719,19.95));
#8524 = DIRECTION('',(0.,0.,-1.));
#8525 = DIRECTION('',(-0.463996202167,0.885837188412,0.));
#8526 = ORIENTED_EDGE('',*,*,#8396,.T.);
#8527 = ORIENTED_EDGE('',*,*,#8491,.T.);
#8528 = SPHERICAL_SURFACE('',#8529,0.3);
#8529 = AXIS2_PLACEMENT_3D('',#8530,#8531,#8532);
#8530 = CARTESIAN_POINT('',(6.382908835681,21.262607431719,19.95));
#8531 = DIRECTION('',(-0.924883821319,-0.298462868547,-0.235605248585));
#8532 = DIRECTION('',(-0.38024980876,0.72595297098,0.573064016375));
#8533 = ADVANCED_FACE('',(#8534),#8545,.F.);
#8534 = FACE_BOUND('',#8535,.F.);
#8535 = EDGE_LOOP('',(#8536,#8543,#8544));
#8536 = ORIENTED_EDGE('',*,*,#8537,.F.);
#8537 = EDGE_CURVE('',#546,#8059,#8538,.T.);
#8538 = CIRCLE('',#8539,0.3);
#8539 = AXIS2_PLACEMENT_3D('',#8540,#8541,#8542);
#8540 = CARTESIAN_POINT('',(7.333965352037,20.953590437324,19.95));
#8541 = DIRECTION('',(0.,0.,-1.));
#8542 = DIRECTION('',(0.89606284816,0.443927214921,0.));
#8543 = ORIENTED_EDGE('',*,*,#8505,.T.);
#8544 = ORIENTED_EDGE('',*,*,#8066,.T.);
#8545 = SPHERICAL_SURFACE('',#8546,0.3);
#8546 = AXIS2_PLACEMENT_3D('',#8547,#8548,#8549);
#8547 = CARTESIAN_POINT('',(7.333965352037,20.953590437324,19.95));
#8548 = DIRECTION('',(0.513501374691,0.254398712761,-0.819510605872));
#8549 = DIRECTION('',(0.734333007595,0.363803060863,0.573064016375));
#8550 = ADVANCED_FACE('',(#8551),#8567,.T.);
#8551 = FACE_BOUND('',#8552,.T.);
#8552 = EDGE_LOOP('',(#8553,#8554,#8560,#8561));
#8553 = ORIENTED_EDGE('',*,*,#8305,.F.);
#8554 = ORIENTED_EDGE('',*,*,#8555,.T.);
#8555 = EDGE_CURVE('',#8297,#8445,#8556,.T.);
#8556 = LINE('',#8557,#8558);
#8557 = CARTESIAN_POINT('',(6.165217312324,20.269015016298,21.75));
#8558 = VECTOR('',#8559,1.);
#8559 = DIRECTION('',(-0.951056516295,0.309016994375,0.));
#8560 = ORIENTED_EDGE('',*,*,#8444,.F.);
#8561 = ORIENTED_EDGE('',*,*,#8562,.T.);
#8562 = EDGE_CURVE('',#8436,#8286,#8563,.T.);
#8563 = LINE('',#8564,#8565);
#8564 = CARTESIAN_POINT('',(6.072512214011,19.983698061409,21.45));
#8565 = VECTOR('',#8566,1.);
#8566 = DIRECTION('',(0.951056516295,-0.309016994375,0.));
#8567 = CYLINDRICAL_SURFACE('',#8568,0.3);
#8568 = AXIS2_PLACEMENT_3D('',#8569,#8570,#8571);
#8569 = CARTESIAN_POINT('',(6.165217312324,20.269015016298,21.45));
#8570 = DIRECTION('',(0.951056516295,-0.309016994375,0.));
#8571 = DIRECTION('',(-0.218508012224,-0.672498511964,0.707106781187));
#8572 = ADVANCED_FACE('',(#8573),#8600,.T.);
#8573 = FACE_BOUND('',#8574,.T.);
#8574 = EDGE_LOOP('',(#8575,#8576,#8584,#8594));
#8575 = ORIENTED_EDGE('',*,*,#8296,.F.);
#8576 = ORIENTED_EDGE('',*,*,#8577,.T.);
#8577 = EDGE_CURVE('',#8288,#8578,#8580,.T.);
#8578 = VERTEX_POINT('',#8579);
#8579 = CARTESIAN_POINT('',(9.000396278861,20.257415107151,21.45));
#8580 = LINE('',#8581,#8582);
#8581 = CARTESIAN_POINT('',(8.988008926725,20.219290757415,21.45));
#8582 = VECTOR('',#8583,1.);
#8583 = DIRECTION('',(0.309016994375,0.951056516295,0.));
#8584 = ORIENTED_EDGE('',*,*,#8585,.F.);
#8585 = EDGE_CURVE('',#8586,#8578,#8588,.T.);
#8586 = VERTEX_POINT('',#8587);
#8587 = CARTESIAN_POINT('',(8.734394220837,20.409565345568,21.75));
#8588 = B_SPLINE_CURVE_WITH_KNOTS('',3,(#8589,#8590,#8591,#8592,#8593),
  .UNSPECIFIED.,.F.,.F.,(4,1,4),(0.,4.724537997256E-02,
    9.449075994511E-02),.UNSPECIFIED.);
#8589 = CARTESIAN_POINT('',(8.734394220837,20.409565345568,21.75));
#8590 = CARTESIAN_POINT('',(8.804593801858,20.371838181396,21.75));
#8591 = CARTESIAN_POINT('',(8.942993781032,20.292890253847,
    21.685245266121));
#8592 = CARTESIAN_POINT('',(9.000396278861,20.257415107151,
    21.528742299954));
#8593 = CARTESIAN_POINT('',(9.000396278861,20.257415107151,21.45));
#8594 = ORIENTED_EDGE('',*,*,#8595,.T.);
#8595 = EDGE_CURVE('',#8586,#8297,#8596,.T.);
#8596 = LINE('',#8597,#8598);
#8597 = CARTESIAN_POINT('',(8.702691971837,20.311995855727,21.75));
#8598 = VECTOR('',#8599,1.);
#8599 = DIRECTION('',(-0.309016994375,-0.951056516295,0.));
#8600 = CYLINDRICAL_SURFACE('',#8601,0.3);
#8601 = AXIS2_PLACEMENT_3D('',#8602,#8603,#8604);
#8602 = CARTESIAN_POINT('',(8.702691971837,20.311995855727,21.45));
#8603 = DIRECTION('',(0.309016994375,0.951056516295,0.));
#8604 = DIRECTION('',(0.672498511964,-0.218508012224,0.707106781187));
#8605 = ADVANCED_FACE('',(#8606),#8617,.T.);
#8606 = FACE_BOUND('',#8607,.T.);
#8607 = EDGE_LOOP('',(#8608,#8609,#8610,#8616));
#8608 = ORIENTED_EDGE('',*,*,#8328,.F.);
#8609 = ORIENTED_EDGE('',*,*,#8240,.F.);
#8610 = ORIENTED_EDGE('',*,*,#8611,.F.);
#8611 = EDGE_CURVE('',#8578,#8232,#8612,.T.);
#8612 = LINE('',#8613,#8614);
#8613 = CARTESIAN_POINT('',(9.000396278861,20.257415107151,18.75));
#8614 = VECTOR('',#8615,1.);
#8615 = DIRECTION('',(0.,0.,-1.));
#8616 = ORIENTED_EDGE('',*,*,#8577,.F.);
#8617 = PLANE('',#8618);
#8618 = AXIS2_PLACEMENT_3D('',#8619,#8620,#8621);
#8619 = CARTESIAN_POINT('',(9.103890299616,20.575936951025,20.25));
#8620 = DIRECTION('',(0.951056516295,-0.309016994375,0.));
#8621 = DIRECTION('',(-0.309016994375,-0.951056516295,0.));
#8622 = ADVANCED_FACE('',(#8623),#8635,.F.);
#8623 = FACE_BOUND('',#8624,.F.);
#8624 = EDGE_LOOP('',(#8625,#8626,#8633,#8634));
#8625 = ORIENTED_EDGE('',*,*,#8611,.F.);
#8626 = ORIENTED_EDGE('',*,*,#8627,.F.);
#8627 = EDGE_CURVE('',#595,#8578,#8628,.T.);
#8628 = CIRCLE('',#8629,0.3);
#8629 = AXIS2_PLACEMENT_3D('',#8630,#8631,#8632);
#8630 = CARTESIAN_POINT('',(9.285713233749,20.164710008839,21.45));
#8631 = DIRECTION('',(0.,0.,1.));
#8632 = DIRECTION('',(0.41827537089,0.908320270668,-0.));
#8633 = ORIENTED_EDGE('',*,*,#594,.F.);
#8634 = ORIENTED_EDGE('',*,*,#8262,.T.);
#8635 = CYLINDRICAL_SURFACE('',#8636,0.3);
#8636 = AXIS2_PLACEMENT_3D('',#8637,#8638,#8639);
#8637 = CARTESIAN_POINT('',(9.285713233749,20.164710008839,18.75));
#8638 = DIRECTION('',(0.,0.,-1.));
#8639 = DIRECTION('',(-0.400942691003,0.916103137497,0.));
#8640 = ADVANCED_FACE('',(#8641),#8649,.T.);
#8641 = FACE_BOUND('',#8642,.T.);
#8642 = EDGE_LOOP('',(#8643,#8644,#8645,#8646,#8647,#8648));
#8643 = ORIENTED_EDGE('',*,*,#8270,.F.);
#8644 = ORIENTED_EDGE('',*,*,#8247,.F.);
#8645 = ORIENTED_EDGE('',*,*,#8215,.F.);
#8646 = ORIENTED_EDGE('',*,*,#8158,.F.);
#8647 = ORIENTED_EDGE('',*,*,#8135,.F.);
#8648 = ORIENTED_EDGE('',*,*,#570,.F.);
#8649 = PLANE('',#8650);
#8650 = AXIS2_PLACEMENT_3D('',#8651,#8652,#8653);
#8651 = CARTESIAN_POINT('',(6.684697566326,20.573383650876,5.8));
#8652 = DIRECTION('',(0.,0.,-1.));
#8653 = DIRECTION('',(-1.,0.,0.));
#8654 = ADVANCED_FACE('',(#8655),#8666,.T.);
#8655 = FACE_BOUND('',#8656,.T.);
#8656 = EDGE_LOOP('',(#8657,#8658,#8659,#8660));
#8657 = ORIENTED_EDGE('',*,*,#8151,.F.);
#8658 = ORIENTED_EDGE('',*,*,#8350,.F.);
#8659 = ORIENTED_EDGE('',*,*,#8058,.F.);
#8660 = ORIENTED_EDGE('',*,*,#8661,.F.);
#8661 = EDGE_CURVE('',#8119,#8059,#8662,.T.);
#8662 = LINE('',#8663,#8664);
#8663 = CARTESIAN_POINT('',(7.619282306925,20.860885339012,18.75));
#8664 = VECTOR('',#8665,1.);
#8665 = DIRECTION('',(0.,0.,1.));
#8666 = PLANE('',#8667);
#8667 = AXIS2_PLACEMENT_3D('',#8668,#8669,#8670);
#8668 = CARTESIAN_POINT('',(7.213780033611,19.612877668145,20.25));
#8669 = DIRECTION('',(-0.951056516295,0.309016994375,0.));
#8670 = DIRECTION('',(0.309016994375,0.951056516295,0.));
#8671 = ADVANCED_FACE('',(#8672),#8678,.F.);
#8672 = FACE_BOUND('',#8673,.F.);
#8673 = EDGE_LOOP('',(#8674,#8675,#8676,#8677));
#8674 = ORIENTED_EDGE('',*,*,#545,.F.);
#8675 = ORIENTED_EDGE('',*,*,#8537,.T.);
#8676 = ORIENTED_EDGE('',*,*,#8661,.F.);
#8677 = ORIENTED_EDGE('',*,*,#8127,.T.);
#8678 = CYLINDRICAL_SURFACE('',#8679,0.3);
#8679 = AXIS2_PLACEMENT_3D('',#8680,#8681,#8682);
#8680 = CARTESIAN_POINT('',(7.333965352037,20.953590437324,18.75));
#8681 = DIRECTION('',(0.,0.,1.));
#8682 = DIRECTION('',(0.89606284816,0.443927214921,-0.));
#8683 = ADVANCED_FACE('',(#8684),#8690,.F.);
#8684 = FACE_BOUND('',#8685,.T.);
#8685 = EDGE_LOOP('',(#8686,#8687,#8688,#8689));
#8686 = ORIENTED_EDGE('',*,*,#8049,.F.);
#8687 = ORIENTED_EDGE('',*,*,#8365,.F.);
#8688 = ORIENTED_EDGE('',*,*,#8388,.F.);
#8689 = ORIENTED_EDGE('',*,*,#8498,.F.);
#8690 = PLANE('',#8691);
#8691 = AXIS2_PLACEMENT_3D('',#8692,#8693,#8694);
#8692 = CARTESIAN_POINT('',(6.684697566326,20.573383650876,20.25));
#8693 = DIRECTION('',(0.,0.,1.));
#8694 = DIRECTION('',(1.,0.,-0.));
#8695 = ADVANCED_FACE('',(#8696),#8702,.F.);
#8696 = FACE_BOUND('',#8697,.F.);
#8697 = EDGE_LOOP('',(#8698,#8699,#8700,#8701));
#8698 = ORIENTED_EDGE('',*,*,#7410,.F.);
#8699 = ORIENTED_EDGE('',*,*,#8520,.T.);
#8700 = ORIENTED_EDGE('',*,*,#678,.F.);
#8701 = ORIENTED_EDGE('',*,*,#7948,.T.);
#8702 = CYLINDRICAL_SURFACE('',#8703,0.3);
#8703 = AXIS2_PLACEMENT_3D('',#8704,#8705,#8706);
#8704 = CARTESIAN_POINT('',(6.382908835681,21.262607431719,18.75));
#8705 = DIRECTION('',(0.,0.,-1.));
#8706 = DIRECTION('',(-0.463996202167,0.885837188412,0.));
#8707 = ADVANCED_FACE('',(#8708),#8720,.T.);
#8708 = FACE_BOUND('',#8709,.T.);
#8709 = EDGE_LOOP('',(#8710,#8711,#8712,#8713));
#8710 = ORIENTED_EDGE('',*,*,#8585,.T.);
#8711 = ORIENTED_EDGE('',*,*,#8627,.F.);
#8712 = ORIENTED_EDGE('',*,*,#602,.T.);
#8713 = ORIENTED_EDGE('',*,*,#8714,.F.);
#8714 = EDGE_CURVE('',#8586,#603,#8715,.T.);
#8715 = CIRCLE('',#8716,0.3);
#8716 = AXIS2_PLACEMENT_3D('',#8717,#8718,#8719);
#8717 = CARTESIAN_POINT('',(8.734394220837,20.409565345568,22.05));
#8718 = DIRECTION('',(0.919349790341,-0.393441181119,0.));
#8719 = DIRECTION('',(0.,0.,-1.));
#8720 = B_SPLINE_SURFACE_WITH_KNOTS('',3,3,(
    (#8721,#8722,#8723,#8724,#8725)
    ,(#8726,#8727,#8728,#8729,#8730)
    ,(#8731,#8732,#8733,#8734,#8735)
    ,(#8736,#8737,#8738,#8739,#8740)
    ,(#8741,#8742,#8743,#8744,#8745
  )),.UNSPECIFIED.,.F.,.F.,.F.,(4,1,4),(4,1,4),(0.,0.5,1.),(0.,
    4.724537997256E-02,9.449075994511E-02),.UNSPECIFIED.);
#8721 = CARTESIAN_POINT('',(8.852426575173,20.68537028267,22.05));
#8722 = CARTESIAN_POINT('',(8.999166541971,20.62257204585,22.05));
#8723 = CARTESIAN_POINT('',(9.289828180591,20.493692129837,
    21.920490532242));
#8724 = CARTESIAN_POINT('',(9.411195845016,20.437206090039,
    21.607484599908));
#8725 = CARTESIAN_POINT('',(9.411195845016,20.437206090039,21.45));
#8726 = CARTESIAN_POINT('',(8.852426575173,20.68537028267,21.97146018366
    ));
#8727 = CARTESIAN_POINT('',(8.98035281166,20.630665250873,
    21.970271111651));
#8728 = CARTESIAN_POINT('',(9.231791266133,20.51974281355,
    21.854456156865));
#8729 = CARTESIAN_POINT('',(9.334525309943,20.472512355384,
    21.585119594469));
#8730 = CARTESIAN_POINT('',(9.334525309943,20.472512355384,21.45));
#8731 = CARTESIAN_POINT('',(8.826832816194,20.625565620423,
    21.81505104246));
#8732 = CARTESIAN_POINT('',(8.916165174737,20.58508766717,
    21.811590796416));
#8733 = CARTESIAN_POINT('',(9.08647192578,20.505333476938,
    21.723531038528));
#8734 = CARTESIAN_POINT('',(9.150391222238,20.473903622041,
    21.540919310728));
#8735 = CARTESIAN_POINT('',(9.150391222238,20.473903622041,21.45));
#8736 = CARTESIAN_POINT('',(8.765295018943,20.481770909253,21.75));
#8737 = CARTESIAN_POINT('',(8.83631871095,20.444968281002,21.74810857247
    ));
#8738 = CARTESIAN_POINT('',(8.973251253233,20.36973571968,
    21.678141121531));
#8739 = CARTESIAN_POINT('',(9.026480138343,20.337692972067,
    21.525901082114));
#8740 = CARTESIAN_POINT('',(9.026480138343,20.337692972067,21.45));
#8741 = CARTESIAN_POINT('',(8.734394220837,20.409565345568,21.75));
#8742 = CARTESIAN_POINT('',(8.804593801858,20.371838181396,21.75));
#8743 = CARTESIAN_POINT('',(8.942993781032,20.292890253847,
    21.685245266121));
#8744 = CARTESIAN_POINT('',(9.000396278861,20.257415107151,
    21.528742299954));
#8745 = CARTESIAN_POINT('',(9.000396278861,20.257415107151,21.45));
#8746 = ADVANCED_FACE('',(#8747),#8776,.T.);
#8747 = FACE_BOUND('',#8748,.T.);
#8748 = EDGE_LOOP('',(#8749,#8750,#8759,#8769));
#8749 = ORIENTED_EDGE('',*,*,#621,.T.);
#8750 = ORIENTED_EDGE('',*,*,#8751,.F.);
#8751 = EDGE_CURVE('',#8752,#622,#8754,.T.);
#8752 = VERTEX_POINT('',#8753);
#8753 = CARTESIAN_POINT('',(4.625536303843,21.678893281296,21.45));
#8754 = CIRCLE('',#8755,0.3);
#8755 = AXIS2_PLACEMENT_3D('',#8756,#8757,#8758);
#8756 = CARTESIAN_POINT('',(4.340219348954,21.771598379608,21.45));
#8757 = DIRECTION('',(0.,0.,1.));
#8758 = DIRECTION('',(0.951056516295,-0.309016994375,0.));
#8759 = ORIENTED_EDGE('',*,*,#8760,.T.);
#8760 = EDGE_CURVE('',#8752,#8761,#8763,.T.);
#8761 = VERTEX_POINT('',#8762);
#8762 = CARTESIAN_POINT('',(4.930168155597,21.645633323087,21.75));
#8763 = B_SPLINE_CURVE_WITH_KNOTS('',3,(#8764,#8765,#8766,#8767,#8768),
  .UNSPECIFIED.,.F.,.F.,(4,1,4),(0.,4.724538790837E-02,
    9.449077581674E-02),.UNSPECIFIED.);
#8764 = CARTESIAN_POINT('',(4.625536303843,21.678893281296,21.45));
#8765 = CARTESIAN_POINT('',(4.625536303843,21.678893281296,
    21.528742313181));
#8766 = CARTESIAN_POINT('',(4.692833690044,21.673852401987,
    21.685250670719));
#8767 = CARTESIAN_POINT('',(4.851200017578,21.656373686367,21.75));
#8768 = CARTESIAN_POINT('',(4.930168155597,21.645633323087,21.75));
#8769 = ORIENTED_EDGE('',*,*,#8770,.F.);
#8770 = EDGE_CURVE('',#613,#8761,#8771,.T.);
#8771 = CIRCLE('',#8772,0.3);
#8772 = AXIS2_PLACEMENT_3D('',#8773,#8774,#8775);
#8773 = CARTESIAN_POINT('',(4.930168155597,21.645633323087,22.05));
#8774 = DIRECTION('',(-0.975028528067,0.222079646648,0.));
#8775 = DIRECTION('',(0.222079646648,0.975028528067,0.));
#8776 = B_SPLINE_SURFACE_WITH_KNOTS('',3,3,(
    (#8777,#8778,#8779,#8780,#8781)
    ,(#8782,#8783,#8784,#8785,#8786)
    ,(#8787,#8788,#8789,#8790,#8791)
    ,(#8792,#8793,#8794,#8795,#8796)
    ,(#8797,#8798,#8799,#8800,#8801
  )),.UNSPECIFIED.,.F.,.F.,.F.,(4,1,4),(4,1,4),(0.,0.5,1.),(0.,
    4.724538790837E-02,9.449077581674E-02),.UNSPECIFIED.);
#8777 = CARTESIAN_POINT('',(4.398870961778,22.065809168522,21.45));
#8778 = CARTESIAN_POINT('',(4.398870961778,22.065809168522,
    21.607484626361));
#8779 = CARTESIAN_POINT('',(4.530272908855,22.04016682459,
    21.920501341439));
#8780 = CARTESIAN_POINT('',(4.841165019083,21.973588635063,22.05));
#8781 = CARTESIAN_POINT('',(4.996792049591,21.938141881507,22.05));
#8782 = CARTESIAN_POINT('',(4.481651229703,22.049306727392,21.45));
#8783 = CARTESIAN_POINT('',(4.481651229703,22.049306727392,
    21.585119617165));
#8784 = CARTESIAN_POINT('',(4.5925362371,22.027129338604,21.854465593092
    ));
#8785 = CARTESIAN_POINT('',(4.861142716545,21.96907774149,
    21.970271111451));
#8786 = CARTESIAN_POINT('',(4.996792049591,21.938141881507,
    21.97146018366));
#8787 = CARTESIAN_POINT('',(4.631441956491,21.942204121408,21.45));
#8788 = CARTESIAN_POINT('',(4.631441956491,21.942204121408,21.540919326)
  );
#8789 = CARTESIAN_POINT('',(4.701632095697,21.930059449789,
    21.723536104802));
#8790 = CARTESIAN_POINT('',(4.886282523481,21.894479414357,
    21.811587451435));
#8791 = CARTESIAN_POINT('',(4.98234627979,21.874718520213,
    21.815047698061));
#8792 = CARTESIAN_POINT('',(4.651620163326,21.759171146212,21.45));
#8793 = CARTESIAN_POINT('',(4.651620163326,21.759171146212,
    21.525901094863));
#8794 = CARTESIAN_POINT('',(4.713523186997,21.753806532399,
    21.678146560069));
#8795 = CARTESIAN_POINT('',(4.868518821003,21.734184613651,
    21.748108572152));
#8796 = CARTESIAN_POINT('',(4.947610250257,21.722211884608,21.75));
#8797 = CARTESIAN_POINT('',(4.625536303843,21.678893281296,21.45));
#8798 = CARTESIAN_POINT('',(4.625536303843,21.678893281296,
    21.528742313181));
#8799 = CARTESIAN_POINT('',(4.692833690044,21.673852401987,
    21.685250670719));
#8800 = CARTESIAN_POINT('',(4.851200017578,21.656373686367,21.75));
#8801 = CARTESIAN_POINT('',(4.930168155597,21.645633323087,21.75));
#8802 = ADVANCED_FACE('',(#8803),#8814,.F.);
#8803 = FACE_BOUND('',#8804,.F.);
#8804 = EDGE_LOOP('',(#8805,#8806,#8807,#8813));
#8805 = ORIENTED_EDGE('',*,*,#631,.F.);
#8806 = ORIENTED_EDGE('',*,*,#8751,.F.);
#8807 = ORIENTED_EDGE('',*,*,#8808,.F.);
#8808 = EDGE_CURVE('',#7844,#8752,#8809,.T.);
#8809 = LINE('',#8810,#8811);
#8810 = CARTESIAN_POINT('',(4.625536303843,21.678893281296,18.75));
#8811 = VECTOR('',#8812,1.);
#8812 = DIRECTION('',(0.,0.,1.));
#8813 = ORIENTED_EDGE('',*,*,#7852,.T.);
#8814 = CYLINDRICAL_SURFACE('',#8815,0.3);
#8815 = AXIS2_PLACEMENT_3D('',#8816,#8817,#8818);
#8816 = CARTESIAN_POINT('',(4.340219348954,21.771598379608,18.75));
#8817 = DIRECTION('',(0.,0.,1.));
#8818 = DIRECTION('',(0.862841364591,0.505474806049,-0.));
#8819 = ADVANCED_FACE('',(#8820),#8836,.T.);
#8820 = FACE_BOUND('',#8821,.T.);
#8821 = EDGE_LOOP('',(#8822,#8823,#8829,#8830));
#8822 = ORIENTED_EDGE('',*,*,#8453,.F.);
#8823 = ORIENTED_EDGE('',*,*,#8824,.T.);
#8824 = EDGE_CURVE('',#8445,#8761,#8825,.T.);
#8825 = LINE('',#8826,#8827);
#8826 = CARTESIAN_POINT('',(4.666703160815,20.834771446025,21.75));
#8827 = VECTOR('',#8828,1.);
#8828 = DIRECTION('',(0.309016994375,0.951056516295,0.));
#8829 = ORIENTED_EDGE('',*,*,#8760,.F.);
#8830 = ORIENTED_EDGE('',*,*,#8831,.T.);
#8831 = EDGE_CURVE('',#8752,#8434,#8832,.T.);
#8832 = LINE('',#8833,#8834);
#8833 = CARTESIAN_POINT('',(4.381386205926,20.927476544337,21.45));
#8834 = VECTOR('',#8835,1.);
#8835 = DIRECTION('',(-0.309016994375,-0.951056516295,0.));
#8836 = CYLINDRICAL_SURFACE('',#8837,0.3);
#8837 = AXIS2_PLACEMENT_3D('',#8838,#8839,#8840);
#8838 = CARTESIAN_POINT('',(4.666703160815,20.834771446025,21.45));
#8839 = DIRECTION('',(-0.309016994375,-0.951056516295,0.));
#8840 = DIRECTION('',(-0.672498511964,0.218508012224,0.707106781187));
#8841 = ADVANCED_FACE('',(#8842),#8854,.F.);
#8842 = FACE_BOUND('',#8843,.F.);
#8843 = EDGE_LOOP('',(#8844,#8851,#8852,#8853));
#8844 = ORIENTED_EDGE('',*,*,#8845,.F.);
#8845 = EDGE_CURVE('',#8761,#8586,#8846,.T.);
#8846 = CIRCLE('',#8847,22.2);
#8847 = AXIS2_PLACEMENT_3D('',#8848,#8849,#8850);
#8848 = CARTESIAN_POINT('',(4.440892098501E-15,-4.815648849472E-16,21.75
    ));
#8849 = DIRECTION('',(0.,0.,-1.));
#8850 = DIRECTION('',(0.309016994375,0.951056516295,0.));
#8851 = ORIENTED_EDGE('',*,*,#8770,.F.);
#8852 = ORIENTED_EDGE('',*,*,#612,.F.);
#8853 = ORIENTED_EDGE('',*,*,#8714,.F.);
#8854 = TOROIDAL_SURFACE('',#8855,22.2,0.3);
#8855 = AXIS2_PLACEMENT_3D('',#8856,#8857,#8858);
#8856 = CARTESIAN_POINT('',(4.440892098501E-15,-4.815648849472E-16,22.05
    ));
#8857 = DIRECTION('',(0.,0.,-1.));
#8858 = DIRECTION('',(-1.,0.,0.));
#8859 = ADVANCED_FACE('',(#8860),#8872,.T.);
#8860 = FACE_BOUND('',#8861,.T.);
#8861 = EDGE_LOOP('',(#8862,#8863,#8864,#8865,#8866,#8867,#8868,#8869,
    #8870,#8871));
#8862 = ORIENTED_EDGE('',*,*,#8321,.F.);
#8863 = ORIENTED_EDGE('',*,*,#8562,.F.);
#8864 = ORIENTED_EDGE('',*,*,#8476,.F.);
#8865 = ORIENTED_EDGE('',*,*,#8412,.F.);
#8866 = ORIENTED_EDGE('',*,*,#7367,.F.);
#8867 = ORIENTED_EDGE('',*,*,#7989,.F.);
#8868 = ORIENTED_EDGE('',*,*,#8372,.F.);
#8869 = ORIENTED_EDGE('',*,*,#8034,.F.);
#8870 = ORIENTED_EDGE('',*,*,#8343,.F.);
#8871 = ORIENTED_EDGE('',*,*,#8208,.F.);
#8872 = PLANE('',#8873);
#8873 = AXIS2_PLACEMENT_3D('',#8874,#8875,#8876);
#8874 = CARTESIAN_POINT('',(5.692089607478,20.107304859164,20.25));
#8875 = DIRECTION('',(-0.309016994375,-0.951056516295,0.));
#8876 = DIRECTION('',(-0.951056516295,0.309016994375,0.));
#8877 = ADVANCED_FACE('',(#8878),#8884,.T.);
#8878 = FACE_BOUND('',#8879,.T.);
#8879 = EDGE_LOOP('',(#8880,#8881,#8882,#8883));
#8880 = ORIENTED_EDGE('',*,*,#8469,.F.);
#8881 = ORIENTED_EDGE('',*,*,#8831,.F.);
#8882 = ORIENTED_EDGE('',*,*,#8808,.F.);
#8883 = ORIENTED_EDGE('',*,*,#7876,.F.);
#8884 = PLANE('',#8885);
#8885 = AXIS2_PLACEMENT_3D('',#8886,#8887,#8888);
#8886 = CARTESIAN_POINT('',(4.265504833035,20.570830350727,20.25));
#8887 = DIRECTION('',(-0.951056516295,0.309016994375,0.));
#8888 = DIRECTION('',(0.309016994375,0.951056516295,0.));
#8889 = ADVANCED_FACE('',(#8890),#8896,.T.);
#8890 = FACE_BOUND('',#8891,.T.);
#8891 = EDGE_LOOP('',(#8892,#8893,#8894,#8895));
#8892 = ORIENTED_EDGE('',*,*,#8555,.F.);
#8893 = ORIENTED_EDGE('',*,*,#8595,.F.);
#8894 = ORIENTED_EDGE('',*,*,#8845,.F.);
#8895 = ORIENTED_EDGE('',*,*,#8824,.F.);
#8896 = PLANE('',#8897);
#8897 = AXIS2_PLACEMENT_3D('',#8898,#8899,#8900);
#8898 = CARTESIAN_POINT('',(6.684697566326,20.573383650876,21.75));
#8899 = DIRECTION('',(0.,0.,1.));
#8900 = DIRECTION('',(1.,0.,-0.));
#8901 = ADVANCED_FACE('',(#8902),#8910,.T.);
#8902 = FACE_BOUND('',#8903,.T.);
#8903 = EDGE_LOOP('',(#8904,#8905,#8906,#8907,#8908,#8909));
#8904 = ORIENTED_EDGE('',*,*,#7860,.F.);
#8905 = ORIENTED_EDGE('',*,*,#654,.F.);
#8906 = ORIENTED_EDGE('',*,*,#7956,.F.);
#8907 = ORIENTED_EDGE('',*,*,#7933,.F.);
#8908 = ORIENTED_EDGE('',*,*,#8419,.F.);
#8909 = ORIENTED_EDGE('',*,*,#7883,.F.);
#8910 = PLANE('',#8911);
#8911 = AXIS2_PLACEMENT_3D('',#8912,#8913,#8914);
#8912 = CARTESIAN_POINT('',(6.684697566326,20.573383650876,5.8));
#8913 = DIRECTION('',(0.,0.,-1.));
#8914 = DIRECTION('',(-1.,0.,0.));
#8915 = ADVANCED_FACE('',(#8916),#8954,.F.);
#8916 = FACE_BOUND('',#8917,.F.);
#8917 = EDGE_LOOP('',(#8918,#8929,#8938,#8947));
#8918 = ORIENTED_EDGE('',*,*,#8919,.F.);
#8919 = EDGE_CURVE('',#8920,#8922,#8924,.T.);
#8920 = VERTEX_POINT('',#8921);
#8921 = CARTESIAN_POINT('',(21.243385733657,0.738750000032,
    9.477531480394));
#8922 = VERTEX_POINT('',#8923);
#8923 = CARTESIAN_POINT('',(21.212760733657,0.738750000032,
    9.485737424413));
#8924 = CIRCLE('',#8925,6.125E-02);
#8925 = AXIS2_PLACEMENT_3D('',#8926,#8927,#8928);
#8926 = CARTESIAN_POINT('',(21.243385733657,0.738750000032,
    9.538781480394));
#8927 = DIRECTION('',(0.,1.,0.));
#8928 = DIRECTION('',(-0.707106781187,0.,-0.707106781187));
#8929 = ORIENTED_EDGE('',*,*,#8930,.F.);
#8930 = EDGE_CURVE('',#8931,#8920,#8933,.T.);
#8931 = VERTEX_POINT('',#8932);
#8932 = CARTESIAN_POINT('',(21.243385733657,0.800000000032,
    9.416281480394));
#8933 = CIRCLE('',#8934,6.125E-02);
#8934 = AXIS2_PLACEMENT_3D('',#8935,#8936,#8937);
#8935 = CARTESIAN_POINT('',(21.243385733657,0.738750000032,
    9.416281480394));
#8936 = DIRECTION('',(1.,0.,0.));
#8937 = DIRECTION('',(-0.,1.,0.));
#8938 = ORIENTED_EDGE('',*,*,#8939,.F.);
#8939 = EDGE_CURVE('',#8940,#8931,#8942,.T.);
#8940 = VERTEX_POINT('',#8941);
#8941 = CARTESIAN_POINT('',(21.182135733657,0.800000000032,
    9.432693368431));
#8942 = CIRCLE('',#8943,0.1225);
#8943 = AXIS2_PLACEMENT_3D('',#8944,#8945,#8946);
#8944 = CARTESIAN_POINT('',(21.243385733657,0.800000000032,
    9.538781480394));
#8945 = DIRECTION('',(0.,-1.,0.));
#8946 = DIRECTION('',(-0.707106781187,-0.,-0.707106781187));
#8947 = ORIENTED_EDGE('',*,*,#8948,.F.);
#8948 = EDGE_CURVE('',#8922,#8940,#8949,.T.);
#8949 = CIRCLE('',#8950,6.125E-02);
#8950 = AXIS2_PLACEMENT_3D('',#8951,#8952,#8953);
#8951 = CARTESIAN_POINT('',(21.182135733657,0.738750000032,
    9.432693368431));
#8952 = DIRECTION('',(-0.866025403784,0.,0.5));
#8953 = DIRECTION('',(0.5,0.,0.866025403784));
#8954 = TOROIDAL_SURFACE('',#8955,0.1225,6.125E-02);
#8955 = AXIS2_PLACEMENT_3D('',#8956,#8957,#8958);
#8956 = CARTESIAN_POINT('',(21.243385733657,0.738750000032,
    9.538781480394));
#8957 = DIRECTION('',(0.,1.,0.));
#8958 = DIRECTION('',(0.,-0.,1.));
#8959 = ADVANCED_FACE('',(#8960),#8986,.F.);
#8960 = FACE_BOUND('',#8961,.F.);
#8961 = EDGE_LOOP('',(#8962,#8970,#8971,#8979));
#8962 = ORIENTED_EDGE('',*,*,#8963,.F.);
#8963 = EDGE_CURVE('',#8931,#8964,#8966,.T.);
#8964 = VERTEX_POINT('',#8965);
#8965 = CARTESIAN_POINT('',(21.620885733657,0.800000000032,
    9.416281480394));
#8966 = LINE('',#8967,#8968);
#8967 = CARTESIAN_POINT('',(21.833954506833,0.800000000032,
    9.416281480394));
#8968 = VECTOR('',#8969,1.);
#8969 = DIRECTION('',(1.,0.,0.));
#8970 = ORIENTED_EDGE('',*,*,#8930,.T.);
#8971 = ORIENTED_EDGE('',*,*,#8972,.F.);
#8972 = EDGE_CURVE('',#8973,#8920,#8975,.T.);
#8973 = VERTEX_POINT('',#8974);
#8974 = CARTESIAN_POINT('',(21.620885733657,0.738750000032,
    9.477531480394));
#8975 = LINE('',#8976,#8977);
#8976 = CARTESIAN_POINT('',(21.833954506833,0.738750000032,
    9.477531480394));
#8977 = VECTOR('',#8978,1.);
#8978 = DIRECTION('',(-1.,0.,0.));
#8979 = ORIENTED_EDGE('',*,*,#8980,.F.);
#8980 = EDGE_CURVE('',#8964,#8973,#8981,.T.);
#8981 = CIRCLE('',#8982,6.125E-02);
#8982 = AXIS2_PLACEMENT_3D('',#8983,#8984,#8985);
#8983 = CARTESIAN_POINT('',(21.620885733657,0.738750000032,
    9.416281480394));
#8984 = DIRECTION('',(1.,0.,0.));
#8985 = DIRECTION('',(-0.,1.,0.));
#8986 = CYLINDRICAL_SURFACE('',#8987,6.125E-02);
#8987 = AXIS2_PLACEMENT_3D('',#8988,#8989,#8990);
#8988 = CARTESIAN_POINT('',(21.833954506833,0.738750000032,
    9.416281480394));
#8989 = DIRECTION('',(-1.,0.,0.));
#8990 = DIRECTION('',(0.,0.707106781187,0.707106781187));
#8991 = ADVANCED_FACE('',(#8992),#9020,.F.);
#8992 = FACE_BOUND('',#8993,.F.);
#8993 = EDGE_LOOP('',(#8994,#9003,#9012,#9019));
#8994 = ORIENTED_EDGE('',*,*,#8995,.F.);
#8995 = EDGE_CURVE('',#8996,#8973,#8998,.T.);
#8996 = VERTEX_POINT('',#8997);
#8997 = CARTESIAN_POINT('',(21.682135733657,0.738750000032,
    9.538781480394));
#8998 = CIRCLE('',#8999,6.125E-02);
#8999 = AXIS2_PLACEMENT_3D('',#9000,#9001,#9002);
#9000 = CARTESIAN_POINT('',(21.620885733657,0.738750000032,
    9.538781480394));
#9001 = DIRECTION('',(-0.,1.,0.));
#9002 = DIRECTION('',(1.,0.,0.));
#9003 = ORIENTED_EDGE('',*,*,#9004,.F.);
#9004 = EDGE_CURVE('',#9005,#8996,#9007,.T.);
#9005 = VERTEX_POINT('',#9006);
#9006 = CARTESIAN_POINT('',(21.743385733657,0.800000000032,
    9.538781480394));
#9007 = CIRCLE('',#9008,6.125E-02);
#9008 = AXIS2_PLACEMENT_3D('',#9009,#9010,#9011);
#9009 = CARTESIAN_POINT('',(21.743385733657,0.738750000032,
    9.538781480394));
#9010 = DIRECTION('',(0.,0.,1.));
#9011 = DIRECTION('',(-0.707106781187,0.707106781187,0.));
#9012 = ORIENTED_EDGE('',*,*,#9013,.F.);
#9013 = EDGE_CURVE('',#8964,#9005,#9014,.T.);
#9014 = CIRCLE('',#9015,0.1225);
#9015 = AXIS2_PLACEMENT_3D('',#9016,#9017,#9018);
#9016 = CARTESIAN_POINT('',(21.620885733657,0.800000000032,
    9.538781480394));
#9017 = DIRECTION('',(0.,-1.,0.));
#9018 = DIRECTION('',(0.873151649037,0.,-0.487448661691));
#9019 = ORIENTED_EDGE('',*,*,#8980,.T.);
#9020 = TOROIDAL_SURFACE('',#9021,0.1225,6.125E-02);
#9021 = AXIS2_PLACEMENT_3D('',#9022,#9023,#9024);
#9022 = CARTESIAN_POINT('',(21.620885733657,0.738750000032,
    9.538781480394));
#9023 = DIRECTION('',(0.,-1.,0.));
#9024 = DIRECTION('',(0.,0.,-1.));
#9025 = ADVANCED_FACE('',(#9026),#9062,.F.);
#9026 = FACE_BOUND('',#9027,.F.);
#9027 = EDGE_LOOP('',(#9028,#9038,#9047,#9055));
#9028 = ORIENTED_EDGE('',*,*,#9029,.F.);
#9029 = EDGE_CURVE('',#9030,#9032,#9034,.T.);
#9030 = VERTEX_POINT('',#9031);
#9031 = CARTESIAN_POINT('',(21.131270681754,0.804343533005,
    9.916281480394));
#9032 = VERTEX_POINT('',#9033);
#9033 = CARTESIAN_POINT('',(21.131270681754,0.804343533005,
    9.538781480394));
#9034 = LINE('',#9035,#9036);
#9035 = CARTESIAN_POINT('',(21.131270681754,0.804343533005,20.25));
#9036 = VECTOR('',#9037,1.);
#9037 = DIRECTION('',(0.,0.,-1.));
#9038 = ORIENTED_EDGE('',*,*,#9039,.F.);
#9039 = EDGE_CURVE('',#9040,#9030,#9042,.T.);
#9040 = VERTEX_POINT('',#9041);
#9041 = CARTESIAN_POINT('',(21.182135733657,0.743980337653,
    9.916281480394));
#9042 = CIRCLE('',#9043,6.125E-02);
#9043 = AXIS2_PLACEMENT_3D('',#9044,#9045,#9046);
#9044 = CARTESIAN_POINT('',(21.120885733657,0.743980337653,
    9.916281480394));
#9045 = DIRECTION('',(0.,0.,1.));
#9046 = DIRECTION('',(1.,0.,-0.));
#9047 = ORIENTED_EDGE('',*,*,#9048,.F.);
#9048 = EDGE_CURVE('',#9049,#9040,#9051,.T.);
#9049 = VERTEX_POINT('',#9050);
#9050 = CARTESIAN_POINT('',(21.182135733657,0.743980337653,
    9.538781480394));
#9051 = LINE('',#9052,#9053);
#9052 = CARTESIAN_POINT('',(21.182135733657,0.743980337653,20.25));
#9053 = VECTOR('',#9054,1.);
#9054 = DIRECTION('',(0.,0.,1.));
#9055 = ORIENTED_EDGE('',*,*,#9056,.F.);
#9056 = EDGE_CURVE('',#9032,#9049,#9057,.T.);
#9057 = CIRCLE('',#9058,6.125E-02);
#9058 = AXIS2_PLACEMENT_3D('',#9059,#9060,#9061);
#9059 = CARTESIAN_POINT('',(21.120885733657,0.743980337653,
    9.538781480394));
#9060 = DIRECTION('',(1.812609019796E-14,-3.118431766404E-15,-1.));
#9061 = DIRECTION('',(0.16955017301,0.985521556757,-1.183291357832E-29)
  );
#9062 = CYLINDRICAL_SURFACE('',#9063,6.125E-02);
#9063 = AXIS2_PLACEMENT_3D('',#9064,#9065,#9066);
#9064 = CARTESIAN_POINT('',(21.120885733657,0.743980337653,20.25));
#9065 = DIRECTION('',(0.,0.,1.));
#9066 = DIRECTION('',(0.764705882353,0.644379479418,-0.));
#9067 = ADVANCED_FACE('',(#9068),#9088,.T.);
#9068 = FACE_BOUND('',#9069,.T.);
#9069 = EDGE_LOOP('',(#9070,#9071,#9079,#9080));
#9070 = ORIENTED_EDGE('',*,*,#9056,.F.);
#9071 = ORIENTED_EDGE('',*,*,#9072,.T.);
#9072 = EDGE_CURVE('',#9032,#8940,#9073,.T.);
#9073 = B_SPLINE_CURVE_WITH_KNOTS('',3,(#9074,#9075,#9076,#9077,#9078),
  .UNSPECIFIED.,.F.,.F.,(4,1,4),(-1.284078552939E-02,-5.503193798312E-03
    ,0.),.UNSPECIFIED.);
#9074 = CARTESIAN_POINT('',(21.131270681754,0.804343533005,
    9.538781480394));
#9075 = CARTESIAN_POINT('',(21.131270681754,0.804343533005,
    9.514322841291));
#9076 = CARTESIAN_POINT('',(21.142246789278,0.802145258843,
    9.471684992961));
#9077 = CARTESIAN_POINT('',(21.168942915301,0.800000000032,
    9.441865358095));
#9078 = CARTESIAN_POINT('',(21.182135733657,0.800000000032,
    9.432693368431));
#9079 = ORIENTED_EDGE('',*,*,#8948,.F.);
#9080 = ORIENTED_EDGE('',*,*,#9081,.T.);
#9081 = EDGE_CURVE('',#8922,#9049,#9082,.T.);
#9082 = B_SPLINE_CURVE_WITH_KNOTS('',3,(#9083,#9084,#9085,#9086,#9087),
  .UNSPECIFIED.,.F.,.F.,(4,1,4),(0.,5.503193798312E-03,
    1.284078552939E-02),.UNSPECIFIED.);
#9083 = CARTESIAN_POINT('',(21.212760733657,0.738750000032,
    9.485737424413));
#9084 = CARTESIAN_POINT('',(21.204817557605,0.738750000032,
    9.490323419245));
#9085 = CARTESIAN_POINT('',(21.188744265062,0.741333249183,
    9.505233236678));
#9086 = CARTESIAN_POINT('',(21.182135733657,0.743980337653,
    9.526552160843));
#9087 = CARTESIAN_POINT('',(21.182135733657,0.743980337653,
    9.538781480394));
#9088 = B_SPLINE_SURFACE_WITH_KNOTS('',3,3,(
    (#9089,#9090,#9091,#9092,#9093)
    ,(#9094,#9095,#9096,#9097,#9098)
    ,(#9099,#9100,#9101,#9102,#9103)
    ,(#9104,#9105,#9106,#9107,#9108)
    ,(#9109,#9110,#9111,#9112,#9113
  )),.UNSPECIFIED.,.F.,.F.,.F.,(4,1,4),(4,1,4),(0.,0.571428571429,1.),(
    0.,5.503193798312E-03,1.284078552939E-02),.UNSPECIFIED.);
#9089 = CARTESIAN_POINT('',(21.182135733657,0.800000000032,
    9.432693368431));
#9090 = CARTESIAN_POINT('',(21.168942915301,0.800000000032,
    9.441865358095));
#9091 = CARTESIAN_POINT('',(21.142246789278,0.802145258843,
    9.471684992961));
#9092 = CARTESIAN_POINT('',(21.131270681754,0.804343533005,
    9.514322841291));
#9093 = CARTESIAN_POINT('',(21.131270681754,0.804343533005,
    9.538781480394));
#9094 = CARTESIAN_POINT('',(21.19129871223,0.800000000032,9.448564112868
    ));
#9095 = CARTESIAN_POINT('',(21.180370348469,0.799584731546,
    9.456131056972));
#9096 = CARTESIAN_POINT('',(21.15748404951,0.800207949972,9.480840931315
    ));
#9097 = CARTESIAN_POINT('',(21.147372398674,0.801573376562,
    9.517641960524));
#9098 = CARTESIAN_POINT('',(21.147372398674,0.801573376562,
    9.538781480394));
#9099 = CARTESIAN_POINT('',(21.207163279535,0.78461966797,9.476042349479
    ));
#9100 = CARTESIAN_POINT('',(21.199438757432,0.783979336336,
    9.480880868186));
#9101 = CARTESIAN_POINT('',(21.182028509999,0.783864408131,
    9.496811352712));
#9102 = CARTESIAN_POINT('',(21.173314185597,0.784861702071,
    9.523382476116));
#9103 = CARTESIAN_POINT('',(21.173314185597,0.784861702071,
    9.538781480394));
#9104 = CARTESIAN_POINT('',(21.212760733657,0.752494467891,
    9.485737424413));
#9105 = CARTESIAN_POINT('',(21.205274670389,0.752303739611,
    9.490055495104));
#9106 = CARTESIAN_POINT('',(21.189362310852,0.754081469636,
    9.504191243825));
#9107 = CARTESIAN_POINT('',(21.182135733657,0.756234039875,
    9.526137461465));
#9108 = CARTESIAN_POINT('',(21.182135733657,0.756234039875,
    9.538781480394));
#9109 = CARTESIAN_POINT('',(21.212760733657,0.738750000032,
    9.485737424413));
#9110 = CARTESIAN_POINT('',(21.204817557605,0.738750000032,
    9.490323419245));
#9111 = CARTESIAN_POINT('',(21.188744265062,0.741333249183,
    9.505233236678));
#9112 = CARTESIAN_POINT('',(21.182135733657,0.743980337653,
    9.526552160843));
#9113 = CARTESIAN_POINT('',(21.182135733657,0.743980337653,
    9.538781480394));
#9114 = ADVANCED_FACE('',(#9115),#9153,.F.);
#9115 = FACE_BOUND('',#9116,.F.);
#9116 = EDGE_LOOP('',(#9117,#9128,#9137,#9146));
#9117 = ORIENTED_EDGE('',*,*,#9118,.F.);
#9118 = EDGE_CURVE('',#9119,#9121,#9123,.T.);
#9119 = VERTEX_POINT('',#9120);
#9120 = CARTESIAN_POINT('',(21.243385733657,0.800000000032,
    10.038781480394));
#9121 = VERTEX_POINT('',#9122);
#9122 = CARTESIAN_POINT('',(21.182135733657,0.800000000032,
    10.022369592358));
#9123 = CIRCLE('',#9124,0.1225);
#9124 = AXIS2_PLACEMENT_3D('',#9125,#9126,#9127);
#9125 = CARTESIAN_POINT('',(21.243385733657,0.800000000032,
    9.916281480394));
#9126 = DIRECTION('',(0.,-1.,0.));
#9127 = DIRECTION('',(-0.707106781187,0.,0.707106781187));
#9128 = ORIENTED_EDGE('',*,*,#9129,.F.);
#9129 = EDGE_CURVE('',#9130,#9119,#9132,.T.);
#9130 = VERTEX_POINT('',#9131);
#9131 = CARTESIAN_POINT('',(21.243385733657,0.738750000032,
    9.977531480394));
#9132 = CIRCLE('',#9133,6.125E-02);
#9133 = AXIS2_PLACEMENT_3D('',#9134,#9135,#9136);
#9134 = CARTESIAN_POINT('',(21.243385733657,0.738750000032,
    10.038781480394));
#9135 = DIRECTION('',(1.,0.,0.));
#9136 = DIRECTION('',(0.,0.,-1.));
#9137 = ORIENTED_EDGE('',*,*,#9138,.F.);
#9138 = EDGE_CURVE('',#9139,#9130,#9141,.T.);
#9139 = VERTEX_POINT('',#9140);
#9140 = CARTESIAN_POINT('',(21.212760733657,0.738750000032,
    9.969325536376));
#9141 = CIRCLE('',#9142,6.125E-02);
#9142 = AXIS2_PLACEMENT_3D('',#9143,#9144,#9145);
#9143 = CARTESIAN_POINT('',(21.243385733657,0.738750000032,
    9.916281480394));
#9144 = DIRECTION('',(0.,1.,0.));
#9145 = DIRECTION('',(-0.707106781187,0.,0.707106781187));
#9146 = ORIENTED_EDGE('',*,*,#9147,.F.);
#9147 = EDGE_CURVE('',#9121,#9139,#9148,.T.);
#9148 = CIRCLE('',#9149,6.125E-02);
#9149 = AXIS2_PLACEMENT_3D('',#9150,#9151,#9152);
#9150 = CARTESIAN_POINT('',(21.182135733657,0.738750000032,
    10.022369592358));
#9151 = DIRECTION('',(-0.866025403784,0.,-0.5));
#9152 = DIRECTION('',(0.,1.,0.));
#9153 = TOROIDAL_SURFACE('',#9154,0.1225,6.125E-02);
#9154 = AXIS2_PLACEMENT_3D('',#9155,#9156,#9157);
#9155 = CARTESIAN_POINT('',(21.243385733657,0.738750000032,
    9.916281480394));
#9156 = DIRECTION('',(0.,1.,0.));
#9157 = DIRECTION('',(0.,-0.,1.));
#9158 = ADVANCED_FACE('',(#9159),#9185,.F.);
#9159 = FACE_BOUND('',#9160,.F.);
#9160 = EDGE_LOOP('',(#9161,#9169,#9170,#9178));
#9161 = ORIENTED_EDGE('',*,*,#9162,.F.);
#9162 = EDGE_CURVE('',#9130,#9163,#9165,.T.);
#9163 = VERTEX_POINT('',#9164);
#9164 = CARTESIAN_POINT('',(21.620885733657,0.738750000032,
    9.977531480394));
#9165 = LINE('',#9166,#9167);
#9166 = CARTESIAN_POINT('',(22.083954506833,0.738750000032,
    9.977531480394));
#9167 = VECTOR('',#9168,1.);
#9168 = DIRECTION('',(1.,0.,0.));
#9169 = ORIENTED_EDGE('',*,*,#9129,.T.);
#9170 = ORIENTED_EDGE('',*,*,#9171,.F.);
#9171 = EDGE_CURVE('',#9172,#9119,#9174,.T.);
#9172 = VERTEX_POINT('',#9173);
#9173 = CARTESIAN_POINT('',(21.620885733657,0.800000000032,
    10.038781480394));
#9174 = LINE('',#9175,#9176);
#9175 = CARTESIAN_POINT('',(22.083954506833,0.800000000032,
    10.038781480394));
#9176 = VECTOR('',#9177,1.);
#9177 = DIRECTION('',(-1.,0.,0.));
#9178 = ORIENTED_EDGE('',*,*,#9179,.F.);
#9179 = EDGE_CURVE('',#9163,#9172,#9180,.T.);
#9180 = CIRCLE('',#9181,6.125E-02);
#9181 = AXIS2_PLACEMENT_3D('',#9182,#9183,#9184);
#9182 = CARTESIAN_POINT('',(21.620885733657,0.738750000032,
    10.038781480394));
#9183 = DIRECTION('',(1.,0.,0.));
#9184 = DIRECTION('',(0.,0.,-1.));
#9185 = CYLINDRICAL_SURFACE('',#9186,6.125E-02);
#9186 = AXIS2_PLACEMENT_3D('',#9187,#9188,#9189);
#9187 = CARTESIAN_POINT('',(22.083954506833,0.738750000032,
    10.038781480394));
#9188 = DIRECTION('',(1.,0.,0.));
#9189 = DIRECTION('',(0.,0.707106781187,-0.707106781187));
#9190 = ADVANCED_FACE('',(#9191),#9219,.F.);
#9191 = FACE_BOUND('',#9192,.F.);
#9192 = EDGE_LOOP('',(#9193,#9202,#9211,#9218));
#9193 = ORIENTED_EDGE('',*,*,#9194,.F.);
#9194 = EDGE_CURVE('',#9195,#9172,#9197,.T.);
#9195 = VERTEX_POINT('',#9196);
#9196 = CARTESIAN_POINT('',(21.743385733657,0.800000000032,
    9.916281480394));
#9197 = CIRCLE('',#9198,0.1225);
#9198 = AXIS2_PLACEMENT_3D('',#9199,#9200,#9201);
#9199 = CARTESIAN_POINT('',(21.620885733657,0.800000000032,
    9.916281480394));
#9200 = DIRECTION('',(0.,-1.,0.));
#9201 = DIRECTION('',(0.873151649037,0.,0.487448661691));
#9202 = ORIENTED_EDGE('',*,*,#9203,.F.);
#9203 = EDGE_CURVE('',#9204,#9195,#9206,.T.);
#9204 = VERTEX_POINT('',#9205);
#9205 = CARTESIAN_POINT('',(21.682135733657,0.738750000032,
    9.916281480394));
#9206 = CIRCLE('',#9207,6.125E-02);
#9207 = AXIS2_PLACEMENT_3D('',#9208,#9209,#9210);
#9208 = CARTESIAN_POINT('',(21.743385733657,0.738750000032,
    9.916281480394));
#9209 = DIRECTION('',(0.,0.,-1.));
#9210 = DIRECTION('',(-0.707106781187,0.707106781187,0.));
#9211 = ORIENTED_EDGE('',*,*,#9212,.T.);
#9212 = EDGE_CURVE('',#9204,#9163,#9213,.T.);
#9213 = CIRCLE('',#9214,6.125E-02);
#9214 = AXIS2_PLACEMENT_3D('',#9215,#9216,#9217);
#9215 = CARTESIAN_POINT('',(21.620885733657,0.738750000032,
    9.916281480394));
#9216 = DIRECTION('',(0.,-1.,0.));
#9217 = DIRECTION('',(1.,0.,0.));
#9218 = ORIENTED_EDGE('',*,*,#9179,.T.);
#9219 = TOROIDAL_SURFACE('',#9220,0.1225,6.125E-02);
#9220 = AXIS2_PLACEMENT_3D('',#9221,#9222,#9223);
#9221 = CARTESIAN_POINT('',(21.620885733657,0.738750000032,
    9.916281480394));
#9222 = DIRECTION('',(0.,-1.,0.));
#9223 = DIRECTION('',(0.,0.,-1.));
#9224 = ADVANCED_FACE('',(#9225),#9245,.T.);
#9225 = FACE_BOUND('',#9226,.T.);
#9226 = EDGE_LOOP('',(#9227,#9228,#9236,#9237));
#9227 = ORIENTED_EDGE('',*,*,#9147,.F.);
#9228 = ORIENTED_EDGE('',*,*,#9229,.T.);
#9229 = EDGE_CURVE('',#9121,#9030,#9230,.T.);
#9230 = B_SPLINE_CURVE_WITH_KNOTS('',3,(#9231,#9232,#9233,#9234,#9235),
  .UNSPECIFIED.,.F.,.F.,(4,1,4),(-1.284076099132E-02,-5.503183281994E-03
    ,0.),.UNSPECIFIED.);
#9231 = CARTESIAN_POINT('',(21.182135733657,0.800000000032,
    10.022369592358));
#9232 = CARTESIAN_POINT('',(21.164545342796,0.800000000032,
    10.010140296176));
#9233 = CARTESIAN_POINT('',(21.139378073854,0.802775029909,
    9.977395605605));
#9234 = CARTESIAN_POINT('',(21.131270681754,0.804343533005,
    9.934625424668));
#9235 = CARTESIAN_POINT('',(21.131270681754,0.804343533005,
    9.916281480394));
#9236 = ORIENTED_EDGE('',*,*,#9039,.F.);
#9237 = ORIENTED_EDGE('',*,*,#9238,.T.);
#9238 = EDGE_CURVE('',#9040,#9139,#9239,.T.);
#9239 = B_SPLINE_CURVE_WITH_KNOTS('',3,(#9240,#9241,#9242,#9243,#9244),
  .UNSPECIFIED.,.F.,.F.,(4,1,4),(0.,5.503183281994E-03,
    1.284076099132E-02),.UNSPECIFIED.);
#9240 = CARTESIAN_POINT('',(21.182135733657,0.743980337653,
    9.916281480394));
#9241 = CARTESIAN_POINT('',(21.182135733657,0.743980337653,
    9.925453452531));
#9242 = CARTESIAN_POINT('',(21.187017059317,0.742091598509,9.946838543)
  );
#9243 = CARTESIAN_POINT('',(21.202169852493,0.738750000032,
    9.963210888285));
#9244 = CARTESIAN_POINT('',(21.212760733657,0.738750000032,
    9.969325536376));
#9245 = B_SPLINE_SURFACE_WITH_KNOTS('',3,3,(
    (#9246,#9247,#9248,#9249,#9250)
    ,(#9251,#9252,#9253,#9254,#9255)
    ,(#9256,#9257,#9258,#9259,#9260)
    ,(#9261,#9262,#9263,#9264,#9265)
    ,(#9266,#9267,#9268,#9269,#9270
  )),.UNSPECIFIED.,.F.,.F.,.F.,(4,1,4),(4,1,4),(0.,0.571428571429,1.),(
    0.,5.503183281994E-03,1.284076099132E-02),.UNSPECIFIED.);
#9246 = CARTESIAN_POINT('',(21.131270681754,0.804343533005,
    9.916281480394));
#9247 = CARTESIAN_POINT('',(21.131270681754,0.804343533005,
    9.934625424668));
#9248 = CARTESIAN_POINT('',(21.139378073854,0.802775029909,
    9.977395605605));
#9249 = CARTESIAN_POINT('',(21.164545342796,0.800000000032,
    10.010140296176));
#9250 = CARTESIAN_POINT('',(21.182135733657,0.800000000032,
    10.022369592358));
#9251 = CARTESIAN_POINT('',(21.147372398674,0.801573376562,
    9.916281480394));
#9252 = CARTESIAN_POINT('',(21.147372398674,0.801573376562,9.93213609));
#9253 = CARTESIAN_POINT('',(21.154838420113,0.800593256971,
    9.969128715036));
#9254 = CARTESIAN_POINT('',(21.176727588394,0.799446309775,
    9.996409608396));
#9255 = CARTESIAN_POINT('',(21.19129871223,0.800000000032,
    10.006498847921));
#9256 = CARTESIAN_POINT('',(21.173314037832,0.784861596484,
    9.916281480394));
#9257 = CARTESIAN_POINT('',(21.173314037832,0.784861596484,
    9.927830711533));
#9258 = CARTESIAN_POINT('',(21.179748437033,0.78411972104,9.954750944894
    ));
#9259 = CARTESIAN_POINT('',(21.196863828278,0.783765713842,
    9.972569452659));
#9260 = CARTESIAN_POINT('',(21.207163171399,0.784619487723,
    9.979020798606));
#9261 = CARTESIAN_POINT('',(21.182135733657,0.756234039875,
    9.916281480394));
#9262 = CARTESIAN_POINT('',(21.182135733657,0.756234039875,9.92576447647
    ));
#9263 = CARTESIAN_POINT('',(21.187473259849,0.754688691977,
    9.947885946075));
#9264 = CARTESIAN_POINT('',(21.20277933504,0.752240164004,9.96356811979)
  );
#9265 = CARTESIAN_POINT('',(21.212760733657,0.752494467891,
    9.969325536376));
#9266 = CARTESIAN_POINT('',(21.182135733657,0.743980337653,
    9.916281480394));
#9267 = CARTESIAN_POINT('',(21.182135733657,0.743980337653,
    9.925453452531));
#9268 = CARTESIAN_POINT('',(21.187017059317,0.742091598509,9.946838543)
  );
#9269 = CARTESIAN_POINT('',(21.202169852493,0.738750000032,
    9.963210888285));
#9270 = CARTESIAN_POINT('',(21.212760733657,0.738750000032,
    9.969325536376));
#9271 = ADVANCED_FACE('',(#9272),#9297,.T.);
#9272 = FACE_BOUND('',#9273,.T.);
#9273 = EDGE_LOOP('',(#9274,#9275,#9283,#9291));
#9274 = ORIENTED_EDGE('',*,*,#8972,.F.);
#9275 = ORIENTED_EDGE('',*,*,#9276,.F.);
#9276 = EDGE_CURVE('',#9277,#8973,#9279,.T.);
#9277 = VERTEX_POINT('',#9278);
#9278 = CARTESIAN_POINT('',(21.620885733657,0.736250000032,
    9.477531480394));
#9279 = LINE('',#9280,#9281);
#9280 = CARTESIAN_POINT('',(21.620885733657,0.800000000032,
    9.477531480394));
#9281 = VECTOR('',#9282,1.);
#9282 = DIRECTION('',(0.,1.,0.));
#9283 = ORIENTED_EDGE('',*,*,#9284,.F.);
#9284 = EDGE_CURVE('',#9285,#9277,#9287,.T.);
#9285 = VERTEX_POINT('',#9286);
#9286 = CARTESIAN_POINT('',(21.243385733657,0.736250000032,
    9.477531480394));
#9287 = LINE('',#9288,#9289);
#9288 = CARTESIAN_POINT('',(21.307135733657,0.736250000032,
    9.477531480394));
#9289 = VECTOR('',#9290,1.);
#9290 = DIRECTION('',(1.,0.,0.));
#9291 = ORIENTED_EDGE('',*,*,#9292,.F.);
#9292 = EDGE_CURVE('',#8920,#9285,#9293,.T.);
#9293 = LINE('',#9294,#9295);
#9294 = CARTESIAN_POINT('',(21.243385733657,0.800000000032,
    9.477531480394));
#9295 = VECTOR('',#9296,1.);
#9296 = DIRECTION('',(0.,-1.,0.));
#9297 = PLANE('',#9298);
#9298 = AXIS2_PLACEMENT_3D('',#9299,#9300,#9301);
#9299 = CARTESIAN_POINT('',(21.182135733657,0.800000000032,
    9.477531480394));
#9300 = DIRECTION('',(0.,0.,-1.));
#9301 = DIRECTION('',(1.,0.,0.));
#9302 = ADVANCED_FACE('',(#9303),#9348,.T.);
#9303 = FACE_BOUND('',#9304,.T.);
#9304 = EDGE_LOOP('',(#9305,#9306,#9307,#9308,#9316,#9325,#9333,#9342));
#9305 = ORIENTED_EDGE('',*,*,#9072,.F.);
#9306 = ORIENTED_EDGE('',*,*,#9029,.F.);
#9307 = ORIENTED_EDGE('',*,*,#9229,.F.);
#9308 = ORIENTED_EDGE('',*,*,#9309,.T.);
#9309 = EDGE_CURVE('',#9121,#9310,#9312,.T.);
#9310 = VERTEX_POINT('',#9311);
#9311 = CARTESIAN_POINT('',(21.182135733657,0.800000000032,19.95));
#9312 = LINE('',#9313,#9314);
#9313 = CARTESIAN_POINT('',(21.182135733657,0.800000000032,20.25));
#9314 = VECTOR('',#9315,1.);
#9315 = DIRECTION('',(0.,0.,1.));
#9316 = ORIENTED_EDGE('',*,*,#9317,.T.);
#9317 = EDGE_CURVE('',#9310,#9318,#9320,.T.);
#9318 = VERTEX_POINT('',#9319);
#9319 = CARTESIAN_POINT('',(20.882135733657,1.100000000032,19.95));
#9320 = CIRCLE('',#9321,0.3);
#9321 = AXIS2_PLACEMENT_3D('',#9322,#9323,#9324);
#9322 = CARTESIAN_POINT('',(21.182135733657,1.100000000032,19.95));
#9323 = DIRECTION('',(0.,0.,-1.));
#9324 = DIRECTION('',(0.,-1.,0.));
#9325 = ORIENTED_EDGE('',*,*,#9326,.T.);
#9326 = EDGE_CURVE('',#9318,#9327,#9329,.T.);
#9327 = VERTEX_POINT('',#9328);
#9328 = CARTESIAN_POINT('',(20.882135733657,1.100000000032,6.1));
#9329 = LINE('',#9330,#9331);
#9330 = CARTESIAN_POINT('',(20.882135733657,1.100000000032,20.25));
#9331 = VECTOR('',#9332,1.);
#9332 = DIRECTION('',(0.,0.,-1.));
#9333 = ORIENTED_EDGE('',*,*,#9334,.F.);
#9334 = EDGE_CURVE('',#9335,#9327,#9337,.T.);
#9335 = VERTEX_POINT('',#9336);
#9336 = CARTESIAN_POINT('',(21.182135733657,0.800000000032,6.1));
#9337 = CIRCLE('',#9338,0.3);
#9338 = AXIS2_PLACEMENT_3D('',#9339,#9340,#9341);
#9339 = CARTESIAN_POINT('',(21.182135733657,1.100000000032,6.1));
#9340 = DIRECTION('',(0.,0.,-1.));
#9341 = DIRECTION('',(-1.,0.,0.));
#9342 = ORIENTED_EDGE('',*,*,#9343,.T.);
#9343 = EDGE_CURVE('',#9335,#8940,#9344,.T.);
#9344 = LINE('',#9345,#9346);
#9345 = CARTESIAN_POINT('',(21.182135733657,0.800000000032,20.25));
#9346 = VECTOR('',#9347,1.);
#9347 = DIRECTION('',(0.,0.,1.));
#9348 = CYLINDRICAL_SURFACE('',#9349,0.3);
#9349 = AXIS2_PLACEMENT_3D('',#9350,#9351,#9352);
#9350 = CARTESIAN_POINT('',(21.182135733657,1.100000000032,20.25));
#9351 = DIRECTION('',(0.,0.,-1.));
#9352 = DIRECTION('',(-0.707106781187,-0.707106781187,-0.));
#9353 = ADVANCED_FACE('',(#9354),#9392,.T.);
#9354 = FACE_BOUND('',#9355,.T.);
#9355 = EDGE_LOOP('',(#9356,#9357,#9358,#9359,#9360,#9368,#9376,#9382,
    #9383,#9384,#9385,#9386));
#9356 = ORIENTED_EDGE('',*,*,#9013,.F.);
#9357 = ORIENTED_EDGE('',*,*,#8963,.F.);
#9358 = ORIENTED_EDGE('',*,*,#8939,.F.);
#9359 = ORIENTED_EDGE('',*,*,#9343,.F.);
#9360 = ORIENTED_EDGE('',*,*,#9361,.F.);
#9361 = EDGE_CURVE('',#9362,#9335,#9364,.T.);
#9362 = VERTEX_POINT('',#9363);
#9363 = CARTESIAN_POINT('',(22.194368655133,0.800000000032,6.1));
#9364 = LINE('',#9365,#9366);
#9365 = CARTESIAN_POINT('',(22.084863893421,0.800000000032,6.1));
#9366 = VECTOR('',#9367,1.);
#9367 = DIRECTION('',(-1.,0.,0.));
#9368 = ORIENTED_EDGE('',*,*,#9369,.F.);
#9369 = EDGE_CURVE('',#9370,#9362,#9372,.T.);
#9370 = VERTEX_POINT('',#9371);
#9371 = CARTESIAN_POINT('',(22.194368655133,0.800000000032,19.95));
#9372 = LINE('',#9373,#9374);
#9373 = CARTESIAN_POINT('',(22.194368655133,0.800000000032,18.75));
#9374 = VECTOR('',#9375,1.);
#9375 = DIRECTION('',(0.,0.,-1.));
#9376 = ORIENTED_EDGE('',*,*,#9377,.F.);
#9377 = EDGE_CURVE('',#9310,#9370,#9378,.T.);
#9378 = LINE('',#9379,#9380);
#9379 = CARTESIAN_POINT('',(22.088420573419,0.800000000032,19.95));
#9380 = VECTOR('',#9381,1.);
#9381 = DIRECTION('',(1.,0.,0.));
#9382 = ORIENTED_EDGE('',*,*,#9309,.F.);
#9383 = ORIENTED_EDGE('',*,*,#9118,.F.);
#9384 = ORIENTED_EDGE('',*,*,#9171,.F.);
#9385 = ORIENTED_EDGE('',*,*,#9194,.F.);
#9386 = ORIENTED_EDGE('',*,*,#9387,.F.);
#9387 = EDGE_CURVE('',#9005,#9195,#9388,.T.);
#9388 = LINE('',#9389,#9390);
#9389 = CARTESIAN_POINT('',(21.743385733657,0.800000000032,
    14.863765740197));
#9390 = VECTOR('',#9391,1.);
#9391 = DIRECTION('',(0.,0.,1.));
#9392 = PLANE('',#9393);
#9393 = AXIS2_PLACEMENT_3D('',#9394,#9395,#9396);
#9394 = CARTESIAN_POINT('',(22.485773280009,0.800000000032,20.25));
#9395 = DIRECTION('',(0.,-1.,0.));
#9396 = DIRECTION('',(-1.,0.,0.));
#9397 = ADVANCED_FACE('',(#9398),#9409,.F.);
#9398 = FACE_BOUND('',#9399,.F.);
#9399 = EDGE_LOOP('',(#9400,#9401,#9402,#9408));
#9400 = ORIENTED_EDGE('',*,*,#9387,.F.);
#9401 = ORIENTED_EDGE('',*,*,#9004,.T.);
#9402 = ORIENTED_EDGE('',*,*,#9403,.F.);
#9403 = EDGE_CURVE('',#9204,#8996,#9404,.T.);
#9404 = LINE('',#9405,#9406);
#9405 = CARTESIAN_POINT('',(21.682135733657,0.738750000032,
    14.863765740197));
#9406 = VECTOR('',#9407,1.);
#9407 = DIRECTION('',(0.,0.,-1.));
#9408 = ORIENTED_EDGE('',*,*,#9203,.T.);
#9409 = CYLINDRICAL_SURFACE('',#9410,6.125E-02);
#9410 = AXIS2_PLACEMENT_3D('',#9411,#9412,#9413);
#9411 = CARTESIAN_POINT('',(21.743385733657,0.738750000032,
    14.863765740197));
#9412 = DIRECTION('',(0.,0.,-1.));
#9413 = DIRECTION('',(-0.707106781187,0.707106781187,0.));
#9414 = ADVANCED_FACE('',(#9415),#9440,.T.);
#9415 = FACE_BOUND('',#9416,.T.);
#9416 = EDGE_LOOP('',(#9417,#9425,#9433,#9439));
#9417 = ORIENTED_EDGE('',*,*,#9418,.F.);
#9418 = EDGE_CURVE('',#9419,#9204,#9421,.T.);
#9419 = VERTEX_POINT('',#9420);
#9420 = CARTESIAN_POINT('',(21.682135733657,0.736250000032,
    9.916281480394));
#9421 = LINE('',#9422,#9423);
#9422 = CARTESIAN_POINT('',(21.682135733657,0.800000000032,
    9.916281480394));
#9423 = VECTOR('',#9424,1.);
#9424 = DIRECTION('',(0.,1.,0.));
#9425 = ORIENTED_EDGE('',*,*,#9426,.F.);
#9426 = EDGE_CURVE('',#9427,#9419,#9429,.T.);
#9427 = VERTEX_POINT('',#9428);
#9428 = CARTESIAN_POINT('',(21.682135733657,0.736250000032,
    9.538781480394));
#9429 = LINE('',#9430,#9431);
#9430 = CARTESIAN_POINT('',(21.682135733657,0.736250000032,
    9.602531480394));
#9431 = VECTOR('',#9432,1.);
#9432 = DIRECTION('',(0.,0.,1.));
#9433 = ORIENTED_EDGE('',*,*,#9434,.F.);
#9434 = EDGE_CURVE('',#8996,#9427,#9435,.T.);
#9435 = LINE('',#9436,#9437);
#9436 = CARTESIAN_POINT('',(21.682135733657,0.800000000032,
    9.538781480394));
#9437 = VECTOR('',#9438,1.);
#9438 = DIRECTION('',(0.,-1.,0.));
#9439 = ORIENTED_EDGE('',*,*,#9403,.F.);
#9440 = PLANE('',#9441);
#9441 = AXIS2_PLACEMENT_3D('',#9442,#9443,#9444);
#9442 = CARTESIAN_POINT('',(21.682135733657,0.800000000032,
    9.477531480394));
#9443 = DIRECTION('',(1.,0.,0.));
#9444 = DIRECTION('',(0.,0.,1.));
#9445 = ADVANCED_FACE('',(#9446),#9473,.T.);
#9446 = FACE_BOUND('',#9447,.T.);
#9447 = EDGE_LOOP('',(#9448,#9459,#9466));
#9448 = ORIENTED_EDGE('',*,*,#9449,.T.);
#9449 = EDGE_CURVE('',#9450,#9452,#9454,.T.);
#9450 = VERTEX_POINT('',#9451);
#9451 = CARTESIAN_POINT('',(21.243385733657,0.675000000032,
    9.538781480394));
#9452 = VERTEX_POINT('',#9453);
#9453 = CARTESIAN_POINT('',(21.182135733657,0.736250000032,
    9.538781480394));
#9454 = CIRCLE('',#9455,6.125E-02);
#9455 = AXIS2_PLACEMENT_3D('',#9456,#9457,#9458);
#9456 = CARTESIAN_POINT('',(21.243385733657,0.736250000032,
    9.538781480394));
#9457 = DIRECTION('',(0.,0.,-1.));
#9458 = DIRECTION('',(-1.,0.,0.));
#9459 = ORIENTED_EDGE('',*,*,#9460,.T.);
#9460 = EDGE_CURVE('',#9452,#9285,#9461,.T.);
#9461 = CIRCLE('',#9462,6.125E-02);
#9462 = AXIS2_PLACEMENT_3D('',#9463,#9464,#9465);
#9463 = CARTESIAN_POINT('',(21.243385733657,0.736250000032,
    9.538781480394));
#9464 = DIRECTION('',(0.,-1.,0.));
#9465 = DIRECTION('',(0.,0.,-1.));
#9466 = ORIENTED_EDGE('',*,*,#9467,.T.);
#9467 = EDGE_CURVE('',#9285,#9450,#9468,.T.);
#9468 = CIRCLE('',#9469,6.125E-02);
#9469 = AXIS2_PLACEMENT_3D('',#9470,#9471,#9472);
#9470 = CARTESIAN_POINT('',(21.243385733657,0.736250000032,
    9.538781480394));
#9471 = DIRECTION('',(-1.,0.,0.));
#9472 = DIRECTION('',(0.,-1.,0.));
#9473 = SPHERICAL_SURFACE('',#9474,6.125E-02);
#9474 = AXIS2_PLACEMENT_3D('',#9475,#9476,#9477);
#9475 = CARTESIAN_POINT('',(21.243385733657,0.736250000032,
    9.538781480394));
#9476 = DIRECTION('',(0.408248290464,-0.816496580928,0.408248290464));
#9477 = DIRECTION('',(-0.57735026919,-0.57735026919,-0.57735026919));
#9478 = ADVANCED_FACE('',(#9479),#9491,.T.);
#9479 = FACE_BOUND('',#9480,.T.);
#9480 = EDGE_LOOP('',(#9481,#9482,#9483,#9484,#9490));
#9481 = ORIENTED_EDGE('',*,*,#8919,.F.);
#9482 = ORIENTED_EDGE('',*,*,#9292,.T.);
#9483 = ORIENTED_EDGE('',*,*,#9460,.F.);
#9484 = ORIENTED_EDGE('',*,*,#9485,.T.);
#9485 = EDGE_CURVE('',#9452,#9049,#9486,.T.);
#9486 = LINE('',#9487,#9488);
#9487 = CARTESIAN_POINT('',(21.182135733657,0.800000000032,
    9.538781480394));
#9488 = VECTOR('',#9489,1.);
#9489 = DIRECTION('',(0.,1.,0.));
#9490 = ORIENTED_EDGE('',*,*,#9081,.F.);
#9491 = CYLINDRICAL_SURFACE('',#9492,6.125E-02);
#9492 = AXIS2_PLACEMENT_3D('',#9493,#9494,#9495);
#9493 = CARTESIAN_POINT('',(21.243385733657,0.800000000032,
    9.538781480394));
#9494 = DIRECTION('',(0.,-1.,0.));
#9495 = DIRECTION('',(-0.707106781187,-0.,-0.707106781187));
#9496 = ADVANCED_FACE('',(#9497),#9526,.T.);
#9497 = FACE_BOUND('',#9498,.T.);
#9498 = EDGE_LOOP('',(#9499,#9510,#9519));
#9499 = ORIENTED_EDGE('',*,*,#9500,.T.);
#9500 = EDGE_CURVE('',#9501,#9503,#9505,.T.);
#9501 = VERTEX_POINT('',#9502);
#9502 = CARTESIAN_POINT('',(21.243385733657,0.675000000032,
    9.916281480394));
#9503 = VERTEX_POINT('',#9504);
#9504 = CARTESIAN_POINT('',(21.243385733657,0.736250000032,
    9.977531480394));
#9505 = CIRCLE('',#9506,6.125E-02);
#9506 = AXIS2_PLACEMENT_3D('',#9507,#9508,#9509);
#9507 = CARTESIAN_POINT('',(21.243385733657,0.736250000032,
    9.916281480394));
#9508 = DIRECTION('',(-1.,0.,0.));
#9509 = DIRECTION('',(0.,0.,1.));
#9510 = ORIENTED_EDGE('',*,*,#9511,.T.);
#9511 = EDGE_CURVE('',#9503,#9512,#9514,.T.);
#9512 = VERTEX_POINT('',#9513);
#9513 = CARTESIAN_POINT('',(21.182135733657,0.736250000032,
    9.916281480394));
#9514 = CIRCLE('',#9515,6.125E-02);
#9515 = AXIS2_PLACEMENT_3D('',#9516,#9517,#9518);
#9516 = CARTESIAN_POINT('',(21.243385733657,0.736250000032,
    9.916281480394));
#9517 = DIRECTION('',(0.,-1.,0.));
#9518 = DIRECTION('',(-1.,0.,0.));
#9519 = ORIENTED_EDGE('',*,*,#9520,.T.);
#9520 = EDGE_CURVE('',#9512,#9501,#9521,.T.);
#9521 = CIRCLE('',#9522,6.125E-02);
#9522 = AXIS2_PLACEMENT_3D('',#9523,#9524,#9525);
#9523 = CARTESIAN_POINT('',(21.243385733657,0.736250000032,
    9.916281480394));
#9524 = DIRECTION('',(1.812609019796E-14,0.,1.));
#9525 = DIRECTION('',(0.,-1.,0.));
#9526 = SPHERICAL_SURFACE('',#9527,6.125E-02);
#9527 = AXIS2_PLACEMENT_3D('',#9528,#9529,#9530);
#9528 = CARTESIAN_POINT('',(21.243385733657,0.736250000032,
    9.916281480394));
#9529 = DIRECTION('',(-0.816496580928,0.408248290464,-0.408248290464));
#9530 = DIRECTION('',(-0.57735026919,-0.57735026919,0.57735026919));
#9531 = ADVANCED_FACE('',(#9532),#9549,.T.);
#9532 = FACE_BOUND('',#9533,.T.);
#9533 = EDGE_LOOP('',(#9534,#9535,#9541,#9542,#9548));
#9534 = ORIENTED_EDGE('',*,*,#9238,.F.);
#9535 = ORIENTED_EDGE('',*,*,#9536,.T.);
#9536 = EDGE_CURVE('',#9040,#9512,#9537,.T.);
#9537 = LINE('',#9538,#9539);
#9538 = CARTESIAN_POINT('',(21.182135733657,0.800000000032,
    9.916281480394));
#9539 = VECTOR('',#9540,1.);
#9540 = DIRECTION('',(0.,-1.,0.));
#9541 = ORIENTED_EDGE('',*,*,#9511,.F.);
#9542 = ORIENTED_EDGE('',*,*,#9543,.T.);
#9543 = EDGE_CURVE('',#9503,#9130,#9544,.T.);
#9544 = LINE('',#9545,#9546);
#9545 = CARTESIAN_POINT('',(21.243385733657,0.800000000032,
    9.977531480394));
#9546 = VECTOR('',#9547,1.);
#9547 = DIRECTION('',(0.,1.,0.));
#9548 = ORIENTED_EDGE('',*,*,#9138,.F.);
#9549 = CYLINDRICAL_SURFACE('',#9550,6.125E-02);
#9550 = AXIS2_PLACEMENT_3D('',#9551,#9552,#9553);
#9551 = CARTESIAN_POINT('',(21.243385733657,0.800000000032,
    9.916281480394));
#9552 = DIRECTION('',(0.,-1.,0.));
#9553 = DIRECTION('',(-0.707106781187,0.,0.707106781187));
#9554 = ADVANCED_FACE('',(#9555),#9571,.T.);
#9555 = FACE_BOUND('',#9556,.T.);
#9556 = EDGE_LOOP('',(#9557,#9558,#9564,#9565));
#9557 = ORIENTED_EDGE('',*,*,#9449,.F.);
#9558 = ORIENTED_EDGE('',*,*,#9559,.T.);
#9559 = EDGE_CURVE('',#9450,#9501,#9560,.T.);
#9560 = LINE('',#9561,#9562);
#9561 = CARTESIAN_POINT('',(21.243385733657,0.675000000032,
    9.852531480394));
#9562 = VECTOR('',#9563,1.);
#9563 = DIRECTION('',(0.,0.,1.));
#9564 = ORIENTED_EDGE('',*,*,#9520,.F.);
#9565 = ORIENTED_EDGE('',*,*,#9566,.T.);
#9566 = EDGE_CURVE('',#9512,#9452,#9567,.T.);
#9567 = LINE('',#9568,#9569);
#9568 = CARTESIAN_POINT('',(21.182135733657,0.736250000032,
    9.852531480394));
#9569 = VECTOR('',#9570,1.);
#9570 = DIRECTION('',(0.,0.,-1.));
#9571 = CYLINDRICAL_SURFACE('',#9572,6.125E-02);
#9572 = AXIS2_PLACEMENT_3D('',#9573,#9574,#9575);
#9573 = CARTESIAN_POINT('',(21.243385733657,0.736250000032,
    9.852531480394));
#9574 = DIRECTION('',(0.,0.,-1.));
#9575 = DIRECTION('',(-0.707106781187,-0.707106781187,-0.));
#9576 = ADVANCED_FACE('',(#9577),#9602,.T.);
#9577 = FACE_BOUND('',#9578,.T.);
#9578 = EDGE_LOOP('',(#9579,#9588,#9595));
#9579 = ORIENTED_EDGE('',*,*,#9580,.T.);
#9580 = EDGE_CURVE('',#9581,#9277,#9583,.T.);
#9581 = VERTEX_POINT('',#9582);
#9582 = CARTESIAN_POINT('',(21.620885733657,0.675000000032,
    9.538781480394));
#9583 = CIRCLE('',#9584,6.125E-02);
#9584 = AXIS2_PLACEMENT_3D('',#9585,#9586,#9587);
#9585 = CARTESIAN_POINT('',(21.620885733657,0.736250000032,
    9.538781480394));
#9586 = DIRECTION('',(1.,0.,0.));
#9587 = DIRECTION('',(0.,0.,-1.));
#9588 = ORIENTED_EDGE('',*,*,#9589,.T.);
#9589 = EDGE_CURVE('',#9277,#9427,#9590,.T.);
#9590 = CIRCLE('',#9591,6.125E-02);
#9591 = AXIS2_PLACEMENT_3D('',#9592,#9593,#9594);
#9592 = CARTESIAN_POINT('',(21.620885733657,0.736250000032,
    9.538781480394));
#9593 = DIRECTION('',(0.,-1.,0.));
#9594 = DIRECTION('',(1.,0.,0.));
#9595 = ORIENTED_EDGE('',*,*,#9596,.T.);
#9596 = EDGE_CURVE('',#9427,#9581,#9597,.T.);
#9597 = CIRCLE('',#9598,6.125E-02);
#9598 = AXIS2_PLACEMENT_3D('',#9599,#9600,#9601);
#9599 = CARTESIAN_POINT('',(21.620885733657,0.736250000032,
    9.538781480394));
#9600 = DIRECTION('',(-1.812609019796E-14,0.,-1.));
#9601 = DIRECTION('',(0.,-1.,-0.));
#9602 = SPHERICAL_SURFACE('',#9603,6.125E-02);
#9603 = AXIS2_PLACEMENT_3D('',#9604,#9605,#9606);
#9604 = CARTESIAN_POINT('',(21.620885733657,0.736250000032,
    9.538781480394));
#9605 = DIRECTION('',(-0.816496580928,-0.408248290464,-0.408248290464));
#9606 = DIRECTION('',(0.57735026919,-0.57735026919,-0.57735026919));
#9607 = ADVANCED_FACE('',(#9608),#9614,.T.);
#9608 = FACE_BOUND('',#9609,.T.);
#9609 = EDGE_LOOP('',(#9610,#9611,#9612,#9613));
#9610 = ORIENTED_EDGE('',*,*,#9434,.T.);
#9611 = ORIENTED_EDGE('',*,*,#9589,.F.);
#9612 = ORIENTED_EDGE('',*,*,#9276,.T.);
#9613 = ORIENTED_EDGE('',*,*,#8995,.F.);
#9614 = CYLINDRICAL_SURFACE('',#9615,6.125E-02);
#9615 = AXIS2_PLACEMENT_3D('',#9616,#9617,#9618);
#9616 = CARTESIAN_POINT('',(21.620885733657,0.800000000032,
    9.538781480394));
#9617 = DIRECTION('',(0.,-1.,0.));
#9618 = DIRECTION('',(0.707106781187,0.,-0.707106781187));
#9619 = ADVANCED_FACE('',(#9620),#9647,.T.);
#9620 = FACE_BOUND('',#9621,.T.);
#9621 = EDGE_LOOP('',(#9622,#9631,#9640));
#9622 = ORIENTED_EDGE('',*,*,#9623,.T.);
#9623 = EDGE_CURVE('',#9624,#9419,#9626,.T.);
#9624 = VERTEX_POINT('',#9625);
#9625 = CARTESIAN_POINT('',(21.620885733657,0.675000000032,
    9.916281480394));
#9626 = CIRCLE('',#9627,6.125E-02);
#9627 = AXIS2_PLACEMENT_3D('',#9628,#9629,#9630);
#9628 = CARTESIAN_POINT('',(21.620885733657,0.736250000032,
    9.916281480394));
#9629 = DIRECTION('',(0.,0.,1.));
#9630 = DIRECTION('',(1.,0.,-0.));
#9631 = ORIENTED_EDGE('',*,*,#9632,.T.);
#9632 = EDGE_CURVE('',#9419,#9633,#9635,.T.);
#9633 = VERTEX_POINT('',#9634);
#9634 = CARTESIAN_POINT('',(21.620885733657,0.736250000032,
    9.977531480394));
#9635 = CIRCLE('',#9636,6.125E-02);
#9636 = AXIS2_PLACEMENT_3D('',#9637,#9638,#9639);
#9637 = CARTESIAN_POINT('',(21.620885733657,0.736250000032,
    9.916281480394));
#9638 = DIRECTION('',(0.,-1.,0.));
#9639 = DIRECTION('',(0.,0.,1.));
#9640 = ORIENTED_EDGE('',*,*,#9641,.T.);
#9641 = EDGE_CURVE('',#9633,#9624,#9642,.T.);
#9642 = CIRCLE('',#9643,6.125E-02);
#9643 = AXIS2_PLACEMENT_3D('',#9644,#9645,#9646);
#9644 = CARTESIAN_POINT('',(21.620885733657,0.736250000032,
    9.916281480394));
#9645 = DIRECTION('',(1.,0.,0.));
#9646 = DIRECTION('',(0.,-1.,0.));
#9647 = SPHERICAL_SURFACE('',#9648,6.125E-02);
#9648 = AXIS2_PLACEMENT_3D('',#9649,#9650,#9651);
#9649 = CARTESIAN_POINT('',(21.620885733657,0.736250000032,
    9.916281480394));
#9650 = DIRECTION('',(-0.408248290464,-0.816496580928,-0.408248290464));
#9651 = DIRECTION('',(0.57735026919,-0.57735026919,0.57735026919));
#9652 = ADVANCED_FACE('',(#9653),#9664,.T.);
#9653 = FACE_BOUND('',#9654,.T.);
#9654 = EDGE_LOOP('',(#9655,#9661,#9662,#9663));
#9655 = ORIENTED_EDGE('',*,*,#9656,.T.);
#9656 = EDGE_CURVE('',#9163,#9633,#9657,.T.);
#9657 = LINE('',#9658,#9659);
#9658 = CARTESIAN_POINT('',(21.620885733657,0.800000000032,
    9.977531480394));
#9659 = VECTOR('',#9660,1.);
#9660 = DIRECTION('',(0.,-1.,0.));
#9661 = ORIENTED_EDGE('',*,*,#9632,.F.);
#9662 = ORIENTED_EDGE('',*,*,#9418,.T.);
#9663 = ORIENTED_EDGE('',*,*,#9212,.T.);
#9664 = CYLINDRICAL_SURFACE('',#9665,6.125E-02);
#9665 = AXIS2_PLACEMENT_3D('',#9666,#9667,#9668);
#9666 = CARTESIAN_POINT('',(21.620885733657,0.800000000032,
    9.916281480394));
#9667 = DIRECTION('',(0.,-1.,0.));
#9668 = DIRECTION('',(0.707106781187,0.,0.707106781187));
#9669 = ADVANCED_FACE('',(#9670),#9686,.T.);
#9670 = FACE_BOUND('',#9671,.T.);
#9671 = EDGE_LOOP('',(#9672,#9673,#9679,#9680));
#9672 = ORIENTED_EDGE('',*,*,#9500,.F.);
#9673 = ORIENTED_EDGE('',*,*,#9674,.T.);
#9674 = EDGE_CURVE('',#9501,#9624,#9675,.T.);
#9675 = LINE('',#9676,#9677);
#9676 = CARTESIAN_POINT('',(21.557135733657,0.675000000032,
    9.916281480394));
#9677 = VECTOR('',#9678,1.);
#9678 = DIRECTION('',(1.,0.,0.));
#9679 = ORIENTED_EDGE('',*,*,#9641,.F.);
#9680 = ORIENTED_EDGE('',*,*,#9681,.T.);
#9681 = EDGE_CURVE('',#9633,#9503,#9682,.T.);
#9682 = LINE('',#9683,#9684);
#9683 = CARTESIAN_POINT('',(21.557135733657,0.736250000032,
    9.977531480394));
#9684 = VECTOR('',#9685,1.);
#9685 = DIRECTION('',(-1.,0.,0.));
#9686 = CYLINDRICAL_SURFACE('',#9687,6.125E-02);
#9687 = AXIS2_PLACEMENT_3D('',#9688,#9689,#9690);
#9688 = CARTESIAN_POINT('',(21.557135733657,0.736250000032,
    9.916281480394));
#9689 = DIRECTION('',(-1.,0.,0.));
#9690 = DIRECTION('',(0.,-0.707106781187,0.707106781187));
#9691 = ADVANCED_FACE('',(#9692),#9703,.T.);
#9692 = FACE_BOUND('',#9693,.T.);
#9693 = EDGE_LOOP('',(#9694,#9695,#9701,#9702));
#9694 = ORIENTED_EDGE('',*,*,#9623,.F.);
#9695 = ORIENTED_EDGE('',*,*,#9696,.T.);
#9696 = EDGE_CURVE('',#9624,#9581,#9697,.T.);
#9697 = LINE('',#9698,#9699);
#9698 = CARTESIAN_POINT('',(21.620885733657,0.675000000032,
    9.602531480394));
#9699 = VECTOR('',#9700,1.);
#9700 = DIRECTION('',(0.,0.,-1.));
#9701 = ORIENTED_EDGE('',*,*,#9596,.F.);
#9702 = ORIENTED_EDGE('',*,*,#9426,.T.);
#9703 = CYLINDRICAL_SURFACE('',#9704,6.125E-02);
#9704 = AXIS2_PLACEMENT_3D('',#9705,#9706,#9707);
#9705 = CARTESIAN_POINT('',(21.620885733657,0.736250000032,
    9.602531480394));
#9706 = DIRECTION('',(0.,0.,1.));
#9707 = DIRECTION('',(0.707106781187,-0.707106781187,0.));
#9708 = ADVANCED_FACE('',(#9709),#9720,.T.);
#9709 = FACE_BOUND('',#9710,.T.);
#9710 = EDGE_LOOP('',(#9711,#9712,#9718,#9719));
#9711 = ORIENTED_EDGE('',*,*,#9580,.F.);
#9712 = ORIENTED_EDGE('',*,*,#9713,.T.);
#9713 = EDGE_CURVE('',#9581,#9450,#9714,.T.);
#9714 = LINE('',#9715,#9716);
#9715 = CARTESIAN_POINT('',(21.307135733657,0.675000000032,
    9.538781480394));
#9716 = VECTOR('',#9717,1.);
#9717 = DIRECTION('',(-1.,0.,0.));
#9718 = ORIENTED_EDGE('',*,*,#9467,.F.);
#9719 = ORIENTED_EDGE('',*,*,#9284,.T.);
#9720 = CYLINDRICAL_SURFACE('',#9721,6.125E-02);
#9721 = AXIS2_PLACEMENT_3D('',#9722,#9723,#9724);
#9722 = CARTESIAN_POINT('',(21.307135733657,0.736250000032,
    9.538781480394));
#9723 = DIRECTION('',(1.,0.,0.));
#9724 = DIRECTION('',(0.,-0.707106781187,-0.707106781187));
#9725 = ADVANCED_FACE('',(#9726),#9732,.T.);
#9726 = FACE_BOUND('',#9727,.T.);
#9727 = EDGE_LOOP('',(#9728,#9729,#9730,#9731));
#9728 = ORIENTED_EDGE('',*,*,#9048,.F.);
#9729 = ORIENTED_EDGE('',*,*,#9485,.F.);
#9730 = ORIENTED_EDGE('',*,*,#9566,.F.);
#9731 = ORIENTED_EDGE('',*,*,#9536,.F.);
#9732 = PLANE('',#9733);
#9733 = AXIS2_PLACEMENT_3D('',#9734,#9735,#9736);
#9734 = CARTESIAN_POINT('',(21.182135733657,0.800000000032,
    9.977531480394));
#9735 = DIRECTION('',(-1.,0.,0.));
#9736 = DIRECTION('',(0.,0.,-1.));
#9737 = ADVANCED_FACE('',(#9738),#9744,.T.);
#9738 = FACE_BOUND('',#9739,.T.);
#9739 = EDGE_LOOP('',(#9740,#9741,#9742,#9743));
#9740 = ORIENTED_EDGE('',*,*,#9559,.F.);
#9741 = ORIENTED_EDGE('',*,*,#9713,.F.);
#9742 = ORIENTED_EDGE('',*,*,#9696,.F.);
#9743 = ORIENTED_EDGE('',*,*,#9674,.F.);
#9744 = PLANE('',#9745);
#9745 = AXIS2_PLACEMENT_3D('',#9746,#9747,#9748);
#9746 = CARTESIAN_POINT('',(21.432135733657,0.675000000032,
    9.727531480394));
#9747 = DIRECTION('',(0.,-1.,0.));
#9748 = DIRECTION('',(0.,0.,-1.));
#9749 = ADVANCED_FACE('',(#9750),#9756,.T.);
#9750 = FACE_BOUND('',#9751,.T.);
#9751 = EDGE_LOOP('',(#9752,#9753,#9754,#9755));
#9752 = ORIENTED_EDGE('',*,*,#9162,.F.);
#9753 = ORIENTED_EDGE('',*,*,#9543,.F.);
#9754 = ORIENTED_EDGE('',*,*,#9681,.F.);
#9755 = ORIENTED_EDGE('',*,*,#9656,.F.);
#9756 = PLANE('',#9757);
#9757 = AXIS2_PLACEMENT_3D('',#9758,#9759,#9760);
#9758 = CARTESIAN_POINT('',(21.682135733657,0.800000000032,
    9.977531480394));
#9759 = DIRECTION('',(0.,0.,1.));
#9760 = DIRECTION('',(-1.,0.,0.));
#9761 = ADVANCED_FACE('',(#9762),#9791,.T.);
#9762 = FACE_BOUND('',#9763,.T.);
#9763 = EDGE_LOOP('',(#9764,#9775,#9784));
#9764 = ORIENTED_EDGE('',*,*,#9765,.T.);
#9765 = EDGE_CURVE('',#9766,#9768,#9770,.T.);
#9766 = VERTEX_POINT('',#9767);
#9767 = CARTESIAN_POINT('',(20.882135733657,2.000000000032,6.1));
#9768 = VERTEX_POINT('',#9769);
#9769 = CARTESIAN_POINT('',(21.182135733657,2.300000000032,6.1));
#9770 = CIRCLE('',#9771,0.3);
#9771 = AXIS2_PLACEMENT_3D('',#9772,#9773,#9774);
#9772 = CARTESIAN_POINT('',(21.182135733657,2.000000000032,6.1));
#9773 = DIRECTION('',(0.,0.,-1.));
#9774 = DIRECTION('',(0.,1.,0.));
#9775 = ORIENTED_EDGE('',*,*,#9776,.T.);
#9776 = EDGE_CURVE('',#9768,#9777,#9779,.T.);
#9777 = VERTEX_POINT('',#9778);
#9778 = CARTESIAN_POINT('',(21.182135733657,2.000000000032,5.8));
#9779 = CIRCLE('',#9780,0.3);
#9780 = AXIS2_PLACEMENT_3D('',#9781,#9782,#9783);
#9781 = CARTESIAN_POINT('',(21.182135733657,2.000000000032,6.1));
#9782 = DIRECTION('',(-1.,0.,0.));
#9783 = DIRECTION('',(0.,0.,-1.));
#9784 = ORIENTED_EDGE('',*,*,#9785,.T.);
#9785 = EDGE_CURVE('',#9777,#9766,#9786,.T.);
#9786 = CIRCLE('',#9787,0.3);
#9787 = AXIS2_PLACEMENT_3D('',#9788,#9789,#9790);
#9788 = CARTESIAN_POINT('',(21.182135733657,2.000000000032,6.1));
#9789 = DIRECTION('',(0.,1.,0.));
#9790 = DIRECTION('',(-1.,0.,0.));
#9791 = SPHERICAL_SURFACE('',#9792,0.3);
#9792 = AXIS2_PLACEMENT_3D('',#9793,#9794,#9795);
#9793 = CARTESIAN_POINT('',(21.182135733657,2.000000000032,6.1));
#9794 = DIRECTION('',(-0.408248290464,-0.816496580928,-0.408248290464));
#9795 = DIRECTION('',(-0.57735026919,0.57735026919,-0.57735026919));
#9796 = ADVANCED_FACE('',(#9797),#9825,.T.);
#9797 = FACE_BOUND('',#9798,.T.);
#9798 = EDGE_LOOP('',(#9799,#9810,#9817,#9818));
#9799 = ORIENTED_EDGE('',*,*,#9800,.T.);
#9800 = EDGE_CURVE('',#9801,#9803,#9805,.T.);
#9801 = VERTEX_POINT('',#9802);
#9802 = CARTESIAN_POINT('',(22.047222047229,2.000000000032,5.8));
#9803 = VERTEX_POINT('',#9804);
#9804 = CARTESIAN_POINT('',(22.047222047229,2.300000000032,6.1));
#9805 = CIRCLE('',#9806,0.3);
#9806 = AXIS2_PLACEMENT_3D('',#9807,#9808,#9809);
#9807 = CARTESIAN_POINT('',(22.047222047229,2.000000000032,6.1));
#9808 = DIRECTION('',(1.,0.,0.));
#9809 = DIRECTION('',(0.,0.,-1.));
#9810 = ORIENTED_EDGE('',*,*,#9811,.T.);
#9811 = EDGE_CURVE('',#9803,#324,#9812,.T.);
#9812 = CIRCLE('',#9813,0.3);
#9813 = AXIS2_PLACEMENT_3D('',#9814,#9815,#9816);
#9814 = CARTESIAN_POINT('',(22.047222047229,2.600000000032,6.1));
#9815 = DIRECTION('',(0.,0.,1.));
#9816 = DIRECTION('',(0.747367753224,-0.664410597026,0.));
#9817 = ORIENTED_EDGE('',*,*,#331,.F.);
#9818 = ORIENTED_EDGE('',*,*,#9819,.T.);
#9819 = EDGE_CURVE('',#332,#9801,#9820,.T.);
#9820 = CIRCLE('',#9821,0.6);
#9821 = AXIS2_PLACEMENT_3D('',#9822,#9823,#9824);
#9822 = CARTESIAN_POINT('',(22.047222047229,2.600000000032,5.8));
#9823 = DIRECTION('',(0.,0.,-1.));
#9824 = DIRECTION('',(0.747367753224,-0.664410597026,0.));
#9825 = TOROIDAL_SURFACE('',#9826,0.6,0.3);
#9826 = AXIS2_PLACEMENT_3D('',#9827,#9828,#9829);
#9827 = CARTESIAN_POINT('',(22.047222047229,2.600000000032,6.1));
#9828 = DIRECTION('',(0.,0.,-1.));
#9829 = DIRECTION('',(0.747367753224,-0.664410597026,0.));
#9830 = ADVANCED_FACE('',(#9831),#9847,.T.);
#9831 = FACE_BOUND('',#9832,.T.);
#9832 = EDGE_LOOP('',(#9833,#9834,#9840,#9841));
#9833 = ORIENTED_EDGE('',*,*,#9776,.F.);
#9834 = ORIENTED_EDGE('',*,*,#9835,.T.);
#9835 = EDGE_CURVE('',#9768,#9803,#9836,.T.);
#9836 = LINE('',#9837,#9838);
#9837 = CARTESIAN_POINT('',(21.283045120245,2.300000000032,6.1));
#9838 = VECTOR('',#9839,1.);
#9839 = DIRECTION('',(1.,0.,0.));
#9840 = ORIENTED_EDGE('',*,*,#9800,.F.);
#9841 = ORIENTED_EDGE('',*,*,#9842,.T.);
#9842 = EDGE_CURVE('',#9801,#9777,#9843,.T.);
#9843 = LINE('',#9844,#9845);
#9844 = CARTESIAN_POINT('',(21.283045120245,2.000000000032,5.8));
#9845 = VECTOR('',#9846,1.);
#9846 = DIRECTION('',(-1.,0.,0.));
#9847 = CYLINDRICAL_SURFACE('',#9848,0.3);
#9848 = AXIS2_PLACEMENT_3D('',#9849,#9850,#9851);
#9849 = CARTESIAN_POINT('',(21.283045120245,2.000000000032,6.1));
#9850 = DIRECTION('',(-1.,0.,0.));
#9851 = DIRECTION('',(0.,0.707106781187,-0.707106781187));
#9852 = ADVANCED_FACE('',(#9853),#9872,.T.);
#9853 = FACE_BOUND('',#9854,.T.);
#9854 = EDGE_LOOP('',(#9855,#9864,#9871));
#9855 = ORIENTED_EDGE('',*,*,#9856,.T.);
#9856 = EDGE_CURVE('',#9327,#9857,#9859,.T.);
#9857 = VERTEX_POINT('',#9858);
#9858 = CARTESIAN_POINT('',(21.182135733657,1.100000000032,5.8));
#9859 = CIRCLE('',#9860,0.3);
#9860 = AXIS2_PLACEMENT_3D('',#9861,#9862,#9863);
#9861 = CARTESIAN_POINT('',(21.182135733657,1.100000000032,6.1));
#9862 = DIRECTION('',(0.,-1.,0.));
#9863 = DIRECTION('',(0.,0.,-1.));
#9864 = ORIENTED_EDGE('',*,*,#9865,.T.);
#9865 = EDGE_CURVE('',#9857,#9335,#9866,.T.);
#9866 = CIRCLE('',#9867,0.3);
#9867 = AXIS2_PLACEMENT_3D('',#9868,#9869,#9870);
#9868 = CARTESIAN_POINT('',(21.182135733657,1.100000000032,6.1));
#9869 = DIRECTION('',(-1.,0.,1.480297366167E-14));
#9870 = DIRECTION('',(0.,-1.,0.));
#9871 = ORIENTED_EDGE('',*,*,#9334,.T.);
#9872 = SPHERICAL_SURFACE('',#9873,0.3);
#9873 = AXIS2_PLACEMENT_3D('',#9874,#9875,#9876);
#9874 = CARTESIAN_POINT('',(21.182135733657,1.100000000032,6.1));
#9875 = DIRECTION('',(0.408248290464,0.408248290464,-0.816496580928));
#9876 = DIRECTION('',(-0.57735026919,-0.57735026919,-0.57735026919));
#9877 = ADVANCED_FACE('',(#9878),#9897,.T.);
#9878 = FACE_BOUND('',#9879,.T.);
#9879 = EDGE_LOOP('',(#9880,#9889,#9890,#9891));
#9880 = ORIENTED_EDGE('',*,*,#9881,.T.);
#9881 = EDGE_CURVE('',#9882,#9362,#9884,.T.);
#9882 = VERTEX_POINT('',#9883);
#9883 = CARTESIAN_POINT('',(22.194368655133,1.100000000032,5.8));
#9884 = CIRCLE('',#9885,0.3);
#9885 = AXIS2_PLACEMENT_3D('',#9886,#9887,#9888);
#9886 = CARTESIAN_POINT('',(22.194368655133,1.100000000032,6.1));
#9887 = DIRECTION('',(-1.,0.,0.));
#9888 = DIRECTION('',(0.,0.,-1.));
#9889 = ORIENTED_EDGE('',*,*,#9361,.T.);
#9890 = ORIENTED_EDGE('',*,*,#9865,.F.);
#9891 = ORIENTED_EDGE('',*,*,#9892,.T.);
#9892 = EDGE_CURVE('',#9857,#9882,#9893,.T.);
#9893 = LINE('',#9894,#9895);
#9894 = CARTESIAN_POINT('',(22.084863893421,1.100000000032,5.8));
#9895 = VECTOR('',#9896,1.);
#9896 = DIRECTION('',(1.,0.,0.));
#9897 = CYLINDRICAL_SURFACE('',#9898,0.3);
#9898 = AXIS2_PLACEMENT_3D('',#9899,#9900,#9901);
#9899 = CARTESIAN_POINT('',(22.084863893421,1.100000000032,6.1));
#9900 = DIRECTION('',(1.,0.,0.));
#9901 = DIRECTION('',(0.,-0.707106781187,-0.707106781187));
#9902 = ADVANCED_FACE('',(#9903),#9921,.T.);
#9903 = FACE_BOUND('',#9904,.T.);
#9904 = EDGE_LOOP('',(#9905,#9906,#9913,#9914));
#9905 = ORIENTED_EDGE('',*,*,#355,.F.);
#9906 = ORIENTED_EDGE('',*,*,#9907,.T.);
#9907 = EDGE_CURVE('',#356,#9362,#9908,.T.);
#9908 = CIRCLE('',#9909,0.3);
#9909 = AXIS2_PLACEMENT_3D('',#9910,#9911,#9912);
#9910 = CARTESIAN_POINT('',(22.194368655133,0.500000000032,6.1));
#9911 = DIRECTION('',(0.,0.,1.));
#9912 = DIRECTION('',(0.699098518621,0.715025357076,-0.));
#9913 = ORIENTED_EDGE('',*,*,#9881,.F.);
#9914 = ORIENTED_EDGE('',*,*,#9915,.T.);
#9915 = EDGE_CURVE('',#9882,#347,#9916,.T.);
#9916 = CIRCLE('',#9917,0.6);
#9917 = AXIS2_PLACEMENT_3D('',#9918,#9919,#9920);
#9918 = CARTESIAN_POINT('',(22.194368655133,0.500000000032,5.8));
#9919 = DIRECTION('',(0.,0.,-1.));
#9920 = DIRECTION('',(0.699098518621,0.715025357076,0.));
#9921 = TOROIDAL_SURFACE('',#9922,0.6,0.3);
#9922 = AXIS2_PLACEMENT_3D('',#9923,#9924,#9925);
#9923 = CARTESIAN_POINT('',(22.194368655133,0.500000000032,6.1));
#9924 = DIRECTION('',(0.,0.,-1.));
#9925 = DIRECTION('',(-1.,0.,0.));
#9926 = ADVANCED_FACE('',(#9927),#9955,.T.);
#9927 = FACE_BOUND('',#9928,.T.);
#9928 = EDGE_LOOP('',(#9929,#9938,#9947,#9954));
#9929 = ORIENTED_EDGE('',*,*,#9930,.T.);
#9930 = EDGE_CURVE('',#9310,#9931,#9933,.T.);
#9931 = VERTEX_POINT('',#9932);
#9932 = CARTESIAN_POINT('',(21.182135733657,0.500000000032,20.25));
#9933 = CIRCLE('',#9934,0.3);
#9934 = AXIS2_PLACEMENT_3D('',#9935,#9936,#9937);
#9935 = CARTESIAN_POINT('',(21.182135733657,0.500000000032,19.95));
#9936 = DIRECTION('',(1.,0.,-0.));
#9937 = DIRECTION('',(0.,0.,1.));
#9938 = ORIENTED_EDGE('',*,*,#9939,.F.);
#9939 = EDGE_CURVE('',#9940,#9931,#9942,.T.);
#9940 = VERTEX_POINT('',#9941);
#9941 = CARTESIAN_POINT('',(20.882135733657,0.500000000032,20.55));
#9942 = CIRCLE('',#9943,0.3);
#9943 = AXIS2_PLACEMENT_3D('',#9944,#9945,#9946);
#9944 = CARTESIAN_POINT('',(21.182135733657,0.500000000032,20.55));
#9945 = DIRECTION('',(0.,-1.,0.));
#9946 = DIRECTION('',(-1.,0.,0.));
#9947 = ORIENTED_EDGE('',*,*,#9948,.T.);
#9948 = EDGE_CURVE('',#9940,#9318,#9949,.T.);
#9949 = CIRCLE('',#9950,0.6);
#9950 = AXIS2_PLACEMENT_3D('',#9951,#9952,#9953);
#9951 = CARTESIAN_POINT('',(20.882135733657,0.500000000032,19.95));
#9952 = DIRECTION('',(-1.,0.,0.));
#9953 = DIRECTION('',(0.,0.707106781187,0.707106781187));
#9954 = ORIENTED_EDGE('',*,*,#9317,.F.);
#9955 = TOROIDAL_SURFACE('',#9956,0.6,0.3);
#9956 = AXIS2_PLACEMENT_3D('',#9957,#9958,#9959);
#9957 = CARTESIAN_POINT('',(21.182135733657,0.500000000032,19.95));
#9958 = DIRECTION('',(1.,0.,0.));
#9959 = DIRECTION('',(0.,0.,-1.));
#9960 = ADVANCED_FACE('',(#9961),#9999,.T.);
#9961 = FACE_BOUND('',#9962,.T.);
#9962 = EDGE_LOOP('',(#9963,#9974,#9983,#9992));
#9963 = ORIENTED_EDGE('',*,*,#9964,.F.);
#9964 = EDGE_CURVE('',#9965,#9967,#9969,.T.);
#9965 = VERTEX_POINT('',#9966);
#9966 = CARTESIAN_POINT('',(21.182135733657,-0.500000000032,20.25));
#9967 = VERTEX_POINT('',#9968);
#9968 = CARTESIAN_POINT('',(20.882135733657,-0.500000000032,20.55));
#9969 = CIRCLE('',#9970,0.3);
#9970 = AXIS2_PLACEMENT_3D('',#9971,#9972,#9973);
#9971 = CARTESIAN_POINT('',(21.182135733657,-0.500000000032,20.55));
#9972 = DIRECTION('',(0.,1.,0.));
#9973 = DIRECTION('',(0.,0.,-1.));
#9974 = ORIENTED_EDGE('',*,*,#9975,.T.);
#9975 = EDGE_CURVE('',#9965,#9976,#9978,.T.);
#9976 = VERTEX_POINT('',#9977);
#9977 = CARTESIAN_POINT('',(21.182135733657,-0.800000000032,19.95));
#9978 = CIRCLE('',#9979,0.3);
#9979 = AXIS2_PLACEMENT_3D('',#9980,#9981,#9982);
#9980 = CARTESIAN_POINT('',(21.182135733657,-0.500000000032,19.95));
#9981 = DIRECTION('',(1.,0.,-1.480297366167E-14));
#9982 = DIRECTION('',(0.,-1.,0.));
#9983 = ORIENTED_EDGE('',*,*,#9984,.F.);
#9984 = EDGE_CURVE('',#9985,#9976,#9987,.T.);
#9985 = VERTEX_POINT('',#9986);
#9986 = CARTESIAN_POINT('',(20.882135733657,-1.100000000032,19.95));
#9987 = CIRCLE('',#9988,0.3);
#9988 = AXIS2_PLACEMENT_3D('',#9989,#9990,#9991);
#9989 = CARTESIAN_POINT('',(21.182135733657,-1.100000000032,19.95));
#9990 = DIRECTION('',(0.,0.,-1.));
#9991 = DIRECTION('',(-1.,0.,0.));
#9992 = ORIENTED_EDGE('',*,*,#9993,.T.);
#9993 = EDGE_CURVE('',#9985,#9967,#9994,.T.);
#9994 = CIRCLE('',#9995,0.6);
#9995 = AXIS2_PLACEMENT_3D('',#9996,#9997,#9998);
#9996 = CARTESIAN_POINT('',(20.882135733657,-0.500000000032,19.95));
#9997 = DIRECTION('',(-1.,0.,0.));
#9998 = DIRECTION('',(0.,-0.707106781187,0.707106781187));
#9999 = TOROIDAL_SURFACE('',#10000,0.6,0.3);
#10000 = AXIS2_PLACEMENT_3D('',#10001,#10002,#10003);
#10001 = CARTESIAN_POINT('',(21.182135733657,-0.500000000032,19.95));
#10002 = DIRECTION('',(1.,0.,0.));
#10003 = DIRECTION('',(0.,0.,-1.));
#10004 = ADVANCED_FACE('',(#10005),#10031,.F.);
#10005 = FACE_BOUND('',#10006,.F.);
#10006 = EDGE_LOOP('',(#10007,#10015,#10016,#10024));
#10007 = ORIENTED_EDGE('',*,*,#10008,.F.);
#10008 = EDGE_CURVE('',#9965,#10009,#10011,.T.);
#10009 = VERTEX_POINT('',#10010);
#10010 = CARTESIAN_POINT('',(22.194368655133,-0.500000000032,20.25));
#10011 = LINE('',#10012,#10013);
#10012 = CARTESIAN_POINT('',(21.286601800243,-0.500000000032,20.25));
#10013 = VECTOR('',#10014,1.);
#10014 = DIRECTION('',(1.,8.653942930801E-16,0.));
#10015 = ORIENTED_EDGE('',*,*,#9975,.T.);
#10016 = ORIENTED_EDGE('',*,*,#10017,.F.);
#10017 = EDGE_CURVE('',#10018,#9976,#10020,.T.);
#10018 = VERTEX_POINT('',#10019);
#10019 = CARTESIAN_POINT('',(22.194368655133,-0.800000000032,19.95));
#10020 = LINE('',#10021,#10022);
#10021 = CARTESIAN_POINT('',(21.286601800243,-0.800000000032,19.95));
#10022 = VECTOR('',#10023,1.);
#10023 = DIRECTION('',(-1.,-8.653942930801E-16,0.));
#10024 = ORIENTED_EDGE('',*,*,#10025,.F.);
#10025 = EDGE_CURVE('',#10009,#10018,#10026,.T.);
#10026 = CIRCLE('',#10027,0.3);
#10027 = AXIS2_PLACEMENT_3D('',#10028,#10029,#10030);
#10028 = CARTESIAN_POINT('',(22.194368655133,-0.500000000032,19.95));
#10029 = DIRECTION('',(1.,0.,-0.));
#10030 = DIRECTION('',(0.,0.,1.));
#10031 = CYLINDRICAL_SURFACE('',#10032,0.3);
#10032 = AXIS2_PLACEMENT_3D('',#10033,#10034,#10035);
#10033 = CARTESIAN_POINT('',(21.286601800243,-0.500000000032,19.95));
#10034 = DIRECTION('',(1.,8.653942930801E-16,0.));
#10035 = DIRECTION('',(6.119261730371E-16,-0.707106781187,0.707106781187
    ));
#10036 = ADVANCED_FACE('',(#10037),#10066,.T.);
#10037 = FACE_BOUND('',#10038,.T.);
#10038 = EDGE_LOOP('',(#10039,#10050,#10059));
#10039 = ORIENTED_EDGE('',*,*,#10040,.T.);
#10040 = EDGE_CURVE('',#10041,#10043,#10045,.T.);
#10041 = VERTEX_POINT('',#10042);
#10042 = CARTESIAN_POINT('',(20.882135733657,-1.100000000032,6.1));
#10043 = VERTEX_POINT('',#10044);
#10044 = CARTESIAN_POINT('',(21.182135733657,-0.800000000032,6.1));
#10045 = CIRCLE('',#10046,0.3);
#10046 = AXIS2_PLACEMENT_3D('',#10047,#10048,#10049);
#10047 = CARTESIAN_POINT('',(21.182135733657,-1.100000000032,6.1));
#10048 = DIRECTION('',(0.,0.,-1.));
#10049 = DIRECTION('',(0.,1.,0.));
#10050 = ORIENTED_EDGE('',*,*,#10051,.T.);
#10051 = EDGE_CURVE('',#10043,#10052,#10054,.T.);
#10052 = VERTEX_POINT('',#10053);
#10053 = CARTESIAN_POINT('',(21.182135733657,-1.100000000032,5.8));
#10054 = CIRCLE('',#10055,0.3);
#10055 = AXIS2_PLACEMENT_3D('',#10056,#10057,#10058);
#10056 = CARTESIAN_POINT('',(21.182135733657,-1.100000000032,6.1));
#10057 = DIRECTION('',(-1.,0.,0.));
#10058 = DIRECTION('',(0.,0.,-1.));
#10059 = ORIENTED_EDGE('',*,*,#10060,.T.);
#10060 = EDGE_CURVE('',#10052,#10041,#10061,.T.);
#10061 = CIRCLE('',#10062,0.3);
#10062 = AXIS2_PLACEMENT_3D('',#10063,#10064,#10065);
#10063 = CARTESIAN_POINT('',(21.182135733657,-1.100000000032,6.1));
#10064 = DIRECTION('',(0.,1.,0.));
#10065 = DIRECTION('',(-1.,0.,0.));
#10066 = SPHERICAL_SURFACE('',#10067,0.3);
#10067 = AXIS2_PLACEMENT_3D('',#10068,#10069,#10070);
#10068 = CARTESIAN_POINT('',(21.182135733657,-1.100000000032,6.1));
#10069 = DIRECTION('',(-0.408248290464,-0.816496580928,-0.408248290464)
  );
#10070 = DIRECTION('',(-0.57735026919,0.57735026919,-0.57735026919));
#10071 = ADVANCED_FACE('',(#10072),#10100,.T.);
#10072 = FACE_BOUND('',#10073,.T.);
#10073 = EDGE_LOOP('',(#10074,#10085,#10092,#10093));
#10074 = ORIENTED_EDGE('',*,*,#10075,.T.);
#10075 = EDGE_CURVE('',#10076,#10078,#10080,.T.);
#10076 = VERTEX_POINT('',#10077);
#10077 = CARTESIAN_POINT('',(22.194368655133,-1.100000000032,5.8));
#10078 = VERTEX_POINT('',#10079);
#10079 = CARTESIAN_POINT('',(22.194368655133,-0.800000000032,6.1));
#10080 = CIRCLE('',#10081,0.3);
#10081 = AXIS2_PLACEMENT_3D('',#10082,#10083,#10084);
#10082 = CARTESIAN_POINT('',(22.194368655133,-1.100000000032,6.1));
#10083 = DIRECTION('',(1.,0.,0.));
#10084 = DIRECTION('',(0.,0.,-1.));
#10085 = ORIENTED_EDGE('',*,*,#10086,.T.);
#10086 = EDGE_CURVE('',#10078,#222,#10087,.T.);
#10087 = CIRCLE('',#10088,0.3);
#10088 = AXIS2_PLACEMENT_3D('',#10089,#10090,#10091);
#10089 = CARTESIAN_POINT('',(22.194368655133,-0.500000000032,6.1));
#10090 = DIRECTION('',(0.,0.,1.));
#10091 = DIRECTION('',(0.699098518621,-0.715025357076,0.));
#10092 = ORIENTED_EDGE('',*,*,#229,.F.);
#10093 = ORIENTED_EDGE('',*,*,#10094,.T.);
#10094 = EDGE_CURVE('',#230,#10076,#10095,.T.);
#10095 = CIRCLE('',#10096,0.6);
#10096 = AXIS2_PLACEMENT_3D('',#10097,#10098,#10099);
#10097 = CARTESIAN_POINT('',(22.194368655133,-0.500000000032,5.8));
#10098 = DIRECTION('',(0.,0.,-1.));
#10099 = DIRECTION('',(0.699098518621,-0.715025357076,0.));
#10100 = TOROIDAL_SURFACE('',#10101,0.6,0.3);
#10101 = AXIS2_PLACEMENT_3D('',#10102,#10103,#10104);
#10102 = CARTESIAN_POINT('',(22.194368655133,-0.500000000032,6.1));
#10103 = DIRECTION('',(0.,0.,-1.));
#10104 = DIRECTION('',(-1.,0.,0.));
#10105 = ADVANCED_FACE('',(#10106),#10122,.T.);
#10106 = FACE_BOUND('',#10107,.T.);
#10107 = EDGE_LOOP('',(#10108,#10109,#10115,#10116));
#10108 = ORIENTED_EDGE('',*,*,#10051,.F.);
#10109 = ORIENTED_EDGE('',*,*,#10110,.T.);
#10110 = EDGE_CURVE('',#10043,#10078,#10111,.T.);
#10111 = LINE('',#10112,#10113);
#10112 = CARTESIAN_POINT('',(21.283045120245,-0.800000000032,6.1));
#10113 = VECTOR('',#10114,1.);
#10114 = DIRECTION('',(1.,8.653942930801E-16,0.));
#10115 = ORIENTED_EDGE('',*,*,#10075,.F.);
#10116 = ORIENTED_EDGE('',*,*,#10117,.T.);
#10117 = EDGE_CURVE('',#10076,#10052,#10118,.T.);
#10118 = LINE('',#10119,#10120);
#10119 = CARTESIAN_POINT('',(21.283045120245,-1.100000000032,5.8));
#10120 = VECTOR('',#10121,1.);
#10121 = DIRECTION('',(-1.,-8.653942930801E-16,0.));
#10122 = CYLINDRICAL_SURFACE('',#10123,0.3);
#10123 = AXIS2_PLACEMENT_3D('',#10124,#10125,#10126);
#10124 = CARTESIAN_POINT('',(21.283045120245,-1.100000000032,6.1));
#10125 = DIRECTION('',(-1.,-8.653942930801E-16,0.));
#10126 = DIRECTION('',(-6.119261730371E-16,0.707106781187,
    -0.707106781187));
#10127 = ADVANCED_FACE('',(#10128),#10157,.T.);
#10128 = FACE_BOUND('',#10129,.T.);
#10129 = EDGE_LOOP('',(#10130,#10141,#10150));
#10130 = ORIENTED_EDGE('',*,*,#10131,.T.);
#10131 = EDGE_CURVE('',#10132,#10134,#10136,.T.);
#10132 = VERTEX_POINT('',#10133);
#10133 = CARTESIAN_POINT('',(21.182135733657,-2.300000000032,6.1));
#10134 = VERTEX_POINT('',#10135);
#10135 = CARTESIAN_POINT('',(20.882135733657,-2.000000000032,6.1));
#10136 = CIRCLE('',#10137,0.3);
#10137 = AXIS2_PLACEMENT_3D('',#10138,#10139,#10140);
#10138 = CARTESIAN_POINT('',(21.182135733657,-2.000000000032,6.1));
#10139 = DIRECTION('',(0.,0.,-1.));
#10140 = DIRECTION('',(-1.,0.,0.));
#10141 = ORIENTED_EDGE('',*,*,#10142,.T.);
#10142 = EDGE_CURVE('',#10134,#10143,#10145,.T.);
#10143 = VERTEX_POINT('',#10144);
#10144 = CARTESIAN_POINT('',(21.182135733657,-2.000000000032,5.8));
#10145 = CIRCLE('',#10146,0.3);
#10146 = AXIS2_PLACEMENT_3D('',#10147,#10148,#10149);
#10147 = CARTESIAN_POINT('',(21.182135733657,-2.000000000032,6.1));
#10148 = DIRECTION('',(1.850371707709E-15,-1.,0.));
#10149 = DIRECTION('',(0.,0.,-1.));
#10150 = ORIENTED_EDGE('',*,*,#10151,.T.);
#10151 = EDGE_CURVE('',#10143,#10132,#10152,.T.);
#10152 = CIRCLE('',#10153,0.3);
#10153 = AXIS2_PLACEMENT_3D('',#10154,#10155,#10156);
#10154 = CARTESIAN_POINT('',(21.182135733657,-2.000000000032,6.1));
#10155 = DIRECTION('',(-1.,0.,1.480297366167E-14));
#10156 = DIRECTION('',(0.,-1.,0.));
#10157 = SPHERICAL_SURFACE('',#10158,0.3);
#10158 = AXIS2_PLACEMENT_3D('',#10159,#10160,#10161);
#10159 = CARTESIAN_POINT('',(21.182135733657,-2.000000000032,6.1));
#10160 = DIRECTION('',(0.408248290464,-0.816496580928,0.408248290464));
#10161 = DIRECTION('',(-0.57735026919,-0.57735026919,-0.57735026919));
#10162 = ADVANCED_FACE('',(#10163),#10179,.T.);
#10163 = FACE_BOUND('',#10164,.T.);
#10164 = EDGE_LOOP('',(#10165,#10166,#10172,#10173));
#10165 = ORIENTED_EDGE('',*,*,#10142,.F.);
#10166 = ORIENTED_EDGE('',*,*,#10167,.T.);
#10167 = EDGE_CURVE('',#10134,#10041,#10168,.T.);
#10168 = LINE('',#10169,#10170);
#10169 = CARTESIAN_POINT('',(20.882135733657,0.400000000016,6.1));
#10170 = VECTOR('',#10171,1.);
#10171 = DIRECTION('',(0.,1.,0.));
#10172 = ORIENTED_EDGE('',*,*,#10060,.F.);
#10173 = ORIENTED_EDGE('',*,*,#10174,.T.);
#10174 = EDGE_CURVE('',#10052,#10143,#10175,.T.);
#10175 = LINE('',#10176,#10177);
#10176 = CARTESIAN_POINT('',(21.182135733657,0.400000000016,5.8));
#10177 = VECTOR('',#10178,1.);
#10178 = DIRECTION('',(0.,-1.,0.));
#10179 = CYLINDRICAL_SURFACE('',#10180,0.3);
#10180 = AXIS2_PLACEMENT_3D('',#10181,#10182,#10183);
#10181 = CARTESIAN_POINT('',(21.182135733657,0.400000000016,6.1));
#10182 = DIRECTION('',(0.,-1.,0.));
#10183 = DIRECTION('',(-0.707106781187,-0.,-0.707106781187));
#10184 = ADVANCED_FACE('',(#10185),#10211,.T.);
#10185 = FACE_BOUND('',#10186,.T.);
#10186 = EDGE_LOOP('',(#10187,#10198,#10204,#10205));
#10187 = ORIENTED_EDGE('',*,*,#10188,.T.);
#10188 = EDGE_CURVE('',#10189,#10191,#10193,.T.);
#10189 = VERTEX_POINT('',#10190);
#10190 = CARTESIAN_POINT('',(22.047222047229,-2.000000000032,5.8));
#10191 = VERTEX_POINT('',#10192);
#10192 = CARTESIAN_POINT('',(22.047222047229,-2.300000000032,6.1));
#10193 = CIRCLE('',#10194,0.3);
#10194 = AXIS2_PLACEMENT_3D('',#10195,#10196,#10197);
#10195 = CARTESIAN_POINT('',(22.047222047229,-2.000000000032,6.1));
#10196 = DIRECTION('',(-1.,0.,0.));
#10197 = DIRECTION('',(0.,0.,-1.));
#10198 = ORIENTED_EDGE('',*,*,#10199,.T.);
#10199 = EDGE_CURVE('',#10191,#10132,#10200,.T.);
#10200 = LINE('',#10201,#10202);
#10201 = CARTESIAN_POINT('',(22.033045120245,-2.300000000032,6.1));
#10202 = VECTOR('',#10203,1.);
#10203 = DIRECTION('',(-1.,-7.401486830834E-16,0.));
#10204 = ORIENTED_EDGE('',*,*,#10151,.F.);
#10205 = ORIENTED_EDGE('',*,*,#10206,.T.);
#10206 = EDGE_CURVE('',#10143,#10189,#10207,.T.);
#10207 = LINE('',#10208,#10209);
#10208 = CARTESIAN_POINT('',(22.033045120245,-2.000000000032,5.8));
#10209 = VECTOR('',#10210,1.);
#10210 = DIRECTION('',(1.,7.401486830834E-16,0.));
#10211 = CYLINDRICAL_SURFACE('',#10212,0.3);
#10212 = AXIS2_PLACEMENT_3D('',#10213,#10214,#10215);
#10213 = CARTESIAN_POINT('',(22.033045120245,-2.000000000032,6.1));
#10214 = DIRECTION('',(1.,7.401486830834E-16,0.));
#10215 = DIRECTION('',(5.233641528946E-16,-0.707106781187,
    -0.707106781187));
#10216 = ADVANCED_FACE('',(#10217),#10235,.T.);
#10217 = FACE_BOUND('',#10218,.T.);
#10218 = EDGE_LOOP('',(#10219,#10220,#10227,#10228));
#10219 = ORIENTED_EDGE('',*,*,#253,.F.);
#10220 = ORIENTED_EDGE('',*,*,#10221,.T.);
#10221 = EDGE_CURVE('',#254,#10191,#10222,.T.);
#10222 = CIRCLE('',#10223,0.3);
#10223 = AXIS2_PLACEMENT_3D('',#10224,#10225,#10226);
#10224 = CARTESIAN_POINT('',(22.047222047229,-2.600000000032,6.1));
#10225 = DIRECTION('',(0.,0.,1.));
#10226 = DIRECTION('',(0.747367753224,0.664410597026,-0.));
#10227 = ORIENTED_EDGE('',*,*,#10188,.F.);
#10228 = ORIENTED_EDGE('',*,*,#10229,.T.);
#10229 = EDGE_CURVE('',#10189,#245,#10230,.T.);
#10230 = CIRCLE('',#10231,0.6);
#10231 = AXIS2_PLACEMENT_3D('',#10232,#10233,#10234);
#10232 = CARTESIAN_POINT('',(22.047222047229,-2.600000000032,5.8));
#10233 = DIRECTION('',(0.,0.,-1.));
#10234 = DIRECTION('',(0.747367753224,0.664410597026,0.));
#10235 = TOROIDAL_SURFACE('',#10236,0.6,0.3);
#10236 = AXIS2_PLACEMENT_3D('',#10237,#10238,#10239);
#10237 = CARTESIAN_POINT('',(22.047222047229,-2.600000000032,6.1));
#10238 = DIRECTION('',(0.,0.,-1.));
#10239 = DIRECTION('',(0.747367753224,0.664410597026,0.));
#10240 = ADVANCED_FACE('',(#10241),#10270,.T.);
#10241 = FACE_BOUND('',#10242,.T.);
#10242 = EDGE_LOOP('',(#10243,#10254,#10263));
#10243 = ORIENTED_EDGE('',*,*,#10244,.T.);
#10244 = EDGE_CURVE('',#10245,#10247,#10249,.T.);
#10245 = VERTEX_POINT('',#10246);
#10246 = CARTESIAN_POINT('',(20.882135733657,-2.000000000032,21.45));
#10247 = VERTEX_POINT('',#10248);
#10248 = CARTESIAN_POINT('',(21.182135733657,-2.300000000032,21.45));
#10249 = CIRCLE('',#10250,0.3);
#10250 = AXIS2_PLACEMENT_3D('',#10251,#10252,#10253);
#10251 = CARTESIAN_POINT('',(21.182135733657,-2.000000000032,21.45));
#10252 = DIRECTION('',(0.,0.,1.));
#10253 = DIRECTION('',(-1.,0.,0.));
#10254 = ORIENTED_EDGE('',*,*,#10255,.T.);
#10255 = EDGE_CURVE('',#10247,#10256,#10258,.T.);
#10256 = VERTEX_POINT('',#10257);
#10257 = CARTESIAN_POINT('',(21.182135733657,-2.000000000032,21.75));
#10258 = CIRCLE('',#10259,0.3);
#10259 = AXIS2_PLACEMENT_3D('',#10260,#10261,#10262);
#10260 = CARTESIAN_POINT('',(21.182135733657,-2.000000000032,21.45));
#10261 = DIRECTION('',(-1.,-7.401486830834E-16,4.930380657631E-32));
#10262 = DIRECTION('',(5.233641528946E-16,-0.707106781187,0.707106781187
    ));
#10263 = ORIENTED_EDGE('',*,*,#10264,.T.);
#10264 = EDGE_CURVE('',#10256,#10245,#10265,.T.);
#10265 = CIRCLE('',#10266,0.3);
#10266 = AXIS2_PLACEMENT_3D('',#10267,#10268,#10269);
#10267 = CARTESIAN_POINT('',(21.182135733657,-2.000000000032,21.45));
#10268 = DIRECTION('',(0.,-1.,0.));
#10269 = DIRECTION('',(-0.707106781187,0.,0.707106781187));
#10270 = SPHERICAL_SURFACE('',#10271,0.3);
#10271 = AXIS2_PLACEMENT_3D('',#10272,#10273,#10274);
#10272 = CARTESIAN_POINT('',(21.182135733657,-2.000000000032,21.45));
#10273 = DIRECTION('',(-0.816496580928,0.408248290464,-0.408248290464));
#10274 = DIRECTION('',(-0.57735026919,-0.57735026919,0.57735026919));
#10275 = ADVANCED_FACE('',(#10276),#10292,.T.);
#10276 = FACE_BOUND('',#10277,.T.);
#10277 = EDGE_LOOP('',(#10278,#10279,#10285,#10286));
#10278 = ORIENTED_EDGE('',*,*,#10244,.F.);
#10279 = ORIENTED_EDGE('',*,*,#10280,.T.);
#10280 = EDGE_CURVE('',#10245,#10134,#10281,.T.);
#10281 = LINE('',#10282,#10283);
#10282 = CARTESIAN_POINT('',(20.882135733657,-2.000000000032,20.25));
#10283 = VECTOR('',#10284,1.);
#10284 = DIRECTION('',(0.,0.,-1.));
#10285 = ORIENTED_EDGE('',*,*,#10131,.F.);
#10286 = ORIENTED_EDGE('',*,*,#10287,.T.);
#10287 = EDGE_CURVE('',#10132,#10247,#10288,.T.);
#10288 = LINE('',#10289,#10290);
#10289 = CARTESIAN_POINT('',(21.182135733657,-2.300000000032,20.25));
#10290 = VECTOR('',#10291,1.);
#10291 = DIRECTION('',(0.,0.,1.));
#10292 = CYLINDRICAL_SURFACE('',#10293,0.3);
#10293 = AXIS2_PLACEMENT_3D('',#10294,#10295,#10296);
#10294 = CARTESIAN_POINT('',(21.182135733657,-2.000000000032,20.25));
#10295 = DIRECTION('',(0.,0.,-1.));
#10296 = DIRECTION('',(-0.707106781187,-0.707106781187,-0.));
#10297 = ADVANCED_FACE('',(#10298),#10314,.T.);
#10298 = FACE_BOUND('',#10299,.T.);
#10299 = EDGE_LOOP('',(#10300,#10301,#10307,#10308));
#10300 = ORIENTED_EDGE('',*,*,#10040,.F.);
#10301 = ORIENTED_EDGE('',*,*,#10302,.T.);
#10302 = EDGE_CURVE('',#10041,#9985,#10303,.T.);
#10303 = LINE('',#10304,#10305);
#10304 = CARTESIAN_POINT('',(20.882135733657,-1.100000000032,20.25));
#10305 = VECTOR('',#10306,1.);
#10306 = DIRECTION('',(0.,0.,1.));
#10307 = ORIENTED_EDGE('',*,*,#9984,.T.);
#10308 = ORIENTED_EDGE('',*,*,#10309,.T.);
#10309 = EDGE_CURVE('',#9976,#10043,#10310,.T.);
#10310 = LINE('',#10311,#10312);
#10311 = CARTESIAN_POINT('',(21.182135733657,-0.800000000032,20.25));
#10312 = VECTOR('',#10313,1.);
#10313 = DIRECTION('',(0.,0.,-1.));
#10314 = CYLINDRICAL_SURFACE('',#10315,0.3);
#10315 = AXIS2_PLACEMENT_3D('',#10316,#10317,#10318);
#10316 = CARTESIAN_POINT('',(21.182135733657,-1.100000000032,20.25));
#10317 = DIRECTION('',(0.,0.,-1.));
#10318 = DIRECTION('',(-0.707106781187,0.707106781187,0.));
#10319 = ADVANCED_FACE('',(#10320),#10336,.T.);
#10320 = FACE_BOUND('',#10321,.T.);
#10321 = EDGE_LOOP('',(#10322,#10323,#10329,#10330));
#10322 = ORIENTED_EDGE('',*,*,#9939,.T.);
#10323 = ORIENTED_EDGE('',*,*,#10324,.T.);
#10324 = EDGE_CURVE('',#9931,#9965,#10325,.T.);
#10325 = LINE('',#10326,#10327);
#10326 = CARTESIAN_POINT('',(21.182135733657,0.400000000016,20.25));
#10327 = VECTOR('',#10328,1.);
#10328 = DIRECTION('',(0.,-1.,0.));
#10329 = ORIENTED_EDGE('',*,*,#9964,.T.);
#10330 = ORIENTED_EDGE('',*,*,#10331,.T.);
#10331 = EDGE_CURVE('',#9967,#9940,#10332,.T.);
#10332 = LINE('',#10333,#10334);
#10333 = CARTESIAN_POINT('',(20.882135733657,0.400000000016,20.55));
#10334 = VECTOR('',#10335,1.);
#10335 = DIRECTION('',(0.,1.,0.));
#10336 = CYLINDRICAL_SURFACE('',#10337,0.3);
#10337 = AXIS2_PLACEMENT_3D('',#10338,#10339,#10340);
#10338 = CARTESIAN_POINT('',(21.182135733657,0.400000000016,20.55));
#10339 = DIRECTION('',(0.,1.,0.));
#10340 = DIRECTION('',(-0.707106781187,0.,-0.707106781187));
#10341 = ADVANCED_FACE('',(#10342),#10361,.F.);
#10342 = FACE_BOUND('',#10343,.F.);
#10343 = EDGE_LOOP('',(#10344,#10345,#10346,#10354));
#10344 = ORIENTED_EDGE('',*,*,#9377,.F.);
#10345 = ORIENTED_EDGE('',*,*,#9930,.T.);
#10346 = ORIENTED_EDGE('',*,*,#10347,.F.);
#10347 = EDGE_CURVE('',#10348,#9931,#10350,.T.);
#10348 = VERTEX_POINT('',#10349);
#10349 = CARTESIAN_POINT('',(22.194368655133,0.500000000032,20.25));
#10350 = LINE('',#10351,#10352);
#10351 = CARTESIAN_POINT('',(22.088420573419,0.500000000032,20.25));
#10352 = VECTOR('',#10353,1.);
#10353 = DIRECTION('',(-1.,0.,0.));
#10354 = ORIENTED_EDGE('',*,*,#10355,.F.);
#10355 = EDGE_CURVE('',#9370,#10348,#10356,.T.);
#10356 = CIRCLE('',#10357,0.3);
#10357 = AXIS2_PLACEMENT_3D('',#10358,#10359,#10360);
#10358 = CARTESIAN_POINT('',(22.194368655133,0.500000000032,19.95));
#10359 = DIRECTION('',(1.,0.,0.));
#10360 = DIRECTION('',(-0.,1.,0.));
#10361 = CYLINDRICAL_SURFACE('',#10362,0.3);
#10362 = AXIS2_PLACEMENT_3D('',#10363,#10364,#10365);
#10363 = CARTESIAN_POINT('',(22.088420573419,0.500000000032,19.95));
#10364 = DIRECTION('',(-1.,0.,0.));
#10365 = DIRECTION('',(0.,0.707106781187,0.707106781187));
#10366 = ADVANCED_FACE('',(#10367),#10383,.T.);
#10367 = FACE_BOUND('',#10368,.T.);
#10368 = EDGE_LOOP('',(#10369,#10370,#10376,#10377));
#10369 = ORIENTED_EDGE('',*,*,#9856,.F.);
#10370 = ORIENTED_EDGE('',*,*,#10371,.T.);
#10371 = EDGE_CURVE('',#9327,#9766,#10372,.T.);
#10372 = LINE('',#10373,#10374);
#10373 = CARTESIAN_POINT('',(20.882135733657,0.400000000016,6.1));
#10374 = VECTOR('',#10375,1.);
#10375 = DIRECTION('',(0.,1.,0.));
#10376 = ORIENTED_EDGE('',*,*,#9785,.F.);
#10377 = ORIENTED_EDGE('',*,*,#10378,.T.);
#10378 = EDGE_CURVE('',#9777,#9857,#10379,.T.);
#10379 = LINE('',#10380,#10381);
#10380 = CARTESIAN_POINT('',(21.182135733657,0.400000000016,5.8));
#10381 = VECTOR('',#10382,1.);
#10382 = DIRECTION('',(0.,-1.,0.));
#10383 = CYLINDRICAL_SURFACE('',#10384,0.3);
#10384 = AXIS2_PLACEMENT_3D('',#10385,#10386,#10387);
#10385 = CARTESIAN_POINT('',(21.182135733657,0.400000000016,6.1));
#10386 = DIRECTION('',(0.,-1.,0.));
#10387 = DIRECTION('',(-0.707106781187,-0.,-0.707106781187));
#10388 = ADVANCED_FACE('',(#10389),#10418,.T.);
#10389 = FACE_BOUND('',#10390,.T.);
#10390 = EDGE_LOOP('',(#10391,#10402,#10411));
#10391 = ORIENTED_EDGE('',*,*,#10392,.T.);
#10392 = EDGE_CURVE('',#10393,#10395,#10397,.T.);
#10393 = VERTEX_POINT('',#10394);
#10394 = CARTESIAN_POINT('',(21.182135733657,2.300000000032,21.45));
#10395 = VERTEX_POINT('',#10396);
#10396 = CARTESIAN_POINT('',(20.882135733657,2.000000000032,21.45));
#10397 = CIRCLE('',#10398,0.3);
#10398 = AXIS2_PLACEMENT_3D('',#10399,#10400,#10401);
#10399 = CARTESIAN_POINT('',(21.182135733657,2.000000000032,21.45));
#10400 = DIRECTION('',(0.,-0.,1.));
#10401 = DIRECTION('',(0.,1.,0.));
#10402 = ORIENTED_EDGE('',*,*,#10403,.T.);
#10403 = EDGE_CURVE('',#10395,#10404,#10406,.T.);
#10404 = VERTEX_POINT('',#10405);
#10405 = CARTESIAN_POINT('',(21.182135733657,2.000000000032,21.75));
#10406 = CIRCLE('',#10407,0.3);
#10407 = AXIS2_PLACEMENT_3D('',#10408,#10409,#10410);
#10408 = CARTESIAN_POINT('',(21.182135733657,2.000000000032,21.45));
#10409 = DIRECTION('',(0.,1.,0.));
#10410 = DIRECTION('',(-0.707106781187,0.,0.707106781187));
#10411 = ORIENTED_EDGE('',*,*,#10412,.T.);
#10412 = EDGE_CURVE('',#10404,#10393,#10413,.T.);
#10413 = CIRCLE('',#10414,0.3);
#10414 = AXIS2_PLACEMENT_3D('',#10415,#10416,#10417);
#10415 = CARTESIAN_POINT('',(21.182135733657,2.000000000032,21.45));
#10416 = DIRECTION('',(-1.,0.,0.));
#10417 = DIRECTION('',(0.,0.707106781187,0.707106781187));
#10418 = SPHERICAL_SURFACE('',#10419,0.3);
#10419 = AXIS2_PLACEMENT_3D('',#10420,#10421,#10422);
#10420 = CARTESIAN_POINT('',(21.182135733657,2.000000000032,21.45));
#10421 = DIRECTION('',(-0.816496580928,-0.408248290464,-0.408248290464)
  );
#10422 = DIRECTION('',(-0.57735026919,0.57735026919,0.57735026919));
#10423 = ADVANCED_FACE('',(#10424),#10440,.T.);
#10424 = FACE_BOUND('',#10425,.T.);
#10425 = EDGE_LOOP('',(#10426,#10427,#10433,#10434));
#10426 = ORIENTED_EDGE('',*,*,#10392,.F.);
#10427 = ORIENTED_EDGE('',*,*,#10428,.T.);
#10428 = EDGE_CURVE('',#10393,#9768,#10429,.T.);
#10429 = LINE('',#10430,#10431);
#10430 = CARTESIAN_POINT('',(21.182135733657,2.300000000032,20.25));
#10431 = VECTOR('',#10432,1.);
#10432 = DIRECTION('',(0.,0.,-1.));
#10433 = ORIENTED_EDGE('',*,*,#9765,.F.);
#10434 = ORIENTED_EDGE('',*,*,#10435,.T.);
#10435 = EDGE_CURVE('',#9766,#10395,#10436,.T.);
#10436 = LINE('',#10437,#10438);
#10437 = CARTESIAN_POINT('',(20.882135733657,2.000000000032,20.25));
#10438 = VECTOR('',#10439,1.);
#10439 = DIRECTION('',(0.,0.,1.));
#10440 = CYLINDRICAL_SURFACE('',#10441,0.3);
#10441 = AXIS2_PLACEMENT_3D('',#10442,#10443,#10444);
#10442 = CARTESIAN_POINT('',(21.182135733657,2.000000000032,20.25));
#10443 = DIRECTION('',(0.,0.,-1.));
#10444 = DIRECTION('',(-0.707106781187,0.707106781187,0.));
#10445 = ADVANCED_FACE('',(#10446),#10471,.F.);
#10446 = FACE_BOUND('',#10447,.F.);
#10447 = EDGE_LOOP('',(#10448,#10449,#10450,#10457,#10464));
#10448 = ORIENTED_EDGE('',*,*,#212,.F.);
#10449 = ORIENTED_EDGE('',*,*,#378,.F.);
#10450 = ORIENTED_EDGE('',*,*,#10451,.F.);
#10451 = EDGE_CURVE('',#10348,#371,#10452,.T.);
#10452 = CIRCLE('',#10453,0.3);
#10453 = AXIS2_PLACEMENT_3D('',#10454,#10455,#10456);
#10454 = CARTESIAN_POINT('',(22.194368655133,0.500000000032,19.95));
#10455 = DIRECTION('',(-2.252252252395E-02,0.999746335817,0.));
#10456 = DIRECTION('',(0.,0.,1.));
#10457 = ORIENTED_EDGE('',*,*,#10458,.F.);
#10458 = EDGE_CURVE('',#10009,#10348,#10459,.T.);
#10459 = CIRCLE('',#10460,22.2);
#10460 = AXIS2_PLACEMENT_3D('',#10461,#10462,#10463);
#10461 = CARTESIAN_POINT('',(4.440892098501E-15,-4.815648849472E-16,
    20.25));
#10462 = DIRECTION('',(0.,0.,1.));
#10463 = DIRECTION('',(1.,-1.224646799147E-16,0.));
#10464 = ORIENTED_EDGE('',*,*,#10465,.F.);
#10465 = EDGE_CURVE('',#213,#10009,#10466,.T.);
#10466 = CIRCLE('',#10467,0.3);
#10467 = AXIS2_PLACEMENT_3D('',#10468,#10469,#10470);
#10468 = CARTESIAN_POINT('',(22.194368655133,-0.500000000032,19.95));
#10469 = DIRECTION('',(-2.252252252395E-02,-0.999746335817,0.));
#10470 = DIRECTION('',(0.999746335817,-2.252252252395E-02,0.));
#10471 = TOROIDAL_SURFACE('',#10472,22.2,0.3);
#10472 = AXIS2_PLACEMENT_3D('',#10473,#10474,#10475);
#10473 = CARTESIAN_POINT('',(4.440892098501E-15,-4.815648849472E-16,
    19.95));
#10474 = DIRECTION('',(0.,0.,1.));
#10475 = DIRECTION('',(1.,0.,-0.));
#10476 = ADVANCED_FACE('',(#10477),#10488,.F.);
#10477 = FACE_BOUND('',#10478,.F.);
#10478 = EDGE_LOOP('',(#10479,#10486,#10487));
#10479 = ORIENTED_EDGE('',*,*,#10480,.F.);
#10480 = EDGE_CURVE('',#9370,#371,#10481,.T.);
#10481 = CIRCLE('',#10482,0.3);
#10482 = AXIS2_PLACEMENT_3D('',#10483,#10484,#10485);
#10483 = CARTESIAN_POINT('',(22.194368655133,0.500000000032,19.95));
#10484 = DIRECTION('',(0.,0.,-1.));
#10485 = DIRECTION('',(0.699098518621,0.715025357076,0.));
#10486 = ORIENTED_EDGE('',*,*,#10355,.T.);
#10487 = ORIENTED_EDGE('',*,*,#10451,.T.);
#10488 = SPHERICAL_SURFACE('',#10489,0.3);
#10489 = AXIS2_PLACEMENT_3D('',#10490,#10491,#10492);
#10490 = CARTESIAN_POINT('',(22.194368655133,0.500000000032,19.95));
#10491 = DIRECTION('',(-0.819612237489,0.409600566073,0.400578527172));
#10492 = DIRECTION('',(0.572918650559,0.585970863591,0.573064016375));
#10493 = ADVANCED_FACE('',(#10494),#10505,.F.);
#10494 = FACE_BOUND('',#10495,.F.);
#10495 = EDGE_LOOP('',(#10496,#10503,#10504));
#10496 = ORIENTED_EDGE('',*,*,#10497,.F.);
#10497 = EDGE_CURVE('',#213,#10018,#10498,.T.);
#10498 = CIRCLE('',#10499,0.3);
#10499 = AXIS2_PLACEMENT_3D('',#10500,#10501,#10502);
#10500 = CARTESIAN_POINT('',(22.194368655133,-0.500000000032,19.95));
#10501 = DIRECTION('',(0.,0.,-1.));
#10502 = DIRECTION('',(0.699098518621,-0.715025357076,0.));
#10503 = ORIENTED_EDGE('',*,*,#10465,.T.);
#10504 = ORIENTED_EDGE('',*,*,#10025,.T.);
#10505 = SPHERICAL_SURFACE('',#10506,0.3);
#10506 = AXIS2_PLACEMENT_3D('',#10507,#10508,#10509);
#10507 = CARTESIAN_POINT('',(22.194368655133,-0.500000000032,19.95));
#10508 = DIRECTION('',(-0.819612237489,-0.409600566073,0.400578527172));
#10509 = DIRECTION('',(0.572918650559,-0.585970863591,0.573064016375));
#10510 = ADVANCED_FACE('',(#10511),#10527,.T.);
#10511 = FACE_BOUND('',#10512,.T.);
#10512 = EDGE_LOOP('',(#10513,#10514,#10520,#10521));
#10513 = ORIENTED_EDGE('',*,*,#10264,.F.);
#10514 = ORIENTED_EDGE('',*,*,#10515,.T.);
#10515 = EDGE_CURVE('',#10256,#10404,#10516,.T.);
#10516 = LINE('',#10517,#10518);
#10517 = CARTESIAN_POINT('',(21.182135733657,0.400000000016,21.75));
#10518 = VECTOR('',#10519,1.);
#10519 = DIRECTION('',(0.,1.,0.));
#10520 = ORIENTED_EDGE('',*,*,#10403,.F.);
#10521 = ORIENTED_EDGE('',*,*,#10522,.T.);
#10522 = EDGE_CURVE('',#10395,#10245,#10523,.T.);
#10523 = LINE('',#10524,#10525);
#10524 = CARTESIAN_POINT('',(20.882135733657,0.400000000016,21.45));
#10525 = VECTOR('',#10526,1.);
#10526 = DIRECTION('',(0.,-1.,0.));
#10527 = CYLINDRICAL_SURFACE('',#10528,0.3);
#10528 = AXIS2_PLACEMENT_3D('',#10529,#10530,#10531);
#10529 = CARTESIAN_POINT('',(21.182135733657,0.400000000016,21.45));
#10530 = DIRECTION('',(0.,-1.,0.));
#10531 = DIRECTION('',(-0.707106781187,0.,0.707106781187));
#10532 = ADVANCED_FACE('',(#10533),#10560,.T.);
#10533 = FACE_BOUND('',#10534,.T.);
#10534 = EDGE_LOOP('',(#10535,#10536,#10544,#10554));
#10535 = ORIENTED_EDGE('',*,*,#10255,.F.);
#10536 = ORIENTED_EDGE('',*,*,#10537,.T.);
#10537 = EDGE_CURVE('',#10247,#10538,#10540,.T.);
#10538 = VERTEX_POINT('',#10539);
#10539 = CARTESIAN_POINT('',(22.047222047229,-2.300000000032,21.45));
#10540 = LINE('',#10541,#10542);
#10541 = CARTESIAN_POINT('',(22.036601800243,-2.300000000032,21.45));
#10542 = VECTOR('',#10543,1.);
#10543 = DIRECTION('',(1.,7.401486830834E-16,0.));
#10544 = ORIENTED_EDGE('',*,*,#10545,.F.);
#10545 = EDGE_CURVE('',#10546,#10538,#10548,.T.);
#10546 = VERTEX_POINT('',#10547);
#10547 = CARTESIAN_POINT('',(22.109726366463,-2.000000000032,21.75));
#10548 = B_SPLINE_CURVE_WITH_KNOTS('',3,(#10549,#10550,#10551,#10552,
    #10553),.UNSPECIFIED.,.F.,.F.,(4,1,4),(0.,4.724537909066E-02,
    9.449075818131E-02),.UNSPECIFIED.);
#10549 = CARTESIAN_POINT('',(22.109726366463,-2.000000000032,21.75));
#10550 = CARTESIAN_POINT('',(22.095538564934,-2.078422102417,21.75));
#10551 = CARTESIAN_POINT('',(22.063222572097,-2.234444542787,
    21.685245259975));
#10552 = CARTESIAN_POINT('',(22.047222047229,-2.300000000032,
    21.528742298484));
#10553 = CARTESIAN_POINT('',(22.047222047229,-2.300000000032,21.45));
#10554 = ORIENTED_EDGE('',*,*,#10555,.T.);
#10555 = EDGE_CURVE('',#10546,#10256,#10556,.T.);
#10556 = LINE('',#10557,#10558);
#10557 = CARTESIAN_POINT('',(22.036601800243,-2.000000000032,21.75));
#10558 = VECTOR('',#10559,1.);
#10559 = DIRECTION('',(-1.,-7.401486830834E-16,0.));
#10560 = CYLINDRICAL_SURFACE('',#10561,0.3);
#10561 = AXIS2_PLACEMENT_3D('',#10562,#10563,#10564);
#10562 = CARTESIAN_POINT('',(22.036601800243,-2.000000000032,21.45));
#10563 = DIRECTION('',(1.,7.401486830834E-16,0.));
#10564 = DIRECTION('',(5.233641528946E-16,-0.707106781187,0.707106781187
    ));
#10565 = ADVANCED_FACE('',(#10566),#10577,.T.);
#10566 = FACE_BOUND('',#10567,.T.);
#10567 = EDGE_LOOP('',(#10568,#10569,#10570,#10576));
#10568 = ORIENTED_EDGE('',*,*,#10287,.F.);
#10569 = ORIENTED_EDGE('',*,*,#10199,.F.);
#10570 = ORIENTED_EDGE('',*,*,#10571,.F.);
#10571 = EDGE_CURVE('',#10538,#10191,#10572,.T.);
#10572 = LINE('',#10573,#10574);
#10573 = CARTESIAN_POINT('',(22.047222047229,-2.300000000032,18.75));
#10574 = VECTOR('',#10575,1.);
#10575 = DIRECTION('',(0.,0.,-1.));
#10576 = ORIENTED_EDGE('',*,*,#10537,.F.);
#10577 = PLANE('',#10578);
#10578 = AXIS2_PLACEMENT_3D('',#10579,#10580,#10581);
#10579 = CARTESIAN_POINT('',(22.382135733657,-2.300000000032,20.25));
#10580 = DIRECTION('',(7.401486830834E-16,-1.,0.));
#10581 = DIRECTION('',(-1.,-7.401486830834E-16,0.));
#10582 = ADVANCED_FACE('',(#10583),#10595,.F.);
#10583 = FACE_BOUND('',#10584,.F.);
#10584 = EDGE_LOOP('',(#10585,#10586,#10593,#10594));
#10585 = ORIENTED_EDGE('',*,*,#10571,.F.);
#10586 = ORIENTED_EDGE('',*,*,#10587,.F.);
#10587 = EDGE_CURVE('',#269,#10538,#10588,.T.);
#10588 = CIRCLE('',#10589,0.3);
#10589 = AXIS2_PLACEMENT_3D('',#10590,#10591,#10592);
#10590 = CARTESIAN_POINT('',(22.047222047229,-2.600000000032,21.45));
#10591 = DIRECTION('',(0.,0.,1.));
#10592 = DIRECTION('',(0.993118110236,-0.117117117119,0.));
#10593 = ORIENTED_EDGE('',*,*,#268,.F.);
#10594 = ORIENTED_EDGE('',*,*,#10221,.T.);
#10595 = CYLINDRICAL_SURFACE('',#10596,0.3);
#10596 = AXIS2_PLACEMENT_3D('',#10597,#10598,#10599);
#10597 = CARTESIAN_POINT('',(22.047222047229,-2.600000000032,18.75));
#10598 = DIRECTION('',(0.,0.,-1.));
#10599 = DIRECTION('',(0.747367753224,0.664410597026,0.));
#10600 = ADVANCED_FACE('',(#10601),#10609,.T.);
#10601 = FACE_BOUND('',#10602,.T.);
#10602 = EDGE_LOOP('',(#10603,#10604,#10605,#10606,#10607,#10608));
#10603 = ORIENTED_EDGE('',*,*,#10229,.F.);
#10604 = ORIENTED_EDGE('',*,*,#10206,.F.);
#10605 = ORIENTED_EDGE('',*,*,#10174,.F.);
#10606 = ORIENTED_EDGE('',*,*,#10117,.F.);
#10607 = ORIENTED_EDGE('',*,*,#10094,.F.);
#10608 = ORIENTED_EDGE('',*,*,#244,.F.);
#10609 = PLANE('',#10610);
#10610 = AXIS2_PLACEMENT_3D('',#10611,#10612,#10613);
#10611 = CARTESIAN_POINT('',(21.683954506833,6.522560269673E-15,5.8));
#10612 = DIRECTION('',(0.,0.,-1.));
#10613 = DIRECTION('',(-1.,0.,0.));
#10614 = ADVANCED_FACE('',(#10615),#10626,.T.);
#10615 = FACE_BOUND('',#10616,.T.);
#10616 = EDGE_LOOP('',(#10617,#10618,#10619,#10620));
#10617 = ORIENTED_EDGE('',*,*,#10110,.F.);
#10618 = ORIENTED_EDGE('',*,*,#10309,.F.);
#10619 = ORIENTED_EDGE('',*,*,#10017,.F.);
#10620 = ORIENTED_EDGE('',*,*,#10621,.F.);
#10621 = EDGE_CURVE('',#10078,#10018,#10622,.T.);
#10622 = LINE('',#10623,#10624);
#10623 = CARTESIAN_POINT('',(22.194368655133,-0.800000000032,18.75));
#10624 = VECTOR('',#10625,1.);
#10625 = DIRECTION('',(0.,0.,1.));
#10626 = PLANE('',#10627);
#10627 = AXIS2_PLACEMENT_3D('',#10628,#10629,#10630);
#10628 = CARTESIAN_POINT('',(20.882135733657,-0.800000000032,20.25));
#10629 = DIRECTION('',(-8.653942930801E-16,1.,0.));
#10630 = DIRECTION('',(1.,8.653942930801E-16,0.));
#10631 = ADVANCED_FACE('',(#10632),#10638,.F.);
#10632 = FACE_BOUND('',#10633,.F.);
#10633 = EDGE_LOOP('',(#10634,#10635,#10636,#10637));
#10634 = ORIENTED_EDGE('',*,*,#221,.F.);
#10635 = ORIENTED_EDGE('',*,*,#10497,.T.);
#10636 = ORIENTED_EDGE('',*,*,#10621,.F.);
#10637 = ORIENTED_EDGE('',*,*,#10086,.T.);
#10638 = CYLINDRICAL_SURFACE('',#10639,0.3);
#10639 = AXIS2_PLACEMENT_3D('',#10640,#10641,#10642);
#10640 = CARTESIAN_POINT('',(22.194368655133,-0.500000000032,18.75));
#10641 = DIRECTION('',(0.,0.,1.));
#10642 = DIRECTION('',(0.699098518621,-0.715025357076,0.));
#10643 = ADVANCED_FACE('',(#10644),#10650,.F.);
#10644 = FACE_BOUND('',#10645,.T.);
#10645 = EDGE_LOOP('',(#10646,#10647,#10648,#10649));
#10646 = ORIENTED_EDGE('',*,*,#10008,.F.);
#10647 = ORIENTED_EDGE('',*,*,#10324,.F.);
#10648 = ORIENTED_EDGE('',*,*,#10347,.F.);
#10649 = ORIENTED_EDGE('',*,*,#10458,.F.);
#10650 = PLANE('',#10651);
#10651 = AXIS2_PLACEMENT_3D('',#10652,#10653,#10654);
#10652 = CARTESIAN_POINT('',(21.691067866829,6.522560269673E-15,20.25));
#10653 = DIRECTION('',(0.,0.,1.));
#10654 = DIRECTION('',(1.,0.,-0.));
#10655 = ADVANCED_FACE('',(#10656),#10662,.F.);
#10656 = FACE_BOUND('',#10657,.F.);
#10657 = EDGE_LOOP('',(#10658,#10659,#10660,#10661));
#10658 = ORIENTED_EDGE('',*,*,#9369,.F.);
#10659 = ORIENTED_EDGE('',*,*,#10480,.T.);
#10660 = ORIENTED_EDGE('',*,*,#370,.F.);
#10661 = ORIENTED_EDGE('',*,*,#9907,.T.);
#10662 = CYLINDRICAL_SURFACE('',#10663,0.3);
#10663 = AXIS2_PLACEMENT_3D('',#10664,#10665,#10666);
#10664 = CARTESIAN_POINT('',(22.194368655133,0.500000000032,18.75));
#10665 = DIRECTION('',(0.,0.,-1.));
#10666 = DIRECTION('',(0.699098518621,0.715025357076,0.));
#10667 = ADVANCED_FACE('',(#10668),#10680,.T.);
#10668 = FACE_BOUND('',#10669,.T.);
#10669 = EDGE_LOOP('',(#10670,#10671,#10672,#10673));
#10670 = ORIENTED_EDGE('',*,*,#10545,.T.);
#10671 = ORIENTED_EDGE('',*,*,#10587,.F.);
#10672 = ORIENTED_EDGE('',*,*,#276,.T.);
#10673 = ORIENTED_EDGE('',*,*,#10674,.F.);
#10674 = EDGE_CURVE('',#10546,#277,#10675,.T.);
#10675 = CIRCLE('',#10676,0.3);
#10676 = AXIS2_PLACEMENT_3D('',#10677,#10678,#10679);
#10677 = CARTESIAN_POINT('',(22.109726366463,-2.000000000032,22.05));
#10678 = DIRECTION('',(-9.009009009151E-02,-0.995933620111,0.));
#10679 = DIRECTION('',(-0.,0.,-1.));
#10680 = B_SPLINE_SURFACE_WITH_KNOTS('',3,3,(
    (#10681,#10682,#10683,#10684,#10685)
    ,(#10686,#10687,#10688,#10689,#10690)
    ,(#10691,#10692,#10693,#10694,#10695)
    ,(#10696,#10697,#10698,#10699,#10700)
    ,(#10701,#10702,#10703,#10704,#10705
    )),.UNSPECIFIED.,.F.,.F.,.F.,(4,1,4),(4,1,4),(0.,0.5,1.),(0.,
    4.724537909066E-02,9.449075818131E-02),.UNSPECIFIED.);
#10681 = CARTESIAN_POINT('',(22.408506452496,-2.027027027059,22.05));
#10682 = CARTESIAN_POINT('',(22.39412692392,-2.185990748111,22.05));
#10683 = CARTESIAN_POINT('',(22.361374228477,-2.502252451563,
    21.920490519949));
#10684 = CARTESIAN_POINT('',(22.3451574803,-2.635135135167,
    21.607484596969));
#10685 = CARTESIAN_POINT('',(22.3451574803,-2.635135135167,21.45));
#10686 = CARTESIAN_POINT('',(22.408506452496,-2.027027027059,
    21.97146018366));
#10687 = CARTESIAN_POINT('',(22.396010256866,-2.165596889792,
    21.970271111673));
#10688 = CARTESIAN_POINT('',(22.368215510062,-2.439005964005,
    21.854456143439));
#10689 = CARTESIAN_POINT('',(22.355043235717,-2.551306887179,
    21.585119591947));
#10690 = CARTESIAN_POINT('',(22.355043235717,-2.551306887179,21.45));
#10691 = CARTESIAN_POINT('',(22.343726327535,-2.021167151284,
    21.815044621101));
#10692 = CARTESIAN_POINT('',(22.332834723468,-2.118635646625,
    21.81158437512));
#10693 = CARTESIAN_POINT('',(22.309612920617,-2.305248119855,
    21.723527807944));
#10694 = CARTESIAN_POINT('',(22.299474751647,-2.375747121552,
    21.540919309031));
#10695 = CARTESIAN_POINT('',(22.299474751647,-2.375747121552,21.45));
#10696 = CARTESIAN_POINT('',(22.187946810073,-2.007075659161,21.75));
#10697 = CARTESIAN_POINT('',(22.174892958736,-2.085995840351,
    21.748108572505));
#10698 = CARTESIAN_POINT('',(22.145657026642,-2.239474544748,
    21.678141100147));
#10699 = CARTESIAN_POINT('',(22.131631189631,-2.300000000032,
    21.525901080697));
#10700 = CARTESIAN_POINT('',(22.131631189631,-2.300000000032,21.45));
#10701 = CARTESIAN_POINT('',(22.109726366463,-2.000000000032,21.75));
#10702 = CARTESIAN_POINT('',(22.095538564934,-2.078422102417,21.75));
#10703 = CARTESIAN_POINT('',(22.063222572097,-2.234444542787,
    21.685245259975));
#10704 = CARTESIAN_POINT('',(22.047222047229,-2.300000000032,
    21.528742298484));
#10705 = CARTESIAN_POINT('',(22.047222047229,-2.300000000032,21.45));
#10706 = ADVANCED_FACE('',(#10707),#10736,.T.);
#10707 = FACE_BOUND('',#10708,.T.);
#10708 = EDGE_LOOP('',(#10709,#10710,#10719,#10729));
#10709 = ORIENTED_EDGE('',*,*,#313,.T.);
#10710 = ORIENTED_EDGE('',*,*,#10711,.F.);
#10711 = EDGE_CURVE('',#10712,#314,#10714,.T.);
#10712 = VERTEX_POINT('',#10713);
#10713 = CARTESIAN_POINT('',(22.047222047229,2.300000000032,21.45));
#10714 = CIRCLE('',#10715,0.3);
#10715 = AXIS2_PLACEMENT_3D('',#10716,#10717,#10718);
#10716 = CARTESIAN_POINT('',(22.047222047229,2.600000000032,21.45));
#10717 = DIRECTION('',(0.,0.,1.));
#10718 = DIRECTION('',(0.,-1.,0.));
#10719 = ORIENTED_EDGE('',*,*,#10720,.T.);
#10720 = EDGE_CURVE('',#10712,#10721,#10723,.T.);
#10721 = VERTEX_POINT('',#10722);
#10722 = CARTESIAN_POINT('',(22.109726366463,2.000000000032,21.75));
#10723 = B_SPLINE_CURVE_WITH_KNOTS('',3,(#10724,#10725,#10726,#10727,
    #10728),.UNSPECIFIED.,.F.,.F.,(4,1,4),(0.,4.724538914265E-02,
    9.449077828529E-02),.QUASI_UNIFORM_KNOTS.);
#10724 = CARTESIAN_POINT('',(22.047222047229,2.300000000032,21.45));
#10725 = CARTESIAN_POINT('',(22.047222047229,2.300000000032,
    21.528742315238));
#10726 = CARTESIAN_POINT('',(22.063223920271,2.234438674968,
    21.685250680185));
#10727 = CARTESIAN_POINT('',(22.095538561916,2.078422119102,21.75));
#10728 = CARTESIAN_POINT('',(22.109726366463,2.000000000032,21.75));
#10729 = ORIENTED_EDGE('',*,*,#10730,.F.);
#10730 = EDGE_CURVE('',#305,#10721,#10731,.T.);
#10731 = CIRCLE('',#10732,0.3);
#10732 = AXIS2_PLACEMENT_3D('',#10733,#10734,#10735);
#10733 = CARTESIAN_POINT('',(22.109726366463,2.000000000032,22.05));
#10734 = DIRECTION('',(-9.009009009152E-02,0.995933620111,
    -9.214236967046E-16));
#10735 = DIRECTION('',(0.995933620111,9.009009009152E-02,
    -2.465190328816E-32));
#10736 = B_SPLINE_SURFACE_WITH_KNOTS('',3,3,(
    (#10737,#10738,#10739,#10740,#10741)
    ,(#10742,#10743,#10744,#10745,#10746)
    ,(#10747,#10748,#10749,#10750,#10751)
    ,(#10752,#10753,#10754,#10755,#10756)
    ,(#10757,#10758,#10759,#10760,#10761
    )),.UNSPECIFIED.,.F.,.F.,.F.,(4,1,4),(4,1,4),(0.,0.5,1.),(0.,
    4.724538914265E-02,9.449077828529E-02),.QUASI_UNIFORM_KNOTS.);
#10737 = CARTESIAN_POINT('',(22.3451574803,2.635135135167,21.45));
#10738 = CARTESIAN_POINT('',(22.3451574803,2.635135135167,
    21.607484630476));
#10739 = CARTESIAN_POINT('',(22.361375594869,2.502240557335,
    21.920501360369));
#10740 = CARTESIAN_POINT('',(22.39412692086,2.185990781932,22.05));
#10741 = CARTESIAN_POINT('',(22.408506452496,2.027027027059,22.05));
#10742 = CARTESIAN_POINT('',(22.355043235717,2.551306887179,21.45));
#10743 = CARTESIAN_POINT('',(22.355043235717,2.551306887179,
    21.585119620695));
#10744 = CARTESIAN_POINT('',(22.368216633418,2.438995807611,
    21.854465612175));
#10745 = CARTESIAN_POINT('',(22.396010254207,2.165596919274,
    21.97027111142));
#10746 = CARTESIAN_POINT('',(22.408506452496,2.027027027059,
    21.97146018366));
#10747 = CARTESIAN_POINT('',(22.299474751647,2.375747121552,21.45));
#10748 = CARTESIAN_POINT('',(22.299474751647,2.375747121552,
    21.540919328375));
#10749 = CARTESIAN_POINT('',(22.309613828252,2.305241461321,
    21.723534552418));
#10750 = CARTESIAN_POINT('',(22.332834721151,2.118635667363,
    21.811584374384));
#10751 = CARTESIAN_POINT('',(22.343726327535,2.021167151284,
    21.815044621101));
#10752 = CARTESIAN_POINT('',(22.131631189631,2.300000000032,21.45));
#10753 = CARTESIAN_POINT('',(22.131631189631,2.300000000032,
    21.525901096846));
#10754 = CARTESIAN_POINT('',(22.145658222704,2.239468988107,
    21.678146584113));
#10755 = CARTESIAN_POINT('',(22.174892955958,2.085995857142,
    21.748108572103));
#10756 = CARTESIAN_POINT('',(22.187946810073,2.007075659161,21.75));
#10757 = CARTESIAN_POINT('',(22.047222047229,2.300000000032,21.45));
#10758 = CARTESIAN_POINT('',(22.047222047229,2.300000000032,
    21.528742315238));
#10759 = CARTESIAN_POINT('',(22.063223920271,2.234438674968,
    21.685250680185));
#10760 = CARTESIAN_POINT('',(22.095538561916,2.078422119102,21.75));
#10761 = CARTESIAN_POINT('',(22.109726366463,2.000000000032,21.75));
#10762 = ADVANCED_FACE('',(#10763),#10774,.F.);
#10763 = FACE_BOUND('',#10764,.F.);
#10764 = EDGE_LOOP('',(#10765,#10766,#10767,#10773));
#10765 = ORIENTED_EDGE('',*,*,#323,.F.);
#10766 = ORIENTED_EDGE('',*,*,#10711,.F.);
#10767 = ORIENTED_EDGE('',*,*,#10768,.F.);
#10768 = EDGE_CURVE('',#9803,#10712,#10769,.T.);
#10769 = LINE('',#10770,#10771);
#10770 = CARTESIAN_POINT('',(22.047222047229,2.300000000032,18.75));
#10771 = VECTOR('',#10772,1.);
#10772 = DIRECTION('',(0.,0.,1.));
#10773 = ORIENTED_EDGE('',*,*,#9811,.T.);
#10774 = CYLINDRICAL_SURFACE('',#10775,0.3);
#10775 = AXIS2_PLACEMENT_3D('',#10776,#10777,#10778);
#10776 = CARTESIAN_POINT('',(22.047222047229,2.600000000032,18.75));
#10777 = DIRECTION('',(0.,0.,1.));
#10778 = DIRECTION('',(0.747367753224,-0.664410597026,0.));
#10779 = ADVANCED_FACE('',(#10780),#10796,.T.);
#10780 = FACE_BOUND('',#10781,.T.);
#10781 = EDGE_LOOP('',(#10782,#10783,#10789,#10790));
#10782 = ORIENTED_EDGE('',*,*,#10412,.F.);
#10783 = ORIENTED_EDGE('',*,*,#10784,.T.);
#10784 = EDGE_CURVE('',#10404,#10721,#10785,.T.);
#10785 = LINE('',#10786,#10787);
#10786 = CARTESIAN_POINT('',(21.286601800243,2.000000000032,21.75));
#10787 = VECTOR('',#10788,1.);
#10788 = DIRECTION('',(1.,0.,0.));
#10789 = ORIENTED_EDGE('',*,*,#10720,.F.);
#10790 = ORIENTED_EDGE('',*,*,#10791,.T.);
#10791 = EDGE_CURVE('',#10712,#10393,#10792,.T.);
#10792 = LINE('',#10793,#10794);
#10793 = CARTESIAN_POINT('',(21.286601800243,2.300000000032,21.45));
#10794 = VECTOR('',#10795,1.);
#10795 = DIRECTION('',(-1.,0.,0.));
#10796 = CYLINDRICAL_SURFACE('',#10797,0.3);
#10797 = AXIS2_PLACEMENT_3D('',#10798,#10799,#10800);
#10798 = CARTESIAN_POINT('',(21.286601800243,2.000000000032,21.45));
#10799 = DIRECTION('',(-1.,0.,0.));
#10800 = DIRECTION('',(0.,0.707106781187,0.707106781187));
#10801 = ADVANCED_FACE('',(#10802),#10815,.F.);
#10802 = FACE_BOUND('',#10803,.F.);
#10803 = EDGE_LOOP('',(#10804,#10811,#10812,#10813,#10814));
#10804 = ORIENTED_EDGE('',*,*,#10805,.F.);
#10805 = EDGE_CURVE('',#10721,#10546,#10806,.T.);
#10806 = CIRCLE('',#10807,22.2);
#10807 = AXIS2_PLACEMENT_3D('',#10808,#10809,#10810);
#10808 = CARTESIAN_POINT('',(4.440892098501E-15,-4.815648849472E-16,
    21.75));
#10809 = DIRECTION('',(0.,0.,-1.));
#10810 = DIRECTION('',(1.,1.224646799147E-16,0.));
#10811 = ORIENTED_EDGE('',*,*,#10730,.F.);
#10812 = ORIENTED_EDGE('',*,*,#304,.F.);
#10813 = ORIENTED_EDGE('',*,*,#286,.F.);
#10814 = ORIENTED_EDGE('',*,*,#10674,.F.);
#10815 = TOROIDAL_SURFACE('',#10816,22.2,0.3);
#10816 = AXIS2_PLACEMENT_3D('',#10817,#10818,#10819);
#10817 = CARTESIAN_POINT('',(4.440892098501E-15,-4.815648849472E-16,
    22.05));
#10818 = DIRECTION('',(0.,0.,-1.));
#10819 = DIRECTION('',(1.,-1.224646799147E-16,0.));
#10820 = ADVANCED_FACE('',(#10821),#10833,.T.);
#10821 = FACE_BOUND('',#10822,.T.);
#10822 = EDGE_LOOP('',(#10823,#10824,#10825,#10826,#10827,#10828,#10829,
    #10830,#10831,#10832));
#10823 = ORIENTED_EDGE('',*,*,#10280,.F.);
#10824 = ORIENTED_EDGE('',*,*,#10522,.F.);
#10825 = ORIENTED_EDGE('',*,*,#10435,.F.);
#10826 = ORIENTED_EDGE('',*,*,#10371,.F.);
#10827 = ORIENTED_EDGE('',*,*,#9326,.F.);
#10828 = ORIENTED_EDGE('',*,*,#9948,.F.);
#10829 = ORIENTED_EDGE('',*,*,#10331,.F.);
#10830 = ORIENTED_EDGE('',*,*,#9993,.F.);
#10831 = ORIENTED_EDGE('',*,*,#10302,.F.);
#10832 = ORIENTED_EDGE('',*,*,#10167,.F.);
#10833 = PLANE('',#10834);
#10834 = AXIS2_PLACEMENT_3D('',#10835,#10836,#10837);
#10835 = CARTESIAN_POINT('',(20.882135733657,0.800000000032,20.25));
#10836 = DIRECTION('',(-1.,0.,0.));
#10837 = DIRECTION('',(0.,1.,0.));
#10838 = ADVANCED_FACE('',(#10839),#10845,.T.);
#10839 = FACE_BOUND('',#10840,.T.);
#10840 = EDGE_LOOP('',(#10841,#10842,#10843,#10844));
#10841 = ORIENTED_EDGE('',*,*,#10428,.F.);
#10842 = ORIENTED_EDGE('',*,*,#10791,.F.);
#10843 = ORIENTED_EDGE('',*,*,#10768,.F.);
#10844 = ORIENTED_EDGE('',*,*,#9835,.F.);
#10845 = PLANE('',#10846);
#10846 = AXIS2_PLACEMENT_3D('',#10847,#10848,#10849);
#10847 = CARTESIAN_POINT('',(20.882135733657,2.300000000032,20.25));
#10848 = DIRECTION('',(0.,1.,0.));
#10849 = DIRECTION('',(1.,0.,0.));
#10850 = ADVANCED_FACE('',(#10851),#10857,.T.);
#10851 = FACE_BOUND('',#10852,.T.);
#10852 = EDGE_LOOP('',(#10853,#10854,#10855,#10856));
#10853 = ORIENTED_EDGE('',*,*,#10515,.F.);
#10854 = ORIENTED_EDGE('',*,*,#10555,.F.);
#10855 = ORIENTED_EDGE('',*,*,#10805,.F.);
#10856 = ORIENTED_EDGE('',*,*,#10784,.F.);
#10857 = PLANE('',#10858);
#10858 = AXIS2_PLACEMENT_3D('',#10859,#10860,#10861);
#10859 = CARTESIAN_POINT('',(21.691067866829,6.522560269673E-15,21.75));
#10860 = DIRECTION('',(0.,0.,1.));
#10861 = DIRECTION('',(1.,0.,-0.));
#10862 = ADVANCED_FACE('',(#10863),#10871,.T.);
#10863 = FACE_BOUND('',#10864,.T.);
#10864 = EDGE_LOOP('',(#10865,#10866,#10867,#10868,#10869,#10870));
#10865 = ORIENTED_EDGE('',*,*,#9819,.F.);
#10866 = ORIENTED_EDGE('',*,*,#346,.F.);
#10867 = ORIENTED_EDGE('',*,*,#9915,.F.);
#10868 = ORIENTED_EDGE('',*,*,#9892,.F.);
#10869 = ORIENTED_EDGE('',*,*,#10378,.F.);
#10870 = ORIENTED_EDGE('',*,*,#9842,.F.);
#10871 = PLANE('',#10872);
#10872 = AXIS2_PLACEMENT_3D('',#10873,#10874,#10875);
#10873 = CARTESIAN_POINT('',(21.683954506833,6.522560269673E-15,5.8));
#10874 = DIRECTION('',(0.,0.,-1.));
#10875 = DIRECTION('',(-1.,0.,0.));
#10876 = ADVANCED_FACE('',(#10877,#10880),#10883,.T.);
#10877 = FACE_BOUND('',#10878,.T.);
#10878 = EDGE_LOOP('',(#10879));
#10879 = ORIENTED_EDGE('',*,*,#74,.F.);
#10880 = FACE_BOUND('',#10881,.T.);
#10881 = EDGE_LOOP('',(#10882));
#10882 = ORIENTED_EDGE('',*,*,#386,.T.);
#10883 = PLANE('',#10884);
#10884 = AXIS2_PLACEMENT_3D('',#10885,#10886,#10887);
#10885 = CARTESIAN_POINT('',(4.440892098501E-15,0.,1.8));
#10886 = DIRECTION('',(0.,0.,-1.));
#10887 = DIRECTION('',(-1.,0.,0.));
#10888 = ( GEOMETRIC_REPRESENTATION_CONTEXT(3) 
GLOBAL_UNCERTAINTY_ASSIGNED_CONTEXT((#10892)) 
GLOBAL_UNIT_ASSIGNED_CONTEXT((#10889,#10890,#10891)) 
REPRESENTATION_CONTEXT('Context #1',
  '3D Context with UNIT and UNCERTAINTY') );
#10889 = ( LENGTH_UNIT() NAMED_UNIT(*) SI_UNIT(.MILLI.,.METRE.) );
#10890 = ( NAMED_UNIT(*) PLANE_ANGLE_UNIT() SI_UNIT($,.RADIAN.) );
#10891 = ( NAMED_UNIT(*) SI_UNIT($,.STERADIAN.) SOLID_ANGLE_UNIT() );
#10892 = UNCERTAINTY_MEASURE_WITH_UNIT(LENGTH_MEASURE(5.E-04),#10889,
  'distance_accuracy_value','confusion accuracy');
#10893 = PRODUCT_RELATED_PRODUCT_CATEGORY('part',$,(#7));
#10894 = MECHANICAL_DESIGN_GEOMETRIC_PRESENTATION_REPRESENTATION('',(
    #10895),#10888);
#10895 = STYLED_ITEM('color',(#10896),#15);
#10896 = PRESENTATION_STYLE_ASSIGNMENT((#10897,#10903));
#10897 = SURFACE_STYLE_USAGE(.BOTH.,#10898);
#10898 = SURFACE_SIDE_STYLE('',(#10899));
#10899 = SURFACE_STYLE_FILL_AREA(#10900);
#10900 = FILL_AREA_STYLE('',(#10901));
#10901 = FILL_AREA_STYLE_COLOUR('',#10902);
#10902 = COLOUR_RGB('',0.28235292142,0.28235292142,0.28235292142);
#10903 = CURVE_STYLE('',#10904,POSITIVE_LENGTH_MEASURE(0.1),#10905);
#10904 = DRAUGHTING_PRE_DEFINED_CURVE_FONT('continuous');
#10905 = COLOUR_RGB('',9.803921802644E-02,9.803921802644E-02,
  9.803921802644E-02);
ENDSEC;
END-ISO-10303-21;
