ISO-10303-21;
HEADER;
FILE_DESCRIPTION(('FreeCAD Model'),'2;1');
FILE_NAME('Open CASCADE Shape Model','2025-03-29T20:04:11',(''),(''),
  'Open CASCADE STEP processor 7.8','FreeCAD','Unknown');
FILE_SCHEMA(('AUTOMOTIVE_DESIGN { 1 0 10303 214 1 1 1 1 }'));
ENDSEC;
DATA;
#1 = APPLICATION_PROTOCOL_DEFINITION('international standard',
  'automotive_design',2000,#2);
#2 = APPLICATION_CONTEXT(
  'core data for automotive mechanical design processes');
#3 = SHAPE_DEFINITION_REPRESENTATION(#4,#10);
#4 = PRODUCT_DEFINITION_SHAPE('','',#5);
#5 = PRODUCT_DEFINITION('design','',#6,#9);
#6 = PRODUCT_DEFINITION_FORMATION('','',#7);
#7 = PRODUCT('RotorSpacer','RotorSpacer','',(#8));
#8 = PRODUCT_CONTEXT('',#2,'mechanical');
#9 = PRODUCT_DEFINITION_CONTEXT('part definition',#2,'design');
#10 = ADVANCED_BREP_SHAPE_REPRESENTATION('',(#11,#15),#4445);
#11 = AXIS2_PLACEMENT_3D('',#12,#13,#14);
#12 = CARTESIAN_POINT('',(0.,0.,0.));
#13 = DIRECTION('',(0.,0.,1.));
#14 = DIRECTION('',(1.,0.,-0.));
#15 = MANIFOLD_SOLID_BREP('',#16);
#16 = CLOSED_SHELL('',(#17,#50,#414,#439,#464,#489,#514,#539,#618,#650,
    #735,#780,#878,#910,#982,#1027,#1062,#1097,#1119,#1143,#1176,#1193,
    #1226,#1243,#1265,#1283,#1305,#1327,#1339,#1351,#1363,#1445,#1477,
    #1562,#1607,#1695,#1720,#1786,#1821,#1856,#1878,#1902,#1935,#1952,
    #1985,#2002,#2024,#2042,#2064,#2086,#2098,#2110,#2122,#2201,#2233,
    #2318,#2363,#2448,#2473,#2539,#2574,#2609,#2631,#2655,#2688,#2705,
    #2738,#2755,#2777,#2795,#2817,#2839,#2851,#2863,#2875,#2957,#2989,
    #3074,#3119,#3204,#3229,#3295,#3330,#3365,#3387,#3411,#3444,#3461,
    #3494,#3511,#3533,#3551,#3573,#3595,#3607,#3619,#3631,#3705,#3730,
    #3810,#3898,#3923,#3989,#4024,#4059,#4081,#4105,#4138,#4155,#4188,
    #4205,#4227,#4245,#4267,#4289,#4301,#4313,#4325,#4362,#4379,#4404));
#17 = ADVANCED_FACE('',(#18),#45,.F.);
#18 = FACE_BOUND('',#19,.F.);
#19 = EDGE_LOOP('',(#20,#30,#37,#38));
#20 = ORIENTED_EDGE('',*,*,#21,.T.);
#21 = EDGE_CURVE('',#22,#24,#26,.T.);
#22 = VERTEX_POINT('',#23);
#23 = CARTESIAN_POINT('',(-3.375,-9.093266739737,20.25));
#24 = VERTEX_POINT('',#25);
#25 = CARTESIAN_POINT('',(-4.375,-9.093266739737,19.25));
#26 = LINE('',#27,#28);
#27 = CARTESIAN_POINT('',(-3.875,-9.093266739737,19.75));
#28 = VECTOR('',#29,1.);
#29 = DIRECTION('',(-0.707106781187,-8.659560562355E-17,-0.707106781187)
  );
#30 = ORIENTED_EDGE('',*,*,#31,.F.);
#31 = EDGE_CURVE('',#24,#24,#32,.T.);
#32 = CIRCLE('',#33,0.875);
#33 = AXIS2_PLACEMENT_3D('',#34,#35,#36);
#34 = CARTESIAN_POINT('',(-5.25,-9.093266739737,19.25));
#35 = DIRECTION('',(0.,0.,-1.));
#36 = DIRECTION('',(-1.,0.,0.));
#37 = ORIENTED_EDGE('',*,*,#21,.F.);
#38 = ORIENTED_EDGE('',*,*,#39,.F.);
#39 = EDGE_CURVE('',#22,#22,#40,.T.);
#40 = CIRCLE('',#41,1.875);
#41 = AXIS2_PLACEMENT_3D('',#42,#43,#44);
#42 = CARTESIAN_POINT('',(-5.25,-9.093266739737,20.25));
#43 = DIRECTION('',(0.,0.,1.));
#44 = DIRECTION('',(-1.,0.,0.));
#45 = CONICAL_SURFACE('',#46,1.375,0.785398163397);
#46 = AXIS2_PLACEMENT_3D('',#47,#48,#49);
#47 = CARTESIAN_POINT('',(-5.25,-9.093266739737,19.75));
#48 = DIRECTION('',(0.,0.,1.));
#49 = DIRECTION('',(-1.,0.,0.));
#50 = ADVANCED_FACE('',(#51,#373,#384,#395,#406),#409,.T.);
#51 = FACE_BOUND('',#52,.T.);
#52 = EDGE_LOOP('',(#53,#64,#79,#87,#96,#104,#119,#128,#143,#151,#160,
    #168,#183,#192,#207,#215,#224,#232,#247,#256,#271,#279,#288,#296,
    #311,#320,#335,#343,#352,#360));
#53 = ORIENTED_EDGE('',*,*,#54,.T.);
#54 = EDGE_CURVE('',#55,#57,#59,.T.);
#55 = VERTEX_POINT('',#56);
#56 = CARTESIAN_POINT('',(-13.6154504204,-11.15255620247,20.249999999994
    ));
#57 = VERTEX_POINT('',#58);
#58 = CARTESIAN_POINT('',(4.459822715,-17.02556845896,20.249999999999));
#59 = CIRCLE('',#60,17.6);
#60 = AXIS2_PLACEMENT_3D('',#61,#62,#63);
#61 = CARTESIAN_POINT('',(4.440892098501E-15,-4.815648849472E-16,20.25)
  );
#62 = DIRECTION('',(0.,0.,1.));
#63 = DIRECTION('',(-1.,0.,0.));
#64 = ORIENTED_EDGE('',*,*,#65,.F.);
#65 = EDGE_CURVE('',#66,#57,#68,.T.);
#66 = VERTEX_POINT('',#67);
#67 = CARTESIAN_POINT('',(5.228384502456,-17.22393670141,20.25));
#68 = B_SPLINE_CURVE_WITH_KNOTS('',3,(#69,#70,#71,#72,#73,#74,#75,#76,
    #77,#78),.UNSPECIFIED.,.F.,.F.,(4,2,2,2,4),(-3.953200747769E-04,0.,
    3.320697661912E-02,5.771935929301E-02,7.985343016909E-02),
  .UNSPECIFIED.);
#69 = CARTESIAN_POINT('',(5.228384502456,-17.22393670141,20.25));
#70 = CARTESIAN_POINT('',(5.227222130264,-17.22331596582,20.25));
#71 = CARTESIAN_POINT('',(5.22605986709,-17.222695061,20.25));
#72 = CARTESIAN_POINT('',(5.127273069334,-17.16990411942,20.25));
#73 = CARTESIAN_POINT('',(5.030876161654,-17.11697889128,20.25));
#74 = CARTESIAN_POINT('',(4.854752522485,-17.04648007674,20.25));
#75 = CARTESIAN_POINT('',(4.768410938966,-17.01965551058,20.25));
#76 = CARTESIAN_POINT('',(4.591047289082,-17.00212627157,20.25));
#77 = CARTESIAN_POINT('',(4.519381151626,-17.00996721374,20.25));
#78 = CARTESIAN_POINT('',(4.459822715001,-17.02556845896,20.25));
#79 = ORIENTED_EDGE('',*,*,#80,.F.);
#80 = EDGE_CURVE('',#81,#66,#83,.T.);
#81 = VERTEX_POINT('',#82);
#82 = CARTESIAN_POINT('',(6.495549302758,-21.12386894618,20.25));
#83 = LINE('',#84,#85);
#84 = CARTESIAN_POINT('',(3.141639512989,-10.80159600107,20.25));
#85 = VECTOR('',#86,1.);
#86 = DIRECTION('',(-0.309016994376,0.951056516295,0.));
#87 = ORIENTED_EDGE('',*,*,#88,.F.);
#88 = EDGE_CURVE('',#89,#81,#91,.T.);
#89 = VERTEX_POINT('',#90);
#90 = CARTESIAN_POINT('',(7.161288864193,-20.90755705011,20.25));
#91 = CIRCLE('',#92,22.1);
#92 = AXIS2_PLACEMENT_3D('',#93,#94,#95);
#93 = CARTESIAN_POINT('',(9.143157067742E-16,-4.372351101786E-15,20.25)
  );
#94 = DIRECTION('',(0.,0.,-1.));
#95 = DIRECTION('',(0.309016994375,-0.951056516295,0.));
#96 = ORIENTED_EDGE('',*,*,#97,.F.);
#97 = EDGE_CURVE('',#98,#89,#100,.T.);
#98 = VERTEX_POINT('',#99);
#99 = CARTESIAN_POINT('',(5.894124063894,-17.00762480534,20.25));
#100 = LINE('',#101,#102);
#101 = CARTESIAN_POINT('',(3.049749145946,-8.253538946828,20.25));
#102 = VECTOR('',#103,1.);
#103 = DIRECTION('',(0.309016994375,-0.951056516295,0.));
#104 = ORIENTED_EDGE('',*,*,#105,.F.);
#105 = EDGE_CURVE('',#106,#98,#108,.T.);
#106 = VERTEX_POINT('',#107);
#107 = CARTESIAN_POINT('',(6.399305683759,-16.3953922419,20.249999999976
    ));
#108 = B_SPLINE_CURVE_WITH_KNOTS('',3,(#109,#110,#111,#112,#113,#114,
    #115,#116,#117,#118),.UNSPECIFIED.,.F.,.F.,(4,2,2,2,4),(0.,
    1.847037016268E-02,3.892538721143E-02,6.663583682195E-02,
    6.696572247049E-02),.UNSPECIFIED.);
#109 = CARTESIAN_POINT('',(6.399305683733,-16.39539224191,20.25));
#110 = CARTESIAN_POINT('',(6.341951713341,-16.41777814054,20.25));
#111 = CARTESIAN_POINT('',(6.279363798355,-16.45355898486,20.25));
#112 = CARTESIAN_POINT('',(6.146177013393,-16.57199218238,20.25));
#113 = CARTESIAN_POINT('',(6.092092286522,-16.64444402849,20.25));
#114 = CARTESIAN_POINT('',(5.991043438136,-16.8050016439,20.25));
#115 = CARTESIAN_POINT('',(5.944165374817,-16.90447972304,20.25));
#116 = CARTESIAN_POINT('',(5.895274915791,-17.00525391013,20.25));
#117 = CARTESIAN_POINT('',(5.89469958391,-17.00643939366,20.25));
#118 = CARTESIAN_POINT('',(5.894124063894,-17.00762480534,20.25));
#119 = ORIENTED_EDGE('',*,*,#120,.T.);
#120 = EDGE_CURVE('',#106,#121,#123,.T.);
#121 = VERTEX_POINT('',#122);
#122 = CARTESIAN_POINT('',(17.570438837359,-1.01964653809,20.25));
#123 = CIRCLE('',#124,17.6);
#124 = AXIS2_PLACEMENT_3D('',#125,#126,#127);
#125 = CARTESIAN_POINT('',(4.440892098501E-15,-4.815648849472E-16,20.25)
  );
#126 = DIRECTION('',(0.,0.,1.));
#127 = DIRECTION('',(-1.,0.,0.));
#128 = ORIENTED_EDGE('',*,*,#129,.F.);
#129 = EDGE_CURVE('',#130,#121,#132,.T.);
#130 = VERTEX_POINT('',#131);
#131 = CARTESIAN_POINT('',(17.996596900525,-0.350000000019,20.25));
#132 = B_SPLINE_CURVE_WITH_KNOTS('',3,(#133,#134,#135,#136,#137,#138,
    #139,#140,#141,#142),.UNSPECIFIED.,.F.,.F.,(4,2,2,2,4),(
    -3.953207991069E-04,0.,3.320699283205E-02,5.771937167451E-02,
    7.985344769293E-02),.UNSPECIFIED.);
#133 = CARTESIAN_POINT('',(17.996596900525,-0.350000000019,20.25));
#134 = CARTESIAN_POINT('',(17.995647351389,-0.350913665492,20.25));
#135 = CARTESIAN_POINT('',(17.994697679714,-0.351827170459,20.25));
#136 = CARTESIAN_POINT('',(17.91396367069,-0.42946573921,20.25));
#137 = CARTESIAN_POINT('',(17.833840487702,-0.504789868366,20.25));
#138 = CARTESIAN_POINT('',(17.712366949312,-0.650508074798,20.25));
#139 = CARTESIAN_POINT('',(17.660174280951,-0.724334527168,20.25));
#140 = CARTESIAN_POINT('',(17.588694615863,-0.887600516969,20.25));
#141 = CARTESIAN_POINT('',(17.574005740518,-0.958182048716,20.25));
#142 = CARTESIAN_POINT('',(17.570438837359,-1.01964653809,20.25));
#143 = ORIENTED_EDGE('',*,*,#144,.F.);
#144 = EDGE_CURVE('',#145,#130,#147,.T.);
#145 = VERTEX_POINT('',#146);
#146 = CARTESIAN_POINT('',(22.097228332983,-0.350000000015,20.25));
#147 = LINE('',#148,#149);
#148 = CARTESIAN_POINT('',(11.243748262923,-0.350000000026,20.25));
#149 = VECTOR('',#150,1.);
#150 = DIRECTION('',(-1.,-9.983775874838E-13,0.));
#151 = ORIENTED_EDGE('',*,*,#152,.F.);
#152 = EDGE_CURVE('',#153,#145,#155,.T.);
#153 = VERTEX_POINT('',#154);
#154 = CARTESIAN_POINT('',(22.097228332983,0.350000000015,20.25));
#155 = CIRCLE('',#156,22.1);
#156 = AXIS2_PLACEMENT_3D('',#157,#158,#159);
#157 = CARTESIAN_POINT('',(4.440892098501E-15,-4.815648849472E-16,20.25)
  );
#158 = DIRECTION('',(0.,0.,-1.));
#159 = DIRECTION('',(1.,5.665538897648E-16,0.));
#160 = ORIENTED_EDGE('',*,*,#161,.F.);
#161 = EDGE_CURVE('',#162,#153,#164,.T.);
#162 = VERTEX_POINT('',#163);
#163 = CARTESIAN_POINT('',(17.996596900525,0.350000000014,20.25));
#164 = LINE('',#165,#166);
#165 = CARTESIAN_POINT('',(8.792006312554,0.350000000012,20.25));
#166 = VECTOR('',#167,1.);
#167 = DIRECTION('',(1.,1.944057049673E-13,0.));
#168 = ORIENTED_EDGE('',*,*,#169,.F.);
#169 = EDGE_CURVE('',#170,#162,#172,.T.);
#170 = VERTEX_POINT('',#171);
#171 = CARTESIAN_POINT('',(17.570438837359,1.01964653809,20.249999999996
    ));
#172 = B_SPLINE_CURVE_WITH_KNOTS('',3,(#173,#174,#175,#176,#177,#178,
    #179,#180,#181,#182),.UNSPECIFIED.,.F.,.F.,(4,2,2,2,4),(0.,
    1.847036985619E-02,3.892537792053E-02,6.663583984225E-02,
    6.696572553074E-02),.UNSPECIFIED.);
#173 = CARTESIAN_POINT('',(17.570438837359,1.019646538085,20.25));
#174 = CARTESIAN_POINT('',(17.574005740518,0.958182048717,20.25));
#175 = CARTESIAN_POINT('',(17.58869461586,0.88760051698,20.25));
#176 = CARTESIAN_POINT('',(17.660174280944,0.72433452717,20.25));
#177 = CARTESIAN_POINT('',(17.712366949317,0.650508074784,20.25));
#178 = CARTESIAN_POINT('',(17.833840491266,0.504789864089,20.25));
#179 = CARTESIAN_POINT('',(17.913963679556,0.429465730693,20.25));
#180 = CARTESIAN_POINT('',(17.994697678724,0.351827171405,20.25));
#181 = CARTESIAN_POINT('',(17.995647352383,0.35091366453,20.25));
#182 = CARTESIAN_POINT('',(17.996596900525,0.350000000014,20.25));
#183 = ORIENTED_EDGE('',*,*,#184,.T.);
#184 = EDGE_CURVE('',#170,#185,#187,.T.);
#185 = VERTEX_POINT('',#186);
#186 = CARTESIAN_POINT('',(6.39930568432,16.395392241683,20.249999999448
    ));
#187 = CIRCLE('',#188,17.6);
#188 = AXIS2_PLACEMENT_3D('',#189,#190,#191);
#189 = CARTESIAN_POINT('',(4.440892098501E-15,-4.815648849472E-16,20.25)
  );
#190 = DIRECTION('',(0.,0.,1.));
#191 = DIRECTION('',(-1.,0.,0.));
#192 = ORIENTED_EDGE('',*,*,#193,.F.);
#193 = EDGE_CURVE('',#194,#185,#196,.T.);
#194 = VERTEX_POINT('',#195);
#195 = CARTESIAN_POINT('',(5.894124063899,17.007624805344,20.25));
#196 = B_SPLINE_CURVE_WITH_KNOTS('',3,(#197,#198,#199,#200,#201,#202,
    #203,#204,#205,#206),.UNSPECIFIED.,.F.,.F.,(4,2,2,2,4),(
    -3.953203579335E-04,0.,3.320697494652E-02,5.771936105112E-02,
    7.985343426351E-02),.UNSPECIFIED.);
#197 = CARTESIAN_POINT('',(5.894124063899,17.007624805344,20.25));
#198 = CARTESIAN_POINT('',(5.894699583938,17.006439393615,20.25));
#199 = CARTESIAN_POINT('',(5.895274915773,17.00525391018,20.25));
#200 = CARTESIAN_POINT('',(5.944165375029,16.904479722614,20.25));
#201 = CARTESIAN_POINT('',(5.991043438254,16.805001643722,20.25));
#202 = CARTESIAN_POINT('',(6.092092286527,16.644444028492,20.25));
#203 = CARTESIAN_POINT('',(6.146177013398,16.571992182385,20.25));
#204 = CARTESIAN_POINT('',(6.27936379836,16.453558984861,20.25));
#205 = CARTESIAN_POINT('',(6.341951713345,16.417778140539,20.25));
#206 = CARTESIAN_POINT('',(6.399305683738,16.39539224191,20.25));
#207 = ORIENTED_EDGE('',*,*,#208,.F.);
#208 = EDGE_CURVE('',#209,#194,#211,.T.);
#209 = VERTEX_POINT('',#210);
#210 = CARTESIAN_POINT('',(7.161288864193,20.907557050109,20.25));
#211 = LINE('',#212,#213);
#212 = CARTESIAN_POINT('',(3.807379074445,10.585284104996,20.25));
#213 = VECTOR('',#214,1.);
#214 = DIRECTION('',(-0.309016994374,-0.951056516295,0.));
#215 = ORIENTED_EDGE('',*,*,#216,.F.);
#216 = EDGE_CURVE('',#217,#209,#219,.T.);
#217 = VERTEX_POINT('',#218);
#218 = CARTESIAN_POINT('',(6.495549302758,21.123868946181,20.25));
#219 = CIRCLE('',#220,22.1);
#220 = AXIS2_PLACEMENT_3D('',#221,#222,#223);
#221 = CARTESIAN_POINT('',(1.83030655047E-15,4.0747276351E-15,20.25));
#222 = DIRECTION('',(0.,0.,-1.));
#223 = DIRECTION('',(0.309016994375,0.951056516295,0.));
#224 = ORIENTED_EDGE('',*,*,#225,.F.);
#225 = EDGE_CURVE('',#226,#217,#228,.T.);
#226 = VERTEX_POINT('',#227);
#227 = CARTESIAN_POINT('',(5.228384502461,17.223936701417,20.25));
#228 = LINE('',#229,#230);
#229 = CARTESIAN_POINT('',(2.384009584516,8.469850842898,20.25));
#230 = VECTOR('',#231,1.);
#231 = DIRECTION('',(0.309016994375,0.951056516295,0.));
#232 = ORIENTED_EDGE('',*,*,#233,.F.);
#233 = EDGE_CURVE('',#234,#226,#236,.T.);
#234 = VERTEX_POINT('',#235);
#235 = CARTESIAN_POINT('',(4.459822715001,17.025568458961,
    20.249999999996));
#236 = B_SPLINE_CURVE_WITH_KNOTS('',3,(#237,#238,#239,#240,#241,#242,
    #243,#244,#245,#246),.UNSPECIFIED.,.F.,.F.,(4,2,2,2,4),(0.,
    1.847036985608E-02,3.892537793054E-02,6.663584024554E-02,
    6.696572584287E-02),.UNSPECIFIED.);
#237 = CARTESIAN_POINT('',(4.459822715006,17.02556845896,20.25));
#238 = CARTESIAN_POINT('',(4.519381151833,17.009967213687,20.25));
#239 = CARTESIAN_POINT('',(4.59104728963,17.002126271502,20.25));
#240 = CARTESIAN_POINT('',(4.768410904436,17.019655507312,20.25));
#241 = CARTESIAN_POINT('',(4.854752454605,17.046480056271,20.25));
#242 = CARTESIAN_POINT('',(5.030876098734,17.116978857016,20.25));
#243 = CARTESIAN_POINT('',(5.127273035052,17.169904101092,20.25));
#244 = CARTESIAN_POINT('',(5.226059867014,17.222695060957,20.25));
#245 = CARTESIAN_POINT('',(5.227222129732,17.223315965532,20.25));
#246 = CARTESIAN_POINT('',(5.228384502461,17.223936701417,20.25));
#247 = ORIENTED_EDGE('',*,*,#248,.T.);
#248 = EDGE_CURVE('',#234,#249,#251,.T.);
#249 = VERTEX_POINT('',#250);
#250 = CARTESIAN_POINT('',(-13.61545042001,11.15255620296,
    20.249999999448));
#251 = CIRCLE('',#252,17.6);
#252 = AXIS2_PLACEMENT_3D('',#253,#254,#255);
#253 = CARTESIAN_POINT('',(4.440892098501E-15,-4.815648849472E-16,20.25)
  );
#254 = DIRECTION('',(0.,0.,1.));
#255 = DIRECTION('',(-1.,0.,0.));
#256 = ORIENTED_EDGE('',*,*,#257,.F.);
#257 = EDGE_CURVE('',#258,#249,#260,.T.);
#258 = VERTEX_POINT('',#259);
#259 = CARTESIAN_POINT('',(-14.35382789512,10.861290197628,20.25));
#260 = B_SPLINE_CURVE_WITH_KNOTS('',3,(#261,#262,#263,#264,#265,#266,
    #267,#268,#269,#270),.UNSPECIFIED.,.F.,.F.,(4,2,2,2,4),(
    -3.953205628626E-04,0.,3.320697582784E-02,5.771936651191E-02,
    7.985344204382E-02),.UNSPECIFIED.);
#261 = CARTESIAN_POINT('',(-14.35382789512,10.861290197628,20.25));
#262 = CARTESIAN_POINT('',(-14.35252265542,10.861471237436,20.25));
#263 = CARTESIAN_POINT('',(-14.35121740851,10.861652075701,20.25));
#264 = CARTESIAN_POINT('',(-14.24026747439,10.877008729503,20.25));
#265 = CARTESIAN_POINT('',(-14.13117209136,10.890851999162,20.25));
#266 = CARTESIAN_POINT('',(-13.94724691651,10.937340129849,20.25));
#267 = CARTESIAN_POINT('',(-13.86162800958,10.966388911224,20.25));
#268 = CARTESIAN_POINT('',(-13.70783436055,11.056459203536,20.25));
#269 = CARTESIAN_POINT('',(-13.65446402649,11.104926958588,20.25));
#270 = CARTESIAN_POINT('',(-13.6154504204,11.152556202477,20.25));
#271 = ORIENTED_EDGE('',*,*,#272,.F.);
#272 = EDGE_CURVE('',#273,#258,#275,.T.);
#273 = VERTEX_POINT('',#274);
#274 = CARTESIAN_POINT('',(-17.67130841165,13.27158087871,20.25));
#275 = LINE('',#276,#277);
#276 = CARTESIAN_POINT('',(-8.890658586861,6.892065357488,20.25));
#277 = VECTOR('',#278,1.);
#278 = DIRECTION('',(0.809016994376,-0.587785252292,0.));
#279 = ORIENTED_EDGE('',*,*,#280,.F.);
#280 = EDGE_CURVE('',#281,#273,#283,.T.);
#281 = VERTEX_POINT('',#282);
#282 = CARTESIAN_POINT('',(-18.08275808827,12.705268982624,20.25));
#283 = CIRCLE('',#284,22.1);
#284 = AXIS2_PLACEMENT_3D('',#285,#286,#287);
#285 = CARTESIAN_POINT('',(-3.309700440479E-15,2.999885058337E-15,20.25)
  );
#286 = DIRECTION('',(0.,0.,-1.));
#287 = DIRECTION('',(-0.809016994375,0.587785252292,0.));
#288 = ORIENTED_EDGE('',*,*,#289,.F.);
#289 = EDGE_CURVE('',#290,#281,#292,.T.);
#290 = VERTEX_POINT('',#291);
#291 = CARTESIAN_POINT('',(-14.76527757175,10.294978301538,20.25));
#292 = LINE('',#293,#294);
#293 = CARTESIAN_POINT('',(-7.318607359818,4.884655700541,20.25));
#294 = VECTOR('',#295,1.);
#295 = DIRECTION('',(-0.809016994375,0.587785252292,0.));
#296 = ORIENTED_EDGE('',*,*,#297,.F.);
#297 = EDGE_CURVE('',#298,#290,#300,.T.);
#298 = VERTEX_POINT('',#299);
#299 = CARTESIAN_POINT('',(-14.81411681568,9.502733447336,
    20.249999999996));
#300 = B_SPLINE_CURVE_WITH_KNOTS('',3,(#301,#302,#303,#304,#305,#306,
    #307,#308,#309,#310),.UNSPECIFIED.,.F.,.F.,(4,2,2,2,4),(0.,
    1.847036985606E-02,3.892537793054E-02,6.663584031211E-02,
    6.6965725905E-02),.UNSPECIFIED.);
#301 = CARTESIAN_POINT('',(-14.81411681568,9.50273344734,20.25));
#302 = CARTESIAN_POINT('',(-14.78087458057,9.554555836862,20.25));
#303 = CARTESIAN_POINT('',(-14.75127134691,9.620291399825,20.25));
#304 = CARTESIAN_POINT('',(-14.71313426969,9.794391053204,20.25));
#305 = CARTESIAN_POINT('',(-14.71196492545,9.884795988614,20.25));
#306 = CARTESIAN_POINT('',(-14.72458807016,10.07408485581,20.25));
#307 = CARTESIAN_POINT('',(-14.74513467697,10.18211859041,20.25));
#308 = CARTESIAN_POINT('',(-14.76481505335,10.292383753818,20.25));
#309 = CARTESIAN_POINT('',(-14.76504640977,10.29368100147,20.25));
#310 = CARTESIAN_POINT('',(-14.76527757175,10.294978301538,20.25));
#311 = ORIENTED_EDGE('',*,*,#312,.T.);
#312 = EDGE_CURVE('',#298,#313,#315,.T.);
#313 = VERTEX_POINT('',#314);
#314 = CARTESIAN_POINT('',(-14.81411681568,-9.502733447335,20.25));
#315 = CIRCLE('',#316,17.6);
#316 = AXIS2_PLACEMENT_3D('',#317,#318,#319);
#317 = CARTESIAN_POINT('',(4.440892098501E-15,-4.815648849472E-16,20.25)
  );
#318 = DIRECTION('',(0.,0.,1.));
#319 = DIRECTION('',(-1.,0.,0.));
#320 = ORIENTED_EDGE('',*,*,#321,.F.);
#321 = EDGE_CURVE('',#322,#313,#324,.T.);
#322 = VERTEX_POINT('',#323);
#323 = CARTESIAN_POINT('',(-14.76527757175,-10.29497830153,20.25));
#324 = B_SPLINE_CURVE_WITH_KNOTS('',3,(#325,#326,#327,#328,#329,#330,
    #331,#332,#333,#334),.UNSPECIFIED.,.F.,.F.,(4,2,2,2,4),(
    -3.953205959719E-04,0.,3.320698246974E-02,5.771936842931E-02,
    7.985344363484E-02),.UNSPECIFIED.);
#325 = CARTESIAN_POINT('',(-14.76527757175,-10.29497830153,20.25));
#326 = CARTESIAN_POINT('',(-14.76504640957,-10.29368100032,20.25));
#327 = CARTESIAN_POINT('',(-14.76481505363,-10.29238375535,20.25));
#328 = CARTESIAN_POINT('',(-14.74513468022,-10.18211860862,20.25));
#329 = CARTESIAN_POINT('',(-14.72458808102,-10.07408490962,20.25));
#330 = CARTESIAN_POINT('',(-14.71196492417,-9.884796049706,20.25));
#331 = CARTESIAN_POINT('',(-14.7131342632,-9.794391082726,20.25));
#332 = CARTESIAN_POINT('',(-14.75127134695,-9.620291399724,20.25));
#333 = CARTESIAN_POINT('',(-14.78087458059,-9.554555836823,20.25));
#334 = CARTESIAN_POINT('',(-14.81411681568,-9.502733447336,20.25));
#335 = ORIENTED_EDGE('',*,*,#336,.F.);
#336 = EDGE_CURVE('',#337,#322,#339,.T.);
#337 = VERTEX_POINT('',#338);
#338 = CARTESIAN_POINT('',(-18.08275808827,-12.70526898262,20.25));
#339 = LINE('',#340,#341);
#340 = CARTESIAN_POINT('',(-9.302108263497,-6.325753461383,20.25));
#341 = VECTOR('',#342,1.);
#342 = DIRECTION('',(0.809016994374,0.587785252293,0.));
#343 = ORIENTED_EDGE('',*,*,#344,.F.);
#344 = EDGE_CURVE('',#345,#337,#347,.T.);
#345 = VERTEX_POINT('',#346);
#346 = CARTESIAN_POINT('',(-17.67130841165,-13.27158087871,20.25));
#347 = CIRCLE('',#348,22.1);
#348 = AXIS2_PLACEMENT_3D('',#349,#350,#351);
#349 = CARTESIAN_POINT('',(-3.875813915266E-15,-2.220696706704E-15,20.25
    ));
#350 = DIRECTION('',(0.,0.,-1.));
#351 = DIRECTION('',(-0.809016994375,-0.587785252292,-0.));
#352 = ORIENTED_EDGE('',*,*,#353,.F.);
#353 = EDGE_CURVE('',#354,#345,#356,.T.);
#354 = VERTEX_POINT('',#355);
#355 = CARTESIAN_POINT('',(-14.35382789513,-10.86129019762,20.25));
#356 = LINE('',#357,#358);
#357 = CARTESIAN_POINT('',(-6.907157683199,-5.450967596623,20.25));
#358 = VECTOR('',#359,1.);
#359 = DIRECTION('',(-0.809016994375,-0.587785252293,0.));
#360 = ORIENTED_EDGE('',*,*,#361,.F.);
#361 = EDGE_CURVE('',#55,#354,#362,.T.);
#362 = B_SPLINE_CURVE_WITH_KNOTS('',3,(#363,#364,#365,#366,#367,#368,
    #369,#370,#371,#372),.UNSPECIFIED.,.F.,.F.,(4,2,2,2,4),(0.,
    1.847036983889E-02,3.892538499953E-02,6.663583864289E-02,
    6.696572422439E-02),.UNSPECIFIED.);
#363 = CARTESIAN_POINT('',(-13.61545042041,-11.15255620247,20.25));
#364 = CARTESIAN_POINT('',(-13.65446402603,-11.10492695914,20.25));
#365 = CARTESIAN_POINT('',(-13.70783435918,-11.05645920483,20.25));
#366 = CARTESIAN_POINT('',(-13.86162799182,-10.96638892107,20.25));
#367 = CARTESIAN_POINT('',(-13.94724688115,-10.93734014208,20.25));
#368 = CARTESIAN_POINT('',(-14.13117205988,-10.89085200264,20.25));
#369 = CARTESIAN_POINT('',(-14.24026746599,-10.87700873067,20.25));
#370 = CARTESIAN_POINT('',(-14.35121740749,-10.86165207583,20.25));
#371 = CARTESIAN_POINT('',(-14.35252265647,-10.86147123728,20.25));
#372 = CARTESIAN_POINT('',(-14.35382789513,-10.86129019762,20.25));
#373 = FACE_BOUND('',#374,.T.);
#374 = EDGE_LOOP('',(#375));
#375 = ORIENTED_EDGE('',*,*,#376,.F.);
#376 = EDGE_CURVE('',#377,#377,#379,.T.);
#377 = VERTEX_POINT('',#378);
#378 = CARTESIAN_POINT('',(-3.375,9.093266739737,20.25));
#379 = CIRCLE('',#380,1.875);
#380 = AXIS2_PLACEMENT_3D('',#381,#382,#383);
#381 = CARTESIAN_POINT('',(-5.25,9.093266739737,20.25));
#382 = DIRECTION('',(0.,0.,1.));
#383 = DIRECTION('',(-1.,0.,0.));
#384 = FACE_BOUND('',#385,.T.);
#385 = EDGE_LOOP('',(#386));
#386 = ORIENTED_EDGE('',*,*,#387,.T.);
#387 = EDGE_CURVE('',#388,#388,#390,.T.);
#388 = VERTEX_POINT('',#389);
#389 = CARTESIAN_POINT('',(8.,4.981525543707E-16,20.25));
#390 = CIRCLE('',#391,8.);
#391 = AXIS2_PLACEMENT_3D('',#392,#393,#394);
#392 = CARTESIAN_POINT('',(4.440892098501E-15,-4.815648849472E-16,20.25)
  );
#393 = DIRECTION('',(0.,0.,-1.));
#394 = DIRECTION('',(-1.,0.,0.));
#395 = FACE_BOUND('',#396,.T.);
#396 = EDGE_LOOP('',(#397));
#397 = ORIENTED_EDGE('',*,*,#398,.F.);
#398 = EDGE_CURVE('',#399,#399,#401,.T.);
#399 = VERTEX_POINT('',#400);
#400 = CARTESIAN_POINT('',(12.375,1.085028663614E-14,20.25));
#401 = CIRCLE('',#402,1.875);
#402 = AXIS2_PLACEMENT_3D('',#403,#404,#405);
#403 = CARTESIAN_POINT('',(10.5,1.06206653613E-14,20.25));
#404 = DIRECTION('',(0.,0.,1.));
#405 = DIRECTION('',(-1.,0.,0.));
#406 = FACE_BOUND('',#407,.T.);
#407 = EDGE_LOOP('',(#408));
#408 = ORIENTED_EDGE('',*,*,#39,.F.);
#409 = PLANE('',#410);
#410 = AXIS2_PLACEMENT_3D('',#411,#412,#413);
#411 = CARTESIAN_POINT('',(4.440892098501E-15,0.,20.25));
#412 = DIRECTION('',(0.,0.,1.));
#413 = DIRECTION('',(-1.,0.,0.));
#414 = ADVANCED_FACE('',(#415),#434,.F.);
#415 = FACE_BOUND('',#416,.F.);
#416 = EDGE_LOOP('',(#417,#425,#432,#433));
#417 = ORIENTED_EDGE('',*,*,#418,.T.);
#418 = EDGE_CURVE('',#24,#419,#421,.T.);
#419 = VERTEX_POINT('',#420);
#420 = CARTESIAN_POINT('',(-4.375,-9.093266739737,18.75));
#421 = LINE('',#422,#423);
#422 = CARTESIAN_POINT('',(-4.375,-9.093266739737,18.75));
#423 = VECTOR('',#424,1.);
#424 = DIRECTION('',(0.,0.,-1.));
#425 = ORIENTED_EDGE('',*,*,#426,.F.);
#426 = EDGE_CURVE('',#419,#419,#427,.T.);
#427 = CIRCLE('',#428,0.875);
#428 = AXIS2_PLACEMENT_3D('',#429,#430,#431);
#429 = CARTESIAN_POINT('',(-5.25,-9.093266739737,18.75));
#430 = DIRECTION('',(0.,0.,-1.));
#431 = DIRECTION('',(-1.,0.,0.));
#432 = ORIENTED_EDGE('',*,*,#418,.F.);
#433 = ORIENTED_EDGE('',*,*,#31,.T.);
#434 = CYLINDRICAL_SURFACE('',#435,0.875);
#435 = AXIS2_PLACEMENT_3D('',#436,#437,#438);
#436 = CARTESIAN_POINT('',(-5.25,-9.093266739737,18.75));
#437 = DIRECTION('',(0.,0.,1.));
#438 = DIRECTION('',(-1.,0.,0.));
#439 = ADVANCED_FACE('',(#440),#459,.F.);
#440 = FACE_BOUND('',#441,.F.);
#441 = EDGE_LOOP('',(#442,#450,#457,#458));
#442 = ORIENTED_EDGE('',*,*,#443,.T.);
#443 = EDGE_CURVE('',#377,#444,#446,.T.);
#444 = VERTEX_POINT('',#445);
#445 = CARTESIAN_POINT('',(-4.375,9.093266739737,19.25));
#446 = LINE('',#447,#448);
#447 = CARTESIAN_POINT('',(-3.875,9.093266739737,19.75));
#448 = VECTOR('',#449,1.);
#449 = DIRECTION('',(-0.707106781187,-8.659560562355E-17,-0.707106781187
    ));
#450 = ORIENTED_EDGE('',*,*,#451,.F.);
#451 = EDGE_CURVE('',#444,#444,#452,.T.);
#452 = CIRCLE('',#453,0.875);
#453 = AXIS2_PLACEMENT_3D('',#454,#455,#456);
#454 = CARTESIAN_POINT('',(-5.25,9.093266739737,19.25));
#455 = DIRECTION('',(0.,0.,-1.));
#456 = DIRECTION('',(-1.,0.,0.));
#457 = ORIENTED_EDGE('',*,*,#443,.F.);
#458 = ORIENTED_EDGE('',*,*,#376,.F.);
#459 = CONICAL_SURFACE('',#460,1.375,0.785398163397);
#460 = AXIS2_PLACEMENT_3D('',#461,#462,#463);
#461 = CARTESIAN_POINT('',(-5.25,9.093266739737,19.75));
#462 = DIRECTION('',(0.,0.,1.));
#463 = DIRECTION('',(-1.,0.,0.));
#464 = ADVANCED_FACE('',(#465),#484,.F.);
#465 = FACE_BOUND('',#466,.F.);
#466 = EDGE_LOOP('',(#467,#475,#482,#483));
#467 = ORIENTED_EDGE('',*,*,#468,.T.);
#468 = EDGE_CURVE('',#444,#469,#471,.T.);
#469 = VERTEX_POINT('',#470);
#470 = CARTESIAN_POINT('',(-4.375,9.093266739737,18.75));
#471 = LINE('',#472,#473);
#472 = CARTESIAN_POINT('',(-4.375,9.093266739737,18.75));
#473 = VECTOR('',#474,1.);
#474 = DIRECTION('',(0.,0.,-1.));
#475 = ORIENTED_EDGE('',*,*,#476,.F.);
#476 = EDGE_CURVE('',#469,#469,#477,.T.);
#477 = CIRCLE('',#478,0.875);
#478 = AXIS2_PLACEMENT_3D('',#479,#480,#481);
#479 = CARTESIAN_POINT('',(-5.25,9.093266739737,18.75));
#480 = DIRECTION('',(0.,0.,-1.));
#481 = DIRECTION('',(-1.,0.,0.));
#482 = ORIENTED_EDGE('',*,*,#468,.F.);
#483 = ORIENTED_EDGE('',*,*,#451,.T.);
#484 = CYLINDRICAL_SURFACE('',#485,0.875);
#485 = AXIS2_PLACEMENT_3D('',#486,#487,#488);
#486 = CARTESIAN_POINT('',(-5.25,9.093266739737,18.75));
#487 = DIRECTION('',(0.,0.,1.));
#488 = DIRECTION('',(-1.,0.,0.));
#489 = ADVANCED_FACE('',(#490),#509,.F.);
#490 = FACE_BOUND('',#491,.F.);
#491 = EDGE_LOOP('',(#492,#500,#507,#508));
#492 = ORIENTED_EDGE('',*,*,#493,.T.);
#493 = EDGE_CURVE('',#399,#494,#496,.T.);
#494 = VERTEX_POINT('',#495);
#495 = CARTESIAN_POINT('',(11.375,1.051350876638E-14,19.25));
#496 = LINE('',#497,#498);
#497 = CARTESIAN_POINT('',(11.875,1.078905429619E-14,19.75));
#498 = VECTOR('',#499,1.);
#499 = DIRECTION('',(-0.707106781187,-8.659560562355E-17,-0.707106781187
    ));
#500 = ORIENTED_EDGE('',*,*,#501,.F.);
#501 = EDGE_CURVE('',#494,#494,#502,.T.);
#502 = CIRCLE('',#503,0.875);
#503 = AXIS2_PLACEMENT_3D('',#504,#505,#506);
#504 = CARTESIAN_POINT('',(10.5,1.06206653613E-14,19.25));
#505 = DIRECTION('',(0.,0.,-1.));
#506 = DIRECTION('',(-1.,0.,0.));
#507 = ORIENTED_EDGE('',*,*,#493,.F.);
#508 = ORIENTED_EDGE('',*,*,#398,.F.);
#509 = CONICAL_SURFACE('',#510,1.375,0.785398163397);
#510 = AXIS2_PLACEMENT_3D('',#511,#512,#513);
#511 = CARTESIAN_POINT('',(10.5,1.06206653613E-14,19.75));
#512 = DIRECTION('',(0.,0.,1.));
#513 = DIRECTION('',(-1.,0.,0.));
#514 = ADVANCED_FACE('',(#515),#534,.F.);
#515 = FACE_BOUND('',#516,.F.);
#516 = EDGE_LOOP('',(#517,#525,#532,#533));
#517 = ORIENTED_EDGE('',*,*,#518,.T.);
#518 = EDGE_CURVE('',#494,#519,#521,.T.);
#519 = VERTEX_POINT('',#520);
#520 = CARTESIAN_POINT('',(11.375,1.072782195623E-14,18.75));
#521 = LINE('',#522,#523);
#522 = CARTESIAN_POINT('',(11.375,1.072782195623E-14,18.75));
#523 = VECTOR('',#524,1.);
#524 = DIRECTION('',(0.,0.,-1.));
#525 = ORIENTED_EDGE('',*,*,#526,.F.);
#526 = EDGE_CURVE('',#519,#519,#527,.T.);
#527 = CIRCLE('',#528,0.875);
#528 = AXIS2_PLACEMENT_3D('',#529,#530,#531);
#529 = CARTESIAN_POINT('',(10.5,1.06206653613E-14,18.75));
#530 = DIRECTION('',(0.,0.,-1.));
#531 = DIRECTION('',(-1.,0.,0.));
#532 = ORIENTED_EDGE('',*,*,#518,.F.);
#533 = ORIENTED_EDGE('',*,*,#501,.T.);
#534 = CYLINDRICAL_SURFACE('',#535,0.875);
#535 = AXIS2_PLACEMENT_3D('',#536,#537,#538);
#536 = CARTESIAN_POINT('',(10.5,1.06206653613E-14,18.75));
#537 = DIRECTION('',(0.,0.,1.));
#538 = DIRECTION('',(-1.,0.,0.));
#539 = ADVANCED_FACE('',(#540),#592,.T.);
#540 = FACE_BOUND('',#541,.T.);
#541 = EDGE_LOOP('',(#542,#553,#584,#585));
#542 = ORIENTED_EDGE('',*,*,#543,.T.);
#543 = EDGE_CURVE('',#544,#546,#548,.T.);
#544 = VERTEX_POINT('',#545);
#545 = CARTESIAN_POINT('',(4.358177720789,-17.05187048256,19.85));
#546 = VERTEX_POINT('',#547);
#547 = CARTESIAN_POINT('',(4.837649820961,-17.31580619577,19.85));
#548 = CIRCLE('',#549,0.4);
#549 = AXIS2_PLACEMENT_3D('',#550,#551,#552);
#550 = CARTESIAN_POINT('',(4.457227214443,-17.43941299352,19.85));
#551 = DIRECTION('',(5.389242859595E-15,1.377401862548E-15,-1.));
#552 = DIRECTION('',(-0.247623734136,0.968856277418,-6.310887241768E-30)
  );
#553 = ORIENTED_EDGE('',*,*,#554,.T.);
#554 = EDGE_CURVE('',#546,#66,#555,.T.);
#555 = B_SPLINE_CURVE_WITH_KNOTS('',3,(#556,#557,#558,#559,#560,#561,
    #562,#563,#564,#565,#566,#567,#568,#569,#570,#571,#572,#573,#574,
    #575,#576,#577,#578,#579,#580,#581,#582,#583),.UNSPECIFIED.,.F.,.F.,
  (4,3,3,3,3,3,3,3,3,4),(-0.502748189991,-0.48435184489,-0.470947029335,
    -0.451350319571,-0.439551587151,-0.430930618848,-0.412807704738,
    -0.408839427363,-0.392671123496,-0.377038655398),.UNSPECIFIED.);
#556 = CARTESIAN_POINT('',(4.837649820961,-17.31580619577,19.85));
#557 = CARTESIAN_POINT('',(4.837649820961,-17.31580619577,19.88066057517
    ));
#558 = CARTESIAN_POINT('',(4.841384497617,-17.31508506988,
    19.911264923819));
#559 = CARTESIAN_POINT('',(4.848483959685,-17.31369998788,
    19.941045161728));
#560 = CARTESIAN_POINT('',(4.853657105711,-17.31269072389,19.96274504799
    ));
#561 = CARTESIAN_POINT('',(4.86061552353,-17.31132908404,19.984006985048
    ));
#562 = CARTESIAN_POINT('',(4.869199666471,-17.30964102542,20.00453813127
    ));
#563 = CARTESIAN_POINT('',(4.881748959454,-17.30717322608,
    20.034552935428));
#564 = CARTESIAN_POINT('',(4.897790935291,-17.30399280607,
    20.063074568207));
#565 = CARTESIAN_POINT('',(4.916882813991,-17.30004333317,
    20.089282012895));
#566 = CARTESIAN_POINT('',(4.928377599131,-17.29766544553,
    20.105060918181));
#567 = CARTESIAN_POINT('',(4.940978769654,-17.29500856926,
    20.120000519992));
#568 = CARTESIAN_POINT('',(4.954595356558,-17.29205835295,
    20.133914542206));
#569 = CARTESIAN_POINT('',(4.964544574823,-17.28990272127,
    20.144081087239));
#570 = CARTESIAN_POINT('',(4.97502773947,-17.28759040503,20.153691519288
    ));
#571 = CARTESIAN_POINT('',(4.986000615865,-17.28512289962,
    20.162667761162));
#572 = CARTESIAN_POINT('',(5.009067687851,-17.27993573421,20.18153752785
    ));
#573 = CARTESIAN_POINT('',(5.034299795317,-17.27406222934,
    20.197601451833));
#574 = CARTESIAN_POINT('',(5.06086684433,-17.26763935017,20.210591953031
    ));
#575 = CARTESIAN_POINT('',(5.066684088668,-17.26623296674,
    20.213436413457));
#576 = CARTESIAN_POINT('',(5.072565286476,-17.26480027374,
    20.216133706139));
#577 = CARTESIAN_POINT('',(5.07850167447,-17.26334275481,20.218681352429
    ));
#578 = CARTESIAN_POINT('',(5.102688825699,-17.25740425641,
    20.229061453286));
#579 = CARTESIAN_POINT('',(5.127822524193,-17.2510464298,20.236973973224
    ));
#580 = CARTESIAN_POINT('',(5.153403631926,-17.24433468599,
    20.242253630486));
#581 = CARTESIAN_POINT('',(5.178136952985,-17.23784537691,20.24735831397
    ));
#582 = CARTESIAN_POINT('',(5.203297149107,-17.23102271867,20.25));
#583 = CARTESIAN_POINT('',(5.228384502456,-17.22393670141,20.25));
#584 = ORIENTED_EDGE('',*,*,#65,.T.);
#585 = ORIENTED_EDGE('',*,*,#586,.T.);
#586 = EDGE_CURVE('',#57,#544,#587,.T.);
#587 = B_SPLINE_CURVE_WITH_KNOTS('',3,(#588,#589,#590,#591),
  .UNSPECIFIED.,.F.,.F.,(4,4),(0.460863782312,0.502748189991),
  .PIECEWISE_BEZIER_KNOTS.);
#588 = CARTESIAN_POINT('',(4.461190591981,-17.02533404239,
    20.249221890501));
#589 = CARTESIAN_POINT('',(4.395355889132,-17.04261603385,
    20.128281362999));
#590 = CARTESIAN_POINT('',(4.358177720789,-17.05187048256,
    19.989614692263));
#591 = CARTESIAN_POINT('',(4.358177720789,-17.05187048256,19.85));
#592 = B_SPLINE_SURFACE_WITH_KNOTS('',3,3,(
    (#593,#594,#595,#596,#597)
    ,(#598,#599,#600,#601,#602)
    ,(#603,#604,#605,#606,#607)
    ,(#608,#609,#610,#611,#612)
    ,(#613,#614,#615,#616,#617
    )),.UNSPECIFIED.,.F.,.F.,.F.,(4,1,4),(4,1,4),(0.,0.5,1.),(
    0.377038655398,0.430914170224,0.502748189991),.UNSPECIFIED.);
#593 = CARTESIAN_POINT('',(5.228384502456,-17.22393670141,20.25));
#594 = CARTESIAN_POINT('',(5.141923806114,-17.24835785011,20.25));
#595 = CARTESIAN_POINT('',(4.937696992045,-17.29817346321,
    20.176799302164));
#596 = CARTESIAN_POINT('',(4.837649820961,-17.31580619577,
    19.969723366279));
#597 = CARTESIAN_POINT('',(4.837649820961,-17.31580619577,19.85));
#598 = CARTESIAN_POINT('',(5.197966994413,-17.12373189955,20.25));
#599 = CARTESIAN_POINT('',(5.112772812367,-17.14807179019,
    20.250467334509));
#600 = CARTESIAN_POINT('',(4.910127394828,-17.19950033827,
    20.180638053902));
#601 = CARTESIAN_POINT('',(4.806606717523,-17.22026534738,
    19.971438505826));
#602 = CARTESIAN_POINT('',(4.806606717523,-17.22026534738,19.85));
#603 = CARTESIAN_POINT('',(5.137386862624,-16.92416196455,
    20.336718236539));
#604 = CARTESIAN_POINT('',(5.035569547315,-16.95453539299,
    20.337573195219));
#605 = CARTESIAN_POINT('',(4.793886837611,-17.02278431678,
    20.254964155776));
#606 = CARTESIAN_POINT('',(4.669160597085,-17.0544096045,19.999364588368
    ));
#607 = CARTESIAN_POINT('',(4.669160597085,-17.0544096045,19.85));
#608 = CARTESIAN_POINT('',(5.112198180179,-16.84118255249,20.54528024488
    ));
#609 = CARTESIAN_POINT('',(4.966712424444,-16.88535516074,
    20.545574041166));
#610 = CARTESIAN_POINT('',(4.62422600532,-16.98366692652,20.420501546707
    ));
#611 = CARTESIAN_POINT('',(4.45550669034,-17.02699479827,20.059270942398
    ));
#612 = CARTESIAN_POINT('',(4.45550669034,-17.02699479827,19.85));
#613 = CARTESIAN_POINT('',(5.112198180179,-16.84118255249,20.65));
#614 = CARTESIAN_POINT('',(4.944174572164,-16.89218668955,20.65));
#615 = CARTESIAN_POINT('',(4.549551142372,-17.00423350655,
    20.503598604329));
#616 = CARTESIAN_POINT('',(4.358177720789,-17.05187048256,
    20.089446732559));
#617 = CARTESIAN_POINT('',(4.358177720789,-17.05187048256,19.85));
#618 = ADVANCED_FACE('',(#619),#645,.F.);
#619 = FACE_BOUND('',#620,.F.);
#620 = EDGE_LOOP('',(#621,#629,#630,#638));
#621 = ORIENTED_EDGE('',*,*,#622,.F.);
#622 = EDGE_CURVE('',#544,#623,#625,.T.);
#623 = VERTEX_POINT('',#624);
#624 = CARTESIAN_POINT('',(4.358177720789,-17.05187048256,10.15));
#625 = LINE('',#626,#627);
#626 = CARTESIAN_POINT('',(4.358177720789,-17.05187048256,18.75));
#627 = VECTOR('',#628,1.);
#628 = DIRECTION('',(0.,0.,-1.));
#629 = ORIENTED_EDGE('',*,*,#543,.T.);
#630 = ORIENTED_EDGE('',*,*,#631,.F.);
#631 = EDGE_CURVE('',#632,#546,#634,.T.);
#632 = VERTEX_POINT('',#633);
#633 = CARTESIAN_POINT('',(4.837649820961,-17.31580619577,10.15));
#634 = LINE('',#635,#636);
#635 = CARTESIAN_POINT('',(4.837649820961,-17.31580619577,18.75));
#636 = VECTOR('',#637,1.);
#637 = DIRECTION('',(0.,0.,1.));
#638 = ORIENTED_EDGE('',*,*,#639,.F.);
#639 = EDGE_CURVE('',#623,#632,#640,.T.);
#640 = CIRCLE('',#641,0.4);
#641 = AXIS2_PLACEMENT_3D('',#642,#643,#644);
#642 = CARTESIAN_POINT('',(4.457227214443,-17.43941299352,10.15));
#643 = DIRECTION('',(0.,0.,-1.));
#644 = DIRECTION('',(-0.247623734136,0.968856277418,0.));
#645 = CYLINDRICAL_SURFACE('',#646,0.4);
#646 = AXIS2_PLACEMENT_3D('',#647,#648,#649);
#647 = CARTESIAN_POINT('',(4.457227214443,-17.43941299352,18.75));
#648 = DIRECTION('',(0.,0.,1.));
#649 = DIRECTION('',(0.482235823654,0.876041443303,-0.));
#650 = ADVANCED_FACE('',(#651),#709,.T.);
#651 = FACE_BOUND('',#652,.T.);
#652 = EDGE_LOOP('',(#653,#670,#701,#702));
#653 = ORIENTED_EDGE('',*,*,#654,.T.);
#654 = EDGE_CURVE('',#655,#657,#659,.T.);
#655 = VERTEX_POINT('',#656);
#656 = CARTESIAN_POINT('',(4.459822714983,-17.02556845896,9.750000000017
    ));
#657 = VERTEX_POINT('',#658);
#658 = CARTESIAN_POINT('',(5.228384502456,-17.22393670141,9.75));
#659 = B_SPLINE_CURVE_WITH_KNOTS('',3,(#660,#661,#662,#663,#664,#665,
    #666,#667,#668,#669),.UNSPECIFIED.,.F.,.F.,(4,2,2,2,4),(0.,
    1.84703697935E-02,3.892538572994E-02,6.663583780854E-02,
    6.696572351781E-02),.UNSPECIFIED.);
#660 = CARTESIAN_POINT('',(4.459822715001,-17.02556845896,9.75));
#661 = CARTESIAN_POINT('',(4.519381151626,-17.00996721374,9.75));
#662 = CARTESIAN_POINT('',(4.591047289082,-17.00212627157,9.75));
#663 = CARTESIAN_POINT('',(4.768410938966,-17.01965551058,9.75));
#664 = CARTESIAN_POINT('',(4.854752522486,-17.04648007674,9.75));
#665 = CARTESIAN_POINT('',(5.030876157099,-17.11697888946,9.75));
#666 = CARTESIAN_POINT('',(5.127273059757,-17.16990411429,9.75));
#667 = CARTESIAN_POINT('',(5.226059868164,-17.22269506157,9.75));
#668 = CARTESIAN_POINT('',(5.22722212919,-17.22331596524,9.75));
#669 = CARTESIAN_POINT('',(5.228384502456,-17.22393670141,9.75));
#670 = ORIENTED_EDGE('',*,*,#671,.T.);
#671 = EDGE_CURVE('',#657,#632,#672,.T.);
#672 = B_SPLINE_CURVE_WITH_KNOTS('',3,(#673,#674,#675,#676,#677,#678,
    #679,#680,#681,#682,#683,#684,#685,#686,#687,#688,#689,#690,#691,
    #692,#693,#694,#695,#696,#697,#698,#699,#700),.UNSPECIFIED.,.F.,.F.,
  (4,3,3,3,3,3,3,3,3,4),(-0.628457724585,-0.615528870808,-0.596656952619
    ,-0.577017541618,-0.565944792832,-0.556639791186,-0.538469358152,
    -0.534549350647,-0.513709605896,-0.502748189991),.UNSPECIFIED.);
#673 = CARTESIAN_POINT('',(5.228384502456,-17.22393670141,9.75));
#674 = CARTESIAN_POINT('',(5.20763597311,-17.22979720152,9.75));
#675 = CARTESIAN_POINT('',(5.18683750503,-17.23547525266,9.751863428913)
  );
#676 = CARTESIAN_POINT('',(5.166293642338,-17.24092544304,9.755462678511
    ));
#677 = CARTESIAN_POINT('',(5.136306289806,-17.24888094697,9.760716411375
    ));
#678 = CARTESIAN_POINT('',(5.106865684558,-17.25635075092,9.769659169846
    ));
#679 = CARTESIAN_POINT('',(5.078721549149,-17.26325015046,9.781878002049
    ));
#680 = CARTESIAN_POINT('',(5.04943283366,-17.27043013832,9.794593755963)
  );
#681 = CARTESIAN_POINT('',(5.021519655811,-17.27699927196,9.810867414983
    ));
#682 = CARTESIAN_POINT('',(4.99581562777,-17.28285093124,9.830296055124)
  );
#683 = CARTESIAN_POINT('',(4.981323632807,-17.28615011131,9.841249970775
    ));
#684 = CARTESIAN_POINT('',(4.967534328059,-17.28922107644,9.853207494135
    ));
#685 = CARTESIAN_POINT('',(4.954602814452,-17.29204330432,9.86610100622)
  );
#686 = CARTESIAN_POINT('',(4.943735796902,-17.2944149679,9.876936089133)
  );
#687 = CARTESIAN_POINT('',(4.933483420144,-17.29660711487,9.888423633367
    ));
#688 = CARTESIAN_POINT('',(4.923945961401,-17.29861139214,9.900510580034
    ));
#689 = CARTESIAN_POINT('',(4.905321595494,-17.3025252642,9.924113483435)
  );
#690 = CARTESIAN_POINT('',(4.889426441022,-17.30572218168,9.950003045501
    ));
#691 = CARTESIAN_POINT('',(4.876565386437,-17.30826082626,9.977339084871
    ));
#692 = CARTESIAN_POINT('',(4.873790800361,-17.30880850203,9.983236439066
    ));
#693 = CARTESIAN_POINT('',(4.871157246979,-17.30932557401,9.989201055036
    ));
#694 = CARTESIAN_POINT('',(4.868667477833,-17.30981268632,9.995224431132
    ));
#695 = CARTESIAN_POINT('',(4.855431239528,-17.31240229776,
    10.027246211758));
#696 = CARTESIAN_POINT('',(4.846228288082,-17.31417088194,10.06100561955
    ));
#697 = CARTESIAN_POINT('',(4.841450684185,-17.31508330884,
    10.095388411028));
#698 = CARTESIAN_POINT('',(4.838937730982,-17.3155632327,10.113473281157
    ));
#699 = CARTESIAN_POINT('',(4.837649820961,-17.31580619577,
    10.131730973493));
#700 = CARTESIAN_POINT('',(4.837649820961,-17.31580619577,10.15));
#701 = ORIENTED_EDGE('',*,*,#639,.F.);
#702 = ORIENTED_EDGE('',*,*,#703,.T.);
#703 = EDGE_CURVE('',#623,#655,#704,.T.);
#704 = B_SPLINE_CURVE_WITH_KNOTS('',3,(#705,#706,#707,#708),
  .UNSPECIFIED.,.F.,.F.,(4,4),(0.502748189991,0.544640752447),
  .PIECEWISE_BEZIER_KNOTS.);
#705 = CARTESIAN_POINT('',(4.358177720789,-17.05187048256,10.15));
#706 = CARTESIAN_POINT('',(4.358177720789,-17.05187048256,
    10.010358125149));
#707 = CARTESIAN_POINT('',(4.394320868238,-17.04291204286,9.870612572217
    ));
#708 = CARTESIAN_POINT('',(4.460180336394,-17.02561064382,9.749707908232
    ));
#709 = B_SPLINE_SURFACE_WITH_KNOTS('',3,3,(
    (#710,#711,#712,#713,#714)
    ,(#715,#716,#717,#718,#719)
    ,(#720,#721,#722,#723,#724)
    ,(#725,#726,#727,#728,#729)
    ,(#730,#731,#732,#733,#734
    )),.UNSPECIFIED.,.F.,.F.,.F.,(4,1,4),(4,1,4),(0.,0.5,1.),(
    0.502748189991,0.556623704817,0.628457724585),.UNSPECIFIED.);
#710 = CARTESIAN_POINT('',(4.837649820961,-17.31580619577,10.15));
#711 = CARTESIAN_POINT('',(4.837649820961,-17.31580619577,
    10.060207475291));
#712 = CARTESIAN_POINT('',(4.910590110044,-17.30309902385,9.850491532369
    ));
#713 = CARTESIAN_POINT('',(5.113103574,-17.25649823301,9.75));
#714 = CARTESIAN_POINT('',(5.228384502456,-17.22393670141,9.75));
#715 = CARTESIAN_POINT('',(4.806606717523,-17.22026534738,10.15));
#716 = CARTESIAN_POINT('',(4.806606717523,-17.22026534738,
    10.058921120631));
#717 = CARTESIAN_POINT('',(4.882341934964,-17.20518116174,9.84646311458)
  );
#718 = CARTESIAN_POINT('',(5.084374751684,-17.15618508707,9.749376887322
    ));
#719 = CARTESIAN_POINT('',(5.197966994413,-17.12373189955,9.75));
#720 = CARTESIAN_POINT('',(4.669176141093,-17.05438136688,10.15));
#721 = CARTESIAN_POINT('',(4.669176141093,-17.05438136688,
    10.037976558724));
#722 = CARTESIAN_POINT('',(4.760764662644,-17.03125593287,9.777473697602
    ));
#723 = CARTESIAN_POINT('',(5.001622690989,-16.96463433417,9.66216850405)
  );
#724 = CARTESIAN_POINT('',(5.1373791114,-16.92413642959,9.663308448957)
  );
#725 = CARTESIAN_POINT('',(4.45550669034,-17.02699479827,10.15));
#726 = CARTESIAN_POINT('',(4.45550669034,-17.02699479827,9.993046793201)
  );
#727 = CARTESIAN_POINT('',(4.578674574938,-16.99547053025,9.626742923224
    ));
#728 = CARTESIAN_POINT('',(4.918217172532,-16.90007936349,9.454328026739
    ));
#729 = CARTESIAN_POINT('',(5.112198180179,-16.84118255249,9.45471975512)
  );
#730 = CARTESIAN_POINT('',(4.358177720789,-17.05187048256,10.15));
#731 = CARTESIAN_POINT('',(4.358177720789,-17.05187048256,9.970414950581
    ));
#732 = CARTESIAN_POINT('',(4.497657666496,-17.0172989864,9.550983064738)
  );
#733 = CARTESIAN_POINT('',(4.888166702826,-16.90918806857,9.35));
#734 = CARTESIAN_POINT('',(5.112198180179,-16.84118255249,9.35));
#735 = ADVANCED_FACE('',(#736),#775,.T.);
#736 = FACE_BOUND('',#737,.T.);
#737 = EDGE_LOOP('',(#738,#739,#740,#741,#742,#751,#759,#768));
#738 = ORIENTED_EDGE('',*,*,#703,.F.);
#739 = ORIENTED_EDGE('',*,*,#622,.F.);
#740 = ORIENTED_EDGE('',*,*,#586,.F.);
#741 = ORIENTED_EDGE('',*,*,#54,.F.);
#742 = ORIENTED_EDGE('',*,*,#743,.F.);
#743 = EDGE_CURVE('',#744,#55,#746,.T.);
#744 = VERTEX_POINT('',#745);
#745 = CARTESIAN_POINT('',(-13.54867783427,-11.23358041511,19.85));
#746 = B_SPLINE_CURVE_WITH_KNOTS('',3,(#747,#748,#749,#750),
  .UNSPECIFIED.,.F.,.F.,(4,4),(0.502749859088,0.544634215803),
  .PIECEWISE_BEZIER_KNOTS.);
#747 = CARTESIAN_POINT('',(-13.54867783427,-11.23358041511,19.85));
#748 = CARTESIAN_POINT('',(-13.54867783427,-11.23358041511,
    19.989614522384));
#749 = CARTESIAN_POINT('',(-13.57331621487,-11.20424031895,
    20.128281171281));
#750 = CARTESIAN_POINT('',(-13.61641951491,-11.15156221642,
    20.249221662789));
#751 = ORIENTED_EDGE('',*,*,#752,.F.);
#752 = EDGE_CURVE('',#753,#744,#755,.T.);
#753 = VERTEX_POINT('',#754);
#754 = CARTESIAN_POINT('',(-13.54867783427,-11.23358041511,10.15));
#755 = LINE('',#756,#757);
#756 = CARTESIAN_POINT('',(-13.54867783427,-11.23358041511,18.75));
#757 = VECTOR('',#758,1.);
#758 = DIRECTION('',(0.,0.,1.));
#759 = ORIENTED_EDGE('',*,*,#760,.F.);
#760 = EDGE_CURVE('',#761,#753,#763,.T.);
#761 = VERTEX_POINT('',#762);
#762 = CARTESIAN_POINT('',(-13.61545042041,-11.15255620247,9.75));
#763 = B_SPLINE_CURVE_WITH_KNOTS('',3,(#764,#765,#766,#767),
  .UNSPECIFIED.,.F.,.F.,(4,4),(0.460857305876,0.502749859088),
  .PIECEWISE_BEZIER_KNOTS.);
#764 = CARTESIAN_POINT('',(-13.61576473902,-11.15237986259,
    9.749708084306));
#765 = CARTESIAN_POINT('',(-13.57265285705,-11.20508816399,
    9.870612646727));
#766 = CARTESIAN_POINT('',(-13.54867783427,-11.23358041511,
    10.010358155962));
#767 = CARTESIAN_POINT('',(-13.54867783427,-11.23358041511,10.15));
#768 = ORIENTED_EDGE('',*,*,#769,.F.);
#769 = EDGE_CURVE('',#655,#761,#770,.T.);
#770 = CIRCLE('',#771,17.6);
#771 = AXIS2_PLACEMENT_3D('',#772,#773,#774);
#772 = CARTESIAN_POINT('',(4.440892098501E-15,-4.815648849472E-16,9.75)
  );
#773 = DIRECTION('',(0.,0.,-1.));
#774 = DIRECTION('',(-1.,0.,0.));
#775 = CYLINDRICAL_SURFACE('',#776,17.6);
#776 = AXIS2_PLACEMENT_3D('',#777,#778,#779);
#777 = CARTESIAN_POINT('',(4.440892098501E-15,-4.815648849472E-16,18.75)
  );
#778 = DIRECTION('',(0.,0.,-1.));
#779 = DIRECTION('',(-1.,0.,0.));
#780 = ADVANCED_FACE('',(#781),#852,.T.);
#781 = FACE_BOUND('',#782,.T.);
#782 = EDGE_LOOP('',(#783,#794,#830,#845));
#783 = ORIENTED_EDGE('',*,*,#784,.T.);
#784 = EDGE_CURVE('',#785,#787,#789,.T.);
#785 = VERTEX_POINT('',#786);
#786 = CARTESIAN_POINT('',(6.496998153021,-16.35692559742,10.15));
#787 = VERTEX_POINT('',#788);
#788 = CARTESIAN_POINT('',(6.264234595436,-16.8522807042,10.15));
#789 = CIRCLE('',#790,0.4);
#790 = AXIS2_PLACEMENT_3D('',#791,#792,#793);
#791 = CARTESIAN_POINT('',(6.644657201954,-16.72867390645,10.15));
#792 = DIRECTION('',(0.,0.,1.));
#793 = DIRECTION('',(-0.369147622331,0.929370772581,0.));
#794 = ORIENTED_EDGE('',*,*,#795,.T.);
#795 = EDGE_CURVE('',#787,#796,#798,.T.);
#796 = VERTEX_POINT('',#797);
#797 = CARTESIAN_POINT('',(5.894124063894,-17.00762480534,9.75));
#798 = B_SPLINE_CURVE_WITH_KNOTS('',3,(#799,#800,#801,#802,#803,#804,
    #805,#806,#807,#808,#809,#810,#811,#812,#813,#814,#815,#816,#817,
    #818,#819,#820,#821,#822,#823,#824,#825,#826,#827,#828,#829),
  .UNSPECIFIED.,.F.,.F.,(4,3,3,3,3,3,3,3,3,3,4),(-0.199661968198,
    -0.178812541502,-0.16790279367,-0.149725270605,-0.145770334787,
    -0.136432020011,-0.116701136611,-0.106668495684,-9.031040186154E-02,
    -7.869945969445E-02,-7.395230803885E-02),.UNSPECIFIED.);
#799 = CARTESIAN_POINT('',(6.264234595436,-16.8522807042,10.15));
#800 = CARTESIAN_POINT('',(6.264234595436,-16.8522807042,10.115250955506
    ));
#801 = CARTESIAN_POINT('',(6.259951288624,-16.85430676538,
    10.080542892452));
#802 = CARTESIAN_POINT('',(6.251746965854,-16.85814424182,
    10.046987027316));
#803 = CARTESIAN_POINT('',(6.247453941693,-16.86015225388,
    10.029428461691));
#804 = CARTESIAN_POINT('',(6.242086467795,-16.86265667689,
    10.012185322793));
#805 = CARTESIAN_POINT('',(6.235691665189,-16.86562926375,9.995418099055
    ));
#806 = CARTESIAN_POINT('',(6.225036820215,-16.87058210657,9.967481010046
    ));
#807 = CARTESIAN_POINT('',(6.211497916292,-16.876833307,9.940806396055)
  );
#808 = CARTESIAN_POINT('',(6.195277654029,-16.88416074394,9.916238636917
    ));
#809 = CARTESIAN_POINT('',(6.191748565057,-16.8857549954,9.910893359113)
  );
#810 = CARTESIAN_POINT('',(6.188092716002,-16.88740011212,9.905647761721
    ));
#811 = CARTESIAN_POINT('',(6.184312468152,-16.88909367835,9.900510417699
    ));
#812 = CARTESIAN_POINT('',(6.175386623087,-16.89309249279,9.888380224492
    ));
#813 = CARTESIAN_POINT('',(6.165767059411,-16.89736149254,9.876853741908
    ));
#814 = CARTESIAN_POINT('',(6.155540740777,-16.90184795634,9.865984585021
    ));
#815 = CARTESIAN_POINT('',(6.133933598008,-16.91132738556,9.84301919219)
  );
#816 = CARTESIAN_POINT('',(6.109661905305,-16.9217665245,9.823024429879)
  );
#817 = CARTESIAN_POINT('',(6.083495276431,-16.93274795991,9.806390411623
    ));
#818 = CARTESIAN_POINT('',(6.070190226351,-16.93833173414,9.797932446059
    ));
#819 = CARTESIAN_POINT('',(6.056394513506,-16.94405603419,9.790343838379
    ));
#820 = CARTESIAN_POINT('',(6.042205836077,-16.94986734892,9.783679273922
    ));
#821 = CARTESIAN_POINT('',(6.019071377436,-16.95934262392,9.772812786079
    ));
#822 = CARTESIAN_POINT('',(5.994874146217,-16.96905673134,9.764394083538
    ));
#823 = CARTESIAN_POINT('',(5.970040492967,-16.97876800238,9.7586896779)
  );
#824 = CARTESIAN_POINT('',(5.952413615728,-16.98566104308,9.754640702226
    ));
#825 = CARTESIAN_POINT('',(5.934459669756,-16.99255495046,9.751959956718
    ));
#826 = CARTESIAN_POINT('',(5.916368230593,-16.99934902015,9.750746832182
    ));
#827 = CARTESIAN_POINT('',(5.908971517722,-17.00212678604,9.750250844339
    ));
#828 = CARTESIAN_POINT('',(5.901552260571,-17.00488771725,9.75));
#829 = CARTESIAN_POINT('',(5.894124063894,-17.00762480534,9.75));
#830 = ORIENTED_EDGE('',*,*,#831,.T.);
#831 = EDGE_CURVE('',#796,#832,#834,.T.);
#832 = VERTEX_POINT('',#833);
#833 = CARTESIAN_POINT('',(6.399305684315,-16.39539224168,9.750000000552
    ));
#834 = B_SPLINE_CURVE_WITH_KNOTS('',3,(#835,#836,#837,#838,#839,#840,
    #841,#842,#843,#844),.UNSPECIFIED.,.F.,.F.,(4,2,2,2,4),(
    -3.953205921147E-04,0.,3.320697701961E-02,5.771936535576E-02,
    7.985344058319E-02),.UNSPECIFIED.);
#835 = CARTESIAN_POINT('',(5.894124063894,-17.00762480534,9.75));
#836 = CARTESIAN_POINT('',(5.894699584274,-17.00643939291,9.75));
#837 = CARTESIAN_POINT('',(5.895274915427,-17.00525391088,9.75));
#838 = CARTESIAN_POINT('',(5.944165378035,-16.90447971639,9.75));
#839 = CARTESIAN_POINT('',(5.991043439912,-16.80500164108,9.75));
#840 = CARTESIAN_POINT('',(6.092092286522,-16.64444402849,9.75));
#841 = CARTESIAN_POINT('',(6.146177013393,-16.57199218238,9.75));
#842 = CARTESIAN_POINT('',(6.279363798355,-16.45355898486,9.75));
#843 = CARTESIAN_POINT('',(6.341951713341,-16.41777814054,9.75));
#844 = CARTESIAN_POINT('',(6.399305683733,-16.39539224191,9.75));
#845 = ORIENTED_EDGE('',*,*,#846,.T.);
#846 = EDGE_CURVE('',#832,#785,#847,.T.);
#847 = B_SPLINE_CURVE_WITH_KNOTS('',3,(#848,#849,#850,#851),
  .UNSPECIFIED.,.F.,.F.,(4,4),(0.157769390851,0.199661968198),
  .PIECEWISE_BEZIER_KNOTS.);
#848 = CARTESIAN_POINT('',(6.399040774511,-16.39563671434,9.749707826702
    ));
#849 = CARTESIAN_POINT('',(6.462491774441,-16.3709225923,9.870612483212)
  );
#850 = CARTESIAN_POINT('',(6.496998153021,-16.35692559742,
    10.010358075509));
#851 = CARTESIAN_POINT('',(6.496998153021,-16.35692559742,10.15));
#852 = B_SPLINE_SURFACE_WITH_KNOTS('',3,3,(
    (#853,#854,#855,#856,#857)
    ,(#858,#859,#860,#861,#862)
    ,(#863,#864,#865,#866,#867)
    ,(#868,#869,#870,#871,#872)
    ,(#873,#874,#875,#876,#877
    )),.UNSPECIFIED.,.F.,.F.,.F.,(4,1,4),(4,1,4),(0.,0.5,1.),(
    7.395230803885E-02,0.145786399558,0.199661968198),.UNSPECIFIED.);
#853 = CARTESIAN_POINT('',(5.894124063894,-17.00762480534,9.75));
#854 = CARTESIAN_POINT('',(6.006527837489,-16.96620707723,9.75));
#855 = CARTESIAN_POINT('',(6.197754865028,-16.88487390436,9.850491252967
    ));
#856 = CARTESIAN_POINT('',(6.264234595436,-16.8522807042,10.0602073856)
  );
#857 = CARTESIAN_POINT('',(6.264234595436,-16.8522807042,10.15));
#858 = CARTESIAN_POINT('',(5.859833440082,-16.90867845508,9.75));
#859 = CARTESIAN_POINT('',(5.970807350657,-16.8681656622,9.749376885352)
  );
#860 = CARTESIAN_POINT('',(6.16305344101,-16.78905282215,9.846462845013)
  );
#861 = CARTESIAN_POINT('',(6.233191491998,-16.75673985581,
    10.058921029656));
#862 = CARTESIAN_POINT('',(6.233191491998,-16.75673985581,10.15));
#863 = CARTESIAN_POINT('',(5.79153175553,-16.71159243995,9.6633055108));
#864 = CARTESIAN_POINT('',(5.925165500188,-16.66456016251,9.662165562289
    ));
#865 = CARTESIAN_POINT('',(6.159183115133,-16.57688501306,9.777472334698
    ));
#866 = CARTESIAN_POINT('',(6.246874218587,-16.54175873976,
    10.037976446828));
#867 = CARTESIAN_POINT('',(6.246874218587,-16.54175873976,10.15));
#868 = CARTESIAN_POINT('',(5.763143529141,-16.62967758744,9.45471975512)
  );
#869 = CARTESIAN_POINT('',(5.954696743282,-16.56330672315,9.4543280255)
  );
#870 = CARTESIAN_POINT('',(6.285460167618,-16.44090232238,9.626742443262
    ));
#871 = CARTESIAN_POINT('',(6.403635802242,-16.394009279,9.993046636427)
  );
#872 = CARTESIAN_POINT('',(6.403635802242,-16.394009279,10.15));
#873 = CARTESIAN_POINT('',(5.763143529141,-16.62967758744,9.35));
#874 = CARTESIAN_POINT('',(5.984362140244,-16.5530125649,9.35));
#875 = CARTESIAN_POINT('',(6.363834487327,-16.41094144099,9.550982505934
    ));
#876 = CARTESIAN_POINT('',(6.496998153021,-16.35692559742,9.970414771201
    ));
#877 = CARTESIAN_POINT('',(6.496998153021,-16.35692559742,10.15));
#878 = ADVANCED_FACE('',(#879),#905,.F.);
#879 = FACE_BOUND('',#880,.F.);
#880 = EDGE_LOOP('',(#881,#889,#890,#898));
#881 = ORIENTED_EDGE('',*,*,#882,.F.);
#882 = EDGE_CURVE('',#785,#883,#885,.T.);
#883 = VERTEX_POINT('',#884);
#884 = CARTESIAN_POINT('',(6.496998153021,-16.35692559742,19.85));
#885 = LINE('',#886,#887);
#886 = CARTESIAN_POINT('',(6.496998153021,-16.35692559742,18.75));
#887 = VECTOR('',#888,1.);
#888 = DIRECTION('',(0.,0.,1.));
#889 = ORIENTED_EDGE('',*,*,#784,.T.);
#890 = ORIENTED_EDGE('',*,*,#891,.F.);
#891 = EDGE_CURVE('',#892,#787,#894,.T.);
#892 = VERTEX_POINT('',#893);
#893 = CARTESIAN_POINT('',(6.264234595436,-16.8522807042,19.85));
#894 = LINE('',#895,#896);
#895 = CARTESIAN_POINT('',(6.264234595436,-16.8522807042,18.75));
#896 = VECTOR('',#897,1.);
#897 = DIRECTION('',(0.,0.,-1.));
#898 = ORIENTED_EDGE('',*,*,#899,.F.);
#899 = EDGE_CURVE('',#883,#892,#900,.T.);
#900 = CIRCLE('',#901,0.4);
#901 = AXIS2_PLACEMENT_3D('',#902,#903,#904);
#902 = CARTESIAN_POINT('',(6.644657201954,-16.72867390645,19.85));
#903 = DIRECTION('',(0.,0.,1.));
#904 = DIRECTION('',(-0.369147622331,0.929370772581,0.));
#905 = CYLINDRICAL_SURFACE('',#906,0.4);
#906 = AXIS2_PLACEMENT_3D('',#907,#908,#909);
#907 = CARTESIAN_POINT('',(6.644657201954,-16.72867390645,18.75));
#908 = DIRECTION('',(0.,0.,-1.));
#909 = DIRECTION('',(-0.905061217403,0.425281310137,0.));
#910 = ADVANCED_FACE('',(#911),#956,.T.);
#911 = FACE_BOUND('',#912,.T.);
#912 = EDGE_LOOP('',(#913,#914,#948,#949));
#913 = ORIENTED_EDGE('',*,*,#105,.T.);
#914 = ORIENTED_EDGE('',*,*,#915,.T.);
#915 = EDGE_CURVE('',#98,#892,#916,.T.);
#916 = B_SPLINE_CURVE_WITH_KNOTS('',3,(#917,#918,#919,#920,#921,#922,
    #923,#924,#925,#926,#927,#928,#929,#930,#931,#932,#933,#934,#935,
    #936,#937,#938,#939,#940,#941,#942,#943,#944,#945,#946,#947),
  .UNSPECIFIED.,.F.,.F.,(4,3,3,3,3,3,3,3,3,3,4),(-0.628459956169,
    -0.615376690103,-0.597907603648,-0.595743768523,-0.577919999599,
    -0.574567753671,-0.565980244196,-0.546379779231,-0.534509470537,
    -0.516128306844,-0.502750296009),.UNSPECIFIED.);
#917 = CARTESIAN_POINT('',(5.894124063894,-17.00762480534,20.25));
#918 = CARTESIAN_POINT('',(5.914596355609,-17.00008132362,20.25));
#919 = CARTESIAN_POINT('',(5.935002972474,-16.99235804588,
    20.248149508145));
#920 = CARTESIAN_POINT('',(5.9550787455,-16.98459552545,20.244553629876)
  );
#921 = CARTESIAN_POINT('',(5.981884392722,-16.97423082449,
    20.239752328118));
#922 = CARTESIAN_POINT('',(6.00810538377,-16.96379458517,20.231843663845
    ));
#923 = CARTESIAN_POINT('',(6.033185188059,-16.95359006088,
    20.221041549572));
#924 = CARTESIAN_POINT('',(6.036291736395,-16.95232606186,
    20.219703529158));
#925 = CARTESIAN_POINT('',(6.039380754563,-16.95106562124,
    20.218321052726));
#926 = CARTESIAN_POINT('',(6.04245116311,-16.94980932017,20.21689447564)
  );
#927 = CARTESIAN_POINT('',(6.067742485823,-16.93946101785,
    20.205143589427));
#928 = CARTESIAN_POINT('',(6.091805014303,-16.92937925837,
    20.190379942776));
#929 = CARTESIAN_POINT('',(6.113916609245,-16.91992353172,
    20.172850177426));
#930 = CARTESIAN_POINT('',(6.118075297816,-16.9181451244,20.16955322689)
  );
#931 = CARTESIAN_POINT('',(6.122165019191,-16.91638885828,
    20.166158572125));
#932 = CARTESIAN_POINT('',(6.126181047781,-16.9146571104,20.162668043941
    ));
#933 = CARTESIAN_POINT('',(6.136468981395,-16.91022086029,
    20.153726294291));
#934 = CARTESIAN_POINT('',(6.14627317625,-16.90594555659,20.144155235321
    ));
#935 = CARTESIAN_POINT('',(6.155557109559,-16.90185571211,
    20.134032395628));
#936 = CARTESIAN_POINT('',(6.176747119316,-16.8925208923,20.110927633374
    ));
#937 = CARTESIAN_POINT('',(6.19519658878,-16.88417771903,20.084993569502
    ));
#938 = CARTESIAN_POINT('',(6.210600622786,-16.87712575296,
    20.057074801781));
#939 = CARTESIAN_POINT('',(6.219929515703,-16.87285498621,
    20.040166815578));
#940 = CARTESIAN_POINT('',(6.228140899939,-16.86905788907,
    20.022529841513));
#941 = CARTESIAN_POINT('',(6.235160851185,-16.86580298891,
    20.004345075401));
#942 = CARTESIAN_POINT('',(6.246031240179,-16.86076277857,
    19.976185979355));
#943 = CARTESIAN_POINT('',(6.254065384674,-16.85702391579,
    19.946653478698));
#944 = CARTESIAN_POINT('',(6.258897056296,-16.85477173317,
    19.916505641771));
#945 = CARTESIAN_POINT('',(6.262413599447,-16.85313257017,
    19.894563718192));
#946 = CARTESIAN_POINT('',(6.264234595436,-16.8522807042,19.872296684724
    ));
#947 = CARTESIAN_POINT('',(6.264234595436,-16.8522807042,19.85));
#948 = ORIENTED_EDGE('',*,*,#899,.F.);
#949 = ORIENTED_EDGE('',*,*,#950,.T.);
#950 = EDGE_CURVE('',#883,#106,#951,.T.);
#951 = B_SPLINE_CURVE_WITH_KNOTS('',3,(#952,#953,#954,#955),
  .UNSPECIFIED.,.F.,.F.,(4,4),(0.502750296009,0.544634662704),
  .PIECEWISE_BEZIER_KNOTS.);
#952 = CARTESIAN_POINT('',(6.496998153021,-16.35692559742,19.85));
#953 = CARTESIAN_POINT('',(6.496998153021,-16.35692559742,
    19.989614555648));
#954 = CARTESIAN_POINT('',(6.461480477133,-16.37129146925,
    20.128281194114));
#955 = CARTESIAN_POINT('',(6.398060940046,-16.3960067273,20.249221697868
    ));
#956 = B_SPLINE_SURFACE_WITH_KNOTS('',3,3,(
    (#957,#958,#959,#960,#961)
    ,(#962,#963,#964,#965,#966)
    ,(#967,#968,#969,#970,#971)
    ,(#972,#973,#974,#975,#976)
    ,(#977,#978,#979,#980,#981
    )),.UNSPECIFIED.,.F.,.F.,.F.,(4,1,4),(4,1,4),(0.,0.5,1.),(
    0.502750296009,0.574584387529,0.628459956169),.UNSPECIFIED.);
#957 = CARTESIAN_POINT('',(6.264234595436,-16.8522807042,19.85));
#958 = CARTESIAN_POINT('',(6.264234595436,-16.8522807042,19.969723485866
    ));
#959 = CARTESIAN_POINT('',(6.172929389221,-16.89682223368,
    20.176799889936));
#960 = CARTESIAN_POINT('',(5.97842689409,-16.97656150926,20.25));
#961 = CARTESIAN_POINT('',(5.894124063894,-17.00762480534,20.25));
#962 = CARTESIAN_POINT('',(6.233191491998,-16.75673985581,19.85));
#963 = CARTESIAN_POINT('',(6.233191491998,-16.75673985581,
    19.971438627126));
#964 = CARTESIAN_POINT('',(6.137235095992,-16.80078896744,
    20.180638647857));
#965 = CARTESIAN_POINT('',(5.943063873013,-16.87829386042,
    20.250467335986));
#966 = CARTESIAN_POINT('',(5.859833440082,-16.90867845508,20.25));
#967 = CARTESIAN_POINT('',(6.246901346412,-16.54177148692,19.85));
#968 = CARTESIAN_POINT('',(6.246901346412,-16.54177148692,
    19.999364737562));
#969 = CARTESIAN_POINT('',(6.127404928529,-16.58949914484,
    20.254965535839));
#970 = CARTESIAN_POINT('',(5.891765189625,-16.67634167847,
    20.337574265267));
#971 = CARTESIAN_POINT('',(5.791539881132,-16.71161588655,
    20.336719303884));
#972 = CARTESIAN_POINT('',(6.403635802242,-16.394009279,19.85));
#973 = CARTESIAN_POINT('',(6.403635802242,-16.394009279,20.05927115143)
  );
#974 = CARTESIAN_POINT('',(6.241669659161,-16.4581277037,20.420502564379
    ));
#975 = CARTESIAN_POINT('',(5.906808439746,-16.57989943922,
    20.545574042095));
#976 = CARTESIAN_POINT('',(5.763143529141,-16.62967758744,20.54528024488
    ));
#977 = CARTESIAN_POINT('',(6.496998153021,-16.35692559742,19.85));
#978 = CARTESIAN_POINT('',(6.496998153021,-16.35692559742,
    20.089446971732));
#979 = CARTESIAN_POINT('',(6.314171339725,-16.43087375145,
    20.503599779872));
#980 = CARTESIAN_POINT('',(5.929057487468,-16.57217882054,20.65));
#981 = CARTESIAN_POINT('',(5.763143529141,-16.62967758744,20.65));
#982 = ADVANCED_FACE('',(#983),#1022,.T.);
#983 = FACE_BOUND('',#984,.T.);
#984 = EDGE_LOOP('',(#985,#986,#987,#988,#997,#1006,#1014,#1021));
#985 = ORIENTED_EDGE('',*,*,#950,.F.);
#986 = ORIENTED_EDGE('',*,*,#882,.F.);
#987 = ORIENTED_EDGE('',*,*,#846,.F.);
#988 = ORIENTED_EDGE('',*,*,#989,.F.);
#989 = EDGE_CURVE('',#990,#832,#992,.T.);
#990 = VERTEX_POINT('',#991);
#991 = CARTESIAN_POINT('',(17.570438837358,-1.019646538095,
    9.750000000004));
#992 = CIRCLE('',#993,17.6);
#993 = AXIS2_PLACEMENT_3D('',#994,#995,#996);
#994 = CARTESIAN_POINT('',(4.440892098501E-15,-4.815648849472E-16,9.75)
  );
#995 = DIRECTION('',(0.,0.,-1.));
#996 = DIRECTION('',(-1.,0.,0.));
#997 = ORIENTED_EDGE('',*,*,#998,.F.);
#998 = EDGE_CURVE('',#999,#990,#1001,.T.);
#999 = VERTEX_POINT('',#1000);
#1000 = CARTESIAN_POINT('',(17.56404351769,-1.124444444463,10.15));
#1001 = B_SPLINE_CURVE_WITH_KNOTS('',3,(#1002,#1003,#1004,#1005),
  .UNSPECIFIED.,.F.,.F.,(4,4),(1.005499568613,1.047392125518),
  .PIECEWISE_BEZIER_KNOTS.);
#1002 = CARTESIAN_POINT('',(17.56404351769,-1.124444444463,10.15));
#1003 = CARTESIAN_POINT('',(17.56404351769,-1.124444444463,
    10.01035814365));
#1004 = CARTESIAN_POINT('',(17.566692394951,-1.08730140237,
    9.870612624445));
#1005 = CARTESIAN_POINT('',(17.570589472938,-1.019319034535,
    9.74970810567));
#1006 = ORIENTED_EDGE('',*,*,#1007,.F.);
#1007 = EDGE_CURVE('',#1008,#999,#1010,.T.);
#1008 = VERTEX_POINT('',#1009);
#1009 = CARTESIAN_POINT('',(17.56404351769,-1.124444444463,19.85));
#1010 = LINE('',#1011,#1012);
#1011 = CARTESIAN_POINT('',(17.56404351769,-1.124444444463,18.75));
#1012 = VECTOR('',#1013,1.);
#1013 = DIRECTION('',(0.,0.,-1.));
#1014 = ORIENTED_EDGE('',*,*,#1015,.F.);
#1015 = EDGE_CURVE('',#121,#1008,#1016,.T.);
#1016 = B_SPLINE_CURVE_WITH_KNOTS('',3,(#1017,#1018,#1019,#1020),
  .UNSPECIFIED.,.F.,.F.,(4,4),(0.460857227268,0.502749784307),
  .PIECEWISE_BEZIER_KNOTS.);
#1017 = CARTESIAN_POINT('',(17.570589516984,-1.019318266301,
    20.250291207147));
#1018 = CARTESIAN_POINT('',(17.566692423273,-1.087300907796,
    20.129386934075));
#1019 = CARTESIAN_POINT('',(17.56404351769,-1.124444444463,
    19.989641856794));
#1020 = CARTESIAN_POINT('',(17.56404351769,-1.124444444463,19.85));
#1021 = ORIENTED_EDGE('',*,*,#120,.F.);
#1022 = CYLINDRICAL_SURFACE('',#1023,17.6);
#1023 = AXIS2_PLACEMENT_3D('',#1024,#1025,#1026);
#1024 = CARTESIAN_POINT('',(4.440892098501E-15,-4.815648849472E-16,18.75
    ));
#1025 = DIRECTION('',(0.,0.,-1.));
#1026 = DIRECTION('',(-1.,0.,0.));
#1027 = ADVANCED_FACE('',(#1028),#1057,.T.);
#1028 = FACE_BOUND('',#1029,.T.);
#1029 = EDGE_LOOP('',(#1030,#1041,#1050));
#1030 = ORIENTED_EDGE('',*,*,#1031,.T.);
#1031 = EDGE_CURVE('',#1032,#1034,#1036,.T.);
#1032 = VERTEX_POINT('',#1033);
#1033 = CARTESIAN_POINT('',(7.541711470711,-20.78395025236,10.15));
#1034 = VERTEX_POINT('',#1035);
#1035 = CARTESIAN_POINT('',(7.290904952232,-21.28597437228,10.15));
#1036 = CIRCLE('',#1037,0.4);
#1037 = AXIS2_PLACEMENT_3D('',#1038,#1039,#1040);
#1038 = CARTESIAN_POINT('',(7.161288864193,-20.90755705011,10.15));
#1039 = DIRECTION('',(0.,0.,-1.));
#1040 = DIRECTION('',(0.324040220099,-0.946043305435,0.));
#1041 = ORIENTED_EDGE('',*,*,#1042,.T.);
#1042 = EDGE_CURVE('',#1034,#1043,#1045,.T.);
#1043 = VERTEX_POINT('',#1044);
#1044 = CARTESIAN_POINT('',(7.161288864193,-20.90755705011,9.75));
#1045 = CIRCLE('',#1046,0.4);
#1046 = AXIS2_PLACEMENT_3D('',#1047,#1048,#1049);
#1047 = CARTESIAN_POINT('',(7.161288864193,-20.90755705011,10.15));
#1048 = DIRECTION('',(0.946043305435,0.324040220099,0.));
#1049 = DIRECTION('',(0.,0.,-1.));
#1050 = ORIENTED_EDGE('',*,*,#1051,.T.);
#1051 = EDGE_CURVE('',#1043,#1032,#1052,.T.);
#1052 = CIRCLE('',#1053,0.4);
#1053 = AXIS2_PLACEMENT_3D('',#1054,#1055,#1056);
#1054 = CARTESIAN_POINT('',(7.161288864193,-20.90755705011,10.15));
#1055 = DIRECTION('',(0.309016994375,-0.951056516295,-1.313193178727E-14
    ));
#1056 = DIRECTION('',(0.951056516295,0.309016994375,-1.577721810442E-30)
  );
#1057 = SPHERICAL_SURFACE('',#1058,0.4);
#1058 = AXIS2_PLACEMENT_3D('',#1059,#1060,#1061);
#1059 = CARTESIAN_POINT('',(7.161288864193,-20.90755705011,10.15));
#1060 = DIRECTION('',(-0.513777209968,0.256678251486,-0.818626443338));
#1061 = DIRECTION('',(0.73232164337,-0.365860990519,-0.574326341263));
#1062 = ADVANCED_FACE('',(#1063),#1092,.T.);
#1063 = FACE_BOUND('',#1064,.T.);
#1064 = EDGE_LOOP('',(#1065,#1076,#1085));
#1065 = ORIENTED_EDGE('',*,*,#1066,.T.);
#1066 = EDGE_CURVE('',#1067,#1069,#1071,.T.);
#1067 = VERTEX_POINT('',#1068);
#1068 = CARTESIAN_POINT('',(6.613115805975,-21.50620141579,10.15));
#1069 = VERTEX_POINT('',#1070);
#1070 = CARTESIAN_POINT('',(6.11512669624,-21.24747574393,10.15));
#1071 = CIRCLE('',#1072,0.4);
#1072 = AXIS2_PLACEMENT_3D('',#1073,#1074,#1075);
#1073 = CARTESIAN_POINT('',(6.495549302758,-21.12386894618,10.15));
#1074 = DIRECTION('',(0.,0.,-1.));
#1075 = DIRECTION('',(-0.951056516295,-0.309016994376,-0.));
#1076 = ORIENTED_EDGE('',*,*,#1077,.T.);
#1077 = EDGE_CURVE('',#1069,#1078,#1080,.T.);
#1078 = VERTEX_POINT('',#1079);
#1079 = CARTESIAN_POINT('',(6.495549302758,-21.12386894618,9.75));
#1080 = CIRCLE('',#1081,0.4);
#1081 = AXIS2_PLACEMENT_3D('',#1082,#1083,#1084);
#1082 = CARTESIAN_POINT('',(6.495549302758,-21.12386894618,10.15));
#1083 = DIRECTION('',(0.309016994376,-0.951056516295,0.));
#1084 = DIRECTION('',(0.,0.,-1.));
#1085 = ORIENTED_EDGE('',*,*,#1086,.T.);
#1086 = EDGE_CURVE('',#1078,#1067,#1087,.T.);
#1087 = CIRCLE('',#1088,0.4);
#1088 = AXIS2_PLACEMENT_3D('',#1089,#1090,#1091);
#1089 = CARTESIAN_POINT('',(6.495549302758,-21.12386894618,10.15));
#1090 = DIRECTION('',(-0.955831174035,-0.293916258043,5.305928885343E-15
    ));
#1091 = DIRECTION('',(0.293916258043,-0.955831174035,3.944304526105E-31)
  );
#1092 = SPHERICAL_SURFACE('',#1093,0.4);
#1093 = AXIS2_PLACEMENT_3D('',#1094,#1095,#1096);
#1094 = CARTESIAN_POINT('',(6.495549302758,-21.12386894618,10.15));
#1095 = DIRECTION('',(-0.926045062327,0.296061422077,0.234068743958));
#1096 = DIRECTION('',(-0.377412960218,-0.726435620817,-0.574326341263));
#1097 = ADVANCED_FACE('',(#1098),#1114,.T.);
#1098 = FACE_BOUND('',#1099,.T.);
#1099 = EDGE_LOOP('',(#1100,#1101,#1107,#1108));
#1100 = ORIENTED_EDGE('',*,*,#671,.F.);
#1101 = ORIENTED_EDGE('',*,*,#1102,.T.);
#1102 = EDGE_CURVE('',#657,#1078,#1103,.T.);
#1103 = LINE('',#1104,#1105);
#1104 = CARTESIAN_POINT('',(3.141639512989,-10.80159600107,9.75));
#1105 = VECTOR('',#1106,1.);
#1106 = DIRECTION('',(0.309016994376,-0.951056516295,0.));
#1107 = ORIENTED_EDGE('',*,*,#1077,.F.);
#1108 = ORIENTED_EDGE('',*,*,#1109,.T.);
#1109 = EDGE_CURVE('',#1069,#632,#1110,.T.);
#1110 = LINE('',#1111,#1112);
#1111 = CARTESIAN_POINT('',(2.761216906471,-10.92520279882,10.15));
#1112 = VECTOR('',#1113,1.);
#1113 = DIRECTION('',(-0.309016994376,0.951056516295,0.));
#1114 = CYLINDRICAL_SURFACE('',#1115,0.4);
#1115 = AXIS2_PLACEMENT_3D('',#1116,#1117,#1118);
#1116 = CARTESIAN_POINT('',(3.141639512989,-10.80159600107,10.15));
#1117 = DIRECTION('',(0.309016994376,-0.951056516295,0.));
#1118 = DIRECTION('',(-0.672498511964,-0.218508012225,-0.707106781187));
#1119 = ADVANCED_FACE('',(#1120),#1138,.T.);
#1120 = FACE_BOUND('',#1121,.T.);
#1121 = EDGE_LOOP('',(#1122,#1123,#1130,#1131));
#1122 = ORIENTED_EDGE('',*,*,#1042,.F.);
#1123 = ORIENTED_EDGE('',*,*,#1124,.T.);
#1124 = EDGE_CURVE('',#1034,#1067,#1125,.T.);
#1125 = CIRCLE('',#1126,22.5);
#1126 = AXIS2_PLACEMENT_3D('',#1127,#1128,#1129);
#1127 = CARTESIAN_POINT('',(9.143157067742E-16,-4.372351101786E-15,10.15
    ));
#1128 = DIRECTION('',(0.,0.,-1.));
#1129 = DIRECTION('',(0.309016994375,-0.951056516295,0.));
#1130 = ORIENTED_EDGE('',*,*,#1086,.F.);
#1131 = ORIENTED_EDGE('',*,*,#1132,.T.);
#1132 = EDGE_CURVE('',#1078,#1043,#1133,.T.);
#1133 = CIRCLE('',#1134,22.1);
#1134 = AXIS2_PLACEMENT_3D('',#1135,#1136,#1137);
#1135 = CARTESIAN_POINT('',(9.143157067742E-16,-4.372351101786E-15,9.75)
  );
#1136 = DIRECTION('',(0.,0.,1.));
#1137 = DIRECTION('',(0.309016994375,-0.951056516295,0.));
#1138 = TOROIDAL_SURFACE('',#1139,22.1,0.4);
#1139 = AXIS2_PLACEMENT_3D('',#1140,#1141,#1142);
#1140 = CARTESIAN_POINT('',(9.143157067742E-16,-4.372351101786E-15,10.15
    ));
#1141 = DIRECTION('',(0.,0.,1.));
#1142 = DIRECTION('',(1.,0.,-0.));
#1143 = ADVANCED_FACE('',(#1144),#1171,.T.);
#1144 = FACE_BOUND('',#1145,.T.);
#1145 = EDGE_LOOP('',(#1146,#1157,#1164));
#1146 = ORIENTED_EDGE('',*,*,#1147,.T.);
#1147 = EDGE_CURVE('',#1148,#1150,#1152,.T.);
#1148 = VERTEX_POINT('',#1149);
#1149 = CARTESIAN_POINT('',(7.290904952232,-21.28597437228,19.85));
#1150 = VERTEX_POINT('',#1151);
#1151 = CARTESIAN_POINT('',(7.541711470711,-20.78395025236,19.85));
#1152 = CIRCLE('',#1153,0.4);
#1153 = AXIS2_PLACEMENT_3D('',#1154,#1155,#1156);
#1154 = CARTESIAN_POINT('',(7.161288864193,-20.90755705011,19.85));
#1155 = DIRECTION('',(0.,0.,1.));
#1156 = DIRECTION('',(0.951056516295,0.309016994375,-0.));
#1157 = ORIENTED_EDGE('',*,*,#1158,.T.);
#1158 = EDGE_CURVE('',#1150,#89,#1159,.T.);
#1159 = CIRCLE('',#1160,0.4);
#1160 = AXIS2_PLACEMENT_3D('',#1161,#1162,#1163);
#1161 = CARTESIAN_POINT('',(7.161288864193,-20.90755705011,19.85));
#1162 = DIRECTION('',(0.309016994375,-0.951056516295,0.));
#1163 = DIRECTION('',(0.,0.,1.));
#1164 = ORIENTED_EDGE('',*,*,#1165,.T.);
#1165 = EDGE_CURVE('',#89,#1148,#1166,.T.);
#1166 = CIRCLE('',#1167,0.4);
#1167 = AXIS2_PLACEMENT_3D('',#1168,#1169,#1170);
#1168 = CARTESIAN_POINT('',(7.161288864193,-20.90755705011,19.85));
#1169 = DIRECTION('',(0.946043305435,0.324040220099,-1.672655738242E-14)
  );
#1170 = DIRECTION('',(0.324040220099,-0.946043305435,0.));
#1171 = SPHERICAL_SURFACE('',#1172,0.4);
#1172 = AXIS2_PLACEMENT_3D('',#1173,#1174,#1175);
#1173 = CARTESIAN_POINT('',(7.161288864193,-20.90755705011,19.85));
#1174 = DIRECTION('',(0.513777209968,-0.256678251486,-0.818626443338));
#1175 = DIRECTION('',(0.73232164337,-0.365860990519,0.574326341263));
#1176 = ADVANCED_FACE('',(#1177),#1188,.T.);
#1177 = FACE_BOUND('',#1178,.T.);
#1178 = EDGE_LOOP('',(#1179,#1180,#1181,#1182));
#1179 = ORIENTED_EDGE('',*,*,#915,.F.);
#1180 = ORIENTED_EDGE('',*,*,#97,.T.);
#1181 = ORIENTED_EDGE('',*,*,#1158,.F.);
#1182 = ORIENTED_EDGE('',*,*,#1183,.T.);
#1183 = EDGE_CURVE('',#1150,#892,#1184,.T.);
#1184 = LINE('',#1185,#1186);
#1185 = CARTESIAN_POINT('',(3.430171752464,-8.129932149078,19.85));
#1186 = VECTOR('',#1187,1.);
#1187 = DIRECTION('',(-0.309016994375,0.951056516295,0.));
#1188 = CYLINDRICAL_SURFACE('',#1189,0.4);
#1189 = AXIS2_PLACEMENT_3D('',#1190,#1191,#1192);
#1190 = CARTESIAN_POINT('',(3.049749145946,-8.253538946828,19.85));
#1191 = DIRECTION('',(0.309016994375,-0.951056516295,0.));
#1192 = DIRECTION('',(0.672498511964,0.218508012225,0.707106781187));
#1193 = ADVANCED_FACE('',(#1194),#1221,.T.);
#1194 = FACE_BOUND('',#1195,.T.);
#1195 = EDGE_LOOP('',(#1196,#1205,#1214));
#1196 = ORIENTED_EDGE('',*,*,#1197,.T.);
#1197 = EDGE_CURVE('',#1198,#81,#1200,.T.);
#1198 = VERTEX_POINT('',#1199);
#1199 = CARTESIAN_POINT('',(6.613115805975,-21.50620141579,19.85));
#1200 = CIRCLE('',#1201,0.4);
#1201 = AXIS2_PLACEMENT_3D('',#1202,#1203,#1204);
#1202 = CARTESIAN_POINT('',(6.495549302758,-21.12386894618,19.85));
#1203 = DIRECTION('',(-0.955831174035,-0.293916258043,0.));
#1204 = DIRECTION('',(0.,0.,1.));
#1205 = ORIENTED_EDGE('',*,*,#1206,.T.);
#1206 = EDGE_CURVE('',#81,#1207,#1209,.T.);
#1207 = VERTEX_POINT('',#1208);
#1208 = CARTESIAN_POINT('',(6.11512669624,-21.24747574393,19.85));
#1209 = CIRCLE('',#1210,0.4);
#1210 = AXIS2_PLACEMENT_3D('',#1211,#1212,#1213);
#1211 = CARTESIAN_POINT('',(6.495549302758,-21.12386894618,19.85));
#1212 = DIRECTION('',(0.309016994376,-0.951056516295,0.));
#1213 = DIRECTION('',(-0.951056516295,-0.309016994376,0.));
#1214 = ORIENTED_EDGE('',*,*,#1215,.T.);
#1215 = EDGE_CURVE('',#1207,#1198,#1216,.T.);
#1216 = CIRCLE('',#1217,0.4);
#1217 = AXIS2_PLACEMENT_3D('',#1218,#1219,#1220);
#1218 = CARTESIAN_POINT('',(6.495549302758,-21.12386894618,19.85));
#1219 = DIRECTION('',(0.,0.,1.));
#1220 = DIRECTION('',(0.293916258043,-0.955831174035,0.));
#1221 = SPHERICAL_SURFACE('',#1222,0.4);
#1222 = AXIS2_PLACEMENT_3D('',#1223,#1224,#1225);
#1223 = CARTESIAN_POINT('',(6.495549302758,-21.12386894618,19.85));
#1224 = DIRECTION('',(-0.926045062327,0.296061422077,-0.234068743958));
#1225 = DIRECTION('',(-0.377412960218,-0.726435620817,0.574326341263));
#1226 = ADVANCED_FACE('',(#1227),#1238,.T.);
#1227 = FACE_BOUND('',#1228,.T.);
#1228 = EDGE_LOOP('',(#1229,#1230,#1236,#1237));
#1229 = ORIENTED_EDGE('',*,*,#554,.F.);
#1230 = ORIENTED_EDGE('',*,*,#1231,.T.);
#1231 = EDGE_CURVE('',#546,#1207,#1232,.T.);
#1232 = LINE('',#1233,#1234);
#1233 = CARTESIAN_POINT('',(2.761216906471,-10.92520279882,19.85));
#1234 = VECTOR('',#1235,1.);
#1235 = DIRECTION('',(0.309016994376,-0.951056516295,0.));
#1236 = ORIENTED_EDGE('',*,*,#1206,.F.);
#1237 = ORIENTED_EDGE('',*,*,#80,.T.);
#1238 = CYLINDRICAL_SURFACE('',#1239,0.4);
#1239 = AXIS2_PLACEMENT_3D('',#1240,#1241,#1242);
#1240 = CARTESIAN_POINT('',(3.141639512989,-10.80159600107,19.85));
#1241 = DIRECTION('',(-0.309016994376,0.951056516295,0.));
#1242 = DIRECTION('',(-0.672498511964,-0.218508012225,0.707106781187));
#1243 = ADVANCED_FACE('',(#1244),#1260,.T.);
#1244 = FACE_BOUND('',#1245,.T.);
#1245 = EDGE_LOOP('',(#1246,#1247,#1253,#1254));
#1246 = ORIENTED_EDGE('',*,*,#1066,.F.);
#1247 = ORIENTED_EDGE('',*,*,#1248,.T.);
#1248 = EDGE_CURVE('',#1067,#1198,#1249,.T.);
#1249 = LINE('',#1250,#1251);
#1250 = CARTESIAN_POINT('',(6.613115805975,-21.50620141579,20.25));
#1251 = VECTOR('',#1252,1.);
#1252 = DIRECTION('',(0.,0.,1.));
#1253 = ORIENTED_EDGE('',*,*,#1215,.F.);
#1254 = ORIENTED_EDGE('',*,*,#1255,.T.);
#1255 = EDGE_CURVE('',#1207,#1069,#1256,.T.);
#1256 = LINE('',#1257,#1258);
#1257 = CARTESIAN_POINT('',(6.11512669624,-21.24747574393,20.25));
#1258 = VECTOR('',#1259,1.);
#1259 = DIRECTION('',(0.,0.,-1.));
#1260 = CYLINDRICAL_SURFACE('',#1261,0.4);
#1261 = AXIS2_PLACEMENT_3D('',#1262,#1263,#1264);
#1262 = CARTESIAN_POINT('',(6.495549302758,-21.12386894618,20.25));
#1263 = DIRECTION('',(0.,0.,-1.));
#1264 = DIRECTION('',(-0.461031967987,-0.887383527284,-0.));
#1265 = ADVANCED_FACE('',(#1266),#1278,.T.);
#1266 = FACE_BOUND('',#1267,.T.);
#1267 = EDGE_LOOP('',(#1268,#1269,#1276,#1277));
#1268 = ORIENTED_EDGE('',*,*,#1197,.F.);
#1269 = ORIENTED_EDGE('',*,*,#1270,.T.);
#1270 = EDGE_CURVE('',#1198,#1148,#1271,.T.);
#1271 = CIRCLE('',#1272,22.5);
#1272 = AXIS2_PLACEMENT_3D('',#1273,#1274,#1275);
#1273 = CARTESIAN_POINT('',(9.143157067742E-16,-4.372351101786E-15,19.85
    ));
#1274 = DIRECTION('',(0.,0.,1.));
#1275 = DIRECTION('',(0.309016994375,-0.951056516295,0.));
#1276 = ORIENTED_EDGE('',*,*,#1165,.F.);
#1277 = ORIENTED_EDGE('',*,*,#88,.T.);
#1278 = TOROIDAL_SURFACE('',#1279,22.1,0.4);
#1279 = AXIS2_PLACEMENT_3D('',#1280,#1281,#1282);
#1280 = CARTESIAN_POINT('',(9.143157067742E-16,-4.372351101786E-15,19.85
    ));
#1281 = DIRECTION('',(0.,0.,-1.));
#1282 = DIRECTION('',(-1.,0.,0.));
#1283 = ADVANCED_FACE('',(#1284),#1300,.T.);
#1284 = FACE_BOUND('',#1285,.T.);
#1285 = EDGE_LOOP('',(#1286,#1287,#1293,#1294));
#1286 = ORIENTED_EDGE('',*,*,#1031,.F.);
#1287 = ORIENTED_EDGE('',*,*,#1288,.T.);
#1288 = EDGE_CURVE('',#1032,#1150,#1289,.T.);
#1289 = LINE('',#1290,#1291);
#1290 = CARTESIAN_POINT('',(7.541711470711,-20.78395025236,20.25));
#1291 = VECTOR('',#1292,1.);
#1292 = DIRECTION('',(0.,0.,1.));
#1293 = ORIENTED_EDGE('',*,*,#1147,.F.);
#1294 = ORIENTED_EDGE('',*,*,#1295,.T.);
#1295 = EDGE_CURVE('',#1148,#1034,#1296,.T.);
#1296 = LINE('',#1297,#1298);
#1297 = CARTESIAN_POINT('',(7.290904952232,-21.28597437228,20.25));
#1298 = VECTOR('',#1299,1.);
#1299 = DIRECTION('',(0.,0.,-1.));
#1300 = CYLINDRICAL_SURFACE('',#1301,0.4);
#1301 = AXIS2_PLACEMENT_3D('',#1302,#1303,#1304);
#1302 = CARTESIAN_POINT('',(7.161288864193,-20.90755705011,20.25));
#1303 = DIRECTION('',(0.,0.,-1.));
#1304 = DIRECTION('',(0.894573647516,-0.446920562482,0.));
#1305 = ADVANCED_FACE('',(#1306),#1322,.T.);
#1306 = FACE_BOUND('',#1307,.T.);
#1307 = EDGE_LOOP('',(#1308,#1309,#1315,#1316));
#1308 = ORIENTED_EDGE('',*,*,#795,.F.);
#1309 = ORIENTED_EDGE('',*,*,#1310,.T.);
#1310 = EDGE_CURVE('',#787,#1032,#1311,.T.);
#1311 = LINE('',#1312,#1313);
#1312 = CARTESIAN_POINT('',(3.430171752464,-8.129932149078,10.15));
#1313 = VECTOR('',#1314,1.);
#1314 = DIRECTION('',(0.309016994375,-0.951056516295,0.));
#1315 = ORIENTED_EDGE('',*,*,#1051,.F.);
#1316 = ORIENTED_EDGE('',*,*,#1317,.T.);
#1317 = EDGE_CURVE('',#1043,#796,#1318,.T.);
#1318 = LINE('',#1319,#1320);
#1319 = CARTESIAN_POINT('',(3.049749145946,-8.253538946828,9.75));
#1320 = VECTOR('',#1321,1.);
#1321 = DIRECTION('',(-0.309016994375,0.951056516295,0.));
#1322 = CYLINDRICAL_SURFACE('',#1323,0.4);
#1323 = AXIS2_PLACEMENT_3D('',#1324,#1325,#1326);
#1324 = CARTESIAN_POINT('',(3.049749145946,-8.253538946828,10.15));
#1325 = DIRECTION('',(-0.309016994375,0.951056516295,0.));
#1326 = DIRECTION('',(0.672498511964,0.218508012225,-0.707106781187));
#1327 = ADVANCED_FACE('',(#1328),#1334,.T.);
#1328 = FACE_BOUND('',#1329,.T.);
#1329 = EDGE_LOOP('',(#1330,#1331,#1332,#1333));
#1330 = ORIENTED_EDGE('',*,*,#891,.F.);
#1331 = ORIENTED_EDGE('',*,*,#1183,.F.);
#1332 = ORIENTED_EDGE('',*,*,#1288,.F.);
#1333 = ORIENTED_EDGE('',*,*,#1310,.F.);
#1334 = PLANE('',#1335);
#1335 = AXIS2_PLACEMENT_3D('',#1336,#1337,#1338);
#1336 = CARTESIAN_POINT('',(6.147051117697,-16.49162704394,20.25));
#1337 = DIRECTION('',(0.951056516295,0.309016994375,0.));
#1338 = DIRECTION('',(0.309016994375,-0.951056516295,0.));
#1339 = ADVANCED_FACE('',(#1340),#1346,.T.);
#1340 = FACE_BOUND('',#1341,.T.);
#1341 = EDGE_LOOP('',(#1342,#1343,#1344,#1345));
#1342 = ORIENTED_EDGE('',*,*,#1124,.F.);
#1343 = ORIENTED_EDGE('',*,*,#1295,.F.);
#1344 = ORIENTED_EDGE('',*,*,#1270,.F.);
#1345 = ORIENTED_EDGE('',*,*,#1248,.F.);
#1346 = CYLINDRICAL_SURFACE('',#1347,22.5);
#1347 = AXIS2_PLACEMENT_3D('',#1348,#1349,#1350);
#1348 = CARTESIAN_POINT('',(9.143157067742E-16,-4.372351101786E-15,20.25
    ));
#1349 = DIRECTION('',(0.,0.,-1.));
#1350 = DIRECTION('',(0.309016994375,-0.951056516295,0.));
#1351 = ADVANCED_FACE('',(#1352),#1358,.T.);
#1352 = FACE_BOUND('',#1353,.T.);
#1353 = EDGE_LOOP('',(#1354,#1355,#1356,#1357));
#1354 = ORIENTED_EDGE('',*,*,#631,.F.);
#1355 = ORIENTED_EDGE('',*,*,#1109,.F.);
#1356 = ORIENTED_EDGE('',*,*,#1255,.F.);
#1357 = ORIENTED_EDGE('',*,*,#1231,.F.);
#1358 = PLANE('',#1359);
#1359 = AXIS2_PLACEMENT_3D('',#1360,#1361,#1362);
#1360 = CARTESIAN_POINT('',(6.235726200199,-21.61864285185,20.25));
#1361 = DIRECTION('',(-0.951056516295,-0.309016994376,0.));
#1362 = DIRECTION('',(-0.309016994376,0.951056516295,0.));
#1363 = ADVANCED_FACE('',(#1364),#1419,.T.);
#1364 = FACE_BOUND('',#1365,.T.);
#1365 = EDGE_LOOP('',(#1366,#1377,#1411,#1412));
#1366 = ORIENTED_EDGE('',*,*,#1367,.T.);
#1367 = EDGE_CURVE('',#1368,#1370,#1372,.T.);
#1368 = VERTEX_POINT('',#1369);
#1369 = CARTESIAN_POINT('',(-14.87054155723,-9.41419108552,19.85));
#1370 = VERTEX_POINT('',#1371);
#1371 = CARTESIAN_POINT('',(-14.97339430988,-9.951756771577,19.85));
#1372 = CIRCLE('',#1373,0.4);
#1373 = AXIS2_PLACEMENT_3D('',#1374,#1375,#1376);
#1374 = CARTESIAN_POINT('',(-15.2085084108,-9.628149973827,19.85));
#1375 = DIRECTION('',(5.950709294724E-15,-9.399667911808E-15,-1.));
#1376 = DIRECTION('',(0.844917133934,0.534897220768,-3.944304526105E-30)
  );
#1377 = ORIENTED_EDGE('',*,*,#1378,.T.);
#1378 = EDGE_CURVE('',#1370,#322,#1379,.T.);
#1379 = B_SPLINE_CURVE_WITH_KNOTS('',3,(#1380,#1381,#1382,#1383,#1384,
    #1385,#1386,#1387,#1388,#1389,#1390,#1391,#1392,#1393,#1394,#1395,
    #1396,#1397,#1398,#1399,#1400,#1401,#1402,#1403,#1404,#1405,#1406,
    #1407,#1408,#1409,#1410),.UNSPECIFIED.,.F.,.F.,(4,3,3,3,3,3,3,3,3,3,
    4),(-0.502748270812,-0.484360099835,-0.47097094846,-0.451372130721,
    -0.439530618368,-0.430930752031,-0.413000977253,-0.409423899935,
    -0.393182778861,-0.378496642788,-0.377038647294),.UNSPECIFIED.);
#1380 = CARTESIAN_POINT('',(-14.97339430988,-9.951756771577,19.85));
#1381 = CARTESIAN_POINT('',(-14.97339430988,-9.951756771577,
    19.880646951629));
#1382 = CARTESIAN_POINT('',(-14.9715559966,-9.955082870697,
    19.911237779837));
#1383 = CARTESIAN_POINT('',(-14.96804787078,-9.96140140044,
    19.941005516262));
#1384 = CARTESIAN_POINT('',(-14.96549346622,-9.966002170756,
    19.962680577342));
#1385 = CARTESIAN_POINT('',(-14.96205429299,-9.972188318658,
    19.983918865088));
#1386 = CARTESIAN_POINT('',(-14.95780410909,-9.979816617916,
    20.004428524006));
#1387 = CARTESIAN_POINT('',(-14.95158276037,-9.990982795863,
    20.034450222599));
#1388 = CARTESIAN_POINT('',(-14.94360385442,-10.00525170048,
    20.062979410677));
#1389 = CARTESIAN_POINT('',(-14.93395076564,-10.02218467852,
    20.089194817189));
#1390 = CARTESIAN_POINT('',(-14.92811841536,-10.03241550322,
    20.105034040973));
#1391 = CARTESIAN_POINT('',(-14.92167445219,-10.04361955736,
    20.120028198964));
#1392 = CARTESIAN_POINT('',(-14.9146335351,-10.05570491095,
    20.133988978868));
#1393 = CARTESIAN_POINT('',(-14.90952008809,-10.06448186633,
    20.144127957534));
#1394 = CARTESIAN_POINT('',(-14.90409396521,-10.07371597765,
    20.153713560097));
#1395 = CARTESIAN_POINT('',(-14.89837028857,-10.08336583069,
    20.162668051811));
#1396 = CARTESIAN_POINT('',(-14.88643705275,-10.10348471219,
    20.181337181472));
#1397 = CARTESIAN_POINT('',(-14.87320963706,-10.12541143005,
    20.197259807967));
#1398 = CARTESIAN_POINT('',(-14.85906436986,-10.14842077503,
    20.210175876001));
#1399 = CARTESIAN_POINT('',(-14.85624232022,-10.15301125132,
    20.212752694426));
#1400 = CARTESIAN_POINT('',(-14.85338377583,-10.15764478521,
    20.215210003442));
#1401 = CARTESIAN_POINT('',(-14.85049176985,-10.16231559156,
    20.217545983254));
#1402 = CARTESIAN_POINT('',(-14.83736110056,-10.1835226063,
    20.228152108751));
#1403 = CARTESIAN_POINT('',(-14.82352481184,-10.20552398477,
    20.236273710985));
#1404 = CARTESIAN_POINT('',(-14.80920266862,-10.22785864907,
    20.241744521703));
#1405 = CARTESIAN_POINT('',(-14.79625178036,-10.24805491001,
    20.246691536769));
#1406 = CARTESIAN_POINT('',(-14.7828990566,-10.26853046463,
    20.249469792042));
#1407 = CARTESIAN_POINT('',(-14.76932625384,-10.28891144862,
    20.249931215736));
#1408 = CARTESIAN_POINT('',(-14.76797878673,-10.29093481151,
    20.249977024495));
#1409 = CARTESIAN_POINT('',(-14.76662916496,-10.2929572204,20.25));
#1410 = CARTESIAN_POINT('',(-14.76527757175,-10.29497830153,20.25));
#1411 = ORIENTED_EDGE('',*,*,#321,.T.);
#1412 = ORIENTED_EDGE('',*,*,#1413,.T.);
#1413 = EDGE_CURVE('',#313,#1368,#1414,.T.);
#1414 = B_SPLINE_CURVE_WITH_KNOTS('',3,(#1415,#1416,#1417,#1418),
  .UNSPECIFIED.,.F.,.F.,(4,4),(0.460863902706,0.502748270812),
  .PIECEWISE_BEZIER_KNOTS.);
#1415 = CARTESIAN_POINT('',(-14.81347106897,-9.503962090477,
    20.24922178559));
#1416 = CARTESIAN_POINT('',(-14.85025126398,-9.446689993909,
    20.128281243749));
#1417 = CARTESIAN_POINT('',(-14.87054155723,-9.41419108552,
    19.989614560352));
#1418 = CARTESIAN_POINT('',(-14.87054155723,-9.41419108552,19.85));
#1419 = B_SPLINE_SURFACE_WITH_KNOTS('',3,3,(
    (#1420,#1421,#1422,#1423,#1424)
    ,(#1425,#1426,#1427,#1428,#1429)
    ,(#1430,#1431,#1432,#1433,#1434)
    ,(#1435,#1436,#1437,#1438,#1439)
    ,(#1440,#1441,#1442,#1443,#1444
  )),.UNSPECIFIED.,.F.,.F.,.F.,(4,1,4),(4,1,4),(0.,0.5,1.),(
    0.377038647294,0.43091420023,0.502748270812),.UNSPECIFIED.);
#1420 = CARTESIAN_POINT('',(-14.76527757175,-10.29497830153,20.25));
#1421 = CARTESIAN_POINT('',(-14.81522136921,-10.22029572269,20.25));
#1422 = CARTESIAN_POINT('',(-14.9257078886,-10.04145917315,
    20.17679989909));
#1423 = CARTESIAN_POINT('',(-14.97339430988,-9.951756771577,
    19.96972345097));
#1424 = CARTESIAN_POINT('',(-14.97339430988,-9.951756771577,19.85));
#1425 = CARTESIAN_POINT('',(-14.67937666888,-10.2350845456,20.25));
#1426 = CARTESIAN_POINT('',(-14.72885181015,-10.16158138522,
    20.250467335261));
#1427 = CARTESIAN_POINT('',(-14.84038365874,-9.984747217661,
    20.180638661082));
#1428 = CARTESIAN_POINT('',(-14.89212240997,-9.892709279956,
    19.97143859173));
#1429 = CARTESIAN_POINT('',(-14.89212240997,-9.892709279956,19.85));
#1430 = CARTESIAN_POINT('',(-14.50829901016,-10.11580193978,
    20.336723525105));
#1431 = CARTESIAN_POINT('',(-14.56864923504,-10.02835368347,
    20.337578485161));
#1432 = CARTESIAN_POINT('',(-14.70824191367,-9.819589340248,
    20.254968311443));
#1433 = CARTESIAN_POINT('',(-14.77686368617,-9.710736807862,
    19.999364694027));
#1434 = CARTESIAN_POINT('',(-14.77686368617,-9.710736807862,19.85));
#1435 = CARTESIAN_POINT('',(-14.43716029238,-10.06620100594,
    20.54528024488));
#1436 = CARTESIAN_POINT('',(-14.52412865016,-9.941485715922,
    20.545574041639));
#1437 = CARTESIAN_POINT('',(-14.72346191216,-9.646143128572,
    20.420502584227));
#1438 = CARTESIAN_POINT('',(-14.81680706995,-9.499069427044,
    20.059271090434));
#1439 = CARTESIAN_POINT('',(-14.81680706995,-9.499069427044,19.85));
#1440 = CARTESIAN_POINT('',(-14.43716029238,-10.06620100594,20.65));
#1441 = CARTESIAN_POINT('',(-14.53759042118,-9.922161972062,20.65));
#1442 = CARTESIAN_POINT('',(-14.76609758251,-9.581478720299,
    20.503599798179));
#1443 = CARTESIAN_POINT('',(-14.87054155723,-9.41419108552,
    20.08944690194));
#1444 = CARTESIAN_POINT('',(-14.87054155723,-9.41419108552,19.85));
#1445 = ADVANCED_FACE('',(#1446),#1472,.F.);
#1446 = FACE_BOUND('',#1447,.F.);
#1447 = EDGE_LOOP('',(#1448,#1456,#1457,#1465));
#1448 = ORIENTED_EDGE('',*,*,#1449,.F.);
#1449 = EDGE_CURVE('',#1368,#1450,#1452,.T.);
#1450 = VERTEX_POINT('',#1451);
#1451 = CARTESIAN_POINT('',(-14.87054155723,-9.41419108552,10.15));
#1452 = LINE('',#1453,#1454);
#1453 = CARTESIAN_POINT('',(-14.87054155723,-9.41419108552,18.75));
#1454 = VECTOR('',#1455,1.);
#1455 = DIRECTION('',(0.,0.,-1.));
#1456 = ORIENTED_EDGE('',*,*,#1367,.T.);
#1457 = ORIENTED_EDGE('',*,*,#1458,.F.);
#1458 = EDGE_CURVE('',#1459,#1370,#1461,.T.);
#1459 = VERTEX_POINT('',#1460);
#1460 = CARTESIAN_POINT('',(-14.97339430988,-9.951756771577,10.15));
#1461 = LINE('',#1462,#1463);
#1462 = CARTESIAN_POINT('',(-14.97339430988,-9.951756771577,18.75));
#1463 = VECTOR('',#1464,1.);
#1464 = DIRECTION('',(0.,0.,1.));
#1465 = ORIENTED_EDGE('',*,*,#1466,.F.);
#1466 = EDGE_CURVE('',#1450,#1459,#1467,.T.);
#1467 = CIRCLE('',#1468,0.4);
#1468 = AXIS2_PLACEMENT_3D('',#1469,#1470,#1471);
#1469 = CARTESIAN_POINT('',(-15.2085084108,-9.628149973827,10.15));
#1470 = DIRECTION('',(0.,0.,-1.));
#1471 = DIRECTION('',(0.844917133934,0.534897220768,0.));
#1472 = CYLINDRICAL_SURFACE('',#1473,0.4);
#1473 = AXIS2_PLACEMENT_3D('',#1474,#1475,#1476);
#1474 = CARTESIAN_POINT('',(-15.2085084108,-9.628149973827,18.75));
#1475 = DIRECTION('',(0.,0.,1.));
#1476 = DIRECTION('',(0.982183988004,-0.18792182872,0.));
#1477 = ADVANCED_FACE('',(#1478),#1536,.T.);
#1478 = FACE_BOUND('',#1479,.T.);
#1479 = EDGE_LOOP('',(#1480,#1497,#1528,#1529));
#1480 = ORIENTED_EDGE('',*,*,#1481,.T.);
#1481 = EDGE_CURVE('',#1482,#1484,#1486,.T.);
#1482 = VERTEX_POINT('',#1483);
#1483 = CARTESIAN_POINT('',(-14.8141168157,-9.502733447316,
    9.750000000021));
#1484 = VERTEX_POINT('',#1485);
#1485 = CARTESIAN_POINT('',(-14.76527757175,-10.29497830153,9.75));
#1486 = B_SPLINE_CURVE_WITH_KNOTS('',3,(#1487,#1488,#1489,#1490,#1491,
    #1492,#1493,#1494,#1495,#1496),.UNSPECIFIED.,.F.,.F.,(4,2,2,2,4),(0.
    ,1.847036984378E-02,3.89253845767E-02,6.663583826921E-02,
    6.69657239186E-02),.UNSPECIFIED.);
#1487 = CARTESIAN_POINT('',(-14.81411681568,-9.502733447336,9.75));
#1488 = CARTESIAN_POINT('',(-14.78087458059,-9.554555836823,9.75));
#1489 = CARTESIAN_POINT('',(-14.75127134695,-9.620291399724,9.75));
#1490 = CARTESIAN_POINT('',(-14.7131342632,-9.794391082726,9.75));
#1491 = CARTESIAN_POINT('',(-14.71196492417,-9.884796049707,9.75));
#1492 = CARTESIAN_POINT('',(-14.72458808124,-10.07408491288,9.75));
#1493 = CARTESIAN_POINT('',(-14.7451346815,-10.18211861575,9.75));
#1494 = CARTESIAN_POINT('',(-14.76481505348,-10.29238375454,9.75));
#1495 = CARTESIAN_POINT('',(-14.76504640971,-10.29368100113,9.75));
#1496 = CARTESIAN_POINT('',(-14.76527757175,-10.29497830153,9.75));
#1497 = ORIENTED_EDGE('',*,*,#1498,.T.);
#1498 = EDGE_CURVE('',#1484,#1459,#1499,.T.);
#1499 = B_SPLINE_CURVE_WITH_KNOTS('',3,(#1500,#1501,#1502,#1503,#1504,
    #1505,#1506,#1507,#1508,#1509,#1510,#1511,#1512,#1513,#1514,#1515,
    #1516,#1517,#1518,#1519,#1520,#1521,#1522,#1523,#1524,#1525,#1526,
    #1527),.UNSPECIFIED.,.F.,.F.,(4,3,3,3,3,3,3,3,3,4),(-0.628457894331,
    -0.615683263897,-0.596072641689,-0.576375651633,-0.565965923257,
    -0.556639920293,-0.538465534864,-0.534525593165,-0.513681590626,
    -0.502748270812),.UNSPECIFIED.);
#1500 = CARTESIAN_POINT('',(-14.76527757175,-10.29497830153,9.75));
#1501 = CARTESIAN_POINT('',(-14.77711992919,-10.27727004069,9.75));
#1502 = CARTESIAN_POINT('',(-14.7888080482,-10.25946022859,
    9.751819180998));
#1503 = CARTESIAN_POINT('',(-14.80020920117,-10.24181512418,
    9.755334601924));
#1504 = CARTESIAN_POINT('',(-14.81771136726,-10.21472772794,
    9.760731203574));
#1505 = CARTESIAN_POINT('',(-14.83453505798,-10.18803371502,
    9.770114706569));
#1506 = CARTESIAN_POINT('',(-14.85033041064,-10.16250289818,
    9.783022715791));
#1507 = CARTESIAN_POINT('',(-14.86619532818,-10.13685964015,
    9.795987573642));
#1508 = CARTESIAN_POINT('',(-14.88103860593,-10.11236408311,
    9.812518873543));
#1509 = CARTESIAN_POINT('',(-14.89449659513,-10.08978415981,
    9.832211227011));
#1510 = CARTESIAN_POINT('',(-14.901609053,-10.07785082036,9.842618504981
    ));
#1511 = CARTESIAN_POINT('',(-14.90833431205,-10.06645292977,
    9.853909327699));
#1512 = CARTESIAN_POINT('',(-14.91461616616,-10.05570792929,
    9.866027479239));
#1513 = CARTESIAN_POINT('',(-14.9202440354,-10.04608155838,
    9.876884046585));
#1514 = CARTESIAN_POINT('',(-14.92550973422,-10.03698647049,
    9.888396140896));
#1515 = CARTESIAN_POINT('',(-14.93037405772,-10.02851607113,
    9.900510352626));
#1516 = CARTESIAN_POINT('',(-14.93985358399,-10.01200907416,
    9.924118360687));
#1517 = CARTESIAN_POINT('',(-14.94780731444,-9.997877210924,
    9.950014042032));
#1518 = CARTESIAN_POINT('',(-14.95419672975,-9.986428730565,
    9.977356714969));
#1519 = CARTESIAN_POINT('',(-14.9555818618,-9.983946866992,
    9.983284207687));
#1520 = CARTESIAN_POINT('',(-14.9568935656,-9.981590949313,
    9.989279642636));
#1521 = CARTESIAN_POINT('',(-14.95813159897,-9.979363836014,
    9.995334388375));
#1522 = CARTESIAN_POINT('',(-14.9646813331,-9.967581439521,
    10.027366622652));
#1523 = CARTESIAN_POINT('',(-14.96920296496,-9.959383061861,
    10.061135967575));
#1524 = CARTESIAN_POINT('',(-14.97154171345,-9.955131013683,
    10.095527470898));
#1525 = CARTESIAN_POINT('',(-14.9727684589,-9.952900683759,
    10.113566871153));
#1526 = CARTESIAN_POINT('',(-14.97339430988,-9.951756771577,
    10.13177780031));
#1527 = CARTESIAN_POINT('',(-14.97339430988,-9.951756771577,10.15));
#1528 = ORIENTED_EDGE('',*,*,#1466,.F.);
#1529 = ORIENTED_EDGE('',*,*,#1530,.T.);
#1530 = EDGE_CURVE('',#1450,#1482,#1531,.T.);
#1531 = B_SPLINE_CURVE_WITH_KNOTS('',3,(#1532,#1533,#1534,#1535),
  .UNSPECIFIED.,.F.,.F.,(4,4),(0.502748270812,0.544640838567),
  .PIECEWISE_BEZIER_KNOTS.);
#1532 = CARTESIAN_POINT('',(-14.87054155723,-9.41419108552,10.15));
#1533 = CARTESIAN_POINT('',(-14.87054155723,-9.41419108552,
    10.010358107485));
#1534 = CARTESIAN_POINT('',(-14.85085258364,-9.445797166568,
    9.870612425384));
#1535 = CARTESIAN_POINT('',(-14.81404624736,-9.50308686687,9.74970771107
    ));
#1536 = B_SPLINE_SURFACE_WITH_KNOTS('',3,3,(
    (#1537,#1538,#1539,#1540,#1541)
    ,(#1542,#1543,#1544,#1545,#1546)
    ,(#1547,#1548,#1549,#1550,#1551)
    ,(#1552,#1553,#1554,#1555,#1556)
    ,(#1557,#1558,#1559,#1560,#1561
  )),.UNSPECIFIED.,.F.,.F.,.F.,(4,1,4),(4,1,4),(0.,0.5,1.),(
    0.502748270812,0.556623823749,0.628457894331),.UNSPECIFIED.);
#1537 = CARTESIAN_POINT('',(-14.97339430988,-9.951756771577,10.15));
#1538 = CARTESIAN_POINT('',(-14.97339430988,-9.951756771577,
    10.060207411773));
#1539 = CARTESIAN_POINT('',(-14.93876897283,-10.01720088887,
    9.850491105253));
#1540 = CARTESIAN_POINT('',(-14.8318693017,-10.19540152975,9.75));
#1541 = CARTESIAN_POINT('',(-14.76527757175,-10.29497830153,9.75));
#1542 = CARTESIAN_POINT('',(-14.89212240997,-9.892709279956,10.15));
#1543 = CARTESIAN_POINT('',(-14.89212240997,-9.892709279956,
    10.058921056203));
#1544 = CARTESIAN_POINT('',(-14.85437269852,-9.960077010899,
    9.846462719632));
#1545 = CARTESIAN_POINT('',(-14.7453435239,-10.13708033175,
    9.749376886319));
#1546 = CARTESIAN_POINT('',(-14.67937666888,-10.2350845456,9.75));
#1547 = CARTESIAN_POINT('',(-14.77683543456,-9.710742213259,10.15));
#1548 = CARTESIAN_POINT('',(-14.77683543456,-9.710742213259,
    10.03797647948));
#1549 = CARTESIAN_POINT('',(-14.72653800806,-9.79070477252,
    9.777470293857));
#1550 = CARTESIAN_POINT('',(-14.58874644267,-9.999190644768,
    9.662160341592));
#1551 = CARTESIAN_POINT('',(-14.50827947616,-10.11578831985,
    9.663300288333));
#1552 = CARTESIAN_POINT('',(-14.81680706995,-9.499069427044,10.15));
#1553 = CARTESIAN_POINT('',(-14.81680706995,-9.499069427044,
    9.993046682175));
#1554 = CARTESIAN_POINT('',(-14.74876417187,-9.60646836246,
    9.626742190362));
#1555 = CARTESIAN_POINT('',(-14.55311810276,-9.899913952581,
    9.454328026108));
#1556 = CARTESIAN_POINT('',(-14.43716029238,-10.06620100594,
    9.45471975512));
#1557 = CARTESIAN_POINT('',(-14.87054155723,-9.41419108552,10.15));
#1558 = CARTESIAN_POINT('',(-14.87054155723,-9.41419108552,
    9.970414823545));
#1559 = CARTESIAN_POINT('',(-14.79455979165,-9.536162189349,
    9.550982210506));
#1560 = CARTESIAN_POINT('',(-14.57106713079,-9.874148960767,9.35));
#1561 = CARTESIAN_POINT('',(-14.43716029238,-10.06620100594,9.35));
#1562 = ADVANCED_FACE('',(#1563),#1602,.T.);
#1563 = FACE_BOUND('',#1564,.T.);
#1564 = EDGE_LOOP('',(#1565,#1566,#1567,#1568,#1569,#1578,#1586,#1595));
#1565 = ORIENTED_EDGE('',*,*,#1530,.F.);
#1566 = ORIENTED_EDGE('',*,*,#1449,.F.);
#1567 = ORIENTED_EDGE('',*,*,#1413,.F.);
#1568 = ORIENTED_EDGE('',*,*,#312,.F.);
#1569 = ORIENTED_EDGE('',*,*,#1570,.F.);
#1570 = EDGE_CURVE('',#1571,#298,#1573,.T.);
#1571 = VERTEX_POINT('',#1572);
#1572 = CARTESIAN_POINT('',(-14.87054155722,9.414191085525,19.85));
#1573 = B_SPLINE_CURVE_WITH_KNOTS('',3,(#1574,#1575,#1576,#1577),
  .UNSPECIFIED.,.F.,.F.,(4,4),(1.005499568533,1.047392125438),
  .PIECEWISE_BEZIER_KNOTS.);
#1574 = CARTESIAN_POINT('',(-14.87054155722,9.414191085525,19.85));
#1575 = CARTESIAN_POINT('',(-14.87054155722,9.414191085525,
    19.989641856352));
#1576 = CARTESIAN_POINT('',(-14.85085213904,9.445797831975,
    20.129386947944));
#1577 = CARTESIAN_POINT('',(-14.81404575662,9.503087603105,
    20.250291228998));
#1578 = ORIENTED_EDGE('',*,*,#1579,.F.);
#1579 = EDGE_CURVE('',#1580,#1571,#1582,.T.);
#1580 = VERTEX_POINT('',#1581);
#1581 = CARTESIAN_POINT('',(-14.87054155722,9.414191085525,10.15));
#1582 = LINE('',#1583,#1584);
#1583 = CARTESIAN_POINT('',(-14.87054155722,9.414191085525,18.75));
#1584 = VECTOR('',#1585,1.);
#1585 = DIRECTION('',(0.,0.,1.));
#1586 = ORIENTED_EDGE('',*,*,#1587,.F.);
#1587 = EDGE_CURVE('',#1588,#1580,#1590,.T.);
#1588 = VERTEX_POINT('',#1589);
#1589 = CARTESIAN_POINT('',(-14.81411681568,9.50273344734,9.75));
#1590 = B_SPLINE_CURVE_WITH_KNOTS('',3,(#1591,#1592,#1593,#1594),
  .UNSPECIFIED.,.F.,.F.,(4,4),(0.460865541484,0.502749784266),
  .PIECEWISE_BEZIER_KNOTS.);
#1591 = CARTESIAN_POINT('',(-14.81347090963,9.503962350201,
    9.750778383636));
#1592 = CARTESIAN_POINT('',(-14.85025102299,9.446690363357,
    9.871719030413));
#1593 = CARTESIAN_POINT('',(-14.87054155722,9.414191085525,
    10.010385857391));
#1594 = CARTESIAN_POINT('',(-14.87054155722,9.414191085525,10.15));
#1595 = ORIENTED_EDGE('',*,*,#1596,.F.);
#1596 = EDGE_CURVE('',#1482,#1588,#1597,.T.);
#1597 = CIRCLE('',#1598,17.6);
#1598 = AXIS2_PLACEMENT_3D('',#1599,#1600,#1601);
#1599 = CARTESIAN_POINT('',(4.440892098501E-15,-4.815648849472E-16,9.75)
  );
#1600 = DIRECTION('',(0.,0.,-1.));
#1601 = DIRECTION('',(-1.,0.,0.));
#1602 = CYLINDRICAL_SURFACE('',#1603,17.6);
#1603 = AXIS2_PLACEMENT_3D('',#1604,#1605,#1606);
#1604 = CARTESIAN_POINT('',(4.440892098501E-15,-4.815648849472E-16,18.75
    ));
#1605 = DIRECTION('',(0.,0.,-1.));
#1606 = DIRECTION('',(-1.,0.,0.));
#1607 = ADVANCED_FACE('',(#1608),#1669,.T.);
#1608 = FACE_BOUND('',#1609,.T.);
#1609 = EDGE_LOOP('',(#1610,#1619,#1655,#1668));
#1610 = ORIENTED_EDGE('',*,*,#1611,.T.);
#1611 = EDGE_CURVE('',#753,#1612,#1614,.T.);
#1612 = VERTEX_POINT('',#1613);
#1613 = CARTESIAN_POINT('',(-14.09171643142,-11.16528226316,10.15));
#1614 = CIRCLE('',#1615,0.4);
#1615 = AXIS2_PLACEMENT_3D('',#1616,#1617,#1618);
#1616 = CARTESIAN_POINT('',(-13.85660233051,-11.48888906091,10.15));
#1617 = DIRECTION('',(7.100745117878E-15,-8.564117977557E-15,1.));
#1618 = DIRECTION('',(0.769811240584,0.638271614495,8.677469957431E-30)
  );
#1619 = ORIENTED_EDGE('',*,*,#1620,.T.);
#1620 = EDGE_CURVE('',#1612,#1621,#1623,.T.);
#1621 = VERTEX_POINT('',#1622);
#1622 = CARTESIAN_POINT('',(-14.35382789513,-10.86129019762,9.75));
#1623 = B_SPLINE_CURVE_WITH_KNOTS('',3,(#1624,#1625,#1626,#1627,#1628,
    #1629,#1630,#1631,#1632,#1633,#1634,#1635,#1636,#1637,#1638,#1639,
    #1640,#1641,#1642,#1643,#1644,#1645,#1646,#1647,#1648,#1649,#1650,
    #1651,#1652,#1653,#1654),.UNSPECIFIED.,.F.,.F.,(4,3,3,3,3,3,3,3,3,3,
    4),(-0.502749859088,-0.481933940678,-0.470848807851,-0.452666354488,
    -0.44885800192,-0.439719731624,-0.419864395964,-0.410216578847,
    -0.395668695776,-0.382833930281,-0.377040019422),.UNSPECIFIED.);
#1624 = CARTESIAN_POINT('',(-14.09171643142,-11.16528226316,10.15));
#1625 = CARTESIAN_POINT('',(-14.09171643142,-11.16528226316,
    10.11530680265));
#1626 = CARTESIAN_POINT('',(-14.09495667084,-11.16184588326,
    10.080654611937));
#1627 = CARTESIAN_POINT('',(-14.10112224844,-11.15524976664,
    10.047148937949));
#1628 = CARTESIAN_POINT('',(-14.10440561289,-11.15173712659,
    10.029306110203));
#1629 = CARTESIAN_POINT('',(-14.10851927084,-11.14732771972,
    10.011788364526));
#1630 = CARTESIAN_POINT('',(-14.11341975959,-11.14205931535,
    9.99476402566));
#1631 = CARTESIAN_POINT('',(-14.12145781465,-11.13341778455,
    9.966839755167));
#1632 = CARTESIAN_POINT('',(-14.13162117035,-11.1224342277,
    9.940184907002));
#1633 = CARTESIAN_POINT('',(-14.14363547023,-11.10923290802,
    9.915644503358));
#1634 = CARTESIAN_POINT('',(-14.14615189026,-11.10646786424,
    9.910504464919));
#1635 = CARTESIAN_POINT('',(-14.14874939069,-11.10360565354,
    9.905457136909));
#1636 = CARTESIAN_POINT('',(-14.15142526773,-11.10064761321,
    9.900510174139));
#1637 = CARTESIAN_POINT('',(-14.15784612487,-11.09354969575,
    9.888639770301));
#1638 = CARTESIAN_POINT('',(-14.16471836897,-11.08589988062,
    9.877347410554));
#1639 = CARTESIAN_POINT('',(-14.17196984937,-11.07776035015,
    9.86668338387));
#1640 = CARTESIAN_POINT('',(-14.18772562949,-11.06007504383,
    9.843512934492));
#1641 = CARTESIAN_POINT('',(-14.20524642015,-11.04011666954,
    9.823346013289));
#1642 = CARTESIAN_POINT('',(-14.22388464027,-11.01850105234,
    9.806581164837));
#1643 = CARTESIAN_POINT('',(-14.23294105423,-11.00799790471,
    9.798435032501));
#1644 = CARTESIAN_POINT('',(-14.24226179137,-10.99710291509,
    9.791092565377));
#1645 = CARTESIAN_POINT('',(-14.25177463186,-10.98588422833,
    9.784602350196));
#1646 = CARTESIAN_POINT('',(-14.26611898452,-10.96896764076,
    9.774815795329));
#1647 = CARTESIAN_POINT('',(-14.28090948769,-10.95130412183,
    9.766960356529));
#1648 = CARTESIAN_POINT('',(-14.29589422479,-10.9331236126,
    9.761221414943));
#1649 = CARTESIAN_POINT('',(-14.30911440161,-10.91708398873,
    9.756158274891));
#1650 = CARTESIAN_POINT('',(-14.32248998605,-10.90063652544,
    9.752743166254));
#1651 = CARTESIAN_POINT('',(-14.33582188775,-10.88397078695,
    9.751110691632));
#1652 = CARTESIAN_POINT('',(-14.34184021742,-10.87644748602,
    9.750373754722));
#1653 = CARTESIAN_POINT('',(-14.3478491978,-10.86888027655,9.75));
#1654 = CARTESIAN_POINT('',(-14.35382789513,-10.86129019762,9.75));
#1655 = ORIENTED_EDGE('',*,*,#1656,.T.);
#1656 = EDGE_CURVE('',#1621,#761,#1657,.T.);
#1657 = B_SPLINE_CURVE_WITH_KNOTS('',3,(#1658,#1659,#1660,#1661,#1662,
    #1663,#1664,#1665,#1666,#1667),.UNSPECIFIED.,.F.,.F.,(4,2,2,2,4),(
    -3.953204833572E-04,0.,3.320698048896E-02,5.771936551936E-02,
    7.985343941669E-02),.UNSPECIFIED.);
#1658 = CARTESIAN_POINT('',(-14.35382789513,-10.86129019762,9.75));
#1659 = CARTESIAN_POINT('',(-14.35252265569,-10.86147123739,9.75));
#1660 = CARTESIAN_POINT('',(-14.35121740828,-10.86165207572,9.75));
#1661 = CARTESIAN_POINT('',(-14.24026745903,-10.87700873162,9.75));
#1662 = CARTESIAN_POINT('',(-14.1311720568,-10.89085200342,9.75));
#1663 = CARTESIAN_POINT('',(-13.94724688115,-10.93734014208,9.75));
#1664 = CARTESIAN_POINT('',(-13.86162799182,-10.96638892107,9.75));
#1665 = CARTESIAN_POINT('',(-13.70783435918,-11.05645920483,9.75));
#1666 = CARTESIAN_POINT('',(-13.65446402603,-11.10492695914,9.75));
#1667 = CARTESIAN_POINT('',(-13.61545042041,-11.15255620247,9.75));
#1668 = ORIENTED_EDGE('',*,*,#760,.T.);
#1669 = B_SPLINE_SURFACE_WITH_KNOTS('',3,3,(
    (#1670,#1671,#1672,#1673,#1674)
    ,(#1675,#1676,#1677,#1678,#1679)
    ,(#1680,#1681,#1682,#1683,#1684)
    ,(#1685,#1686,#1687,#1688,#1689)
    ,(#1690,#1691,#1692,#1693,#1694
  )),.UNSPECIFIED.,.F.,.F.,.F.,(4,1,4),(4,1,4),(0.,0.5,1.),(
    0.377040019422,0.448874213517,0.502749859088),.UNSPECIFIED.);
#1670 = CARTESIAN_POINT('',(-14.35382789513,-10.86129019762,9.75));
#1671 = CARTESIAN_POINT('',(-14.27970267743,-10.95539368247,9.75));
#1672 = CARTESIAN_POINT('',(-14.14325804347,-11.11212783487,
    9.850490829805));
#1673 = CARTESIAN_POINT('',(-14.09171643142,-11.16528226316,
    10.060207257382));
#1674 = CARTESIAN_POINT('',(-14.09171643142,-11.16528226316,10.15));
#1675 = CARTESIAN_POINT('',(-14.27032070945,-10.79810177263,9.75));
#1676 = CARTESIAN_POINT('',(-14.19749798724,-10.89112501816,
    9.749376885846));
#1677 = CARTESIAN_POINT('',(-14.06285012008,-11.04951445162,
    9.846462451994));
#1678 = CARTESIAN_POINT('',(-14.01044453151,-11.10623477154,
    10.0589208996));
#1679 = CARTESIAN_POINT('',(-14.01044453151,-11.10623477154,10.15));
#1680 = CARTESIAN_POINT('',(-14.10399204906,-10.67224378814,
    9.663299369485));
#1681 = CARTESIAN_POINT('',(-14.01796666522,-10.78480316952,
    9.662159421878));
#1682 = CARTESIAN_POINT('',(-13.86226486266,-10.98027614339,
    9.777469647058));
#1683 = CARTESIAN_POINT('',(-13.80175807084,-11.05282235956,
    10.037976286865));
#1684 = CARTESIAN_POINT('',(-13.80175807084,-11.05282235956,10.15));
#1685 = CARTESIAN_POINT('',(-14.0348539419,-10.61992819323,9.45471975512
    ));
#1686 = CARTESIAN_POINT('',(-13.91253839742,-10.78159627255,
    9.454328025811));
#1687 = CARTESIAN_POINT('',(-13.69391371229,-11.0583455301,
    9.626741716246));
#1688 = CARTESIAN_POINT('',(-13.61279706432,-11.15624703085,
    9.993046412307));
#1689 = CARTESIAN_POINT('',(-13.61279706432,-11.15624703085,10.15));
#1690 = CARTESIAN_POINT('',(-14.0348539419,-10.61992819323,9.35));
#1691 = CARTESIAN_POINT('',(-13.89358097437,-10.80662865195,9.35));
#1692 = CARTESIAN_POINT('',(-13.64120028505,-11.12362544542,
    9.55098165961));
#1693 = CARTESIAN_POINT('',(-13.54867783427,-11.23358041511,
    9.970414514763));
#1694 = CARTESIAN_POINT('',(-13.54867783427,-11.23358041511,10.15));
#1695 = ADVANCED_FACE('',(#1696),#1715,.F.);
#1696 = FACE_BOUND('',#1697,.F.);
#1697 = EDGE_LOOP('',(#1698,#1699,#1700,#1708));
#1698 = ORIENTED_EDGE('',*,*,#752,.F.);
#1699 = ORIENTED_EDGE('',*,*,#1611,.T.);
#1700 = ORIENTED_EDGE('',*,*,#1701,.F.);
#1701 = EDGE_CURVE('',#1702,#1612,#1704,.T.);
#1702 = VERTEX_POINT('',#1703);
#1703 = CARTESIAN_POINT('',(-14.09171643142,-11.16528226316,19.85));
#1704 = LINE('',#1705,#1706);
#1705 = CARTESIAN_POINT('',(-14.09171643142,-11.16528226316,18.75));
#1706 = VECTOR('',#1707,1.);
#1707 = DIRECTION('',(0.,0.,-1.));
#1708 = ORIENTED_EDGE('',*,*,#1709,.F.);
#1709 = EDGE_CURVE('',#744,#1702,#1710,.T.);
#1710 = CIRCLE('',#1711,0.4);
#1711 = AXIS2_PLACEMENT_3D('',#1712,#1713,#1714);
#1712 = CARTESIAN_POINT('',(-13.85660233051,-11.48888906091,19.85));
#1713 = DIRECTION('',(0.,0.,1.));
#1714 = DIRECTION('',(0.769811240584,0.638271614495,-0.));
#1715 = CYLINDRICAL_SURFACE('',#1716,0.4);
#1716 = AXIS2_PLACEMENT_3D('',#1717,#1718,#1719);
#1717 = CARTESIAN_POINT('',(-13.85660233051,-11.48888906091,18.75));
#1718 = DIRECTION('',(0.,0.,-1.));
#1719 = DIRECTION('',(0.124787264137,0.99218352068,0.));
#1720 = ADVANCED_FACE('',(#1721),#1760,.T.);
#1721 = FACE_BOUND('',#1722,.T.);
#1722 = EDGE_LOOP('',(#1723,#1724,#1758,#1759));
#1723 = ORIENTED_EDGE('',*,*,#361,.T.);
#1724 = ORIENTED_EDGE('',*,*,#1725,.T.);
#1725 = EDGE_CURVE('',#354,#1702,#1726,.T.);
#1726 = B_SPLINE_CURVE_WITH_KNOTS('',3,(#1727,#1728,#1729,#1730,#1731,
    #1732,#1733,#1734,#1735,#1736,#1737,#1738,#1739,#1740,#1741,#1742,
    #1743,#1744,#1745,#1746,#1747,#1748,#1749,#1750,#1751,#1752,#1753,
    #1754,#1755,#1756,#1757),.UNSPECIFIED.,.F.,.F.,(4,3,3,3,3,3,3,3,3,3,
    4),(-0.628459698753,-0.622665787894,-0.608538051967,-0.595283139328,
    -0.577653601726,-0.574567412439,-0.565779986551,-0.546231142226,
    -0.534650910324,-0.516216513885,-0.502749859088),.UNSPECIFIED.);
#1727 = CARTESIAN_POINT('',(-14.35382789513,-10.86129019762,20.25));
#1728 = CARTESIAN_POINT('',(-14.3478491978,-10.86888027655,20.25));
#1729 = CARTESIAN_POINT('',(-14.34184050468,-10.87644777039,
    20.249637131045));
#1730 = CARTESIAN_POINT('',(-14.3358213812,-10.88397347949,
    20.248920434933));
#1731 = CARTESIAN_POINT('',(-14.32114449211,-10.90232399151,
    20.247172859993));
#1732 = CARTESIAN_POINT('',(-14.30640773716,-10.92042359844,
    20.243323026055));
#1733 = CARTESIAN_POINT('',(-14.29186520809,-10.93803061644,
    20.23749880987));
#1734 = CARTESIAN_POINT('',(-14.27822112857,-10.95454985821,
    20.232034418612));
#1735 = CARTESIAN_POINT('',(-14.26474547919,-10.97063858168,
    20.224831758531));
#1736 = CARTESIAN_POINT('',(-14.25163984863,-10.98610522737,
    20.215978184249));
#1737 = CARTESIAN_POINT('',(-14.23420886186,-11.00667645399,
    20.204202593948));
#1738 = CARTESIAN_POINT('',(-14.21741035707,-11.02617237993,
    20.18948439812));
#1739 = CARTESIAN_POINT('',(-14.20179234058,-11.0440338275,
    20.172063811739));
#1740 = CARTESIAN_POINT('',(-14.19905828389,-11.04716061445,
    20.169014201007));
#1741 = CARTESIAN_POINT('',(-14.19636038738,-11.05023734888,
    20.165881897612));
#1742 = CARTESIAN_POINT('',(-14.19370155894,-11.05326108855,
    20.162668341084));
#1743 = CARTESIAN_POINT('',(-14.18613097407,-11.06187069921,
    20.153518257537));
#1744 = CARTESIAN_POINT('',(-14.17887723118,-11.07005052675,
    20.143709251084));
#1745 = CARTESIAN_POINT('',(-14.17197746144,-11.07777132609,
    20.133324703703));
#1746 = CARTESIAN_POINT('',(-14.1566279693,-11.09494731213,
    20.110222841707));
#1747 = CARTESIAN_POINT('',(-14.14306332118,-11.10983321915,
    20.084315795544));
#1748 = CARTESIAN_POINT('',(-14.13165941196,-11.12223340952,
    20.056440845584));
#1749 = CARTESIAN_POINT('',(-14.12490402984,-11.12957896294,
    20.039928443139));
#1750 = CARTESIAN_POINT('',(-14.11890712986,-11.13605177975,
    20.022724468018));
#1751 = CARTESIAN_POINT('',(-14.11375039795,-11.14160628202,
    20.004997039976));
#1752 = CARTESIAN_POINT('',(-14.10554147423,-11.15044841038,
    19.976777014755));
#1753 = CARTESIAN_POINT('',(-14.09945658333,-11.15698383325,
    19.947170485542));
#1754 = CARTESIAN_POINT('',(-14.09578777825,-11.16091925511,
    19.916941458517));
#1755 = CARTESIAN_POINT('',(-14.09310765083,-11.16379415084,
    19.894858616089));
#1756 = CARTESIAN_POINT('',(-14.09171643142,-11.16528226316,
    19.872444424663));
#1757 = CARTESIAN_POINT('',(-14.09171643142,-11.16528226316,19.85));
#1758 = ORIENTED_EDGE('',*,*,#1709,.F.);
#1759 = ORIENTED_EDGE('',*,*,#743,.T.);
#1760 = B_SPLINE_SURFACE_WITH_KNOTS('',3,3,(
    (#1761,#1762,#1763,#1764,#1765)
    ,(#1766,#1767,#1768,#1769,#1770)
    ,(#1771,#1772,#1773,#1774,#1775)
    ,(#1776,#1777,#1778,#1779,#1780)
    ,(#1781,#1782,#1783,#1784,#1785
  )),.UNSPECIFIED.,.F.,.F.,.F.,(4,1,4),(4,1,4),(0.,0.5,1.),(
    0.502749859088,0.574584053182,0.628459698753),.UNSPECIFIED.);
#1761 = CARTESIAN_POINT('',(-14.09171643142,-11.16528226316,19.85));
#1762 = CARTESIAN_POINT('',(-14.09171643142,-11.16528226316,
    19.969723656824));
#1763 = CARTESIAN_POINT('',(-14.16229319922,-11.09220949703,
    20.1768004644));
#1764 = CARTESIAN_POINT('',(-14.29823398185,-10.93186781126,20.25));
#1765 = CARTESIAN_POINT('',(-14.35382789513,-10.86129019762,20.25));
#1766 = CARTESIAN_POINT('',(-14.01044453151,-11.10623477154,19.85));
#1767 = CARTESIAN_POINT('',(-14.01044453151,-11.10623477154,
    19.971438800533));
#1768 = CARTESIAN_POINT('',(-14.08199027011,-11.02858629375,
    20.18063922147));
#1769 = CARTESIAN_POINT('',(-14.21570366779,-10.86786920678,
    20.250467335615));
#1770 = CARTESIAN_POINT('',(-14.27032070945,-10.79810177263,20.25));
#1771 = CARTESIAN_POINT('',(-13.80176156801,-11.05285016557,19.85));
#1772 = CARTESIAN_POINT('',(-13.80176156801,-11.05285016557,
    19.999364950847));
#1773 = CARTESIAN_POINT('',(-13.88408204329,-10.95394866756,
    20.254969177759));
#1774 = CARTESIAN_POINT('',(-14.03949151296,-10.75667732415,
    20.337578792842));
#1775 = CARTESIAN_POINT('',(-14.10401055084,-10.67225778811,
    20.336723832138));
#1776 = CARTESIAN_POINT('',(-13.61279706432,-11.15624703085,19.85));
#1777 = CARTESIAN_POINT('',(-13.61279706432,-11.15624703085,
    20.059271450258));
#1778 = CARTESIAN_POINT('',(-13.72382822997,-11.02202096776,
    20.420503561375));
#1779 = CARTESIAN_POINT('',(-13.94311728354,-10.74117925272,
    20.545574041862));
#1780 = CARTESIAN_POINT('',(-14.0348539419,-10.61992819323,
    20.54528024488));
#1781 = CARTESIAN_POINT('',(-13.54867783427,-11.23358041511,19.85));
#1782 = CARTESIAN_POINT('',(-13.54867783427,-11.23358041511,
    20.089447313649));
#1783 = CARTESIAN_POINT('',(-13.67550402735,-11.08255211651,
    20.5036009288));
#1784 = CARTESIAN_POINT('',(-13.92889921625,-10.75995353727,20.65));
#1785 = CARTESIAN_POINT('',(-14.0348539419,-10.61992819323,20.65));
#1786 = ADVANCED_FACE('',(#1787),#1816,.T.);
#1787 = FACE_BOUND('',#1788,.T.);
#1788 = EDGE_LOOP('',(#1789,#1800,#1809));
#1789 = ORIENTED_EDGE('',*,*,#1790,.T.);
#1790 = EDGE_CURVE('',#1791,#1793,#1795,.T.);
#1791 = VERTEX_POINT('',#1792);
#1792 = CARTESIAN_POINT('',(-17.43619431073,-13.59518767646,10.15));
#1793 = VERTEX_POINT('',#1794);
#1794 = CARTESIAN_POINT('',(-17.99115109784,-13.51179048737,10.15));
#1795 = CIRCLE('',#1796,0.4);
#1796 = AXIS2_PLACEMENT_3D('',#1797,#1798,#1799);
#1797 = CARTESIAN_POINT('',(-17.67130841165,-13.27158087871,10.15));
#1798 = DIRECTION('',(0.,0.,-1.));
#1799 = DIRECTION('',(-0.79960671546,-0.600524021661,-0.));
#1800 = ORIENTED_EDGE('',*,*,#1801,.T.);
#1801 = EDGE_CURVE('',#1793,#1802,#1804,.T.);
#1802 = VERTEX_POINT('',#1803);
#1803 = CARTESIAN_POINT('',(-17.67130841165,-13.27158087871,9.75));
#1804 = CIRCLE('',#1805,0.4);
#1805 = AXIS2_PLACEMENT_3D('',#1806,#1807,#1808);
#1806 = CARTESIAN_POINT('',(-17.67130841165,-13.27158087871,10.15));
#1807 = DIRECTION('',(0.600524021661,-0.79960671546,0.));
#1808 = DIRECTION('',(0.,0.,-1.));
#1809 = ORIENTED_EDGE('',*,*,#1810,.T.);
#1810 = EDGE_CURVE('',#1802,#1791,#1811,.T.);
#1811 = CIRCLE('',#1812,0.4);
#1812 = AXIS2_PLACEMENT_3D('',#1813,#1814,#1815);
#1813 = CARTESIAN_POINT('',(-17.67130841165,-13.27158087871,10.15));
#1814 = DIRECTION('',(-0.809016994375,-0.587785252293,-8.98189294468E-15
    ));
#1815 = DIRECTION('',(0.587785252293,-0.809016994375,1.577721810442E-30)
  );
#1816 = SPHERICAL_SURFACE('',#1817,0.4);
#1817 = AXIS2_PLACEMENT_3D('',#1818,#1819,#1820);
#1818 = CARTESIAN_POINT('',(-17.67130841165,-13.27158087871,10.15));
#1819 = DIRECTION('',(-0.992572489605,9.922084434636E-02,
    7.039230729546E-02));
#1820 = DIRECTION('',(-0.121654645942,-0.8095365346,-0.574326341263));
#1821 = ADVANCED_FACE('',(#1822),#1851,.T.);
#1822 = FACE_BOUND('',#1823,.T.);
#1823 = EDGE_LOOP('',(#1824,#1835,#1844));
#1824 = ORIENTED_EDGE('',*,*,#1825,.T.);
#1825 = EDGE_CURVE('',#1826,#1828,#1830,.T.);
#1826 = VERTEX_POINT('',#1827);
#1827 = CARTESIAN_POINT('',(-18.41004782743,-12.93522860221,10.15));
#1828 = VERTEX_POINT('',#1829);
#1829 = CARTESIAN_POINT('',(-18.31787218919,-12.38166218487,10.15));
#1830 = CIRCLE('',#1831,0.4);
#1831 = AXIS2_PLACEMENT_3D('',#1832,#1833,#1834);
#1832 = CARTESIAN_POINT('',(-18.08275808827,-12.70526898262,10.15));
#1833 = DIRECTION('',(0.,0.,-1.));
#1834 = DIRECTION('',(-0.587785252293,0.809016994374,0.));
#1835 = ORIENTED_EDGE('',*,*,#1836,.T.);
#1836 = EDGE_CURVE('',#1828,#1837,#1839,.T.);
#1837 = VERTEX_POINT('',#1838);
#1838 = CARTESIAN_POINT('',(-18.08275808827,-12.70526898262,9.75));
#1839 = CIRCLE('',#1840,0.4);
#1840 = AXIS2_PLACEMENT_3D('',#1841,#1842,#1843);
#1841 = CARTESIAN_POINT('',(-18.08275808827,-12.70526898262,10.15));
#1842 = DIRECTION('',(-0.809016994374,-0.587785252293,0.));
#1843 = DIRECTION('',(-0.,0.,-1.));
#1844 = ORIENTED_EDGE('',*,*,#1845,.T.);
#1845 = EDGE_CURVE('',#1837,#1826,#1846,.T.);
#1846 = CIRCLE('',#1847,0.4);
#1847 = AXIS2_PLACEMENT_3D('',#1848,#1849,#1850);
#1848 = CARTESIAN_POINT('',(-18.08275808827,-12.70526898262,10.15));
#1849 = DIRECTION('',(-0.574899048987,0.818224347886,-7.733388356764E-15
    ));
#1850 = DIRECTION('',(-0.818224347886,-0.574899048987,0.));
#1851 = SPHERICAL_SURFACE('',#1852,0.4);
#1852 = AXIS2_PLACEMENT_3D('',#1853,#1854,#1855);
#1853 = CARTESIAN_POINT('',(-18.08275808827,-12.70526898262,10.15));
#1854 = DIRECTION('',(0.566526184994,-9.433359944472E-02,-0.818626443338
    ));
#1855 = DIRECTION('',(-0.807508349451,0.134460102998,-0.574326341263));
#1856 = ADVANCED_FACE('',(#1857),#1873,.T.);
#1857 = FACE_BOUND('',#1858,.T.);
#1858 = EDGE_LOOP('',(#1859,#1860,#1866,#1867));
#1859 = ORIENTED_EDGE('',*,*,#1498,.F.);
#1860 = ORIENTED_EDGE('',*,*,#1861,.T.);
#1861 = EDGE_CURVE('',#1484,#1837,#1862,.T.);
#1862 = LINE('',#1863,#1864);
#1863 = CARTESIAN_POINT('',(-9.302108263497,-6.325753461383,9.75));
#1864 = VECTOR('',#1865,1.);
#1865 = DIRECTION('',(-0.809016994374,-0.587785252293,0.));
#1866 = ORIENTED_EDGE('',*,*,#1836,.F.);
#1867 = ORIENTED_EDGE('',*,*,#1868,.T.);
#1868 = EDGE_CURVE('',#1828,#1459,#1869,.T.);
#1869 = LINE('',#1870,#1871);
#1870 = CARTESIAN_POINT('',(-9.537222364414,-6.002146663633,10.15));
#1871 = VECTOR('',#1872,1.);
#1872 = DIRECTION('',(0.809016994374,0.587785252293,0.));
#1873 = CYLINDRICAL_SURFACE('',#1874,0.4);
#1874 = AXIS2_PLACEMENT_3D('',#1875,#1876,#1877);
#1875 = CARTESIAN_POINT('',(-9.302108263497,-6.325753461383,10.15));
#1876 = DIRECTION('',(-0.809016994374,-0.587785252293,0.));
#1877 = DIRECTION('',(-0.415626937778,0.572061402817,-0.707106781187));
#1878 = ADVANCED_FACE('',(#1879),#1897,.T.);
#1879 = FACE_BOUND('',#1880,.T.);
#1880 = EDGE_LOOP('',(#1881,#1882,#1889,#1890));
#1881 = ORIENTED_EDGE('',*,*,#1801,.F.);
#1882 = ORIENTED_EDGE('',*,*,#1883,.T.);
#1883 = EDGE_CURVE('',#1793,#1826,#1884,.T.);
#1884 = CIRCLE('',#1885,22.5);
#1885 = AXIS2_PLACEMENT_3D('',#1886,#1887,#1888);
#1886 = CARTESIAN_POINT('',(-3.875813915266E-15,-2.220696706704E-15,
    10.15));
#1887 = DIRECTION('',(0.,0.,-1.));
#1888 = DIRECTION('',(-0.809016994375,-0.587785252292,-0.));
#1889 = ORIENTED_EDGE('',*,*,#1845,.F.);
#1890 = ORIENTED_EDGE('',*,*,#1891,.T.);
#1891 = EDGE_CURVE('',#1837,#1802,#1892,.T.);
#1892 = CIRCLE('',#1893,22.1);
#1893 = AXIS2_PLACEMENT_3D('',#1894,#1895,#1896);
#1894 = CARTESIAN_POINT('',(-3.875813915266E-15,-2.220696706704E-15,9.75
    ));
#1895 = DIRECTION('',(0.,0.,1.));
#1896 = DIRECTION('',(-0.809016994375,-0.587785252292,0.));
#1897 = TOROIDAL_SURFACE('',#1898,22.1,0.4);
#1898 = AXIS2_PLACEMENT_3D('',#1899,#1900,#1901);
#1899 = CARTESIAN_POINT('',(-3.875813915266E-15,-2.220696706704E-15,
    10.15));
#1900 = DIRECTION('',(0.,0.,1.));
#1901 = DIRECTION('',(1.,0.,-0.));
#1902 = ADVANCED_FACE('',(#1903),#1930,.T.);
#1903 = FACE_BOUND('',#1904,.T.);
#1904 = EDGE_LOOP('',(#1905,#1916,#1923));
#1905 = ORIENTED_EDGE('',*,*,#1906,.T.);
#1906 = EDGE_CURVE('',#1907,#1909,#1911,.T.);
#1907 = VERTEX_POINT('',#1908);
#1908 = CARTESIAN_POINT('',(-17.99115109784,-13.51179048737,19.85));
#1909 = VERTEX_POINT('',#1910);
#1910 = CARTESIAN_POINT('',(-17.43619431073,-13.59518767646,19.85));
#1911 = CIRCLE('',#1912,0.4);
#1912 = AXIS2_PLACEMENT_3D('',#1913,#1914,#1915);
#1913 = CARTESIAN_POINT('',(-17.67130841165,-13.27158087871,19.85));
#1914 = DIRECTION('',(0.,0.,1.));
#1915 = DIRECTION('',(0.587785252293,-0.809016994375,0.));
#1916 = ORIENTED_EDGE('',*,*,#1917,.T.);
#1917 = EDGE_CURVE('',#1909,#345,#1918,.T.);
#1918 = CIRCLE('',#1919,0.4);
#1919 = AXIS2_PLACEMENT_3D('',#1920,#1921,#1922);
#1920 = CARTESIAN_POINT('',(-17.67130841165,-13.27158087871,19.85));
#1921 = DIRECTION('',(-0.809016994375,-0.587785252293,0.));
#1922 = DIRECTION('',(0.,0.,1.));
#1923 = ORIENTED_EDGE('',*,*,#1924,.T.);
#1924 = EDGE_CURVE('',#345,#1907,#1925,.T.);
#1925 = CIRCLE('',#1926,0.4);
#1926 = AXIS2_PLACEMENT_3D('',#1927,#1928,#1929);
#1927 = CARTESIAN_POINT('',(-17.67130841165,-13.27158087871,19.85));
#1928 = DIRECTION('',(0.600524021661,-0.79960671546,-7.772286909184E-15)
  );
#1929 = DIRECTION('',(-0.79960671546,-0.600524021661,0.));
#1930 = SPHERICAL_SURFACE('',#1931,0.4);
#1931 = AXIS2_PLACEMENT_3D('',#1932,#1933,#1934);
#1932 = CARTESIAN_POINT('',(-17.67130841165,-13.27158087871,19.85));
#1933 = DIRECTION('',(-0.992572489605,9.922084434636E-02,
    -7.039230729546E-02));
#1934 = DIRECTION('',(-0.121654645942,-0.8095365346,0.574326341263));
#1935 = ADVANCED_FACE('',(#1936),#1947,.T.);
#1936 = FACE_BOUND('',#1937,.T.);
#1937 = EDGE_LOOP('',(#1938,#1939,#1940,#1941));
#1938 = ORIENTED_EDGE('',*,*,#1725,.F.);
#1939 = ORIENTED_EDGE('',*,*,#353,.T.);
#1940 = ORIENTED_EDGE('',*,*,#1917,.F.);
#1941 = ORIENTED_EDGE('',*,*,#1942,.T.);
#1942 = EDGE_CURVE('',#1909,#1702,#1943,.T.);
#1943 = LINE('',#1944,#1945);
#1944 = CARTESIAN_POINT('',(-6.672043582282,-5.774574394373,19.85));
#1945 = VECTOR('',#1946,1.);
#1946 = DIRECTION('',(0.809016994375,0.587785252293,0.));
#1947 = CYLINDRICAL_SURFACE('',#1948,0.4);
#1948 = AXIS2_PLACEMENT_3D('',#1949,#1950,#1951);
#1949 = CARTESIAN_POINT('',(-6.907157683199,-5.450967596623,19.85));
#1950 = DIRECTION('',(-0.809016994375,-0.587785252293,0.));
#1951 = DIRECTION('',(0.415626937778,-0.572061402818,0.707106781187));
#1952 = ADVANCED_FACE('',(#1953),#1980,.T.);
#1953 = FACE_BOUND('',#1954,.T.);
#1954 = EDGE_LOOP('',(#1955,#1964,#1973));
#1955 = ORIENTED_EDGE('',*,*,#1956,.T.);
#1956 = EDGE_CURVE('',#1957,#337,#1959,.T.);
#1957 = VERTEX_POINT('',#1958);
#1958 = CARTESIAN_POINT('',(-18.41004782743,-12.93522860221,19.85));
#1959 = CIRCLE('',#1960,0.4);
#1960 = AXIS2_PLACEMENT_3D('',#1961,#1962,#1963);
#1961 = CARTESIAN_POINT('',(-18.08275808827,-12.70526898262,19.85));
#1962 = DIRECTION('',(-0.574899048987,0.818224347886,0.));
#1963 = DIRECTION('',(0.,0.,1.));
#1964 = ORIENTED_EDGE('',*,*,#1965,.T.);
#1965 = EDGE_CURVE('',#337,#1966,#1968,.T.);
#1966 = VERTEX_POINT('',#1967);
#1967 = CARTESIAN_POINT('',(-18.31787218919,-12.38166218487,19.85));
#1968 = CIRCLE('',#1969,0.4);
#1969 = AXIS2_PLACEMENT_3D('',#1970,#1971,#1972);
#1970 = CARTESIAN_POINT('',(-18.08275808827,-12.70526898262,19.85));
#1971 = DIRECTION('',(-0.809016994374,-0.587785252293,
    -8.981892944675E-15));
#1972 = DIRECTION('',(-0.587785252293,0.809016994374,0.));
#1973 = ORIENTED_EDGE('',*,*,#1974,.T.);
#1974 = EDGE_CURVE('',#1966,#1957,#1975,.T.);
#1975 = CIRCLE('',#1976,0.4);
#1976 = AXIS2_PLACEMENT_3D('',#1977,#1978,#1979);
#1977 = CARTESIAN_POINT('',(-18.08275808827,-12.70526898262,19.85));
#1978 = DIRECTION('',(0.,0.,1.));
#1979 = DIRECTION('',(-0.818224347886,-0.574899048987,0.));
#1980 = SPHERICAL_SURFACE('',#1981,0.4);
#1981 = AXIS2_PLACEMENT_3D('',#1982,#1983,#1984);
#1982 = CARTESIAN_POINT('',(-18.08275808827,-12.70526898262,19.85));
#1983 = DIRECTION('',(-0.566526184994,9.433359944471E-02,-0.818626443338
    ));
#1984 = DIRECTION('',(-0.807508349451,0.134460102998,0.574326341263));
#1985 = ADVANCED_FACE('',(#1986),#1997,.T.);
#1986 = FACE_BOUND('',#1987,.T.);
#1987 = EDGE_LOOP('',(#1988,#1989,#1995,#1996));
#1988 = ORIENTED_EDGE('',*,*,#1378,.F.);
#1989 = ORIENTED_EDGE('',*,*,#1990,.T.);
#1990 = EDGE_CURVE('',#1370,#1966,#1991,.T.);
#1991 = LINE('',#1992,#1993);
#1992 = CARTESIAN_POINT('',(-9.537222364414,-6.002146663633,19.85));
#1993 = VECTOR('',#1994,1.);
#1994 = DIRECTION('',(-0.809016994374,-0.587785252293,0.));
#1995 = ORIENTED_EDGE('',*,*,#1965,.F.);
#1996 = ORIENTED_EDGE('',*,*,#336,.T.);
#1997 = CYLINDRICAL_SURFACE('',#1998,0.4);
#1998 = AXIS2_PLACEMENT_3D('',#1999,#2000,#2001);
#1999 = CARTESIAN_POINT('',(-9.302108263497,-6.325753461383,19.85));
#2000 = DIRECTION('',(0.809016994374,0.587785252293,0.));
#2001 = DIRECTION('',(-0.415626937778,0.572061402817,0.707106781187));
#2002 = ADVANCED_FACE('',(#2003),#2019,.T.);
#2003 = FACE_BOUND('',#2004,.T.);
#2004 = EDGE_LOOP('',(#2005,#2006,#2012,#2013));
#2005 = ORIENTED_EDGE('',*,*,#1825,.F.);
#2006 = ORIENTED_EDGE('',*,*,#2007,.T.);
#2007 = EDGE_CURVE('',#1826,#1957,#2008,.T.);
#2008 = LINE('',#2009,#2010);
#2009 = CARTESIAN_POINT('',(-18.41004782743,-12.93522860221,20.25));
#2010 = VECTOR('',#2011,1.);
#2011 = DIRECTION('',(0.,0.,1.));
#2012 = ORIENTED_EDGE('',*,*,#1974,.F.);
#2013 = ORIENTED_EDGE('',*,*,#2014,.T.);
#2014 = EDGE_CURVE('',#1966,#1828,#2015,.T.);
#2015 = LINE('',#2016,#2017);
#2016 = CARTESIAN_POINT('',(-18.31787218919,-12.38166218487,20.25));
#2017 = VECTOR('',#2018,1.);
#2018 = DIRECTION('',(0.,0.,-1.));
#2019 = CYLINDRICAL_SURFACE('',#2020,0.4);
#2020 = AXIS2_PLACEMENT_3D('',#2021,#2022,#2023);
#2021 = CARTESIAN_POINT('',(-18.08275808827,-12.70526898262,20.25));
#2022 = DIRECTION('',(0.,0.,-1.));
#2023 = DIRECTION('',(-0.986418599134,0.164250866915,0.));
#2024 = ADVANCED_FACE('',(#2025),#2037,.T.);
#2025 = FACE_BOUND('',#2026,.T.);
#2026 = EDGE_LOOP('',(#2027,#2028,#2035,#2036));
#2027 = ORIENTED_EDGE('',*,*,#1956,.F.);
#2028 = ORIENTED_EDGE('',*,*,#2029,.T.);
#2029 = EDGE_CURVE('',#1957,#1907,#2030,.T.);
#2030 = CIRCLE('',#2031,22.5);
#2031 = AXIS2_PLACEMENT_3D('',#2032,#2033,#2034);
#2032 = CARTESIAN_POINT('',(-3.875813915266E-15,-2.220696706704E-15,
    19.85));
#2033 = DIRECTION('',(0.,0.,1.));
#2034 = DIRECTION('',(-0.809016994375,-0.587785252292,0.));
#2035 = ORIENTED_EDGE('',*,*,#1924,.F.);
#2036 = ORIENTED_EDGE('',*,*,#344,.T.);
#2037 = TOROIDAL_SURFACE('',#2038,22.1,0.4);
#2038 = AXIS2_PLACEMENT_3D('',#2039,#2040,#2041);
#2039 = CARTESIAN_POINT('',(-3.875813915266E-15,-2.220696706704E-15,
    19.85));
#2040 = DIRECTION('',(0.,0.,-1.));
#2041 = DIRECTION('',(-1.,0.,0.));
#2042 = ADVANCED_FACE('',(#2043),#2059,.T.);
#2043 = FACE_BOUND('',#2044,.T.);
#2044 = EDGE_LOOP('',(#2045,#2046,#2052,#2053));
#2045 = ORIENTED_EDGE('',*,*,#1790,.F.);
#2046 = ORIENTED_EDGE('',*,*,#2047,.T.);
#2047 = EDGE_CURVE('',#1791,#1909,#2048,.T.);
#2048 = LINE('',#2049,#2050);
#2049 = CARTESIAN_POINT('',(-17.43619431073,-13.59518767646,20.25));
#2050 = VECTOR('',#2051,1.);
#2051 = DIRECTION('',(0.,0.,1.));
#2052 = ORIENTED_EDGE('',*,*,#1906,.F.);
#2053 = ORIENTED_EDGE('',*,*,#2054,.T.);
#2054 = EDGE_CURVE('',#1907,#1793,#2055,.T.);
#2055 = LINE('',#2056,#2057);
#2056 = CARTESIAN_POINT('',(-17.99115109784,-13.51179048737,20.25));
#2057 = VECTOR('',#2058,1.);
#2058 = DIRECTION('',(0.,0.,-1.));
#2059 = CYLINDRICAL_SURFACE('',#2060,0.4);
#2060 = AXIS2_PLACEMENT_3D('',#2061,#2062,#2063);
#2061 = CARTESIAN_POINT('',(-17.67130841165,-13.27158087871,20.25));
#2062 = DIRECTION('',(0.,0.,-1.));
#2063 = DIRECTION('',(-0.148608253412,-0.988896145719,-0.));
#2064 = ADVANCED_FACE('',(#2065),#2081,.T.);
#2065 = FACE_BOUND('',#2066,.T.);
#2066 = EDGE_LOOP('',(#2067,#2068,#2074,#2075));
#2067 = ORIENTED_EDGE('',*,*,#1620,.F.);
#2068 = ORIENTED_EDGE('',*,*,#2069,.T.);
#2069 = EDGE_CURVE('',#1612,#1791,#2070,.T.);
#2070 = LINE('',#2071,#2072);
#2071 = CARTESIAN_POINT('',(-6.672043582282,-5.774574394373,10.15));
#2072 = VECTOR('',#2073,1.);
#2073 = DIRECTION('',(-0.809016994375,-0.587785252293,0.));
#2074 = ORIENTED_EDGE('',*,*,#1810,.F.);
#2075 = ORIENTED_EDGE('',*,*,#2076,.T.);
#2076 = EDGE_CURVE('',#1802,#1621,#2077,.T.);
#2077 = LINE('',#2078,#2079);
#2078 = CARTESIAN_POINT('',(-6.907157683199,-5.450967596623,9.75));
#2079 = VECTOR('',#2080,1.);
#2080 = DIRECTION('',(0.809016994375,0.587785252293,0.));
#2081 = CYLINDRICAL_SURFACE('',#2082,0.4);
#2082 = AXIS2_PLACEMENT_3D('',#2083,#2084,#2085);
#2083 = CARTESIAN_POINT('',(-6.907157683199,-5.450967596623,10.15));
#2084 = DIRECTION('',(0.809016994375,0.587785252293,0.));
#2085 = DIRECTION('',(0.415626937778,-0.572061402818,-0.707106781187));
#2086 = ADVANCED_FACE('',(#2087),#2093,.T.);
#2087 = FACE_BOUND('',#2088,.T.);
#2088 = EDGE_LOOP('',(#2089,#2090,#2091,#2092));
#2089 = ORIENTED_EDGE('',*,*,#1701,.F.);
#2090 = ORIENTED_EDGE('',*,*,#1942,.F.);
#2091 = ORIENTED_EDGE('',*,*,#2047,.F.);
#2092 = ORIENTED_EDGE('',*,*,#2069,.F.);
#2093 = PLANE('',#2094);
#2094 = AXIS2_PLACEMENT_3D('',#2095,#2096,#2097);
#2095 = CARTESIAN_POINT('',(-13.78492610378,-10.94238604295,20.25));
#2096 = DIRECTION('',(0.587785252293,-0.809016994375,0.));
#2097 = DIRECTION('',(-0.809016994375,-0.587785252293,0.));
#2098 = ADVANCED_FACE('',(#2099),#2105,.T.);
#2099 = FACE_BOUND('',#2100,.T.);
#2100 = EDGE_LOOP('',(#2101,#2102,#2103,#2104));
#2101 = ORIENTED_EDGE('',*,*,#1883,.F.);
#2102 = ORIENTED_EDGE('',*,*,#2054,.F.);
#2103 = ORIENTED_EDGE('',*,*,#2029,.F.);
#2104 = ORIENTED_EDGE('',*,*,#2007,.F.);
#2105 = CYLINDRICAL_SURFACE('',#2106,22.5);
#2106 = AXIS2_PLACEMENT_3D('',#2107,#2108,#2109);
#2107 = CARTESIAN_POINT('',(-3.875813915266E-15,-2.220696706704E-15,
    20.25));
#2108 = DIRECTION('',(0.,0.,-1.));
#2109 = DIRECTION('',(-0.809016994375,-0.587785252292,-0.));
#2110 = ADVANCED_FACE('',(#2111),#2117,.T.);
#2111 = FACE_BOUND('',#2112,.T.);
#2112 = EDGE_LOOP('',(#2113,#2114,#2115,#2116));
#2113 = ORIENTED_EDGE('',*,*,#1458,.F.);
#2114 = ORIENTED_EDGE('',*,*,#1868,.F.);
#2115 = ORIENTED_EDGE('',*,*,#2014,.F.);
#2116 = ORIENTED_EDGE('',*,*,#1990,.F.);
#2117 = PLANE('',#2118);
#2118 = AXIS2_PLACEMENT_3D('',#2119,#2120,#2121);
#2119 = CARTESIAN_POINT('',(-18.63360578958,-12.61105607307,20.25));
#2120 = DIRECTION('',(-0.587785252293,0.809016994374,0.));
#2121 = DIRECTION('',(0.809016994374,0.587785252293,0.));
#2122 = ADVANCED_FACE('',(#2123),#2175,.T.);
#2123 = FACE_BOUND('',#2124,.T.);
#2124 = EDGE_LOOP('',(#2125,#2136,#2167,#2168));
#2125 = ORIENTED_EDGE('',*,*,#2126,.T.);
#2126 = EDGE_CURVE('',#2127,#2129,#2131,.T.);
#2127 = VERTEX_POINT('',#2128);
#2128 = CARTESIAN_POINT('',(-13.54867783427,11.233580415123,19.85));
#2129 = VERTEX_POINT('',#2130);
#2130 = CARTESIAN_POINT('',(-14.09171643142,11.165282263171,19.85));
#2131 = CIRCLE('',#2132,0.4);
#2132 = AXIS2_PLACEMENT_3D('',#2133,#2134,#2135);
#2133 = CARTESIAN_POINT('',(-13.8566023305,11.488889060921,19.85));
#2134 = DIRECTION('',(3.55037255894E-15,4.282058988778E-15,-1.));
#2135 = DIRECTION('',(0.769811240584,-0.638271614496,1.972152263053E-30)
  );
#2136 = ORIENTED_EDGE('',*,*,#2137,.T.);
#2137 = EDGE_CURVE('',#2129,#258,#2138,.T.);
#2138 = B_SPLINE_CURVE_WITH_KNOTS('',3,(#2139,#2140,#2141,#2142,#2143,
    #2144,#2145,#2146,#2147,#2148,#2149,#2150,#2151,#2152,#2153,#2154,
    #2155,#2156,#2157,#2158,#2159,#2160,#2161,#2162,#2163,#2164,#2165,
    #2166),.UNSPECIFIED.,.F.,.F.,(4,3,3,3,3,3,3,3,3,4),(-0.249090709571,
    -0.230693803855,-0.217287425843,-0.197690527839,-0.185896272028,
    -0.177273147363,-0.159128992979,-0.155119715913,-0.138959629953,
    -0.123381185862),.UNSPECIFIED.);
#2139 = CARTESIAN_POINT('',(-14.09171643142,11.165282263171,19.85));
#2140 = CARTESIAN_POINT('',(-14.09171643142,11.165282263171,
    19.880661509528));
#2141 = CARTESIAN_POINT('',(-14.09431413714,11.162503509801,
    19.911266785267));
#2142 = CARTESIAN_POINT('',(-14.09924388059,11.157209687014,
    19.941047882062));
#2143 = CARTESIAN_POINT('',(-14.10283633277,11.153351919273,
    19.962750262199));
#2144 = CARTESIAN_POINT('',(-14.10766626246,11.148159409409,
    19.98401458136));
#2145 = CARTESIAN_POINT('',(-14.11361981207,11.141746972686,
    20.004547898706));
#2146 = CARTESIAN_POINT('',(-14.1223224687,11.132373533542,
    20.034562666704));
#2147 = CARTESIAN_POINT('',(-14.13343190359,11.120370598444,
    20.063084146176));
#2148 = CARTESIAN_POINT('',(-14.14655670931,11.105952761989,
    20.089291294318));
#2149 = CARTESIAN_POINT('',(-14.15445578171,11.097275488099,
    20.105063882878));
#2150 = CARTESIAN_POINT('',(-14.16308537943,11.087722858644,
    20.119997768445));
#2151 = CARTESIAN_POINT('',(-14.1723635619,11.077336682905,
    20.133906887341));
#2152 = CARTESIAN_POINT('',(-14.17914711191,11.06974304668,
    20.144076250134));
#2153 = CARTESIAN_POINT('',(-14.1862707115,11.061708604196,
    20.153689218356));
#2154 = CARTESIAN_POINT('',(-14.19369943382,11.053260568249,
    20.162667681571));
#2155 = CARTESIAN_POINT('',(-14.20933041329,11.035484822861,
    20.181559513599));
#2156 = CARTESIAN_POINT('',(-14.22631269566,11.015876998986,
    20.197638938894));
#2157 = CARTESIAN_POINT('',(-14.2440532645,10.995037687114,
    20.210637540117));
#2158 = CARTESIAN_POINT('',(-14.24797336208,10.990432866553,
    20.213509814716));
#2159 = CARTESIAN_POINT('',(-14.25193046072,10.98576797181,
    20.216231854796));
#2160 = CARTESIAN_POINT('',(-14.25591814974,10.981049549979,
    20.218801104692));
#2161 = CARTESIAN_POINT('',(-14.27199122131,10.962031133162,
    20.229156911608));
#2162 = CARTESIAN_POINT('',(-14.288581649,10.942119367259,
    20.237047083965));
#2163 = CARTESIAN_POINT('',(-14.30532464816,10.92165998667,
    20.242306454974));
#2164 = CARTESIAN_POINT('',(-14.32146502494,10.901936990305,
    20.247376528081));
#2165 = CARTESIAN_POINT('',(-14.33775260396,10.881698109615,20.25));
#2166 = CARTESIAN_POINT('',(-14.35382789512,10.861290197628,20.25));
#2167 = ORIENTED_EDGE('',*,*,#257,.T.);
#2168 = ORIENTED_EDGE('',*,*,#2169,.T.);
#2169 = EDGE_CURVE('',#249,#2127,#2170,.T.);
#2170 = B_SPLINE_CURVE_WITH_KNOTS('',3,(#2171,#2172,#2173,#2174),
  .UNSPECIFIED.,.F.,.F.,(4,4),(0.207206288571,0.249090709571),
  .PIECEWISE_BEZIER_KNOTS.);
#2171 = CARTESIAN_POINT('',(-13.6164192426,11.151562576275,
    20.24922191602));
#2172 = CARTESIAN_POINT('',(-13.57331595,11.20424066532,20.128281399021)
  );
#2173 = CARTESIAN_POINT('',(-13.54867783427,11.233580415123,
    19.989614736667));
#2174 = CARTESIAN_POINT('',(-13.54867783427,11.233580415123,19.85));
#2175 = B_SPLINE_SURFACE_WITH_KNOTS('',3,3,(
    (#2176,#2177,#2178,#2179,#2180)
    ,(#2181,#2182,#2183,#2184,#2185)
    ,(#2186,#2187,#2188,#2189,#2190)
    ,(#2191,#2192,#2193,#2194,#2195)
    ,(#2196,#2197,#2198,#2199,#2200
  )),.UNSPECIFIED.,.F.,.F.,.F.,(4,1,4),(4,1,4),(0.,0.5,1.),(
    0.123381185862,0.177256696023,0.249090709571),.UNSPECIFIED.);
#2176 = CARTESIAN_POINT('',(-14.35382789512,10.861290197628,20.25));
#2177 = CARTESIAN_POINT('',(-14.29823412032,10.931867635476,20.25));
#2178 = CARTESIAN_POINT('',(-14.16229190784,11.09221098383,
    20.176799139773));
#2179 = CARTESIAN_POINT('',(-14.09171643142,11.165282263171,
    19.969723355914));
#2180 = CARTESIAN_POINT('',(-14.09171643142,11.165282263171,19.85));
#2181 = CARTESIAN_POINT('',(-14.27032070944,10.79810177264,20.25));
#2182 = CARTESIAN_POINT('',(-14.21570380382,10.867869033014,
    20.250467334451));
#2183 = CARTESIAN_POINT('',(-14.08198899304,11.028587798896,
    20.180637917499));
#2184 = CARTESIAN_POINT('',(-14.0104445315,11.10623477155,
    19.971438495311));
#2185 = CARTESIAN_POINT('',(-14.0104445315,11.10623477155,19.85));
#2186 = CARTESIAN_POINT('',(-14.10401055084,10.672257788119,
    20.336723832138));
#2187 = CARTESIAN_POINT('',(-14.03949167366,10.756677113884,
    20.337578790713));
#2188 = CARTESIAN_POINT('',(-13.88408055708,10.953950533478,
    20.254967597168));
#2189 = CARTESIAN_POINT('',(-13.80176156801,11.052850165578,
    19.999364575436));
#2190 = CARTESIAN_POINT('',(-13.80176156801,11.052850165578,19.85));
#2191 = CARTESIAN_POINT('',(-14.0348539419,10.619928193236,
    20.54528024488));
#2192 = CARTESIAN_POINT('',(-13.94311751203,10.741178950718,
    20.54557404113));
#2193 = CARTESIAN_POINT('',(-13.72382615699,11.02202359506,
    20.420501270688));
#2194 = CARTESIAN_POINT('',(-13.61279706432,11.156247030862,
    20.059270924279));
#2195 = CARTESIAN_POINT('',(-13.61279706432,11.156247030862,19.85));
#2196 = CARTESIAN_POINT('',(-14.0348539419,10.619928193236,20.65));
#2197 = CARTESIAN_POINT('',(-13.92889948016,10.759953188503,20.65));
#2198 = CARTESIAN_POINT('',(-13.67550163713,11.082555122202,
    20.503598279545));
#2199 = CARTESIAN_POINT('',(-13.54867783427,11.233580415123,
    20.089446711827));
#2200 = CARTESIAN_POINT('',(-13.54867783427,11.233580415123,19.85));
#2201 = ADVANCED_FACE('',(#2202),#2228,.F.);
#2202 = FACE_BOUND('',#2203,.F.);
#2203 = EDGE_LOOP('',(#2204,#2212,#2213,#2221));
#2204 = ORIENTED_EDGE('',*,*,#2205,.F.);
#2205 = EDGE_CURVE('',#2127,#2206,#2208,.T.);
#2206 = VERTEX_POINT('',#2207);
#2207 = CARTESIAN_POINT('',(-13.54867783427,11.233580415123,10.15));
#2208 = LINE('',#2209,#2210);
#2209 = CARTESIAN_POINT('',(-13.54867783427,11.233580415123,18.75));
#2210 = VECTOR('',#2211,1.);
#2211 = DIRECTION('',(0.,0.,-1.));
#2212 = ORIENTED_EDGE('',*,*,#2126,.T.);
#2213 = ORIENTED_EDGE('',*,*,#2214,.F.);
#2214 = EDGE_CURVE('',#2215,#2129,#2217,.T.);
#2215 = VERTEX_POINT('',#2216);
#2216 = CARTESIAN_POINT('',(-14.09171643142,11.165282263171,10.15));
#2217 = LINE('',#2218,#2219);
#2218 = CARTESIAN_POINT('',(-14.09171643142,11.165282263171,18.75));
#2219 = VECTOR('',#2220,1.);
#2220 = DIRECTION('',(0.,0.,1.));
#2221 = ORIENTED_EDGE('',*,*,#2222,.F.);
#2222 = EDGE_CURVE('',#2206,#2215,#2223,.T.);
#2223 = CIRCLE('',#2224,0.4);
#2224 = AXIS2_PLACEMENT_3D('',#2225,#2226,#2227);
#2225 = CARTESIAN_POINT('',(-13.8566023305,11.488889060921,10.15));
#2226 = DIRECTION('',(0.,0.,-1.));
#2227 = DIRECTION('',(0.769811240584,-0.638271614496,0.));
#2228 = CYLINDRICAL_SURFACE('',#2229,0.4);
#2229 = AXIS2_PLACEMENT_3D('',#2230,#2231,#2232);
#2230 = CARTESIAN_POINT('',(-13.8566023305,11.488889060921,18.75));
#2231 = DIRECTION('',(0.,0.,1.));
#2232 = DIRECTION('',(0.124787264138,-0.99218352068,0.));
#2233 = ADVANCED_FACE('',(#2234),#2292,.T.);
#2234 = FACE_BOUND('',#2235,.T.);
#2235 = EDGE_LOOP('',(#2236,#2253,#2284,#2285));
#2236 = ORIENTED_EDGE('',*,*,#2237,.T.);
#2237 = EDGE_CURVE('',#2238,#2240,#2242,.T.);
#2238 = VERTEX_POINT('',#2239);
#2239 = CARTESIAN_POINT('',(-13.61545042039,11.152556202491,
    9.750000000016));
#2240 = VERTEX_POINT('',#2241);
#2241 = CARTESIAN_POINT('',(-14.35382789512,10.861290197628,9.75));
#2242 = B_SPLINE_CURVE_WITH_KNOTS('',3,(#2243,#2244,#2245,#2246,#2247,
    #2248,#2249,#2250,#2251,#2252),.UNSPECIFIED.,.F.,.F.,(4,2,2,2,4),(0.
    ,1.847037005559E-02,3.892538866405E-02,6.663583588757E-02,
    6.696572168205E-02),.UNSPECIFIED.);
#2243 = CARTESIAN_POINT('',(-13.6154504204,11.152556202477,9.75));
#2244 = CARTESIAN_POINT('',(-13.65446402649,11.104926958587,9.75));
#2245 = CARTESIAN_POINT('',(-13.70783436056,11.056459203536,9.75));
#2246 = CARTESIAN_POINT('',(-13.86162800958,10.966388911224,9.75));
#2247 = CARTESIAN_POINT('',(-13.94724691651,10.937340129849,9.75));
#2248 = CARTESIAN_POINT('',(-14.13117209134,10.890851999167,9.75));
#2249 = CARTESIAN_POINT('',(-14.24026747435,10.877008729509,9.75));
#2250 = CARTESIAN_POINT('',(-14.35121740851,10.861652075701,9.75));
#2251 = CARTESIAN_POINT('',(-14.35252265542,10.861471237436,9.75));
#2252 = CARTESIAN_POINT('',(-14.35382789512,10.861290197628,9.75));
#2253 = ORIENTED_EDGE('',*,*,#2254,.T.);
#2254 = EDGE_CURVE('',#2240,#2215,#2255,.T.);
#2255 = B_SPLINE_CURVE_WITH_KNOTS('',3,(#2256,#2257,#2258,#2259,#2260,
    #2261,#2262,#2263,#2264,#2265,#2266,#2267,#2268,#2269,#2270,#2271,
    #2272,#2273,#2274,#2275,#2276,#2277,#2278,#2279,#2280,#2281,#2282,
    #2283),.UNSPECIFIED.,.F.,.F.,(4,3,3,3,3,3,3,3,3,4),(-0.628459389193,
    -0.615517683302,-0.596720859143,-0.577087920083,-0.565944303028,
    -0.556641439105,-0.538471566984,-0.534553149212,-0.513712340056,
    -0.502749865484),.UNSPECIFIED.);
#2256 = CARTESIAN_POINT('',(-14.35382789512,10.861290197628,9.75));
#2257 = CARTESIAN_POINT('',(-14.34047343628,10.878243957146,9.75));
#2258 = CARTESIAN_POINT('',(-14.32697104779,10.895079221633,
    9.751867146274));
#2259 = CARTESIAN_POINT('',(-14.31354105952,10.911579623156,
    9.755473430697));
#2260 = CARTESIAN_POINT('',(-14.29403504307,10.935545176738,
    9.760711279149));
#2261 = CARTESIAN_POINT('',(-14.27468498051,10.958801768243,
    9.769608604827));
#2262 = CARTESIAN_POINT('',(-14.25604109426,10.98084614741,
    9.781757258586));
#2263 = CARTESIAN_POINT('',(-14.23656789606,11.00387109828,
    9.794446305251));
#2264 = CARTESIAN_POINT('',(-14.21784612171,11.025595878592,
    9.810692219794));
#2265 = CARTESIAN_POINT('',(-14.20048681088,11.045445009239,
    9.830092354514));
#2266 = CARTESIAN_POINT('',(-14.19063370068,11.056711336208,
    9.84110383229));
#2267 = CARTESIAN_POINT('',(-14.1812198151,11.067372999215,9.85313222922
    ));
#2268 = CARTESIAN_POINT('',(-14.17236075047,11.077320173013,
    9.866108623209));
#2269 = CARTESIAN_POINT('',(-14.16496506626,11.085624227594,
    9.876941517672));
#2270 = CARTESIAN_POINT('',(-14.15796095339,11.093421989738,
    9.888426561182));
#2271 = CARTESIAN_POINT('',(-14.15142457746,11.100647805148,
    9.900510730187));
#2272 = CARTESIAN_POINT('',(-14.13865806645,11.114760893661,
    9.924112903381));
#2273 = CARTESIAN_POINT('',(-14.12767800148,11.126689891961,
    9.950001588757));
#2274 = CARTESIAN_POINT('',(-14.11876551885,11.136303080504,
    9.977336686409));
#2275 = CARTESIAN_POINT('',(-14.11684350036,11.138376209505,
    9.983231627866));
#2276 = CARTESIAN_POINT('',(-14.11501751306,11.140341769916,
    9.989193777666));
#2277 = CARTESIAN_POINT('',(-14.11329015855,11.142198666885,
    9.995214644508));
#2278 = CARTESIAN_POINT('',(-14.10410291312,11.152074907148,
    10.027237706903));
#2279 = CARTESIAN_POINT('',(-14.09769633377,11.158915918946,
    10.060998687617));
#2280 = CARTESIAN_POINT('',(-14.0943669991,11.162462806568,
    10.095383171457));
#2281 = CARTESIAN_POINT('',(-14.09261573568,11.16432850502,
    10.113469754706));
#2282 = CARTESIAN_POINT('',(-14.09171643142,11.165282263171,
    10.131729209046));
#2283 = CARTESIAN_POINT('',(-14.09171643142,11.165282263171,10.15));
#2284 = ORIENTED_EDGE('',*,*,#2222,.F.);
#2285 = ORIENTED_EDGE('',*,*,#2286,.T.);
#2286 = EDGE_CURVE('',#2206,#2238,#2287,.T.);
#2287 = B_SPLINE_CURVE_WITH_KNOTS('',3,(#2288,#2289,#2290,#2291),
  .UNSPECIFIED.,.F.,.F.,(4,4),(0.502749865484,0.544642434563),
  .PIECEWISE_BEZIER_KNOTS.);
#2288 = CARTESIAN_POINT('',(-13.54867783427,11.233580415123,10.15));
#2289 = CARTESIAN_POINT('',(-13.54867783427,11.233580415123,
    10.010358103069));
#2290 = CARTESIAN_POINT('',(-13.57265259292,11.205088505446,
    9.87061267115));
#2291 = CARTESIAN_POINT('',(-13.61576451674,11.152380152816,
    9.749708070858));
#2292 = B_SPLINE_SURFACE_WITH_KNOTS('',3,3,(
    (#2293,#2294,#2295,#2296,#2297)
    ,(#2298,#2299,#2300,#2301,#2302)
    ,(#2303,#2304,#2305,#2306,#2307)
    ,(#2308,#2309,#2310,#2311,#2312)
    ,(#2313,#2314,#2315,#2316,#2317
  )),.UNSPECIFIED.,.F.,.F.,.F.,(4,1,4),(4,1,4),(0.,0.5,1.),(
    0.502749865484,0.556625375645,0.628459389193),.UNSPECIFIED.);
#2293 = CARTESIAN_POINT('',(-14.09171643142,11.165282263171,10.15));
#2294 = CARTESIAN_POINT('',(-14.09171643142,11.165282263171,
    10.060207483065));
#2295 = CARTESIAN_POINT('',(-14.1432572034,11.112128801093,
    9.850491834486));
#2296 = CARTESIAN_POINT('',(-14.27970286205,10.955393448091,9.75));
#2297 = CARTESIAN_POINT('',(-14.35382789512,10.861290197628,9.75));
#2298 = CARTESIAN_POINT('',(-14.0104445315,11.10623477155,10.15));
#2299 = CARTESIAN_POINT('',(-14.0104445315,11.10623477155,
    10.058921128517));
#2300 = CARTESIAN_POINT('',(-14.06284928816,11.049515431339,
    9.846463447314));
#2301 = CARTESIAN_POINT('',(-14.19749816862,10.891124786472,
    9.749376887398));
#2302 = CARTESIAN_POINT('',(-14.27032070944,10.79810177264,9.75));
#2303 = CARTESIAN_POINT('',(-13.80175807084,11.052822359571,10.15));
#2304 = CARTESIAN_POINT('',(-13.80175807084,11.052822359571,
    10.037976568423));
#2305 = CARTESIAN_POINT('',(-13.86226389384,10.980277358931,
    9.777470857344));
#2306 = CARTESIAN_POINT('',(-14.01796687949,10.784802889164,
    9.662159424717));
#2307 = CARTESIAN_POINT('',(-14.10399204905,10.672243788144,
    9.663299369485));
#2308 = CARTESIAN_POINT('',(-13.61279706432,11.156247030862,10.15));
#2309 = CARTESIAN_POINT('',(-13.61279706432,11.156247030862,
    9.993046806791));
#2310 = CARTESIAN_POINT('',(-13.69391236338,11.058347238806,
    9.626743457588));
#2311 = CARTESIAN_POINT('',(-13.91253870208,10.781595869878,
    9.454328026787));
#2312 = CARTESIAN_POINT('',(-14.0348539419,10.619928193236,9.45471975512
    ));
#2313 = CARTESIAN_POINT('',(-13.54867783427,11.233580415123,10.15));
#2314 = CARTESIAN_POINT('',(-13.54867783427,11.233580415123,
    9.97041496613));
#2315 = CARTESIAN_POINT('',(-13.64119873061,11.123627399117,
    9.550983668971));
#2316 = CARTESIAN_POINT('',(-13.89358132625,10.806628186926,9.35));
#2317 = CARTESIAN_POINT('',(-14.0348539419,10.619928193236,9.35));
#2318 = ADVANCED_FACE('',(#2319),#2358,.T.);
#2319 = FACE_BOUND('',#2320,.T.);
#2320 = EDGE_LOOP('',(#2321,#2322,#2323,#2324,#2325,#2334,#2342,#2351));
#2321 = ORIENTED_EDGE('',*,*,#2286,.F.);
#2322 = ORIENTED_EDGE('',*,*,#2205,.F.);
#2323 = ORIENTED_EDGE('',*,*,#2169,.F.);
#2324 = ORIENTED_EDGE('',*,*,#248,.F.);
#2325 = ORIENTED_EDGE('',*,*,#2326,.F.);
#2326 = EDGE_CURVE('',#2327,#234,#2329,.T.);
#2327 = VERTEX_POINT('',#2328);
#2328 = CARTESIAN_POINT('',(4.358177720794,17.051870482559,19.85));
#2329 = B_SPLINE_CURVE_WITH_KNOTS('',3,(#2330,#2331,#2332,#2333),
  .UNSPECIFIED.,.F.,.F.,(4,4),(0.502749784266,0.544642341172),
  .PIECEWISE_BEZIER_KNOTS.);
#2330 = CARTESIAN_POINT('',(4.358177720794,17.051870482559,19.85));
#2331 = CARTESIAN_POINT('',(4.358177720794,17.051870482559,
    19.989641856352));
#2332 = CARTESIAN_POINT('',(4.394321908618,17.04291174939,
    20.129386929646));
#2333 = CARTESIAN_POINT('',(4.460181528016,17.025610309374,
    20.250291200527));
#2334 = ORIENTED_EDGE('',*,*,#2335,.F.);
#2335 = EDGE_CURVE('',#2336,#2327,#2338,.T.);
#2336 = VERTEX_POINT('',#2337);
#2337 = CARTESIAN_POINT('',(4.358177720794,17.051870482559,10.15));
#2338 = LINE('',#2339,#2340);
#2339 = CARTESIAN_POINT('',(4.358177720794,17.051870482559,18.75));
#2340 = VECTOR('',#2341,1.);
#2341 = DIRECTION('',(0.,0.,1.));
#2342 = ORIENTED_EDGE('',*,*,#2343,.F.);
#2343 = EDGE_CURVE('',#2344,#2336,#2346,.T.);
#2344 = VERTEX_POINT('',#2345);
#2345 = CARTESIAN_POINT('',(4.459822715006,17.02556845896,9.75));
#2346 = B_SPLINE_CURVE_WITH_KNOTS('',3,(#2347,#2348,#2349,#2350),
  .UNSPECIFIED.,.F.,.F.,(4,4),(0.460865542515,0.502749784266),
  .PIECEWISE_BEZIER_KNOTS.);
#2347 = CARTESIAN_POINT('',(4.461191045162,17.025333924922,
    9.750778370526));
#2348 = CARTESIAN_POINT('',(4.395356479111,17.042615870783,
    9.871719024649));
#2349 = CARTESIAN_POINT('',(4.358177720794,17.051870482559,
    10.010385860828));
#2350 = CARTESIAN_POINT('',(4.358177720794,17.051870482559,10.15));
#2351 = ORIENTED_EDGE('',*,*,#2352,.F.);
#2352 = EDGE_CURVE('',#2238,#2344,#2353,.T.);
#2353 = CIRCLE('',#2354,17.6);
#2354 = AXIS2_PLACEMENT_3D('',#2355,#2356,#2357);
#2355 = CARTESIAN_POINT('',(4.440892098501E-15,-4.815648849472E-16,9.75)
  );
#2356 = DIRECTION('',(0.,0.,-1.));
#2357 = DIRECTION('',(-1.,0.,0.));
#2358 = CYLINDRICAL_SURFACE('',#2359,17.6);
#2359 = AXIS2_PLACEMENT_3D('',#2360,#2361,#2362);
#2360 = CARTESIAN_POINT('',(4.440892098501E-15,-4.815648849472E-16,18.75
    ));
#2361 = DIRECTION('',(0.,0.,-1.));
#2362 = DIRECTION('',(-1.,0.,0.));
#2363 = ADVANCED_FACE('',(#2364),#2422,.T.);
#2364 = FACE_BOUND('',#2365,.T.);
#2365 = EDGE_LOOP('',(#2366,#2375,#2408,#2421));
#2366 = ORIENTED_EDGE('',*,*,#2367,.T.);
#2367 = EDGE_CURVE('',#1580,#2368,#2370,.T.);
#2368 = VERTEX_POINT('',#2369);
#2369 = CARTESIAN_POINT('',(-14.97339430988,9.951756771582,10.15));
#2370 = CIRCLE('',#2371,0.4);
#2371 = AXIS2_PLACEMENT_3D('',#2372,#2373,#2374);
#2372 = CARTESIAN_POINT('',(-15.2085084108,9.628149973832,10.15));
#2373 = DIRECTION('',(5.950709294726E-15,9.399667911805E-15,1.));
#2374 = DIRECTION('',(0.844917133933,-0.534897220768,2.366582715663E-30)
  );
#2375 = ORIENTED_EDGE('',*,*,#2376,.T.);
#2376 = EDGE_CURVE('',#2368,#2377,#2379,.T.);
#2377 = VERTEX_POINT('',#2378);
#2378 = CARTESIAN_POINT('',(-14.76527757175,10.294978301539,9.75));
#2379 = B_SPLINE_CURVE_WITH_KNOTS('',3,(#2380,#2381,#2382,#2383,#2384,
    #2385,#2386,#2387,#2388,#2389,#2390,#2391,#2392,#2393,#2394,#2395,
    #2396,#2397,#2398,#2399,#2400,#2401,#2402,#2403,#2404,#2405,#2406,
    #2407),.UNSPECIFIED.,.F.,.F.,(4,3,3,3,3,3,3,3,3,4),(-0.502749784266,
    -0.48430343503,-0.470824956345,-0.451297295426,-0.439783718907,
    -0.430932776674,-0.413839884142,-0.395439814677,-0.38308698532,
    -0.377039745212),.UNSPECIFIED.);
#2380 = CARTESIAN_POINT('',(-14.97339430988,9.951756771582,10.15));
#2381 = CARTESIAN_POINT('',(-14.97339430988,9.951756771582,
    10.119256084606));
#2382 = CARTESIAN_POINT('',(-14.97154445595,9.955104076947,
    10.088569026579));
#2383 = CARTESIAN_POINT('',(-14.96801467559,9.96146158986,
    10.058712407749));
#2384 = CARTESIAN_POINT('',(-14.9654355165,9.966106931937,
    10.036896611282));
#2385 = CARTESIAN_POINT('',(-14.96195998624,9.972358254769,
    10.01552457686));
#2386 = CARTESIAN_POINT('',(-14.95766319497,9.980069474022,
    9.994893779117));
#2387 = CARTESIAN_POINT('',(-14.95143799072,9.991241511934,
    9.965003816589));
#2388 = CARTESIAN_POINT('',(-14.9434689336,10.005490267534,
    9.936601794652));
#2389 = CARTESIAN_POINT('',(-14.93383911149,10.022383082112,
    9.910499592048));
#2390 = CARTESIAN_POINT('',(-14.92816133503,10.032343144102,
    9.895109642979));
#2391 = CARTESIAN_POINT('',(-14.92190578667,10.043223046849,
    9.880519612464));
#2392 = CARTESIAN_POINT('',(-14.91508606611,10.054938564745,
    9.866902507684));
#2393 = CARTESIAN_POINT('',(-14.90984347684,10.063944747313,
    9.856434499972));
#2394 = CARTESIAN_POINT('',(-14.90426708401,10.073437324485,
    9.846548293263));
#2395 = CARTESIAN_POINT('',(-14.89837474482,10.083370224067,
    9.837330788352));
#2396 = CARTESIAN_POINT('',(-14.88699549075,10.102552586873,
    9.819529991929));
#2397 = CARTESIAN_POINT('',(-14.87443704996,10.123377928734,
    9.804226584381));
#2398 = CARTESIAN_POINT('',(-14.86103957296,10.145205613508,
    9.791652088194));
#2399 = CARTESIAN_POINT('',(-14.8466175255,10.168702567892,9.7781159589)
  );
#2400 = CARTESIAN_POINT('',(-14.83121037912,10.19338345367,
    9.767717310909));
#2401 = CARTESIAN_POINT('',(-14.81514202229,10.218572297206,
    9.760688037815));
#2402 = CARTESIAN_POINT('',(-14.80435458095,10.235482748903,
    9.755968957205));
#2403 = CARTESIAN_POINT('',(-14.79326683218,10.252625565534,
    9.752769425951));
#2404 = CARTESIAN_POINT('',(-14.78198077012,10.269787925677,
    9.751175546915));
#2405 = CARTESIAN_POINT('',(-14.77645575839,10.278189637511,
    9.750395274724));
#2406 = CARTESIAN_POINT('',(-14.77088348794,10.286595593381,9.75));
#2407 = CARTESIAN_POINT('',(-14.76527757175,10.294978301539,9.75));
#2408 = ORIENTED_EDGE('',*,*,#2409,.T.);
#2409 = EDGE_CURVE('',#2377,#1588,#2410,.T.);
#2410 = B_SPLINE_CURVE_WITH_KNOTS('',3,(#2411,#2412,#2413,#2414,#2415,
    #2416,#2417,#2418,#2419,#2420),.UNSPECIFIED.,.F.,.F.,(4,2,2,2,4),(
    -3.953204357301E-04,0.,3.32069895726E-02,5.77193649067E-02,
    7.985343775737E-02),.UNSPECIFIED.);
#2411 = CARTESIAN_POINT('',(-14.76527757175,10.294978301538,9.75));
#2412 = CARTESIAN_POINT('',(-14.76504640966,10.293681000858,9.75));
#2413 = CARTESIAN_POINT('',(-14.76481505346,10.292383754426,9.75));
#2414 = CARTESIAN_POINT('',(-14.74513467599,10.182118584912,9.75));
#2415 = CARTESIAN_POINT('',(-14.72458806997,10.074084853211,9.75));
#2416 = CARTESIAN_POINT('',(-14.71196492545,9.884795988512,9.75));
#2417 = CARTESIAN_POINT('',(-14.7131342697,9.79439105317,9.75));
#2418 = CARTESIAN_POINT('',(-14.7512713469,9.62029139984,9.75));
#2419 = CARTESIAN_POINT('',(-14.78087458056,9.554555836867,9.75));
#2420 = CARTESIAN_POINT('',(-14.81411681568,9.50273344734,9.75));
#2421 = ORIENTED_EDGE('',*,*,#1587,.T.);
#2422 = B_SPLINE_SURFACE_WITH_KNOTS('',3,3,(
    (#2423,#2424,#2425,#2426,#2427)
    ,(#2428,#2429,#2430,#2431,#2432)
    ,(#2433,#2434,#2435,#2436,#2437)
    ,(#2438,#2439,#2440,#2441,#2442)
    ,(#2443,#2444,#2445,#2446,#2447
  )),.UNSPECIFIED.,.F.,.F.,.F.,(4,1,4),(4,1,4),(0.,0.5,1.),(
    0.377039745212,0.430915476236,0.502749784266),.UNSPECIFIED.);
#2423 = CARTESIAN_POINT('',(-14.76527757175,10.294978301539,9.75));
#2424 = CARTESIAN_POINT('',(-14.81522148465,10.220295550086,9.75));
#2425 = CARTESIAN_POINT('',(-14.92570670087,10.0414613098,9.823197598608
    ));
#2426 = CARTESIAN_POINT('',(-14.97339430988,9.951756771582,
    10.030276153282));
#2427 = CARTESIAN_POINT('',(-14.97339430988,9.951756771582,10.15));
#2428 = CARTESIAN_POINT('',(-14.67937666888,10.235084545611,9.75));
#2429 = CARTESIAN_POINT('',(-14.7288519245,10.161581215335,
    9.749532663659));
#2430 = CARTESIAN_POINT('',(-14.84038290314,9.984748656087,
    9.819358495689));
#2431 = CARTESIAN_POINT('',(-14.89212240996,9.89270927996,
    10.028561006853));
#2432 = CARTESIAN_POINT('',(-14.89212240996,9.89270927996,10.15));
#2433 = CARTESIAN_POINT('',(-14.50827947616,10.115788319858,
    9.663300288333));
#2434 = CARTESIAN_POINT('',(-14.56862984053,10.028339861422,
    9.662445326301));
#2435 = CARTESIAN_POINT('',(-14.70821733676,9.819585489651,
    9.745044280341));
#2436 = CARTESIAN_POINT('',(-14.77683543456,9.710742213264,
    10.000634812246));
#2437 = CARTESIAN_POINT('',(-14.77683543456,9.710742213264,10.15));
#2438 = CARTESIAN_POINT('',(-14.43716029237,10.066201005949,
    9.45471975512));
#2439 = CARTESIAN_POINT('',(-14.52412885117,9.941485427667,
    9.454425957682));
#2440 = CARTESIAN_POINT('',(-14.72345971482,9.646146417151,
    9.579492992124));
#2441 = CARTESIAN_POINT('',(-14.81680706994,9.499069427049,
    9.940728217817));
#2442 = CARTESIAN_POINT('',(-14.81680706994,9.499069427049,10.15));
#2443 = CARTESIAN_POINT('',(-14.43716029237,10.066201005949,9.35));
#2444 = CARTESIAN_POINT('',(-14.53759065331,9.922161639144,9.35));
#2445 = CARTESIAN_POINT('',(-14.76609502649,9.581482729082,
    9.496395197216));
#2446 = CARTESIAN_POINT('',(-14.87054155722,9.414191085525,
    9.910552306564));
#2447 = CARTESIAN_POINT('',(-14.87054155722,9.414191085525,10.15));
#2448 = ADVANCED_FACE('',(#2449),#2468,.F.);
#2449 = FACE_BOUND('',#2450,.F.);
#2450 = EDGE_LOOP('',(#2451,#2452,#2453,#2461));
#2451 = ORIENTED_EDGE('',*,*,#1579,.F.);
#2452 = ORIENTED_EDGE('',*,*,#2367,.T.);
#2453 = ORIENTED_EDGE('',*,*,#2454,.F.);
#2454 = EDGE_CURVE('',#2455,#2368,#2457,.T.);
#2455 = VERTEX_POINT('',#2456);
#2456 = CARTESIAN_POINT('',(-14.97339430988,9.951756771582,19.85));
#2457 = LINE('',#2458,#2459);
#2458 = CARTESIAN_POINT('',(-14.97339430988,9.951756771582,18.75));
#2459 = VECTOR('',#2460,1.);
#2460 = DIRECTION('',(0.,0.,-1.));
#2461 = ORIENTED_EDGE('',*,*,#2462,.F.);
#2462 = EDGE_CURVE('',#1571,#2455,#2463,.T.);
#2463 = CIRCLE('',#2464,0.4);
#2464 = AXIS2_PLACEMENT_3D('',#2465,#2466,#2467);
#2465 = CARTESIAN_POINT('',(-15.2085084108,9.628149973832,19.85));
#2466 = DIRECTION('',(0.,0.,1.));
#2467 = DIRECTION('',(0.844917133933,-0.534897220768,0.));
#2468 = CYLINDRICAL_SURFACE('',#2469,0.4);
#2469 = AXIS2_PLACEMENT_3D('',#2470,#2471,#2472);
#2470 = CARTESIAN_POINT('',(-15.2085084108,9.628149973832,18.75));
#2471 = DIRECTION('',(0.,0.,-1.));
#2472 = DIRECTION('',(0.982183988003,0.18792182872,0.));
#2473 = ADVANCED_FACE('',(#2474),#2513,.T.);
#2474 = FACE_BOUND('',#2475,.T.);
#2475 = EDGE_LOOP('',(#2476,#2477,#2511,#2512));
#2476 = ORIENTED_EDGE('',*,*,#297,.T.);
#2477 = ORIENTED_EDGE('',*,*,#2478,.T.);
#2478 = EDGE_CURVE('',#290,#2455,#2479,.T.);
#2479 = B_SPLINE_CURVE_WITH_KNOTS('',3,(#2480,#2481,#2482,#2483,#2484,
    #2485,#2486,#2487,#2488,#2489,#2490,#2491,#2492,#2493,#2494,#2495,
    #2496,#2497,#2498,#2499,#2500,#2501,#2502,#2503,#2504,#2505,#2506,
    #2507,#2508,#2509,#2510),.UNSPECIFIED.,.F.,.F.,(4,3,3,3,3,3,3,3,3,3,
    4),(-1.131209607416,-1.119567198316,-1.106606287864,-1.094409468658,
    -1.073932049947,-1.068465633892,-1.05939154107,-1.041198211263,
    -1.037424396454,-1.016608967452,-1.005499568533),.UNSPECIFIED.);
#2480 = CARTESIAN_POINT('',(-14.76527757175,10.294978301538,20.25));
#2481 = CARTESIAN_POINT('',(-14.77607032414,10.278839549126,20.25));
#2482 = CARTESIAN_POINT('',(-14.7867355369,10.262615650857,
    20.248489296055));
#2483 = CARTESIAN_POINT('',(-14.79717109134,10.246510476659,
    20.245560113307));
#2484 = CARTESIAN_POINT('',(-14.80878847099,10.22858139353,
    20.242299200985));
#2485 = CARTESIAN_POINT('',(-14.82011877963,10.210803840551,
    20.23728438384));
#2486 = CARTESIAN_POINT('',(-14.83106111245,10.193400245904,
    20.230650433653));
#2487 = CARTESIAN_POINT('',(-14.84135835628,10.177022654358,
    20.224407578156));
#2488 = CARTESIAN_POINT('',(-14.85131241376,10.160975581005,
    20.216730657627));
#2489 = CARTESIAN_POINT('',(-14.86083981362,10.145442384317,
    20.207726346029));
#2490 = CARTESIAN_POINT('',(-14.87683550503,10.119363472504,
    20.192608875182));
#2491 = CARTESIAN_POINT('',(-14.89164746796,10.094702018354,
    20.173734752402));
#2492 = CARTESIAN_POINT('',(-14.90485135701,10.072335545246,
    20.15155409394));
#2493 = CARTESIAN_POINT('',(-14.90837611528,10.066364848967,
    20.1456330006));
#2494 = CARTESIAN_POINT('',(-14.91178615975,10.060557897716,
    20.139476123236));
#2495 = CARTESIAN_POINT('',(-14.91507312659,10.054931886835,
    20.133091716118));
#2496 = CARTESIAN_POINT('',(-14.92052939665,10.045592871211,
    20.122493784637));
#2497 = CARTESIAN_POINT('',(-14.92564188159,10.036759450315,
    20.111276690686));
#2498 = CARTESIAN_POINT('',(-14.93037448006,10.028517557495,
    20.09948967741));
#2499 = CARTESIAN_POINT('',(-14.93986322196,10.01199276794,
    20.075857009752));
#2500 = CARTESIAN_POINT('',(-14.94782335845,9.997848629957,
    20.049932305305));
#2501 = CARTESIAN_POINT('',(-14.95421611354,9.986393866992,
    20.022558791581));
#2502 = CARTESIAN_POINT('',(-14.95554215303,9.984017822883,
    20.016880745144));
#2503 = CARTESIAN_POINT('',(-14.95680083463,9.981757344006,
    20.011140416145));
#2504 = CARTESIAN_POINT('',(-14.95799194297,9.979614940393,
    20.005345387604));
#2505 = CARTESIAN_POINT('',(-14.96456180195,9.967797972005,
    19.97338144362));
#2506 = CARTESIAN_POINT('',(-14.96910968891,9.959552700004,
    19.93967753291));
#2507 = CARTESIAN_POINT('',(-14.971482034,9.955239740973,19.905343859751
    ));
#2508 = CARTESIAN_POINT('',(-14.97274817788,9.952937872373,
    19.88701964114));
#2509 = CARTESIAN_POINT('',(-14.97339430988,9.951756771582,
    19.868515664866));
#2510 = CARTESIAN_POINT('',(-14.97339430988,9.951756771582,19.85));
#2511 = ORIENTED_EDGE('',*,*,#2462,.F.);
#2512 = ORIENTED_EDGE('',*,*,#1570,.T.);
#2513 = B_SPLINE_SURFACE_WITH_KNOTS('',3,3,(
    (#2514,#2515,#2516,#2517,#2518)
    ,(#2519,#2520,#2521,#2522,#2523)
    ,(#2524,#2525,#2526,#2527,#2528)
    ,(#2529,#2530,#2531,#2532,#2533)
    ,(#2534,#2535,#2536,#2537,#2538
  )),.UNSPECIFIED.,.F.,.F.,.F.,(4,1,4),(4,1,4),(0.,0.5,1.),(
    1.005499568533,1.059375299483,1.131209607416),.UNSPECIFIED.);
#2514 = CARTESIAN_POINT('',(-14.97339430988,9.951756771582,19.85));
#2515 = CARTESIAN_POINT('',(-14.97339430988,9.951756771582,
    19.939792884916));
#2516 = CARTESIAN_POINT('',(-14.93876789887,10.017202704818,
    20.149508815491));
#2517 = CARTESIAN_POINT('',(-14.83186945085,10.195401306733,20.25));
#2518 = CARTESIAN_POINT('',(-14.76527757175,10.294978301538,20.25));
#2519 = CARTESIAN_POINT('',(-14.89212240996,9.89270927996,19.85));
#2520 = CARTESIAN_POINT('',(-14.89212240996,9.89270927996,
    19.941079244736));
#2521 = CARTESIAN_POINT('',(-14.85437125065,9.9600793103,20.153536422291
    ));
#2522 = CARTESIAN_POINT('',(-14.74534367165,10.137080112261,
    20.250623115076));
#2523 = CARTESIAN_POINT('',(-14.67937666888,10.235084545611,20.25));
#2524 = CARTESIAN_POINT('',(-14.77686368617,9.710736807867,19.85));
#2525 = CARTESIAN_POINT('',(-14.77686368617,9.710736807867,
    19.962023890663));
#2526 = CARTESIAN_POINT('',(-14.72656204563,9.790707809742,
    20.222538082635));
#2527 = CARTESIAN_POINT('',(-14.58876615689,9.999204003561,
    20.337863474399));
#2528 = CARTESIAN_POINT('',(-14.50829901016,10.115801939792,
    20.336723525105));
#2529 = CARTESIAN_POINT('',(-14.81680706994,9.499069427049,19.85));
#2530 = CARTESIAN_POINT('',(-14.81680706994,9.499069427049,
    20.006953836424));
#2531 = CARTESIAN_POINT('',(-14.74876212136,9.606471489652,
    20.373257453889));
#2532 = CARTESIAN_POINT('',(-14.55311836247,9.899913580148,
    20.545671974769));
#2533 = CARTESIAN_POINT('',(-14.43716029237,10.066201005949,
    20.54528024488));
#2534 = CARTESIAN_POINT('',(-14.87054155722,9.414191085525,19.85));
#2535 = CARTESIAN_POINT('',(-14.87054155722,9.414191085525,
    20.029585769833));
#2536 = CARTESIAN_POINT('',(-14.79455753441,9.536165626428,
    20.449017630981));
#2537 = CARTESIAN_POINT('',(-14.5710674307,9.874148530628,20.65));
#2538 = CARTESIAN_POINT('',(-14.43716029237,10.066201005949,20.65));
#2539 = ADVANCED_FACE('',(#2540),#2569,.T.);
#2540 = FACE_BOUND('',#2541,.T.);
#2541 = EDGE_LOOP('',(#2542,#2553,#2562));
#2542 = ORIENTED_EDGE('',*,*,#2543,.T.);
#2543 = EDGE_CURVE('',#2544,#2546,#2548,.T.);
#2544 = VERTEX_POINT('',#2545);
#2545 = CARTESIAN_POINT('',(-18.31787218919,12.381662184874,10.15));
#2546 = VERTEX_POINT('',#2547);
#2547 = CARTESIAN_POINT('',(-18.41004782743,12.935228602219,10.15));
#2548 = CIRCLE('',#2549,0.4);
#2549 = AXIS2_PLACEMENT_3D('',#2550,#2551,#2552);
#2550 = CARTESIAN_POINT('',(-18.08275808827,12.705268982624,10.15));
#2551 = DIRECTION('',(0.,0.,-1.));
#2552 = DIRECTION('',(-0.818224347886,0.574899048987,0.));
#2553 = ORIENTED_EDGE('',*,*,#2554,.T.);
#2554 = EDGE_CURVE('',#2546,#2555,#2557,.T.);
#2555 = VERTEX_POINT('',#2556);
#2556 = CARTESIAN_POINT('',(-18.08275808827,12.705268982624,9.75));
#2557 = CIRCLE('',#2558,0.4);
#2558 = AXIS2_PLACEMENT_3D('',#2559,#2560,#2561);
#2559 = CARTESIAN_POINT('',(-18.08275808827,12.705268982624,10.15));
#2560 = DIRECTION('',(-0.574899048988,-0.818224347886,0.));
#2561 = DIRECTION('',(-0.,0.,-1.));
#2562 = ORIENTED_EDGE('',*,*,#2563,.T.);
#2563 = EDGE_CURVE('',#2555,#2544,#2564,.T.);
#2564 = CIRCLE('',#2565,0.4);
#2565 = AXIS2_PLACEMENT_3D('',#2566,#2567,#2568);
#2566 = CARTESIAN_POINT('',(-18.08275808827,12.705268982624,10.15));
#2567 = DIRECTION('',(-0.809016994375,0.587785252292,0.));
#2568 = DIRECTION('',(-0.587785252292,-0.809016994375,0.));
#2569 = SPHERICAL_SURFACE('',#2570,0.4);
#2570 = AXIS2_PLACEMENT_3D('',#2571,#2572,#2573);
#2571 = CARTESIAN_POINT('',(-18.08275808827,12.705268982624,10.15));
#2572 = DIRECTION('',(0.566526184994,9.433359944507E-02,-0.818626443338)
  );
#2573 = DIRECTION('',(-0.807508349451,-0.134460102998,-0.574326341263));
#2574 = ADVANCED_FACE('',(#2575),#2604,.T.);
#2575 = FACE_BOUND('',#2576,.T.);
#2576 = EDGE_LOOP('',(#2577,#2588,#2597));
#2577 = ORIENTED_EDGE('',*,*,#2578,.T.);
#2578 = EDGE_CURVE('',#2579,#2581,#2583,.T.);
#2579 = VERTEX_POINT('',#2580);
#2580 = CARTESIAN_POINT('',(-17.99115109783,13.511790487375,10.15));
#2581 = VERTEX_POINT('',#2582);
#2582 = CARTESIAN_POINT('',(-17.43619431073,13.595187676461,10.15));
#2583 = CIRCLE('',#2584,0.4);
#2584 = AXIS2_PLACEMENT_3D('',#2585,#2586,#2587);
#2585 = CARTESIAN_POINT('',(-17.67130841165,13.27158087871,10.15));
#2586 = DIRECTION('',(0.,0.,-1.));
#2587 = DIRECTION('',(0.587785252292,0.809016994376,0.));
#2588 = ORIENTED_EDGE('',*,*,#2589,.T.);
#2589 = EDGE_CURVE('',#2581,#2590,#2592,.T.);
#2590 = VERTEX_POINT('',#2591);
#2591 = CARTESIAN_POINT('',(-17.67130841165,13.27158087871,9.75));
#2592 = CIRCLE('',#2593,0.4);
#2593 = AXIS2_PLACEMENT_3D('',#2594,#2595,#2596);
#2594 = CARTESIAN_POINT('',(-17.67130841165,13.27158087871,10.15));
#2595 = DIRECTION('',(-0.809016994376,0.587785252292,0.));
#2596 = DIRECTION('',(0.,0.,-1.));
#2597 = ORIENTED_EDGE('',*,*,#2598,.T.);
#2598 = EDGE_CURVE('',#2590,#2579,#2599,.T.);
#2599 = CIRCLE('',#2600,0.4);
#2600 = AXIS2_PLACEMENT_3D('',#2601,#2602,#2603);
#2601 = CARTESIAN_POINT('',(-17.67130841165,13.27158087871,10.15));
#2602 = DIRECTION('',(0.600524021661,0.79960671546,7.772286909184E-15));
#2603 = DIRECTION('',(-0.79960671546,0.600524021661,0.));
#2604 = SPHERICAL_SURFACE('',#2605,0.4);
#2605 = AXIS2_PLACEMENT_3D('',#2606,#2607,#2608);
#2606 = CARTESIAN_POINT('',(-17.67130841165,13.27158087871,10.15));
#2607 = DIRECTION('',(-0.992572489605,-9.922084434677E-02,
    7.039230729572E-02));
#2608 = DIRECTION('',(-0.121654645942,0.8095365346,-0.574326341263));
#2609 = ADVANCED_FACE('',(#2610),#2626,.T.);
#2610 = FACE_BOUND('',#2611,.T.);
#2611 = EDGE_LOOP('',(#2612,#2613,#2619,#2620));
#2612 = ORIENTED_EDGE('',*,*,#2254,.F.);
#2613 = ORIENTED_EDGE('',*,*,#2614,.T.);
#2614 = EDGE_CURVE('',#2240,#2590,#2615,.T.);
#2615 = LINE('',#2616,#2617);
#2616 = CARTESIAN_POINT('',(-8.890658586861,6.892065357488,9.75));
#2617 = VECTOR('',#2618,1.);
#2618 = DIRECTION('',(-0.809016994376,0.587785252292,0.));
#2619 = ORIENTED_EDGE('',*,*,#2589,.F.);
#2620 = ORIENTED_EDGE('',*,*,#2621,.T.);
#2621 = EDGE_CURVE('',#2581,#2215,#2622,.T.);
#2622 = LINE('',#2623,#2624);
#2623 = CARTESIAN_POINT('',(-8.655544485944,7.215672155238,10.15));
#2624 = VECTOR('',#2625,1.);
#2625 = DIRECTION('',(0.809016994376,-0.587785252292,0.));
#2626 = CYLINDRICAL_SURFACE('',#2627,0.4);
#2627 = AXIS2_PLACEMENT_3D('',#2628,#2629,#2630);
#2628 = CARTESIAN_POINT('',(-8.890658586861,6.892065357488,10.15));
#2629 = DIRECTION('',(-0.809016994376,0.587785252292,0.));
#2630 = DIRECTION('',(0.415626937777,0.572061402818,-0.707106781187));
#2631 = ADVANCED_FACE('',(#2632),#2650,.T.);
#2632 = FACE_BOUND('',#2633,.T.);
#2633 = EDGE_LOOP('',(#2634,#2635,#2642,#2643));
#2634 = ORIENTED_EDGE('',*,*,#2554,.F.);
#2635 = ORIENTED_EDGE('',*,*,#2636,.T.);
#2636 = EDGE_CURVE('',#2546,#2579,#2637,.T.);
#2637 = CIRCLE('',#2638,22.5);
#2638 = AXIS2_PLACEMENT_3D('',#2639,#2640,#2641);
#2639 = CARTESIAN_POINT('',(-3.309700440479E-15,2.999885058337E-15,10.15
    ));
#2640 = DIRECTION('',(0.,0.,-1.));
#2641 = DIRECTION('',(-0.809016994375,0.587785252292,0.));
#2642 = ORIENTED_EDGE('',*,*,#2598,.F.);
#2643 = ORIENTED_EDGE('',*,*,#2644,.T.);
#2644 = EDGE_CURVE('',#2590,#2555,#2645,.T.);
#2645 = CIRCLE('',#2646,22.1);
#2646 = AXIS2_PLACEMENT_3D('',#2647,#2648,#2649);
#2647 = CARTESIAN_POINT('',(-3.309700440479E-15,2.999885058337E-15,9.75)
  );
#2648 = DIRECTION('',(0.,0.,1.));
#2649 = DIRECTION('',(-0.809016994375,0.587785252292,0.));
#2650 = TOROIDAL_SURFACE('',#2651,22.1,0.4);
#2651 = AXIS2_PLACEMENT_3D('',#2652,#2653,#2654);
#2652 = CARTESIAN_POINT('',(-3.309700440479E-15,2.999885058337E-15,10.15
    ));
#2653 = DIRECTION('',(0.,0.,1.));
#2654 = DIRECTION('',(1.,0.,-0.));
#2655 = ADVANCED_FACE('',(#2656),#2683,.T.);
#2656 = FACE_BOUND('',#2657,.T.);
#2657 = EDGE_LOOP('',(#2658,#2669,#2676));
#2658 = ORIENTED_EDGE('',*,*,#2659,.T.);
#2659 = EDGE_CURVE('',#2660,#2662,#2664,.T.);
#2660 = VERTEX_POINT('',#2661);
#2661 = CARTESIAN_POINT('',(-18.41004782743,12.935228602219,19.85));
#2662 = VERTEX_POINT('',#2663);
#2663 = CARTESIAN_POINT('',(-18.31787218919,12.381662184874,19.85));
#2664 = CIRCLE('',#2665,0.4);
#2665 = AXIS2_PLACEMENT_3D('',#2666,#2667,#2668);
#2666 = CARTESIAN_POINT('',(-18.08275808827,12.705268982624,19.85));
#2667 = DIRECTION('',(0.,0.,1.));
#2668 = DIRECTION('',(-0.587785252292,-0.809016994375,0.));
#2669 = ORIENTED_EDGE('',*,*,#2670,.T.);
#2670 = EDGE_CURVE('',#2662,#281,#2671,.T.);
#2671 = CIRCLE('',#2672,0.4);
#2672 = AXIS2_PLACEMENT_3D('',#2673,#2674,#2675);
#2673 = CARTESIAN_POINT('',(-18.08275808827,12.705268982624,19.85));
#2674 = DIRECTION('',(-0.809016994375,0.587785252292,0.));
#2675 = DIRECTION('',(0.,0.,1.));
#2676 = ORIENTED_EDGE('',*,*,#2677,.T.);
#2677 = EDGE_CURVE('',#281,#2660,#2678,.T.);
#2678 = CIRCLE('',#2679,0.4);
#2679 = AXIS2_PLACEMENT_3D('',#2680,#2681,#2682);
#2680 = CARTESIAN_POINT('',(-18.08275808827,12.705268982624,19.85));
#2681 = DIRECTION('',(-0.574899048987,-0.818224347886,
    -2.000883426519E-14));
#2682 = DIRECTION('',(-0.818224347886,0.574899048987,0.));
#2683 = SPHERICAL_SURFACE('',#2684,0.4);
#2684 = AXIS2_PLACEMENT_3D('',#2685,#2686,#2687);
#2685 = CARTESIAN_POINT('',(-18.08275808827,12.705268982624,19.85));
#2686 = DIRECTION('',(-0.566526184994,-9.433359944507E-02,
    -0.818626443338));
#2687 = DIRECTION('',(-0.807508349451,-0.134460102998,0.574326341263));
#2688 = ADVANCED_FACE('',(#2689),#2700,.T.);
#2689 = FACE_BOUND('',#2690,.T.);
#2690 = EDGE_LOOP('',(#2691,#2692,#2693,#2694));
#2691 = ORIENTED_EDGE('',*,*,#2478,.F.);
#2692 = ORIENTED_EDGE('',*,*,#289,.T.);
#2693 = ORIENTED_EDGE('',*,*,#2670,.F.);
#2694 = ORIENTED_EDGE('',*,*,#2695,.T.);
#2695 = EDGE_CURVE('',#2662,#2455,#2696,.T.);
#2696 = LINE('',#2697,#2698);
#2697 = CARTESIAN_POINT('',(-7.553721460735,4.561048902791,19.85));
#2698 = VECTOR('',#2699,1.);
#2699 = DIRECTION('',(0.809016994375,-0.587785252292,0.));
#2700 = CYLINDRICAL_SURFACE('',#2701,0.4);
#2701 = AXIS2_PLACEMENT_3D('',#2702,#2703,#2704);
#2702 = CARTESIAN_POINT('',(-7.318607359818,4.884655700541,19.85));
#2703 = DIRECTION('',(-0.809016994375,0.587785252292,0.));
#2704 = DIRECTION('',(-0.415626937777,-0.572061402818,0.707106781187));
#2705 = ADVANCED_FACE('',(#2706),#2733,.T.);
#2706 = FACE_BOUND('',#2707,.T.);
#2707 = EDGE_LOOP('',(#2708,#2717,#2726));
#2708 = ORIENTED_EDGE('',*,*,#2709,.T.);
#2709 = EDGE_CURVE('',#2710,#273,#2712,.T.);
#2710 = VERTEX_POINT('',#2711);
#2711 = CARTESIAN_POINT('',(-17.99115109783,13.511790487375,19.85));
#2712 = CIRCLE('',#2713,0.4);
#2713 = AXIS2_PLACEMENT_3D('',#2714,#2715,#2716);
#2714 = CARTESIAN_POINT('',(-17.67130841165,13.27158087871,19.85));
#2715 = DIRECTION('',(0.600524021661,0.79960671546,0.));
#2716 = DIRECTION('',(0.,-0.,1.));
#2717 = ORIENTED_EDGE('',*,*,#2718,.T.);
#2718 = EDGE_CURVE('',#273,#2719,#2721,.T.);
#2719 = VERTEX_POINT('',#2720);
#2720 = CARTESIAN_POINT('',(-17.43619431073,13.595187676461,19.85));
#2721 = CIRCLE('',#2722,0.4);
#2722 = AXIS2_PLACEMENT_3D('',#2723,#2724,#2725);
#2723 = CARTESIAN_POINT('',(-17.67130841165,13.27158087871,19.85));
#2724 = DIRECTION('',(-0.809016994376,0.587785252292,-1.224475654783E-14
    ));
#2725 = DIRECTION('',(0.587785252292,0.809016994376,0.));
#2726 = ORIENTED_EDGE('',*,*,#2727,.T.);
#2727 = EDGE_CURVE('',#2719,#2710,#2728,.T.);
#2728 = CIRCLE('',#2729,0.4);
#2729 = AXIS2_PLACEMENT_3D('',#2730,#2731,#2732);
#2730 = CARTESIAN_POINT('',(-17.67130841165,13.27158087871,19.85));
#2731 = DIRECTION('',(0.,0.,1.));
#2732 = DIRECTION('',(-0.79960671546,0.600524021661,0.));
#2733 = SPHERICAL_SURFACE('',#2734,0.4);
#2734 = AXIS2_PLACEMENT_3D('',#2735,#2736,#2737);
#2735 = CARTESIAN_POINT('',(-17.67130841165,13.27158087871,19.85));
#2736 = DIRECTION('',(-0.992572489605,-9.922084434679E-02,
    -7.039230729573E-02));
#2737 = DIRECTION('',(-0.121654645942,0.8095365346,0.574326341263));
#2738 = ADVANCED_FACE('',(#2739),#2750,.T.);
#2739 = FACE_BOUND('',#2740,.T.);
#2740 = EDGE_LOOP('',(#2741,#2742,#2748,#2749));
#2741 = ORIENTED_EDGE('',*,*,#2137,.F.);
#2742 = ORIENTED_EDGE('',*,*,#2743,.T.);
#2743 = EDGE_CURVE('',#2129,#2719,#2744,.T.);
#2744 = LINE('',#2745,#2746);
#2745 = CARTESIAN_POINT('',(-8.655544485944,7.215672155238,19.85));
#2746 = VECTOR('',#2747,1.);
#2747 = DIRECTION('',(-0.809016994376,0.587785252292,0.));
#2748 = ORIENTED_EDGE('',*,*,#2718,.F.);
#2749 = ORIENTED_EDGE('',*,*,#272,.T.);
#2750 = CYLINDRICAL_SURFACE('',#2751,0.4);
#2751 = AXIS2_PLACEMENT_3D('',#2752,#2753,#2754);
#2752 = CARTESIAN_POINT('',(-8.890658586861,6.892065357488,19.85));
#2753 = DIRECTION('',(0.809016994376,-0.587785252292,0.));
#2754 = DIRECTION('',(0.415626937777,0.572061402818,0.707106781187));
#2755 = ADVANCED_FACE('',(#2756),#2772,.T.);
#2756 = FACE_BOUND('',#2757,.T.);
#2757 = EDGE_LOOP('',(#2758,#2759,#2765,#2766));
#2758 = ORIENTED_EDGE('',*,*,#2578,.F.);
#2759 = ORIENTED_EDGE('',*,*,#2760,.T.);
#2760 = EDGE_CURVE('',#2579,#2710,#2761,.T.);
#2761 = LINE('',#2762,#2763);
#2762 = CARTESIAN_POINT('',(-17.99115109783,13.511790487375,20.25));
#2763 = VECTOR('',#2764,1.);
#2764 = DIRECTION('',(0.,0.,1.));
#2765 = ORIENTED_EDGE('',*,*,#2727,.F.);
#2766 = ORIENTED_EDGE('',*,*,#2767,.T.);
#2767 = EDGE_CURVE('',#2719,#2581,#2768,.T.);
#2768 = LINE('',#2769,#2770);
#2769 = CARTESIAN_POINT('',(-17.43619431073,13.595187676461,20.25));
#2770 = VECTOR('',#2771,1.);
#2771 = DIRECTION('',(0.,0.,-1.));
#2772 = CYLINDRICAL_SURFACE('',#2773,0.4);
#2773 = AXIS2_PLACEMENT_3D('',#2774,#2775,#2776);
#2774 = CARTESIAN_POINT('',(-17.67130841165,13.27158087871,20.25));
#2775 = DIRECTION('',(0.,0.,-1.));
#2776 = DIRECTION('',(-0.148608253413,0.988896145719,0.));
#2777 = ADVANCED_FACE('',(#2778),#2790,.T.);
#2778 = FACE_BOUND('',#2779,.T.);
#2779 = EDGE_LOOP('',(#2780,#2781,#2788,#2789));
#2780 = ORIENTED_EDGE('',*,*,#2709,.F.);
#2781 = ORIENTED_EDGE('',*,*,#2782,.T.);
#2782 = EDGE_CURVE('',#2710,#2660,#2783,.T.);
#2783 = CIRCLE('',#2784,22.5);
#2784 = AXIS2_PLACEMENT_3D('',#2785,#2786,#2787);
#2785 = CARTESIAN_POINT('',(-3.309700440479E-15,2.999885058337E-15,19.85
    ));
#2786 = DIRECTION('',(0.,0.,1.));
#2787 = DIRECTION('',(-0.809016994375,0.587785252292,0.));
#2788 = ORIENTED_EDGE('',*,*,#2677,.F.);
#2789 = ORIENTED_EDGE('',*,*,#280,.T.);
#2790 = TOROIDAL_SURFACE('',#2791,22.1,0.4);
#2791 = AXIS2_PLACEMENT_3D('',#2792,#2793,#2794);
#2792 = CARTESIAN_POINT('',(-3.309700440479E-15,2.999885058337E-15,19.85
    ));
#2793 = DIRECTION('',(0.,0.,-1.));
#2794 = DIRECTION('',(-1.,0.,0.));
#2795 = ADVANCED_FACE('',(#2796),#2812,.T.);
#2796 = FACE_BOUND('',#2797,.T.);
#2797 = EDGE_LOOP('',(#2798,#2799,#2805,#2806));
#2798 = ORIENTED_EDGE('',*,*,#2543,.F.);
#2799 = ORIENTED_EDGE('',*,*,#2800,.T.);
#2800 = EDGE_CURVE('',#2544,#2662,#2801,.T.);
#2801 = LINE('',#2802,#2803);
#2802 = CARTESIAN_POINT('',(-18.31787218919,12.381662184874,20.25));
#2803 = VECTOR('',#2804,1.);
#2804 = DIRECTION('',(0.,0.,1.));
#2805 = ORIENTED_EDGE('',*,*,#2659,.F.);
#2806 = ORIENTED_EDGE('',*,*,#2807,.T.);
#2807 = EDGE_CURVE('',#2660,#2546,#2808,.T.);
#2808 = LINE('',#2809,#2810);
#2809 = CARTESIAN_POINT('',(-18.41004782743,12.935228602219,20.25));
#2810 = VECTOR('',#2811,1.);
#2811 = DIRECTION('',(0.,0.,-1.));
#2812 = CYLINDRICAL_SURFACE('',#2813,0.4);
#2813 = AXIS2_PLACEMENT_3D('',#2814,#2815,#2816);
#2814 = CARTESIAN_POINT('',(-18.08275808827,12.705268982624,20.25));
#2815 = DIRECTION('',(0.,0.,-1.));
#2816 = DIRECTION('',(-0.986418599134,-0.164250866916,-0.));
#2817 = ADVANCED_FACE('',(#2818),#2834,.T.);
#2818 = FACE_BOUND('',#2819,.T.);
#2819 = EDGE_LOOP('',(#2820,#2821,#2827,#2828));
#2820 = ORIENTED_EDGE('',*,*,#2376,.F.);
#2821 = ORIENTED_EDGE('',*,*,#2822,.T.);
#2822 = EDGE_CURVE('',#2368,#2544,#2823,.T.);
#2823 = LINE('',#2824,#2825);
#2824 = CARTESIAN_POINT('',(-7.553721460735,4.561048902791,10.15));
#2825 = VECTOR('',#2826,1.);
#2826 = DIRECTION('',(-0.809016994375,0.587785252292,0.));
#2827 = ORIENTED_EDGE('',*,*,#2563,.F.);
#2828 = ORIENTED_EDGE('',*,*,#2829,.T.);
#2829 = EDGE_CURVE('',#2555,#2377,#2830,.T.);
#2830 = LINE('',#2831,#2832);
#2831 = CARTESIAN_POINT('',(-7.318607359818,4.884655700541,9.75));
#2832 = VECTOR('',#2833,1.);
#2833 = DIRECTION('',(0.809016994375,-0.587785252292,0.));
#2834 = CYLINDRICAL_SURFACE('',#2835,0.4);
#2835 = AXIS2_PLACEMENT_3D('',#2836,#2837,#2838);
#2836 = CARTESIAN_POINT('',(-7.318607359818,4.884655700541,10.15));
#2837 = DIRECTION('',(0.809016994375,-0.587785252292,0.));
#2838 = DIRECTION('',(-0.415626937777,-0.572061402818,-0.707106781187));
#2839 = ADVANCED_FACE('',(#2840),#2846,.T.);
#2840 = FACE_BOUND('',#2841,.T.);
#2841 = EDGE_LOOP('',(#2842,#2843,#2844,#2845));
#2842 = ORIENTED_EDGE('',*,*,#2454,.F.);
#2843 = ORIENTED_EDGE('',*,*,#2695,.F.);
#2844 = ORIENTED_EDGE('',*,*,#2800,.F.);
#2845 = ORIENTED_EDGE('',*,*,#2822,.F.);
#2846 = PLANE('',#2847);
#2847 = AXIS2_PLACEMENT_3D('',#2848,#2849,#2850);
#2848 = CARTESIAN_POINT('',(-14.66660398224,9.728860551371,20.25));
#2849 = DIRECTION('',(-0.587785252292,-0.809016994375,0.));
#2850 = DIRECTION('',(-0.809016994375,0.587785252292,0.));
#2851 = ADVANCED_FACE('',(#2852),#2858,.T.);
#2852 = FACE_BOUND('',#2853,.T.);
#2853 = EDGE_LOOP('',(#2854,#2855,#2856,#2857));
#2854 = ORIENTED_EDGE('',*,*,#2636,.F.);
#2855 = ORIENTED_EDGE('',*,*,#2807,.F.);
#2856 = ORIENTED_EDGE('',*,*,#2782,.F.);
#2857 = ORIENTED_EDGE('',*,*,#2760,.F.);
#2858 = CYLINDRICAL_SURFACE('',#2859,22.5);
#2859 = AXIS2_PLACEMENT_3D('',#2860,#2861,#2862);
#2860 = CARTESIAN_POINT('',(-3.309700440479E-15,2.999885058337E-15,20.25
    ));
#2861 = DIRECTION('',(0.,0.,-1.));
#2862 = DIRECTION('',(-0.809016994375,0.587785252292,0.));
#2863 = ADVANCED_FACE('',(#2864),#2870,.T.);
#2864 = FACE_BOUND('',#2865,.T.);
#2865 = EDGE_LOOP('',(#2866,#2867,#2868,#2869));
#2866 = ORIENTED_EDGE('',*,*,#2214,.F.);
#2867 = ORIENTED_EDGE('',*,*,#2621,.F.);
#2868 = ORIENTED_EDGE('',*,*,#2767,.F.);
#2869 = ORIENTED_EDGE('',*,*,#2743,.F.);
#2870 = PLANE('',#2871);
#2871 = AXIS2_PLACEMENT_3D('',#2872,#2873,#2874);
#2872 = CARTESIAN_POINT('',(-17.75192791113,13.824581564664,20.25));
#2873 = DIRECTION('',(0.587785252292,0.809016994376,0.));
#2874 = DIRECTION('',(0.809016994376,-0.587785252292,0.));
#2875 = ADVANCED_FACE('',(#2876),#2931,.T.);
#2876 = FACE_BOUND('',#2877,.T.);
#2877 = EDGE_LOOP('',(#2878,#2889,#2923,#2924));
#2878 = ORIENTED_EDGE('',*,*,#2879,.T.);
#2879 = EDGE_CURVE('',#2880,#2882,#2884,.T.);
#2880 = VERTEX_POINT('',#2881);
#2881 = CARTESIAN_POINT('',(6.496998153026,16.356925597421,19.85));
#2882 = VERTEX_POINT('',#2883);
#2883 = CARTESIAN_POINT('',(6.26423459544,16.852280704203,19.85));
#2884 = CIRCLE('',#2885,0.4);
#2885 = AXIS2_PLACEMENT_3D('',#2886,#2887,#2888);
#2886 = CARTESIAN_POINT('',(6.644657201959,16.728673906454,19.85));
#2887 = DIRECTION('',(1.550881668454E-14,-6.160127877022E-15,-1.));
#2888 = DIRECTION('',(-0.369147622331,-0.929370772581,
    -2.603240987229E-29));
#2889 = ORIENTED_EDGE('',*,*,#2890,.T.);
#2890 = EDGE_CURVE('',#2882,#194,#2891,.T.);
#2891 = B_SPLINE_CURVE_WITH_KNOTS('',3,(#2892,#2893,#2894,#2895,#2896,
    #2897,#2898,#2899,#2900,#2901,#2902,#2903,#2904,#2905,#2906,#2907,
    #2908,#2909,#2910,#2911,#2912,#2913,#2914,#2915,#2916,#2917,#2918,
    #2919,#2920,#2921,#2922),.UNSPECIFIED.,.F.,.F.,(4,3,3,3,3,3,3,3,3,3,
    4),(-0.199662326153,-0.178807772258,-0.16790315352,-0.149723964738,
    -0.145770693859,-0.13643237684,-0.116701310231,-0.106668883955,
    -9.031077497331E-02,-7.870018717084E-02,-7.39526659914E-02),
  .UNSPECIFIED.);
#2892 = CARTESIAN_POINT('',(6.26423459544,16.852280704203,19.85));
#2893 = CARTESIAN_POINT('',(6.26423459544,16.852280704203,
    19.884757589825));
#2894 = CARTESIAN_POINT('',(6.259949125498,16.854307779366,
    19.919474170023));
#2895 = CARTESIAN_POINT('',(6.251740773323,16.858147118535,
    19.953037685368));
#2896 = CARTESIAN_POINT('',(6.247448715512,16.860154667105,
    19.970587681413));
#2897 = CARTESIAN_POINT('',(6.242083235165,16.862658148393,
    19.987822464851));
#2898 = CARTESIAN_POINT('',(6.235691396193,16.865629351819,
    20.004581771868));
#2899 = CARTESIAN_POINT('',(6.225035503482,16.870582671992,
    20.03252136457));
#2900 = CARTESIAN_POINT('',(6.211495038836,16.876834583239,
    20.059198224447));
#2901 = CARTESIAN_POINT('',(6.195272788675,16.884162895543,
    20.08376778977));
#2902 = CARTESIAN_POINT('',(6.191745076304,16.885756520208,
    20.089110720539));
#2903 = CARTESIAN_POINT('',(6.188090713566,16.887400965773,
    20.094354052278));
#2904 = CARTESIAN_POINT('',(6.184312058975,16.88909381951,
    20.099489223333));
#2905 = CARTESIAN_POINT('',(6.175386216158,16.893092636019,
    20.111619395216));
#2906 = CARTESIAN_POINT('',(6.165766666836,16.897361634885,
    20.123145864939));
#2907 = CARTESIAN_POINT('',(6.155540370615,16.901848097429,
    20.13401501768));
#2908 = CARTESIAN_POINT('',(6.133933079763,16.911327609757,
    20.156980609474));
#2909 = CARTESIAN_POINT('',(6.109661210131,16.921766828775,
    20.176975564887));
#2910 = CARTESIAN_POINT('',(6.083494366521,16.932748350427,
    20.193609731316));
#2911 = CARTESIAN_POINT('',(6.070189615459,16.9383319972,20.202067512727
    ));
#2912 = CARTESIAN_POINT('',(6.056394222022,16.94405616272,
    20.209655977882));
#2913 = CARTESIAN_POINT('',(6.042205874686,16.94986734173,20.21632044078
    ));
#2914 = CARTESIAN_POINT('',(6.019071437851,16.959342606931,
    20.227187005594));
#2915 = CARTESIAN_POINT('',(5.99487421161,16.969056711054,
    20.235605782679));
#2916 = CARTESIAN_POINT('',(5.970040549394,16.978767984112,
    20.241310240578));
#2917 = CARTESIAN_POINT('',(5.952414220095,16.985660809477,
    20.24535912602));
#2918 = CARTESIAN_POINT('',(5.934460835435,16.992554504212,
    20.24803985633));
#2919 = CARTESIAN_POINT('',(5.916369957667,16.999348372018,
    20.249253046374));
#2920 = CARTESIAN_POINT('',(5.908972672808,17.002126356375,
    20.249749114749));
#2921 = CARTESIAN_POINT('',(5.901552838797,17.004887504193,20.25));
#2922 = CARTESIAN_POINT('',(5.894124063899,17.007624805344,20.25));
#2923 = ORIENTED_EDGE('',*,*,#193,.T.);
#2924 = ORIENTED_EDGE('',*,*,#2925,.T.);
#2925 = EDGE_CURVE('',#185,#2880,#2926,.T.);
#2926 = B_SPLINE_CURVE_WITH_KNOTS('',3,(#2927,#2928,#2929,#2930),
  .UNSPECIFIED.,.F.,.F.,(4,4),(0.157769748806,0.199662326153),
  .PIECEWISE_BEZIER_KNOTS.);
#2927 = CARTESIAN_POINT('',(6.399040125824,16.395636966216,
    20.250291581155));
#2928 = CARTESIAN_POINT('',(6.462491357525,16.370922754189,
    20.129387136216));
#2929 = CARTESIAN_POINT('',(6.496998153026,16.356925597421,
    19.989641924492));
#2930 = CARTESIAN_POINT('',(6.496998153026,16.356925597421,19.85));
#2931 = B_SPLINE_SURFACE_WITH_KNOTS('',3,3,(
    (#2932,#2933,#2934,#2935,#2936)
    ,(#2937,#2938,#2939,#2940,#2941)
    ,(#2942,#2943,#2944,#2945,#2946)
    ,(#2947,#2948,#2949,#2950,#2951)
    ,(#2952,#2953,#2954,#2955,#2956
  )),.UNSPECIFIED.,.F.,.F.,.F.,(4,1,4),(4,1,4),(0.,0.5,1.),(
    7.395266599139E-02,0.145786757513,0.199662326153),.UNSPECIFIED.);
#2932 = CARTESIAN_POINT('',(5.894124063899,17.007624805344,20.25));
#2933 = CARTESIAN_POINT('',(6.006527837514,16.96620707723,20.25));
#2934 = CARTESIAN_POINT('',(6.197754057598,16.884874270977,
    20.149508012701));
#2935 = CARTESIAN_POINT('',(6.26423459544,16.852280704203,
    19.939792614402));
#2936 = CARTESIAN_POINT('',(6.26423459544,16.852280704203,19.85));
#2937 = CARTESIAN_POINT('',(5.859833440087,16.908678455079,20.25));
#2938 = CARTESIAN_POINT('',(5.970807350682,16.868165662192,
    20.250623114648));
#2939 = CARTESIAN_POINT('',(6.163052036874,16.789053377038,
    20.153535635126));
#2940 = CARTESIAN_POINT('',(6.233191492003,16.756739855809,
    19.941078970346));
#2941 = CARTESIAN_POINT('',(6.233191492003,16.756739855809,19.85));
#2942 = CARTESIAN_POINT('',(5.791539881136,16.71161588655,
    20.336719303884));
#2943 = CARTESIAN_POINT('',(5.925173625819,16.664583609105,
    20.337859252395));
#2944 = CARTESIAN_POINT('',(6.159203003938,16.576901743437,
    20.222535627361));
#2945 = CARTESIAN_POINT('',(6.246901346417,16.541771486919,
    19.962023553174));
#2946 = CARTESIAN_POINT('',(6.246901346417,16.541771486919,19.85));
#2947 = CARTESIAN_POINT('',(5.763143529146,16.629677587448,
    20.54528024488));
#2948 = CARTESIAN_POINT('',(5.954696743321,16.56330672314,20.5456719745)
  );
#2949 = CARTESIAN_POINT('',(6.285458617704,16.440902933534,
    20.373256064904));
#2950 = CARTESIAN_POINT('',(6.403635802247,16.394009279007,
    20.006953363576));
#2951 = CARTESIAN_POINT('',(6.403635802247,16.394009279007,19.85));
#2952 = CARTESIAN_POINT('',(5.763143529146,16.629677587448,20.65));
#2953 = CARTESIAN_POINT('',(5.984362140289,16.553012564892,20.65));
#2954 = CARTESIAN_POINT('',(6.363832878388,16.410942065715,
    20.449016025401));
#2955 = CARTESIAN_POINT('',(6.496998153026,16.356925597421,
    20.029585228803));
#2956 = CARTESIAN_POINT('',(6.496998153026,16.356925597421,19.85));
#2957 = ADVANCED_FACE('',(#2958),#2984,.F.);
#2958 = FACE_BOUND('',#2959,.F.);
#2959 = EDGE_LOOP('',(#2960,#2968,#2969,#2977));
#2960 = ORIENTED_EDGE('',*,*,#2961,.F.);
#2961 = EDGE_CURVE('',#2880,#2962,#2964,.T.);
#2962 = VERTEX_POINT('',#2963);
#2963 = CARTESIAN_POINT('',(6.496998153026,16.356925597421,10.15));
#2964 = LINE('',#2965,#2966);
#2965 = CARTESIAN_POINT('',(6.496998153026,16.356925597421,18.75));
#2966 = VECTOR('',#2967,1.);
#2967 = DIRECTION('',(0.,0.,-1.));
#2968 = ORIENTED_EDGE('',*,*,#2879,.T.);
#2969 = ORIENTED_EDGE('',*,*,#2970,.F.);
#2970 = EDGE_CURVE('',#2971,#2882,#2973,.T.);
#2971 = VERTEX_POINT('',#2972);
#2972 = CARTESIAN_POINT('',(6.26423459544,16.852280704203,10.15));
#2973 = LINE('',#2974,#2975);
#2974 = CARTESIAN_POINT('',(6.26423459544,16.852280704203,18.75));
#2975 = VECTOR('',#2976,1.);
#2976 = DIRECTION('',(0.,0.,1.));
#2977 = ORIENTED_EDGE('',*,*,#2978,.F.);
#2978 = EDGE_CURVE('',#2962,#2971,#2979,.T.);
#2979 = CIRCLE('',#2980,0.4);
#2980 = AXIS2_PLACEMENT_3D('',#2981,#2982,#2983);
#2981 = CARTESIAN_POINT('',(6.644657201959,16.728673906454,10.15));
#2982 = DIRECTION('',(0.,0.,-1.));
#2983 = DIRECTION('',(-0.369147622331,-0.929370772581,-0.));
#2984 = CYLINDRICAL_SURFACE('',#2985,0.4);
#2985 = AXIS2_PLACEMENT_3D('',#2986,#2987,#2988);
#2986 = CARTESIAN_POINT('',(6.644657201959,16.728673906454,18.75));
#2987 = DIRECTION('',(0.,0.,1.));
#2988 = DIRECTION('',(-0.905061217403,-0.425281310138,0.));
#2989 = ADVANCED_FACE('',(#2990),#3048,.T.);
#2990 = FACE_BOUND('',#2991,.T.);
#2991 = EDGE_LOOP('',(#2992,#3009,#3040,#3041));
#2992 = ORIENTED_EDGE('',*,*,#2993,.T.);
#2993 = EDGE_CURVE('',#2994,#2996,#2998,.T.);
#2994 = VERTEX_POINT('',#2995);
#2995 = CARTESIAN_POINT('',(6.399305683764,16.3953922419,9.750000000024)
  );
#2996 = VERTEX_POINT('',#2997);
#2997 = CARTESIAN_POINT('',(5.894124063899,17.007624805344,9.75));
#2998 = B_SPLINE_CURVE_WITH_KNOTS('',3,(#2999,#3000,#3001,#3002,#3003,
    #3004,#3005,#3006,#3007,#3008),.UNSPECIFIED.,.F.,.F.,(4,2,2,2,4),(0.
    ,1.847037016282E-02,3.892538721181E-02,6.663583592751E-02,
    6.69657217602E-02),.UNSPECIFIED.);
#2999 = CARTESIAN_POINT('',(6.399305683738,16.39539224191,9.75));
#3000 = CARTESIAN_POINT('',(6.341951713345,16.417778140539,9.75));
#3001 = CARTESIAN_POINT('',(6.27936379836,16.453558984861,9.75));
#3002 = CARTESIAN_POINT('',(6.146177013398,16.571992182385,9.75));
#3003 = CARTESIAN_POINT('',(6.092092286527,16.644444028492,9.75));
#3004 = CARTESIAN_POINT('',(5.991043440019,16.805001640917,9.75));
#3005 = CARTESIAN_POINT('',(5.944165378225,16.90447971601,9.75));
#3006 = CARTESIAN_POINT('',(5.895274915416,17.005253910916,9.75));
#3007 = CARTESIAN_POINT('',(5.894699584296,17.006439392879,9.75));
#3008 = CARTESIAN_POINT('',(5.894124063899,17.007624805344,9.75));
#3009 = ORIENTED_EDGE('',*,*,#3010,.T.);
#3010 = EDGE_CURVE('',#2996,#2971,#3011,.T.);
#3011 = B_SPLINE_CURVE_WITH_KNOTS('',3,(#3012,#3013,#3014,#3015,#3016,
    #3017,#3018,#3019,#3020,#3021,#3022,#3023,#3024,#3025,#3026,#3027,
    #3028,#3029,#3030,#3031,#3032,#3033,#3034,#3035,#3036,#3037,#3038,
    #3039),.UNSPECIFIED.,.F.,.F.,(4,3,3,3,3,3,3,3,3,4),(-0.628459956167,
    -0.615809650607,-0.595743738204,-0.576012851524,-0.565980245319,
    -0.556641929417,-0.538464405942,-0.534509468639,-0.513660041542,
    -0.502750296005),.UNSPECIFIED.);
#3012 = CARTESIAN_POINT('',(5.894124063899,17.007624805344,9.75));
#3013 = CARTESIAN_POINT('',(5.913918872357,17.000330957741,9.75));
#3014 = CARTESIAN_POINT('',(5.933650021876,16.992867581504,
    9.751783917813));
#3015 = CARTESIAN_POINT('',(5.953060739864,16.985368279795,9.75523245333
    ));
#3016 = CARTESIAN_POINT('',(5.983850017244,16.973472888775,
    9.760702519745));
#3017 = CARTESIAN_POINT('',(6.013827722918,16.961490289875,
    9.770349775412));
#3018 = CARTESIAN_POINT('',(6.042205964732,16.949867296236,
    9.783679334344));
#3019 = CARTESIAN_POINT('',(6.070110395995,16.93843836314,9.796786339473
    ));
#3020 = CARTESIAN_POINT('',(6.096496816419,16.927345288158,
    9.813465078669));
#3021 = CARTESIAN_POINT('',(6.120614628218,16.916997832081,
    9.833308654514));
#3022 = CARTESIAN_POINT('',(6.132877863633,16.911736438929,9.84339856002
    ));
#3023 = CARTESIAN_POINT('',(6.14455410495,16.906667984523,9.854307316841
    ));
#3024 = CARTESIAN_POINT('',(6.155540737086,16.901847957979,
    9.865984581086));
#3025 = CARTESIAN_POINT('',(6.165767057096,16.897361493584,
    9.876853739125));
#3026 = CARTESIAN_POINT('',(6.175386622012,16.893092493285,
    9.888380223024));
#3027 = CARTESIAN_POINT('',(6.184312468151,16.889093678355,
    9.900510417692));
#3028 = CARTESIAN_POINT('',(6.20168709752,16.881309774595,9.924122480152
    ));
#3029 = CARTESIAN_POINT('',(6.216430401752,16.874550953063,
    9.950023012867));
#3030 = CARTESIAN_POINT('',(6.22832989807,16.869044009246,9.977370952816
    ));
#3031 = CARTESIAN_POINT('',(6.23091890652,16.867845847266,9.983321124633
    ));
#3032 = CARTESIAN_POINT('',(6.233373462607,16.866706866765,
    9.989339752885));
#3033 = CARTESIAN_POINT('',(6.235691668523,16.865629262204,
    9.995418107793));
#3034 = CARTESIAN_POINT('',(6.247912662565,16.859948404077,
    10.027461654328));
#3035 = CARTESIAN_POINT('',(6.25638407294,16.855976083199,
    10.061242285592));
#3036 = CARTESIAN_POINT('',(6.260767355757,16.853914583095,
    10.09564415406));
#3037 = CARTESIAN_POINT('',(6.263060967948,16.852835875202,
    10.113645398374));
#3038 = CARTESIAN_POINT('',(6.26423459544,16.852280704203,
    10.131817090773));
#3039 = CARTESIAN_POINT('',(6.26423459544,16.852280704203,10.15));
#3040 = ORIENTED_EDGE('',*,*,#2978,.F.);
#3041 = ORIENTED_EDGE('',*,*,#3042,.T.);
#3042 = EDGE_CURVE('',#2962,#2994,#3043,.T.);
#3043 = B_SPLINE_CURVE_WITH_KNOTS('',3,(#3044,#3045,#3046,#3047),
  .UNSPECIFIED.,.F.,.F.,(4,4),(0.502750296005,0.544642873429),
  .PIECEWISE_BEZIER_KNOTS.);
#3044 = CARTESIAN_POINT('',(6.496998153026,16.356925597421,10.15));
#3045 = CARTESIAN_POINT('',(6.496998153026,16.356925597421,
    10.010358075256));
#3046 = CARTESIAN_POINT('',(6.46249177431,16.370922592362,9.870612482701
    ));
#3047 = CARTESIAN_POINT('',(6.399040774159,16.39563671448,9.749707826039
    ));
#3048 = B_SPLINE_SURFACE_WITH_KNOTS('',3,3,(
    (#3049,#3050,#3051,#3052,#3053)
    ,(#3054,#3055,#3056,#3057,#3058)
    ,(#3059,#3060,#3061,#3062,#3063)
    ,(#3064,#3065,#3066,#3067,#3068)
    ,(#3069,#3070,#3071,#3072,#3073
  )),.UNSPECIFIED.,.F.,.F.,.F.,(4,1,4),(4,1,4),(0.,0.5,1.),(
    0.502750296005,0.556625864646,0.628459956167),.UNSPECIFIED.);
#3049 = CARTESIAN_POINT('',(6.26423459544,16.852280704203,10.15));
#3050 = CARTESIAN_POINT('',(6.26423459544,16.852280704203,
    10.060207385599));
#3051 = CARTESIAN_POINT('',(6.19775486501,16.884873904376,9.850491252954
    ));
#3052 = CARTESIAN_POINT('',(6.006527837514,16.96620707723,9.75));
#3053 = CARTESIAN_POINT('',(5.894124063899,17.007624805344,9.75));
#3054 = CARTESIAN_POINT('',(6.233191492003,16.756739855809,10.15));
#3055 = CARTESIAN_POINT('',(6.233191492003,16.756739855809,
    10.058921029654));
#3056 = CARTESIAN_POINT('',(6.163053440991,16.789052822157,9.846462845)
  );
#3057 = CARTESIAN_POINT('',(5.970807350682,16.868165662192,
    9.749376885352));
#3058 = CARTESIAN_POINT('',(5.859833440087,16.908678455079,9.75));
#3059 = CARTESIAN_POINT('',(6.246874218592,16.541758739762,10.15));
#3060 = CARTESIAN_POINT('',(6.246874218592,16.541758739762,
    10.037976446826));
#3061 = CARTESIAN_POINT('',(6.159183115109,16.576885013076,
    9.777472334683));
#3062 = CARTESIAN_POINT('',(5.925165500217,16.664560162503,
    9.662165562289));
#3063 = CARTESIAN_POINT('',(5.791531755535,16.711592439948,9.6633055108)
  );
#3064 = CARTESIAN_POINT('',(6.403635802247,16.394009279007,10.15));
#3065 = CARTESIAN_POINT('',(6.403635802247,16.394009279007,
    9.993046636424));
#3066 = CARTESIAN_POINT('',(6.285460167583,16.440902322393,
    9.626742443239));
#3067 = CARTESIAN_POINT('',(5.954696743321,16.56330672314,9.4543280255)
  );
#3068 = CARTESIAN_POINT('',(5.763143529146,16.629677587448,9.45471975512
    ));
#3069 = CARTESIAN_POINT('',(6.496998153026,16.356925597421,10.15));
#3070 = CARTESIAN_POINT('',(6.496998153026,16.356925597421,
    9.970414771197));
#3071 = CARTESIAN_POINT('',(6.363834487285,16.410941441013,
    9.550982505909));
#3072 = CARTESIAN_POINT('',(5.984362140289,16.553012564892,9.35));
#3073 = CARTESIAN_POINT('',(5.763143529146,16.629677587448,9.35));
#3074 = ADVANCED_FACE('',(#3075),#3114,.T.);
#3075 = FACE_BOUND('',#3076,.T.);
#3076 = EDGE_LOOP('',(#3077,#3078,#3079,#3080,#3081,#3090,#3098,#3107));
#3077 = ORIENTED_EDGE('',*,*,#3042,.F.);
#3078 = ORIENTED_EDGE('',*,*,#2961,.F.);
#3079 = ORIENTED_EDGE('',*,*,#2925,.F.);
#3080 = ORIENTED_EDGE('',*,*,#184,.F.);
#3081 = ORIENTED_EDGE('',*,*,#3082,.F.);
#3082 = EDGE_CURVE('',#3083,#170,#3085,.T.);
#3083 = VERTEX_POINT('',#3084);
#3084 = CARTESIAN_POINT('',(17.564043517691,1.124444444458,19.85));
#3085 = B_SPLINE_CURVE_WITH_KNOTS('',3,(#3086,#3087,#3088,#3089),
  .UNSPECIFIED.,.F.,.F.,(4,4),(0.502749779286,0.54464233626),
  .PIECEWISE_BEZIER_KNOTS.);
#3086 = CARTESIAN_POINT('',(17.564043517691,1.124444444458,19.85));
#3087 = CARTESIAN_POINT('',(17.564043517691,1.124444444458,
    19.989641856578));
#3088 = CARTESIAN_POINT('',(17.566692423817,1.087300889461,
    20.129386940822));
#3089 = CARTESIAN_POINT('',(17.570589517878,1.01931823578,
    20.250291217964));
#3090 = ORIENTED_EDGE('',*,*,#3091,.F.);
#3091 = EDGE_CURVE('',#3092,#3083,#3094,.T.);
#3092 = VERTEX_POINT('',#3093);
#3093 = CARTESIAN_POINT('',(17.564043517691,1.124444444458,10.15));
#3094 = LINE('',#3095,#3096);
#3095 = CARTESIAN_POINT('',(17.564043517691,1.124444444458,18.75));
#3096 = VECTOR('',#3097,1.);
#3097 = DIRECTION('',(0.,0.,1.));
#3098 = ORIENTED_EDGE('',*,*,#3099,.F.);
#3099 = EDGE_CURVE('',#3100,#3092,#3102,.T.);
#3100 = VERTEX_POINT('',#3101);
#3101 = CARTESIAN_POINT('',(17.570438837359,1.019646538085,9.75));
#3102 = B_SPLINE_CURVE_WITH_KNOTS('',3,(#3103,#3104,#3105,#3106),
  .UNSPECIFIED.,.F.,.F.,(4,4),(0.46086554093,0.502749779286),
  .PIECEWISE_BEZIER_KNOTS.);
#3103 = CARTESIAN_POINT('',(17.570638619889,1.01827277608,9.750778329373
    ));
#3104 = CARTESIAN_POINT('',(17.566730727323,1.086225550088,
    9.871719006872));
#3105 = CARTESIAN_POINT('',(17.564043517691,1.124444444458,
    10.010385872145));
#3106 = CARTESIAN_POINT('',(17.564043517691,1.124444444458,10.15));
#3107 = ORIENTED_EDGE('',*,*,#3108,.F.);
#3108 = EDGE_CURVE('',#2994,#3100,#3109,.T.);
#3109 = CIRCLE('',#3110,17.6);
#3110 = AXIS2_PLACEMENT_3D('',#3111,#3112,#3113);
#3111 = CARTESIAN_POINT('',(4.440892098501E-15,-4.815648849472E-16,9.75)
  );
#3112 = DIRECTION('',(0.,0.,-1.));
#3113 = DIRECTION('',(-1.,0.,0.));
#3114 = CYLINDRICAL_SURFACE('',#3115,17.6);
#3115 = AXIS2_PLACEMENT_3D('',#3116,#3117,#3118);
#3116 = CARTESIAN_POINT('',(4.440892098501E-15,-4.815648849472E-16,18.75
    ));
#3117 = DIRECTION('',(0.,0.,-1.));
#3118 = DIRECTION('',(-1.,0.,0.));
#3119 = ADVANCED_FACE('',(#3120),#3178,.T.);
#3120 = FACE_BOUND('',#3121,.T.);
#3121 = EDGE_LOOP('',(#3122,#3131,#3164,#3177));
#3122 = ORIENTED_EDGE('',*,*,#3123,.T.);
#3123 = EDGE_CURVE('',#2336,#3124,#3126,.T.);
#3124 = VERTEX_POINT('',#3125);
#3125 = CARTESIAN_POINT('',(4.837649820966,17.315806195777,10.15));
#3126 = CIRCLE('',#3127,0.4);
#3127 = AXIS2_PLACEMENT_3D('',#3128,#3129,#3130);
#3128 = CARTESIAN_POINT('',(4.457227214448,17.439412993527,10.15));
#3129 = DIRECTION('',(-1.788662917244E-14,-1.15802647151E-15,1.));
#3130 = DIRECTION('',(-0.247623734136,-0.968856277418,
    -5.551115123126E-15));
#3131 = ORIENTED_EDGE('',*,*,#3132,.T.);
#3132 = EDGE_CURVE('',#3124,#3133,#3135,.T.);
#3133 = VERTEX_POINT('',#3134);
#3134 = CARTESIAN_POINT('',(5.228384502461,17.223936701417,9.75));
#3135 = B_SPLINE_CURVE_WITH_KNOTS('',3,(#3136,#3137,#3138,#3139,#3140,
    #3141,#3142,#3143,#3144,#3145,#3146,#3147,#3148,#3149,#3150,#3151,
    #3152,#3153,#3154,#3155,#3156,#3157,#3158,#3159,#3160,#3161,#3162,
    #3163),.UNSPECIFIED.,.F.,.F.,(4,3,3,3,3,3,3,3,3,4),(-0.502749784266,
    -0.484303347391,-0.470824956345,-0.45129729639,-0.439783718907,
    -0.43093277674,-0.413839884142,-0.395439814677,-0.383086955365,
    -0.377039745212),.UNSPECIFIED.);
#3136 = CARTESIAN_POINT('',(4.837649820966,17.315806195777,10.15));
#3137 = CARTESIAN_POINT('',(4.837649820966,17.315806195777,
    10.119255938541));
#3138 = CARTESIAN_POINT('',(4.84140496852,17.315081247858,
    10.088568734859));
#3139 = CARTESIAN_POINT('',(4.8485421489,17.313688794405,10.058711981355
    ));
#3140 = CARTESIAN_POINT('',(4.853757123954,17.312671360401,
    10.03689633198));
#3141 = CARTESIAN_POINT('',(4.860776446514,17.311297707006,
    10.015524440511));
#3142 = CARTESIAN_POINT('',(4.869437975356,17.309594125072,
    9.994893775643));
#3143 = CARTESIAN_POINT('',(4.881986905667,17.307125954459,9.96500381275
    ));
#3144 = CARTESIAN_POINT('',(4.898000848356,17.303950039278,9.93660178938
    ));
#3145 = CARTESIAN_POINT('',(4.917042646096,17.300011701725,
    9.910499585302));
#3146 = CARTESIAN_POINT('',(4.928269757495,17.297689643952,
    9.895109633316));
#3147 = CARTESIAN_POINT('',(4.940550231373,17.295102338757,
    9.880519600088));
#3148 = CARTESIAN_POINT('',(4.953799762044,17.292236693022,
    9.866902493107));
#3149 = CARTESIAN_POINT('',(4.963985200053,17.29003375786,9.856434484659
    ));
#3150 = CARTESIAN_POINT('',(4.974736378077,17.287663660723,
    9.846548277464));
#3151 = CARTESIAN_POINT('',(4.986003960654,17.285129147739,
    9.837330772478));
#3152 = CARTESIAN_POINT('',(5.007763856403,17.280234509697,
    9.819529975707));
#3153 = CARTESIAN_POINT('',(5.031450707852,17.274726106436,
    9.804226569446));
#3154 = CARTESIAN_POINT('',(5.056350119967,17.268729473397,
    9.791652075487));
#3155 = CARTESIAN_POINT('',(5.083153711571,17.262274248581,
    9.778115948644));
#3156 = CARTESIAN_POINT('',(5.111387700564,17.255247994034,
    9.767717304007));
#3157 = CARTESIAN_POINT('',(5.140309110588,17.247749858828,
    9.760688033488));
#3158 = CARTESIAN_POINT('',(5.159725456261,17.242715996892,
    9.755968943163));
#3159 = CARTESIAN_POINT('',(5.179455595377,17.23746832942,9.752769409219
    ));
#3160 = CARTESIAN_POINT('',(5.199265603277,17.232038093381,
    9.751175534804));
#3161 = CARTESIAN_POINT('',(5.20896338076,17.229379779409,9.750395270631
    ));
#3162 = CARTESIAN_POINT('',(5.218679797942,17.226677831689,9.75));
#3163 = CARTESIAN_POINT('',(5.228384502461,17.223936701417,9.75));
#3164 = ORIENTED_EDGE('',*,*,#3165,.T.);
#3165 = EDGE_CURVE('',#3133,#2344,#3166,.T.);
#3166 = B_SPLINE_CURVE_WITH_KNOTS('',3,(#3167,#3168,#3169,#3170,#3171,
    #3172,#3173,#3174,#3175,#3176),.UNSPECIFIED.,.F.,.F.,(4,2,2,2,4),(
    -3.953204436597E-04,0.,3.320698972931E-02,5.771936523166E-02,
    7.985343823422E-02),.UNSPECIFIED.);
#3167 = CARTESIAN_POINT('',(5.228384502461,17.223936701417,9.75));
#3168 = CARTESIAN_POINT('',(5.227222129185,17.22331596524,9.75));
#3169 = CARTESIAN_POINT('',(5.226059867558,17.222695061248,9.75));
#3170 = CARTESIAN_POINT('',(5.127273030181,17.169904098483,9.75));
#3171 = CARTESIAN_POINT('',(5.030876096345,17.116978856046,9.75));
#3172 = CARTESIAN_POINT('',(4.854752454508,17.046480056243,9.75));
#3173 = CARTESIAN_POINT('',(4.768410904401,17.019655507313,9.75));
#3174 = CARTESIAN_POINT('',(4.591047289647,17.0021262715,9.75));
#3175 = CARTESIAN_POINT('',(4.519381151839,17.009967213685,9.75));
#3176 = CARTESIAN_POINT('',(4.459822715006,17.02556845896,9.75));
#3177 = ORIENTED_EDGE('',*,*,#2343,.T.);
#3178 = B_SPLINE_SURFACE_WITH_KNOTS('',3,3,(
    (#3179,#3180,#3181,#3182,#3183)
    ,(#3184,#3185,#3186,#3187,#3188)
    ,(#3189,#3190,#3191,#3192,#3193)
    ,(#3194,#3195,#3196,#3197,#3198)
    ,(#3199,#3200,#3201,#3202,#3203
  )),.UNSPECIFIED.,.F.,.F.,.F.,(4,1,4),(4,1,4),(0.,0.5,1.),(
    0.377039745212,0.430915476236,0.502749784266),.UNSPECIFIED.);
#3179 = CARTESIAN_POINT('',(5.228384502461,17.223936701417,9.75));
#3180 = CARTESIAN_POINT('',(5.141923467186,17.248357945846,9.75));
#3181 = CARTESIAN_POINT('',(4.937700162817,17.298172820876,
    9.823197566203));
#3182 = CARTESIAN_POINT('',(4.837649820966,17.315806195777,
    10.030276153282));
#3183 = CARTESIAN_POINT('',(4.837649820966,17.315806195777,10.15));
#3184 = CARTESIAN_POINT('',(5.197966994419,17.123731899552,9.75));
#3185 = CARTESIAN_POINT('',(5.112772478403,17.148071885605,
    9.749532663659));
#3186 = CARTESIAN_POINT('',(4.910129697567,17.199499901904,
    9.819358448824));
#3187 = CARTESIAN_POINT('',(4.806606717528,17.220265347383,
    10.028561006853));
#3188 = CARTESIAN_POINT('',(4.806606717528,17.220265347383,10.15));
#3189 = CARTESIAN_POINT('',(5.137379111405,16.924136429592,
    9.663308448957));
#3190 = CARTESIAN_POINT('',(5.035561396963,16.954509977096,
    9.662453486925));
#3191 = CARTESIAN_POINT('',(4.793891809707,17.022756631474,
    9.745049562093));
#3192 = CARTESIAN_POINT('',(4.669176141099,17.054381366879,
    10.000634812246));
#3193 = CARTESIAN_POINT('',(4.669176141099,17.054381366879,10.15));
#3194 = CARTESIAN_POINT('',(5.112198180184,16.841182552497,9.45471975512
    ));
#3195 = CARTESIAN_POINT('',(4.966711854131,16.885355333903,
    9.454425957682));
#3196 = CARTESIAN_POINT('',(4.62423108837,16.983665491969,9.57949293208)
  );
#3197 = CARTESIAN_POINT('',(4.455506690345,17.026994798269,
    9.940728217817));
#3198 = CARTESIAN_POINT('',(4.455506690345,17.026994798269,10.15));
#3199 = CARTESIAN_POINT('',(5.112198180184,16.841182552497,9.35));
#3200 = CARTESIAN_POINT('',(4.944173913501,16.892186889495,9.35));
#3201 = CARTESIAN_POINT('',(4.549557231518,17.004231907368,
    9.496395132406));
#3202 = CARTESIAN_POINT('',(4.358177720794,17.051870482559,
    9.910552306564));
#3203 = CARTESIAN_POINT('',(4.358177720794,17.051870482559,10.15));
#3204 = ADVANCED_FACE('',(#3205),#3224,.F.);
#3205 = FACE_BOUND('',#3206,.F.);
#3206 = EDGE_LOOP('',(#3207,#3208,#3209,#3217));
#3207 = ORIENTED_EDGE('',*,*,#2335,.F.);
#3208 = ORIENTED_EDGE('',*,*,#3123,.T.);
#3209 = ORIENTED_EDGE('',*,*,#3210,.F.);
#3210 = EDGE_CURVE('',#3211,#3124,#3213,.T.);
#3211 = VERTEX_POINT('',#3212);
#3212 = CARTESIAN_POINT('',(4.837649820966,17.315806195777,19.85));
#3213 = LINE('',#3214,#3215);
#3214 = CARTESIAN_POINT('',(4.837649820966,17.315806195777,18.75));
#3215 = VECTOR('',#3216,1.);
#3216 = DIRECTION('',(0.,0.,-1.));
#3217 = ORIENTED_EDGE('',*,*,#3218,.F.);
#3218 = EDGE_CURVE('',#2327,#3211,#3219,.T.);
#3219 = CIRCLE('',#3220,0.4);
#3220 = AXIS2_PLACEMENT_3D('',#3221,#3222,#3223);
#3221 = CARTESIAN_POINT('',(4.457227214448,17.439412993527,19.85));
#3222 = DIRECTION('',(0.,0.,1.));
#3223 = DIRECTION('',(-0.247623734136,-0.968856277418,0.));
#3224 = CYLINDRICAL_SURFACE('',#3225,0.4);
#3225 = AXIS2_PLACEMENT_3D('',#3226,#3227,#3228);
#3226 = CARTESIAN_POINT('',(4.457227214448,17.439412993527,18.75));
#3227 = DIRECTION('',(0.,0.,-1.));
#3228 = DIRECTION('',(0.482235823655,-0.876041443303,0.));
#3229 = ADVANCED_FACE('',(#3230),#3269,.T.);
#3230 = FACE_BOUND('',#3231,.T.);
#3231 = EDGE_LOOP('',(#3232,#3233,#3267,#3268));
#3232 = ORIENTED_EDGE('',*,*,#233,.T.);
#3233 = ORIENTED_EDGE('',*,*,#3234,.T.);
#3234 = EDGE_CURVE('',#226,#3211,#3235,.T.);
#3235 = B_SPLINE_CURVE_WITH_KNOTS('',3,(#3236,#3237,#3238,#3239,#3240,
    #3241,#3242,#3243,#3244,#3245,#3246,#3247,#3248,#3249,#3250,#3251,
    #3252,#3253,#3254,#3255,#3256,#3257,#3258,#3259,#3260,#3261,#3262,
    #3263,#3264,#3265,#3266),.UNSPECIFIED.,.F.,.F.,(4,3,3,3,3,3,3,3,3,3,
    4),(-0.628459823149,-0.62299272442,-0.611727254221,-0.591659684391,
    -0.571182262835,-0.565715849625,-0.556641756752,-0.538448346447,
    -0.534674612187,-0.513858939372,-0.502749784266),.UNSPECIFIED.);
#3236 = CARTESIAN_POINT('',(5.228384502461,17.223936701417,20.25));
#3237 = CARTESIAN_POINT('',(5.21961077496,17.226414873731,20.25));
#3238 = CARTESIAN_POINT('',(5.210827178457,17.228860733073,
    20.249667236179));
#3239 = CARTESIAN_POINT('',(5.202058401321,17.231270291832,
    20.24901054268));
#3240 = CARTESIAN_POINT('',(5.183989512796,17.236235413869,
    20.247657364074));
#3241 = CARTESIAN_POINT('',(5.165985432281,17.241045843622,
    20.244928321113));
#3242 = CARTESIAN_POINT('',(5.148235585186,17.245675578412,
    20.240914578557));
#3243 = CARTESIAN_POINT('',(5.116617171593,17.253922684353,
    20.233764760786));
#3244 = CARTESIAN_POINT('',(5.085787154576,17.261601859038,
    20.22254123602));
#3245 = CARTESIAN_POINT('',(5.056637043635,17.268612653451,
    20.207726333161));
#3246 = CARTESIAN_POINT('',(5.026891582913,17.275766633422,
    20.192608856869));
#3247 = CARTESIAN_POINT('',(4.998859998279,17.282232838774,
    20.173734728268));
#3248 = CARTESIAN_POINT('',(4.973507992338,17.287878862541,
    20.151554065314));
#3249 = CARTESIAN_POINT('',(4.966740317034,17.289386059081,
    20.145632974681));
#3250 = CARTESIAN_POINT('',(4.960163820761,17.290834756331,
    20.139476100427));
#3251 = CARTESIAN_POINT('',(4.953797441747,17.292222313498,
    20.133091696835));
#3252 = CARTESIAN_POINT('',(4.943229430836,17.294525619545,
    20.122493765629));
#3253 = CARTESIAN_POINT('',(4.933248504209,17.296658204102,
    20.111276672357));
#3254 = CARTESIAN_POINT('',(4.923947545063,17.298612287598,
    20.099489660149));
#3255 = CARTESIAN_POINT('',(4.905299271529,17.302530193589,
    20.075856890201));
#3256 = CARTESIAN_POINT('',(4.889387519269,17.305729965796,
    20.049932064781));
#3257 = CARTESIAN_POINT('',(4.876517889205,17.308270127138,
    20.022558420282));
#3258 = CARTESIAN_POINT('',(4.87384843015,17.308797015375,
    20.016880493037));
#3259 = CARTESIAN_POINT('',(4.871309689323,17.309295555307,
    20.011140286017));
#3260 = CARTESIAN_POINT('',(4.868904120314,17.309766317713,
    20.005345381735));
#3261 = CARTESIAN_POINT('',(4.855635158066,17.312363012535,
    19.973381066491));
#3262 = CARTESIAN_POINT('',(4.846387998054,17.314140393601,
    19.939676742242));
#3263 = CARTESIAN_POINT('',(4.841553079634,17.315063841833,
    19.905342652817));
#3264 = CARTESIAN_POINT('',(4.838972723037,17.315556678637,
    19.887018828828));
#3265 = CARTESIAN_POINT('',(4.837649820966,17.315806195777,
    19.86851525851));
#3266 = CARTESIAN_POINT('',(4.837649820966,17.315806195777,19.85));
#3267 = ORIENTED_EDGE('',*,*,#3218,.F.);
#3268 = ORIENTED_EDGE('',*,*,#2326,.T.);
#3269 = B_SPLINE_SURFACE_WITH_KNOTS('',3,3,(
    (#3270,#3271,#3272,#3273,#3274)
    ,(#3275,#3276,#3277,#3278,#3279)
    ,(#3280,#3281,#3282,#3283,#3284)
    ,(#3285,#3286,#3287,#3288,#3289)
    ,(#3290,#3291,#3292,#3293,#3294
  )),.UNSPECIFIED.,.F.,.F.,.F.,(4,1,4),(4,1,4),(0.,0.5,1.),(
    0.502749784266,0.556625515216,0.62845982315),.UNSPECIFIED.);
#3270 = CARTESIAN_POINT('',(4.837649820966,17.315806195777,19.85));
#3271 = CARTESIAN_POINT('',(4.837649820966,17.315806195777,
    19.939792884916));
#3272 = CARTESIAN_POINT('',(4.910592793528,17.303098418955,
    20.149508780183));
#3273 = CARTESIAN_POINT('',(5.113103130349,17.256498358323,20.25));
#3274 = CARTESIAN_POINT('',(5.228384502461,17.223936701417,20.25));
#3275 = CARTESIAN_POINT('',(4.806606717528,17.220265347383,19.85));
#3276 = CARTESIAN_POINT('',(4.806606717528,17.220265347383,
    19.941079244736));
#3277 = CARTESIAN_POINT('',(4.882345244047,17.205180327492,
    20.153536349198));
#3278 = CARTESIAN_POINT('',(5.084374314532,17.156185211966,
    20.250623115076));
#3279 = CARTESIAN_POINT('',(5.197966994418,17.123731899552,20.25));
#3280 = CARTESIAN_POINT('',(4.66916059709,17.054409604507,19.85));
#3281 = CARTESIAN_POINT('',(4.66916059709,17.054409604507,
    19.962023890663));
#3282 = CARTESIAN_POINT('',(4.76076003305,17.031282475244,
    20.222536179148));
#3283 = CARTESIAN_POINT('',(5.001629919762,16.964660024991,
    20.337858185833));
#3284 = CARTESIAN_POINT('',(5.137386862629,16.924161964552,
    20.336718236539));
#3285 = CARTESIAN_POINT('',(4.455506690345,17.026994798269,19.85));
#3286 = CARTESIAN_POINT('',(4.455506690345,17.026994798269,
    20.006953836424));
#3287 = CARTESIAN_POINT('',(4.578679245019,16.995469249026,
    20.373257382154));
#3288 = CARTESIAN_POINT('',(4.918216426004,16.900079590154,
    20.545671974769));
#3289 = CARTESIAN_POINT('',(5.112198180184,16.841182552497,
    20.54528024488));
#3290 = CARTESIAN_POINT('',(4.358177720794,17.051870482559,19.85));
#3291 = CARTESIAN_POINT('',(4.358177720794,17.051870482559,
    20.029585769833));
#3292 = CARTESIAN_POINT('',(4.497662837463,17.017297567339,
    20.449017560365));
#3293 = CARTESIAN_POINT('',(4.88816584065,16.909188330292,20.65));
#3294 = CARTESIAN_POINT('',(5.112198180184,16.841182552497,20.65));
#3295 = ADVANCED_FACE('',(#3296),#3325,.T.);
#3296 = FACE_BOUND('',#3297,.T.);
#3297 = EDGE_LOOP('',(#3298,#3309,#3318));
#3298 = ORIENTED_EDGE('',*,*,#3299,.T.);
#3299 = EDGE_CURVE('',#3300,#3302,#3304,.T.);
#3300 = VERTEX_POINT('',#3301);
#3301 = CARTESIAN_POINT('',(6.11512669624,21.247475743931,10.15));
#3302 = VERTEX_POINT('',#3303);
#3303 = CARTESIAN_POINT('',(6.613115805975,21.506201415795,10.15));
#3304 = CIRCLE('',#3305,0.4);
#3305 = AXIS2_PLACEMENT_3D('',#3306,#3307,#3308);
#3306 = CARTESIAN_POINT('',(6.495549302758,21.123868946181,10.15));
#3307 = DIRECTION('',(0.,0.,-1.));
#3308 = DIRECTION('',(0.293916258043,0.955831174035,0.));
#3309 = ORIENTED_EDGE('',*,*,#3310,.T.);
#3310 = EDGE_CURVE('',#3302,#3311,#3313,.T.);
#3311 = VERTEX_POINT('',#3312);
#3312 = CARTESIAN_POINT('',(6.495549302758,21.123868946181,9.75));
#3313 = CIRCLE('',#3314,0.4);
#3314 = AXIS2_PLACEMENT_3D('',#3315,#3316,#3317);
#3315 = CARTESIAN_POINT('',(6.495549302758,21.123868946181,10.15));
#3316 = DIRECTION('',(-0.955831174035,0.293916258043,0.));
#3317 = DIRECTION('',(0.,0.,-1.));
#3318 = ORIENTED_EDGE('',*,*,#3319,.T.);
#3319 = EDGE_CURVE('',#3311,#3300,#3320,.T.);
#3320 = CIRCLE('',#3321,0.4);
#3321 = AXIS2_PLACEMENT_3D('',#3322,#3323,#3324);
#3322 = CARTESIAN_POINT('',(6.495549302758,21.123868946181,10.15));
#3323 = DIRECTION('',(0.309016994375,0.951056516295,1.227423733188E-14)
  );
#3324 = DIRECTION('',(-0.951056516295,0.309016994375,7.88860905221E-31)
  );
#3325 = SPHERICAL_SURFACE('',#3326,0.4);
#3326 = AXIS2_PLACEMENT_3D('',#3327,#3328,#3329);
#3327 = CARTESIAN_POINT('',(6.495549302758,21.123868946181,10.15));
#3328 = DIRECTION('',(-0.926045062326,-0.296061422078,0.234068743958));
#3329 = DIRECTION('',(-0.377412960218,0.726435620816,-0.574326341263));
#3330 = ADVANCED_FACE('',(#3331),#3360,.T.);
#3331 = FACE_BOUND('',#3332,.T.);
#3332 = EDGE_LOOP('',(#3333,#3344,#3353));
#3333 = ORIENTED_EDGE('',*,*,#3334,.T.);
#3334 = EDGE_CURVE('',#3335,#3337,#3339,.T.);
#3335 = VERTEX_POINT('',#3336);
#3336 = CARTESIAN_POINT('',(7.290904952233,21.285974372283,10.15));
#3337 = VERTEX_POINT('',#3338);
#3338 = CARTESIAN_POINT('',(7.541711470711,20.78395025236,10.15));
#3339 = CIRCLE('',#3340,0.4);
#3340 = AXIS2_PLACEMENT_3D('',#3341,#3342,#3343);
#3341 = CARTESIAN_POINT('',(7.161288864193,20.907557050109,10.15));
#3342 = DIRECTION('',(0.,0.,-1.));
#3343 = DIRECTION('',(0.951056516295,-0.309016994374,0.));
#3344 = ORIENTED_EDGE('',*,*,#3345,.T.);
#3345 = EDGE_CURVE('',#3337,#3346,#3348,.T.);
#3346 = VERTEX_POINT('',#3347);
#3347 = CARTESIAN_POINT('',(7.161288864193,20.907557050109,9.75));
#3348 = CIRCLE('',#3349,0.4);
#3349 = AXIS2_PLACEMENT_3D('',#3350,#3351,#3352);
#3350 = CARTESIAN_POINT('',(7.161288864193,20.907557050109,10.15));
#3351 = DIRECTION('',(0.309016994374,0.951056516295,0.));
#3352 = DIRECTION('',(0.,0.,-1.));
#3353 = ORIENTED_EDGE('',*,*,#3354,.T.);
#3354 = EDGE_CURVE('',#3346,#3335,#3355,.T.);
#3355 = CIRCLE('',#3356,0.4);
#3356 = AXIS2_PLACEMENT_3D('',#3357,#3358,#3359);
#3357 = CARTESIAN_POINT('',(7.161288864193,20.907557050109,10.15));
#3358 = DIRECTION('',(0.946043305435,-0.324040220099,-7.877392949897E-15
    ));
#3359 = DIRECTION('',(0.324040220099,0.946043305435,0.));
#3360 = SPHERICAL_SURFACE('',#3361,0.4);
#3361 = AXIS2_PLACEMENT_3D('',#3362,#3363,#3364);
#3362 = CARTESIAN_POINT('',(7.161288864193,20.907557050109,10.15));
#3363 = DIRECTION('',(-0.513777209968,-0.256678251486,-0.818626443338));
#3364 = DIRECTION('',(0.73232164337,0.36586099052,-0.574326341263));
#3365 = ADVANCED_FACE('',(#3366),#3382,.T.);
#3366 = FACE_BOUND('',#3367,.T.);
#3367 = EDGE_LOOP('',(#3368,#3369,#3375,#3376));
#3368 = ORIENTED_EDGE('',*,*,#3010,.F.);
#3369 = ORIENTED_EDGE('',*,*,#3370,.T.);
#3370 = EDGE_CURVE('',#2996,#3346,#3371,.T.);
#3371 = LINE('',#3372,#3373);
#3372 = CARTESIAN_POINT('',(3.807379074445,10.585284104996,9.75));
#3373 = VECTOR('',#3374,1.);
#3374 = DIRECTION('',(0.309016994374,0.951056516295,0.));
#3375 = ORIENTED_EDGE('',*,*,#3345,.F.);
#3376 = ORIENTED_EDGE('',*,*,#3377,.T.);
#3377 = EDGE_CURVE('',#3337,#2971,#3378,.T.);
#3378 = LINE('',#3379,#3380);
#3379 = CARTESIAN_POINT('',(4.187801680963,10.461677307247,10.15));
#3380 = VECTOR('',#3381,1.);
#3381 = DIRECTION('',(-0.309016994374,-0.951056516295,0.));
#3382 = CYLINDRICAL_SURFACE('',#3383,0.4);
#3383 = AXIS2_PLACEMENT_3D('',#3384,#3385,#3386);
#3384 = CARTESIAN_POINT('',(3.807379074445,10.585284104996,10.15));
#3385 = DIRECTION('',(0.309016994374,0.951056516295,0.));
#3386 = DIRECTION('',(0.672498511964,-0.218508012224,-0.707106781187));
#3387 = ADVANCED_FACE('',(#3388),#3406,.T.);
#3388 = FACE_BOUND('',#3389,.T.);
#3389 = EDGE_LOOP('',(#3390,#3391,#3398,#3399));
#3390 = ORIENTED_EDGE('',*,*,#3310,.F.);
#3391 = ORIENTED_EDGE('',*,*,#3392,.T.);
#3392 = EDGE_CURVE('',#3302,#3335,#3393,.T.);
#3393 = CIRCLE('',#3394,22.5);
#3394 = AXIS2_PLACEMENT_3D('',#3395,#3396,#3397);
#3395 = CARTESIAN_POINT('',(1.83030655047E-15,4.0747276351E-15,10.15));
#3396 = DIRECTION('',(0.,0.,-1.));
#3397 = DIRECTION('',(0.309016994375,0.951056516295,0.));
#3398 = ORIENTED_EDGE('',*,*,#3354,.F.);
#3399 = ORIENTED_EDGE('',*,*,#3400,.T.);
#3400 = EDGE_CURVE('',#3346,#3311,#3401,.T.);
#3401 = CIRCLE('',#3402,22.1);
#3402 = AXIS2_PLACEMENT_3D('',#3403,#3404,#3405);
#3403 = CARTESIAN_POINT('',(1.83030655047E-15,4.0747276351E-15,9.75));
#3404 = DIRECTION('',(0.,0.,1.));
#3405 = DIRECTION('',(0.309016994375,0.951056516295,-0.));
#3406 = TOROIDAL_SURFACE('',#3407,22.1,0.4);
#3407 = AXIS2_PLACEMENT_3D('',#3408,#3409,#3410);
#3408 = CARTESIAN_POINT('',(1.83030655047E-15,4.0747276351E-15,10.15));
#3409 = DIRECTION('',(0.,0.,1.));
#3410 = DIRECTION('',(1.,0.,-0.));
#3411 = ADVANCED_FACE('',(#3412),#3439,.T.);
#3412 = FACE_BOUND('',#3413,.T.);
#3413 = EDGE_LOOP('',(#3414,#3425,#3432));
#3414 = ORIENTED_EDGE('',*,*,#3415,.T.);
#3415 = EDGE_CURVE('',#3416,#3418,#3420,.T.);
#3416 = VERTEX_POINT('',#3417);
#3417 = CARTESIAN_POINT('',(6.613115805975,21.506201415795,19.85));
#3418 = VERTEX_POINT('',#3419);
#3419 = CARTESIAN_POINT('',(6.11512669624,21.247475743931,19.85));
#3420 = CIRCLE('',#3421,0.4);
#3421 = AXIS2_PLACEMENT_3D('',#3422,#3423,#3424);
#3422 = CARTESIAN_POINT('',(6.495549302758,21.123868946181,19.85));
#3423 = DIRECTION('',(0.,0.,1.));
#3424 = DIRECTION('',(-0.951056516295,0.309016994375,0.));
#3425 = ORIENTED_EDGE('',*,*,#3426,.T.);
#3426 = EDGE_CURVE('',#3418,#217,#3427,.T.);
#3427 = CIRCLE('',#3428,0.4);
#3428 = AXIS2_PLACEMENT_3D('',#3429,#3430,#3431);
#3429 = CARTESIAN_POINT('',(6.495549302758,21.123868946181,19.85));
#3430 = DIRECTION('',(0.309016994375,0.951056516295,0.));
#3431 = DIRECTION('',(0.,-0.,1.));
#3432 = ORIENTED_EDGE('',*,*,#3433,.T.);
#3433 = EDGE_CURVE('',#217,#3416,#3434,.T.);
#3434 = CIRCLE('',#3435,0.4);
#3435 = AXIS2_PLACEMENT_3D('',#3436,#3437,#3438);
#3436 = CARTESIAN_POINT('',(6.495549302758,21.123868946181,19.85));
#3437 = DIRECTION('',(-0.955831174035,0.293916258043,5.305928885343E-15)
  );
#3438 = DIRECTION('',(0.293916258043,0.955831174035,0.));
#3439 = SPHERICAL_SURFACE('',#3440,0.4);
#3440 = AXIS2_PLACEMENT_3D('',#3441,#3442,#3443);
#3441 = CARTESIAN_POINT('',(6.495549302758,21.123868946181,19.85));
#3442 = DIRECTION('',(-0.926045062326,-0.296061422078,-0.234068743958));
#3443 = DIRECTION('',(-0.377412960218,0.726435620816,0.574326341263));
#3444 = ADVANCED_FACE('',(#3445),#3456,.T.);
#3445 = FACE_BOUND('',#3446,.T.);
#3446 = EDGE_LOOP('',(#3447,#3448,#3449,#3450));
#3447 = ORIENTED_EDGE('',*,*,#3234,.F.);
#3448 = ORIENTED_EDGE('',*,*,#225,.T.);
#3449 = ORIENTED_EDGE('',*,*,#3426,.F.);
#3450 = ORIENTED_EDGE('',*,*,#3451,.T.);
#3451 = EDGE_CURVE('',#3418,#3211,#3452,.T.);
#3452 = LINE('',#3453,#3454);
#3453 = CARTESIAN_POINT('',(2.003586977998,8.593457640648,19.85));
#3454 = VECTOR('',#3455,1.);
#3455 = DIRECTION('',(-0.309016994375,-0.951056516295,0.));
#3456 = CYLINDRICAL_SURFACE('',#3457,0.4);
#3457 = AXIS2_PLACEMENT_3D('',#3458,#3459,#3460);
#3458 = CARTESIAN_POINT('',(2.384009584516,8.469850842898,19.85));
#3459 = DIRECTION('',(0.309016994375,0.951056516295,0.));
#3460 = DIRECTION('',(-0.672498511964,0.218508012224,0.707106781187));
#3461 = ADVANCED_FACE('',(#3462),#3489,.T.);
#3462 = FACE_BOUND('',#3463,.T.);
#3463 = EDGE_LOOP('',(#3464,#3473,#3482));
#3464 = ORIENTED_EDGE('',*,*,#3465,.T.);
#3465 = EDGE_CURVE('',#3466,#209,#3468,.T.);
#3466 = VERTEX_POINT('',#3467);
#3467 = CARTESIAN_POINT('',(7.290904952233,21.285974372283,19.85));
#3468 = CIRCLE('',#3469,0.4);
#3469 = AXIS2_PLACEMENT_3D('',#3470,#3471,#3472);
#3470 = CARTESIAN_POINT('',(7.161288864193,20.907557050109,19.85));
#3471 = DIRECTION('',(0.946043305435,-0.324040220099,0.));
#3472 = DIRECTION('',(0.,0.,1.));
#3473 = ORIENTED_EDGE('',*,*,#3474,.T.);
#3474 = EDGE_CURVE('',#209,#3475,#3477,.T.);
#3475 = VERTEX_POINT('',#3476);
#3476 = CARTESIAN_POINT('',(7.541711470711,20.78395025236,19.85));
#3477 = CIRCLE('',#3478,0.4);
#3478 = AXIS2_PLACEMENT_3D('',#3479,#3480,#3481);
#3479 = CARTESIAN_POINT('',(7.161288864193,20.907557050109,19.85));
#3480 = DIRECTION('',(0.309016994374,0.951056516295,0.));
#3481 = DIRECTION('',(0.951056516295,-0.309016994374,0.));
#3482 = ORIENTED_EDGE('',*,*,#3483,.T.);
#3483 = EDGE_CURVE('',#3475,#3466,#3484,.T.);
#3484 = CIRCLE('',#3485,0.4);
#3485 = AXIS2_PLACEMENT_3D('',#3486,#3487,#3488);
#3486 = CARTESIAN_POINT('',(7.161288864193,20.907557050109,19.85));
#3487 = DIRECTION('',(0.,0.,1.));
#3488 = DIRECTION('',(0.324040220099,0.946043305435,-0.));
#3489 = SPHERICAL_SURFACE('',#3490,0.4);
#3490 = AXIS2_PLACEMENT_3D('',#3491,#3492,#3493);
#3491 = CARTESIAN_POINT('',(7.161288864193,20.907557050109,19.85));
#3492 = DIRECTION('',(0.513777209968,0.256678251486,-0.818626443338));
#3493 = DIRECTION('',(0.73232164337,0.36586099052,0.574326341263));
#3494 = ADVANCED_FACE('',(#3495),#3506,.T.);
#3495 = FACE_BOUND('',#3496,.T.);
#3496 = EDGE_LOOP('',(#3497,#3498,#3504,#3505));
#3497 = ORIENTED_EDGE('',*,*,#2890,.F.);
#3498 = ORIENTED_EDGE('',*,*,#3499,.T.);
#3499 = EDGE_CURVE('',#2882,#3475,#3500,.T.);
#3500 = LINE('',#3501,#3502);
#3501 = CARTESIAN_POINT('',(4.187801680963,10.461677307247,19.85));
#3502 = VECTOR('',#3503,1.);
#3503 = DIRECTION('',(0.309016994374,0.951056516295,0.));
#3504 = ORIENTED_EDGE('',*,*,#3474,.F.);
#3505 = ORIENTED_EDGE('',*,*,#208,.T.);
#3506 = CYLINDRICAL_SURFACE('',#3507,0.4);
#3507 = AXIS2_PLACEMENT_3D('',#3508,#3509,#3510);
#3508 = CARTESIAN_POINT('',(3.807379074445,10.585284104996,19.85));
#3509 = DIRECTION('',(-0.309016994374,-0.951056516295,0.));
#3510 = DIRECTION('',(0.672498511964,-0.218508012224,0.707106781187));
#3511 = ADVANCED_FACE('',(#3512),#3528,.T.);
#3512 = FACE_BOUND('',#3513,.T.);
#3513 = EDGE_LOOP('',(#3514,#3515,#3521,#3522));
#3514 = ORIENTED_EDGE('',*,*,#3334,.F.);
#3515 = ORIENTED_EDGE('',*,*,#3516,.T.);
#3516 = EDGE_CURVE('',#3335,#3466,#3517,.T.);
#3517 = LINE('',#3518,#3519);
#3518 = CARTESIAN_POINT('',(7.290904952233,21.285974372283,20.25));
#3519 = VECTOR('',#3520,1.);
#3520 = DIRECTION('',(0.,0.,1.));
#3521 = ORIENTED_EDGE('',*,*,#3483,.F.);
#3522 = ORIENTED_EDGE('',*,*,#3523,.T.);
#3523 = EDGE_CURVE('',#3475,#3337,#3524,.T.);
#3524 = LINE('',#3525,#3526);
#3525 = CARTESIAN_POINT('',(7.541711470711,20.78395025236,20.25));
#3526 = VECTOR('',#3527,1.);
#3527 = DIRECTION('',(0.,0.,-1.));
#3528 = CYLINDRICAL_SURFACE('',#3529,0.4);
#3529 = AXIS2_PLACEMENT_3D('',#3530,#3531,#3532);
#3530 = CARTESIAN_POINT('',(7.161288864193,20.907557050109,20.25));
#3531 = DIRECTION('',(0.,0.,-1.));
#3532 = DIRECTION('',(0.894573647516,0.446920562483,0.));
#3533 = ADVANCED_FACE('',(#3534),#3546,.T.);
#3534 = FACE_BOUND('',#3535,.T.);
#3535 = EDGE_LOOP('',(#3536,#3537,#3544,#3545));
#3536 = ORIENTED_EDGE('',*,*,#3465,.F.);
#3537 = ORIENTED_EDGE('',*,*,#3538,.T.);
#3538 = EDGE_CURVE('',#3466,#3416,#3539,.T.);
#3539 = CIRCLE('',#3540,22.5);
#3540 = AXIS2_PLACEMENT_3D('',#3541,#3542,#3543);
#3541 = CARTESIAN_POINT('',(1.83030655047E-15,4.0747276351E-15,19.85));
#3542 = DIRECTION('',(0.,0.,1.));
#3543 = DIRECTION('',(0.309016994375,0.951056516295,-0.));
#3544 = ORIENTED_EDGE('',*,*,#3433,.F.);
#3545 = ORIENTED_EDGE('',*,*,#216,.T.);
#3546 = TOROIDAL_SURFACE('',#3547,22.1,0.4);
#3547 = AXIS2_PLACEMENT_3D('',#3548,#3549,#3550);
#3548 = CARTESIAN_POINT('',(1.83030655047E-15,4.0747276351E-15,19.85));
#3549 = DIRECTION('',(0.,0.,-1.));
#3550 = DIRECTION('',(-1.,0.,0.));
#3551 = ADVANCED_FACE('',(#3552),#3568,.T.);
#3552 = FACE_BOUND('',#3553,.T.);
#3553 = EDGE_LOOP('',(#3554,#3555,#3561,#3562));
#3554 = ORIENTED_EDGE('',*,*,#3299,.F.);
#3555 = ORIENTED_EDGE('',*,*,#3556,.T.);
#3556 = EDGE_CURVE('',#3300,#3418,#3557,.T.);
#3557 = LINE('',#3558,#3559);
#3558 = CARTESIAN_POINT('',(6.11512669624,21.247475743931,20.25));
#3559 = VECTOR('',#3560,1.);
#3560 = DIRECTION('',(0.,0.,1.));
#3561 = ORIENTED_EDGE('',*,*,#3415,.F.);
#3562 = ORIENTED_EDGE('',*,*,#3563,.T.);
#3563 = EDGE_CURVE('',#3416,#3302,#3564,.T.);
#3564 = LINE('',#3565,#3566);
#3565 = CARTESIAN_POINT('',(6.613115805975,21.506201415795,20.25));
#3566 = VECTOR('',#3567,1.);
#3567 = DIRECTION('',(0.,0.,-1.));
#3568 = CYLINDRICAL_SURFACE('',#3569,0.4);
#3569 = AXIS2_PLACEMENT_3D('',#3570,#3571,#3572);
#3570 = CARTESIAN_POINT('',(6.495549302758,21.123868946181,20.25));
#3571 = DIRECTION('',(0.,0.,-1.));
#3572 = DIRECTION('',(-0.461031967987,0.887383527283,0.));
#3573 = ADVANCED_FACE('',(#3574),#3590,.T.);
#3574 = FACE_BOUND('',#3575,.T.);
#3575 = EDGE_LOOP('',(#3576,#3577,#3583,#3584));
#3576 = ORIENTED_EDGE('',*,*,#3132,.F.);
#3577 = ORIENTED_EDGE('',*,*,#3578,.T.);
#3578 = EDGE_CURVE('',#3124,#3300,#3579,.T.);
#3579 = LINE('',#3580,#3581);
#3580 = CARTESIAN_POINT('',(2.003586977998,8.593457640648,10.15));
#3581 = VECTOR('',#3582,1.);
#3582 = DIRECTION('',(0.309016994375,0.951056516295,0.));
#3583 = ORIENTED_EDGE('',*,*,#3319,.F.);
#3584 = ORIENTED_EDGE('',*,*,#3585,.T.);
#3585 = EDGE_CURVE('',#3311,#3133,#3586,.T.);
#3586 = LINE('',#3587,#3588);
#3587 = CARTESIAN_POINT('',(2.384009584516,8.469850842898,9.75));
#3588 = VECTOR('',#3589,1.);
#3589 = DIRECTION('',(-0.309016994375,-0.951056516295,0.));
#3590 = CYLINDRICAL_SURFACE('',#3591,0.4);
#3591 = AXIS2_PLACEMENT_3D('',#3592,#3593,#3594);
#3592 = CARTESIAN_POINT('',(2.384009584516,8.469850842898,10.15));
#3593 = DIRECTION('',(-0.309016994375,-0.951056516295,0.));
#3594 = DIRECTION('',(-0.672498511964,0.218508012224,-0.707106781187));
#3595 = ADVANCED_FACE('',(#3596),#3602,.T.);
#3596 = FACE_BOUND('',#3597,.T.);
#3597 = EDGE_LOOP('',(#3598,#3599,#3600,#3601));
#3598 = ORIENTED_EDGE('',*,*,#3210,.F.);
#3599 = ORIENTED_EDGE('',*,*,#3451,.F.);
#3600 = ORIENTED_EDGE('',*,*,#3556,.F.);
#3601 = ORIENTED_EDGE('',*,*,#3578,.F.);
#3602 = PLANE('',#3603);
#3603 = AXIS2_PLACEMENT_3D('',#3604,#3605,#3606);
#3604 = CARTESIAN_POINT('',(4.720466343228,16.955152535511,20.25));
#3605 = DIRECTION('',(-0.951056516295,0.309016994375,0.));
#3606 = DIRECTION('',(0.309016994375,0.951056516295,0.));
#3607 = ADVANCED_FACE('',(#3608),#3614,.T.);
#3608 = FACE_BOUND('',#3609,.T.);
#3609 = EDGE_LOOP('',(#3610,#3611,#3612,#3613));
#3610 = ORIENTED_EDGE('',*,*,#3392,.F.);
#3611 = ORIENTED_EDGE('',*,*,#3563,.F.);
#3612 = ORIENTED_EDGE('',*,*,#3538,.F.);
#3613 = ORIENTED_EDGE('',*,*,#3516,.F.);
#3614 = CYLINDRICAL_SURFACE('',#3615,22.5);
#3615 = AXIS2_PLACEMENT_3D('',#3616,#3617,#3618);
#3616 = CARTESIAN_POINT('',(1.83030655047E-15,4.0747276351E-15,20.25));
#3617 = DIRECTION('',(0.,0.,-1.));
#3618 = DIRECTION('',(0.309016994375,0.951056516295,0.));
#3619 = ADVANCED_FACE('',(#3620),#3626,.T.);
#3620 = FACE_BOUND('',#3621,.T.);
#3621 = EDGE_LOOP('',(#3622,#3623,#3624,#3625));
#3622 = ORIENTED_EDGE('',*,*,#2970,.F.);
#3623 = ORIENTED_EDGE('',*,*,#3377,.F.);
#3624 = ORIENTED_EDGE('',*,*,#3523,.F.);
#3625 = ORIENTED_EDGE('',*,*,#3499,.F.);
#3626 = PLANE('',#3627);
#3627 = AXIS2_PLACEMENT_3D('',#3628,#3629,#3630);
#3628 = CARTESIAN_POINT('',(7.66231097467,21.155117360286,20.25));
#3629 = DIRECTION('',(0.951056516295,-0.309016994374,0.));
#3630 = DIRECTION('',(-0.309016994374,-0.951056516295,0.));
#3631 = ADVANCED_FACE('',(#3632),#3679,.T.);
#3632 = FACE_BOUND('',#3633,.T.);
#3633 = EDGE_LOOP('',(#3634,#3643,#3677,#3678));
#3634 = ORIENTED_EDGE('',*,*,#3635,.T.);
#3635 = EDGE_CURVE('',#1008,#3636,#3638,.T.);
#3636 = VERTEX_POINT('',#3637);
#3637 = CARTESIAN_POINT('',(17.96322632491,-0.750000000019,19.85));
#3638 = CIRCLE('',#3639,0.4);
#3639 = AXIS2_PLACEMENT_3D('',#3640,#3641,#3642);
#3640 = CARTESIAN_POINT('',(17.96322632491,-1.150000000019,19.85));
#3641 = DIRECTION('',(7.107612269907E-16,1.110223024625E-14,-1.));
#3642 = DIRECTION('',(-0.997957018051,6.388888888997E-02,
    2.662405555121E-30));
#3643 = ORIENTED_EDGE('',*,*,#3644,.T.);
#3644 = EDGE_CURVE('',#3636,#130,#3645,.T.);
#3645 = B_SPLINE_CURVE_WITH_KNOTS('',3,(#3646,#3647,#3648,#3649,#3650,
    #3651,#3652,#3653,#3654,#3655,#3656,#3657,#3658,#3659,#3660,#3661,
    #3662,#3663,#3664,#3665,#3666,#3667,#3668,#3669,#3670,#3671,#3672,
    #3673,#3674,#3675,#3676),.UNSPECIFIED.,.F.,.F.,(4,3,3,3,3,3,3,3,3,3,
    4),(-0.502749784307,-0.481934212541,-0.470824956556,-0.452631679432,
    -0.448857815048,-0.439783718447,-0.419306387331,-0.413839861821,
    -0.395439803534,-0.385911878944,-0.377039745247),.UNSPECIFIED.);
#3646 = CARTESIAN_POINT('',(17.96322632491,-0.750000000019,19.85));
#3647 = CARTESIAN_POINT('',(17.96322632491,-0.750000000019,
    19.88469261961));
#3648 = CARTESIAN_POINT('',(17.963827894421,-0.745315419967,
    19.919344194582));
#3649 = CARTESIAN_POINT('',(17.964938818222,-0.736355196713,
    19.952849312288));
#3650 = CARTESIAN_POINT('',(17.965531717472,-0.731573131876,
    19.970730970001));
#3651 = CARTESIAN_POINT('',(17.966269853181,-0.725572237038,
    19.988286135964));
#3652 = CARTESIAN_POINT('',(17.967140169087,-0.718408985547,
    20.005345387371));
#3653 = CARTESIAN_POINT('',(17.968565457917,-0.706677955164,
    20.033282783789));
#3654 = CARTESIAN_POINT('',(17.97033378571,-0.691799589128,
    20.059948113554));
#3655 = CARTESIAN_POINT('',(17.972296417834,-0.67403619061,
    20.084495002285));
#3656 = CARTESIAN_POINT('',(17.972703530166,-0.670351496724,
    20.089586807816));
#3657 = CARTESIAN_POINT('',(17.973118980216,-0.66654283615,
    20.094587510883));
#3658 = CARTESIAN_POINT('',(17.973541408534,-0.66261280758,
    20.099489663728));
#3659 = CARTESIAN_POINT('',(17.974557119481,-0.653163220822,
    20.11127668201));
#3660 = CARTESIAN_POINT('',(17.975613187368,-0.643011785542,
    20.122493780534));
#3661 = CARTESIAN_POINT('',(17.976688308456,-0.632249243396,
    20.133091716032));
#3662 = CARTESIAN_POINT('',(17.979114512572,-0.607961631212,
    20.157007863707));
#3663 = CARTESIAN_POINT('',(17.981635482479,-0.580608523661,
    20.177733074998));
#3664 = CARTESIAN_POINT('',(17.984077608742,-0.551161055335,
    20.194824533331));
#3665 = CARTESIAN_POINT('',(17.984729546508,-0.54329990703,
    20.199387183241));
#3666 = CARTESIAN_POINT('',(17.985375890663,-0.535289250449,
    20.203690728085));
#3667 = CARTESIAN_POINT('',(17.986013379927,-0.52714707351,
    20.207726392848));
#3668 = CARTESIAN_POINT('',(17.988159137703,-0.499740902991,
    20.221310243636));
#3669 = CARTESIAN_POINT('',(17.990206867548,-0.470817896163,
    20.231874347721));
#3670 = CARTESIAN_POINT('',(17.992017973746,-0.441055564157,
    20.239048106678));
#3671 = CARTESIAN_POINT('',(17.992955801389,-0.425644023033,
    20.242762825039));
#3672 = CARTESIAN_POINT('',(17.993830290913,-0.410004316516,
    20.245568320968));
#3673 = CARTESIAN_POINT('',(17.994621298937,-0.394242213691,
    20.247409118779));
#3674 = CARTESIAN_POINT('',(17.99535786322,-0.379564989674,
    20.249123217599));
#3675 = CARTESIAN_POINT('',(17.996021854811,-0.364784094196,20.25));
#3676 = CARTESIAN_POINT('',(17.996596900525,-0.350000000019,20.25));
#3677 = ORIENTED_EDGE('',*,*,#129,.T.);
#3678 = ORIENTED_EDGE('',*,*,#1015,.T.);
#3679 = B_SPLINE_SURFACE_WITH_KNOTS('',3,3,(
    (#3680,#3681,#3682,#3683,#3684)
    ,(#3685,#3686,#3687,#3688,#3689)
    ,(#3690,#3691,#3692,#3693,#3694)
    ,(#3695,#3696,#3697,#3698,#3699)
    ,(#3700,#3701,#3702,#3703,#3704
  )),.UNSPECIFIED.,.F.,.F.,.F.,(4,1,4),(4,1,4),(0.,0.5,1.),(
    0.377039745247,0.448874053281,0.502749784307),.UNSPECIFIED.);
#3680 = CARTESIAN_POINT('',(17.996596900525,-0.350000000019,20.25));
#3681 = CARTESIAN_POINT('',(17.991940973056,-0.469701214101,20.25));
#3682 = CARTESIAN_POINT('',(17.973681124544,-0.676700250096,
    20.149508787442));
#3683 = CARTESIAN_POINT('',(17.96322632491,-0.750000000019,
    19.939792885043));
#3684 = CARTESIAN_POINT('',(17.96322632491,-0.750000000019,19.85));
#3685 = CARTESIAN_POINT('',(17.891896943836,-0.347963782558,20.25));
#3686 = CARTESIAN_POINT('',(17.887659809256,-0.466025474488,
    20.250623115121));
#3687 = CARTESIAN_POINT('',(17.871826513151,-0.673306925566,
    20.153536374657));
#3688 = CARTESIAN_POINT('',(17.862768731952,-0.75000000002,
    19.941079244865));
#3689 = CARTESIAN_POINT('',(17.862768731952,-0.75000000002,19.85));
#3690 = CARTESIAN_POINT('',(17.68336573995,-0.343908242405,
    20.336709608404));
#3691 = CARTESIAN_POINT('',(17.679930481531,-0.485535366615,
    20.337849557781));
#3692 = CARTESIAN_POINT('',(17.66886027986,-0.735198908286,
    20.222533144673));
#3693 = CARTESIAN_POINT('',(17.662550229828,-0.829459184206,
    19.962023890821));
#3694 = CARTESIAN_POINT('',(17.662550229828,-0.829459184206,19.85));
#3695 = CARTESIAN_POINT('',(17.596672524958,-0.342222222241,
    20.54528024488));
#3696 = CARTESIAN_POINT('',(17.59274327749,-0.544910033675,
    20.545671974797));
#3697 = CARTESIAN_POINT('',(17.578541471125,-0.897306196268,
    20.373257399905));
#3698 = CARTESIAN_POINT('',(17.570461641685,-1.024192084555,
    20.006953836645));
#3699 = CARTESIAN_POINT('',(17.570461641685,-1.024192084555,19.85));
#3700 = CARTESIAN_POINT('',(17.596672524958,-0.342222222241,20.65));
#3701 = CARTESIAN_POINT('',(17.592120062543,-0.576304596445,20.65));
#3702 = CARTESIAN_POINT('',(17.574265988443,-0.98110271128,
    20.449017574885));
#3703 = CARTESIAN_POINT('',(17.56404351769,-1.124444444463,
    20.029585770086));
#3704 = CARTESIAN_POINT('',(17.56404351769,-1.124444444463,19.85));
#3705 = ADVANCED_FACE('',(#3706),#3725,.F.);
#3706 = FACE_BOUND('',#3707,.F.);
#3707 = EDGE_LOOP('',(#3708,#3709,#3710,#3718));
#3708 = ORIENTED_EDGE('',*,*,#1007,.F.);
#3709 = ORIENTED_EDGE('',*,*,#3635,.T.);
#3710 = ORIENTED_EDGE('',*,*,#3711,.F.);
#3711 = EDGE_CURVE('',#3712,#3636,#3714,.T.);
#3712 = VERTEX_POINT('',#3713);
#3713 = CARTESIAN_POINT('',(17.96322632491,-0.750000000019,10.15));
#3714 = LINE('',#3715,#3716);
#3715 = CARTESIAN_POINT('',(17.96322632491,-0.750000000019,18.75));
#3716 = VECTOR('',#3717,1.);
#3717 = DIRECTION('',(0.,0.,1.));
#3718 = ORIENTED_EDGE('',*,*,#3719,.F.);
#3719 = EDGE_CURVE('',#999,#3712,#3720,.T.);
#3720 = CIRCLE('',#3721,0.4);
#3721 = AXIS2_PLACEMENT_3D('',#3722,#3723,#3724);
#3722 = CARTESIAN_POINT('',(17.96322632491,-1.150000000019,10.15));
#3723 = DIRECTION('',(0.,0.,-1.));
#3724 = DIRECTION('',(-0.997957018051,6.388888888997E-02,0.));
#3725 = CYLINDRICAL_SURFACE('',#3726,0.4);
#3726 = AXIS2_PLACEMENT_3D('',#3727,#3728,#3729);
#3727 = CARTESIAN_POINT('',(17.96322632491,-1.150000000019,18.75));
#3728 = DIRECTION('',(0.,0.,1.));
#3729 = DIRECTION('',(-0.684145858392,0.729345216235,0.));
#3730 = ADVANCED_FACE('',(#3731),#3784,.T.);
#3731 = FACE_BOUND('',#3732,.T.);
#3732 = EDGE_LOOP('',(#3733,#3748,#3782,#3783));
#3733 = ORIENTED_EDGE('',*,*,#3734,.T.);
#3734 = EDGE_CURVE('',#990,#3735,#3737,.T.);
#3735 = VERTEX_POINT('',#3736);
#3736 = CARTESIAN_POINT('',(17.996596900525,-0.350000000019,9.75));
#3737 = B_SPLINE_CURVE_WITH_KNOTS('',3,(#3738,#3739,#3740,#3741,#3742,
    #3743,#3744,#3745,#3746,#3747),.UNSPECIFIED.,.F.,.F.,(4,2,2,2,4),(0.
    ,1.847036985605E-02,3.892537793052E-02,6.663583947033E-02,
    6.696572523675E-02),.UNSPECIFIED.);
#3738 = CARTESIAN_POINT('',(17.570438837359,-1.01964653809,9.75));
#3739 = CARTESIAN_POINT('',(17.574005740518,-0.958182048723,9.75));
#3740 = CARTESIAN_POINT('',(17.588694615859,-0.887600516986,9.75));
#3741 = CARTESIAN_POINT('',(17.660174280961,-0.724334527134,9.75));
#3742 = CARTESIAN_POINT('',(17.712366949369,-0.650508074714,9.75));
#3743 = CARTESIAN_POINT('',(17.8338404904,-0.50478986515,9.75));
#3744 = CARTESIAN_POINT('',(17.913963677265,-0.429465732897,9.75));
#3745 = CARTESIAN_POINT('',(17.994697678987,-0.351827171157,9.75));
#3746 = CARTESIAN_POINT('',(17.995647352119,-0.35091366479,9.75));
#3747 = CARTESIAN_POINT('',(17.996596900525,-0.350000000019,9.75));
#3748 = ORIENTED_EDGE('',*,*,#3749,.T.);
#3749 = EDGE_CURVE('',#3735,#3712,#3750,.T.);
#3750 = B_SPLINE_CURVE_WITH_KNOTS('',3,(#3751,#3752,#3753,#3754,#3755,
    #3756,#3757,#3758,#3759,#3760,#3761,#3762,#3763,#3764,#3765,#3766,
    #3767,#3768,#3769,#3770,#3771,#3772,#3773,#3774,#3775,#3776,#3777,
    #3778,#3779,#3780,#3781),.UNSPECIFIED.,.F.,.F.,(4,3,3,3,3,3,3,3,3,3,
    4),(-1.131209607502,-1.119566919876,-1.106604972795,-1.094409491099,
    -1.073932143294,-1.068465634473,-1.059391542343,-1.041200095709,
    -1.037424396364,-1.016614652822,-1.005499568613),.UNSPECIFIED.);
#3751 = CARTESIAN_POINT('',(17.996596900525,-0.350000000019,9.75));
#3752 = CARTESIAN_POINT('',(17.99584228192,-0.369400809803,9.75));
#3753 = CARTESIAN_POINT('',(17.99493442573,-0.388795537737,
    9.751510763332));
#3754 = CARTESIAN_POINT('',(17.993910551069,-0.407959215875,
    9.754440058893));
#3755 = CARTESIAN_POINT('',(17.992770658838,-0.429294374034,
    9.757701279607));
#3756 = CARTESIAN_POINT('',(17.991487565859,-0.450338161546,
    9.762716668045));
#3757 = CARTESIAN_POINT('',(17.990110390253,-0.470851265514,
    9.769351428867));
#3758 = CARTESIAN_POINT('',(17.988814649746,-0.490151389362,
    9.775593863253));
#3759 = CARTESIAN_POINT('',(17.987435561418,-0.508982489057,
    9.78327003095));
#3760 = CARTESIAN_POINT('',(17.986013357737,-0.527147225763,
    9.792273303711));
#3761 = CARTESIAN_POINT('',(17.983625345507,-0.557647507801,
    9.807390635873));
#3762 = CARTESIAN_POINT('',(17.981112836326,-0.586305303216,
    9.826264610043));
#3763 = CARTESIAN_POINT('',(17.978648337784,-0.612161221488,
    9.848445150143));
#3764 = CARTESIAN_POINT('',(17.977990430171,-0.619063560925,
    9.85436633287));
#3765 = CARTESIAN_POINT('',(17.977335965171,-0.625765992822,
    9.86052331136));
#3766 = CARTESIAN_POINT('',(17.976688283995,-0.632249687844,
    9.866907831495));
#3767 = CARTESIAN_POINT('',(17.975613170271,-0.643012250917,
    9.877505769924));
#3768 = CARTESIAN_POINT('',(17.97455710719,-0.653163698789,
    9.888722880318));
#3769 = CARTESIAN_POINT('',(17.973541399813,-0.662613285236,
    9.900509919223));
#3770 = CARTESIAN_POINT('',(17.971505142491,-0.681557510742,
    9.924140193874));
#3771 = CARTESIAN_POINT('',(17.969631491064,-0.697677786528,
    9.950062068199));
#3772 = CARTESIAN_POINT('',(17.968070495525,-0.710701668183,
    9.977432522545));
#3773 = CARTESIAN_POINT('',(17.967746505358,-0.713404821067,
    9.983113357533));
#3774 = CARTESIAN_POINT('',(17.96743596177,-0.715974754746,
    9.988856540335));
#3775 = CARTESIAN_POINT('',(17.967140167861,-0.718409309079,
    9.994654476055));
#3776 = CARTESIAN_POINT('',(17.965509901563,-0.731827340199,
    10.026609762851));
#3777 = CARTESIAN_POINT('',(17.964342963837,-0.741169530706,
    10.060304030488));
#3778 = CARTESIAN_POINT('',(17.963727004325,-0.746054259739,
    10.094627996848));
#3779 = CARTESIAN_POINT('',(17.963398002584,-0.748663334399,
    10.112961417234));
#3780 = CARTESIAN_POINT('',(17.96322632491,-0.750000000019,
    10.131474859652));
#3781 = CARTESIAN_POINT('',(17.96322632491,-0.750000000019,10.15));
#3782 = ORIENTED_EDGE('',*,*,#3719,.F.);
#3783 = ORIENTED_EDGE('',*,*,#998,.T.);
#3784 = B_SPLINE_SURFACE_WITH_KNOTS('',3,3,(
    (#3785,#3786,#3787,#3788,#3789)
    ,(#3790,#3791,#3792,#3793,#3794)
    ,(#3795,#3796,#3797,#3798,#3799)
    ,(#3800,#3801,#3802,#3803,#3804)
    ,(#3805,#3806,#3807,#3808,#3809
  )),.UNSPECIFIED.,.F.,.F.,.F.,(4,1,4),(4,1,4),(0.,0.5,1.),(
    1.005499568613,1.059375299565,1.131209607502),.UNSPECIFIED.);
#3785 = CARTESIAN_POINT('',(17.96322632491,-0.750000000019,10.15));
#3786 = CARTESIAN_POINT('',(17.96322632491,-0.750000000019,
    10.060207115079));
#3787 = CARTESIAN_POINT('',(17.973681012799,-0.67670122583,
    9.850490359384));
#3788 = CARTESIAN_POINT('',(17.991940973389,-0.469701205528,9.75));
#3789 = CARTESIAN_POINT('',(17.996596900525,-0.350000000019,9.75));
#3790 = CARTESIAN_POINT('',(17.862768731952,-0.75000000002,10.15));
#3791 = CARTESIAN_POINT('',(17.862768731952,-0.75000000002,
    10.058920755259));
#3792 = CARTESIAN_POINT('',(17.871826407265,-0.673308620916,
    9.846461869553));
#3793 = CARTESIAN_POINT('',(17.88765980956,-0.466025466033,
    9.749376884924));
#3794 = CARTESIAN_POINT('',(17.891896943836,-0.347963782559,9.75));
#3795 = CARTESIAN_POINT('',(17.662525796025,-0.829433136139,10.15));
#3796 = CARTESIAN_POINT('',(17.662525796025,-0.829433136139,
    10.037976109331));
#3797 = CARTESIAN_POINT('',(17.66883400163,-0.735182444024,9.77747637739
    ));
#3798 = CARTESIAN_POINT('',(17.679900919902,-0.485534781548,
    9.662180009765));
#3799 = CARTESIAN_POINT('',(17.683336178075,-0.343907667482,
    9.66331995906));
#3800 = CARTESIAN_POINT('',(17.570461641685,-1.024192084555,10.15));
#3801 = CARTESIAN_POINT('',(17.570461641685,-1.024192084555,
    9.993046163569));
#3802 = CARTESIAN_POINT('',(17.578541355324,-0.89730804469,
    9.626740869717));
#3803 = CARTESIAN_POINT('',(17.592743277771,-0.544910019159,
    9.454328025231));
#3804 = CARTESIAN_POINT('',(17.596672524958,-0.342222222241,
    9.45471975512));
#3805 = CARTESIAN_POINT('',(17.56404351769,-1.124444444463,10.15));
#3806 = CARTESIAN_POINT('',(17.56404351769,-1.124444444463,
    9.970414230159));
#3807 = CARTESIAN_POINT('',(17.574265879182,-0.981104619381,
    9.550980718769));
#3808 = CARTESIAN_POINT('',(17.59212006287,-0.57630457968,9.35));
#3809 = CARTESIAN_POINT('',(17.596672524958,-0.342222222241,9.35));
#3810 = ADVANCED_FACE('',(#3811),#3872,.T.);
#3811 = FACE_BOUND('',#3812,.T.);
#3812 = EDGE_LOOP('',(#3813,#3822,#3858,#3871));
#3813 = ORIENTED_EDGE('',*,*,#3814,.T.);
#3814 = EDGE_CURVE('',#3092,#3815,#3817,.T.);
#3815 = VERTEX_POINT('',#3816);
#3816 = CARTESIAN_POINT('',(17.963226324911,0.750000000014,10.15));
#3817 = CIRCLE('',#3818,0.4);
#3818 = AXIS2_PLACEMENT_3D('',#3819,#3820,#3821);
#3819 = CARTESIAN_POINT('',(17.963226324911,1.150000000014,10.15));
#3820 = DIRECTION('',(0.,0.,1.));
#3821 = DIRECTION('',(-0.997957018051,-6.388888888967E-02,0.));
#3822 = ORIENTED_EDGE('',*,*,#3823,.T.);
#3823 = EDGE_CURVE('',#3815,#3824,#3826,.T.);
#3824 = VERTEX_POINT('',#3825);
#3825 = CARTESIAN_POINT('',(17.996596900525,0.350000000014,9.75));
#3826 = B_SPLINE_CURVE_WITH_KNOTS('',3,(#3827,#3828,#3829,#3830,#3831,
    #3832,#3833,#3834,#3835,#3836,#3837,#3838,#3839,#3840,#3841,#3842,
    #3843,#3844,#3845,#3846,#3847,#3848,#3849,#3850,#3851,#3852,#3853,
    #3854,#3855,#3856,#3857),.UNSPECIFIED.,.F.,.F.,(4,3,3,3,3,3,3,3,3,3,
    4),(-0.502749779286,-0.484303056912,-0.470824932304,-0.451297290217,
    -0.43978377002,-0.430932772493,-0.413842384064,-0.396251593054,
    -0.383818179157,-0.378660802045,-0.377039740893),.UNSPECIFIED.);
#3827 = CARTESIAN_POINT('',(17.963226324911,0.750000000014,10.15));
#3828 = CARTESIAN_POINT('',(17.963226324911,0.750000000014,
    10.11925546271));
#3829 = CARTESIAN_POINT('',(17.963697277556,0.746204507094,10.0885677846
    ));
#3830 = CARTESIAN_POINT('',(17.964578511927,0.738986141884,
    10.058710592465));
#3831 = CARTESIAN_POINT('',(17.965222387107,0.733712032814,
    10.036895391484));
#3832 = CARTESIAN_POINT('',(17.966085042323,0.726611886249,
    10.015523936196));
#3833 = CARTESIAN_POINT('',(17.967141378801,0.717848021072,9.99489367719
    ));
#3834 = CARTESIAN_POINT('',(17.968671841034,0.70515058523,9.965003738808
    ));
#3835 = CARTESIAN_POINT('',(17.970599945001,0.688939028113,
    9.936601735179));
#3836 = CARTESIAN_POINT('',(17.972738601674,0.669612210101,
    9.910499547334));
#3837 = CARTESIAN_POINT('',(17.973999556104,0.658217096009,
    9.895109667409));
#3838 = CARTESIAN_POINT('',(17.975333751834,0.645738218164,
    9.880519698544));
#3839 = CARTESIAN_POINT('',(17.976702685482,0.632251708278,
    9.866902646459));
#3840 = CARTESIAN_POINT('',(17.977755050713,0.621883978548,
    9.856434562652));
#3841 = CARTESIAN_POINT('',(17.978823258081,0.610926532489,
    9.846548286652));
#3842 = CARTESIAN_POINT('',(17.979894674004,0.599427141427,
    9.837330722751));
#3843 = CARTESIAN_POINT('',(17.981963470685,0.577222970727,9.81953253142
    ));
#3844 = CARTESIAN_POINT('',(17.984043998741,0.552997081319,9.80423100387
    ));
#3845 = CARTESIAN_POINT('',(17.986034936946,0.527467394957,
    9.791657564666));
#3846 = CARTESIAN_POINT('',(17.988084169357,0.501190205343,
    9.778715978101));
#3847 = CARTESIAN_POINT('',(17.990041033267,0.473508123283,9.76864230552
    ));
#3848 = CARTESIAN_POINT('',(17.991787356199,0.445065832286,
    9.761638060716));
#3849 = CARTESIAN_POINT('',(17.993021681352,0.424962428411,
    9.756687363807));
#3850 = CARTESIAN_POINT('',(17.994150977106,0.404475616111,9.75327082652
    ));
#3851 = CARTESIAN_POINT('',(17.995132009589,0.383839558474,
    9.751475449752));
#3852 = CARTESIAN_POINT('',(17.995538941628,0.3752797267,9.750730727898)
  );
#3853 = CARTESIAN_POINT('',(17.995920319019,0.366694889279,
    9.750265113006));
#3854 = CARTESIAN_POINT('',(17.996272976881,0.358103056134,
    9.750085010836));
#3855 = CARTESIAN_POINT('',(17.996383823917,0.355402480506,
    9.750028401319));
#3856 = CARTESIAN_POINT('',(17.996491831745,0.352701257856,9.75));
#3857 = CARTESIAN_POINT('',(17.996596900525,0.350000000014,9.75));
#3858 = ORIENTED_EDGE('',*,*,#3859,.T.);
#3859 = EDGE_CURVE('',#3824,#3100,#3860,.T.);
#3860 = B_SPLINE_CURVE_WITH_KNOTS('',3,(#3861,#3862,#3863,#3864,#3865,
    #3866,#3867,#3868,#3869,#3870),.UNSPECIFIED.,.F.,.F.,(4,2,2,2,4),(
    -3.953204744521E-04,0.,3.320698996326E-02,5.771936568994E-02,
    7.985343890616E-02),.UNSPECIFIED.);
#3861 = CARTESIAN_POINT('',(17.996596900525,0.350000000014,9.75));
#3862 = CARTESIAN_POINT('',(17.995647352169,0.350913664736,9.75));
#3863 = CARTESIAN_POINT('',(17.994697678936,0.351827171201,9.75));
#3864 = CARTESIAN_POINT('',(17.913963677591,0.42946573258,9.75));
#3865 = CARTESIAN_POINT('',(17.833840490416,0.504789865089,9.75));
#3866 = CARTESIAN_POINT('',(17.712366949259,0.650508074868,9.75));
#3867 = CARTESIAN_POINT('',(17.660174280934,0.724334527204,9.75));
#3868 = CARTESIAN_POINT('',(17.588694615863,0.887600516963,9.75));
#3869 = CARTESIAN_POINT('',(17.574005740519,0.958182048711,9.75));
#3870 = CARTESIAN_POINT('',(17.570438837359,1.019646538085,9.75));
#3871 = ORIENTED_EDGE('',*,*,#3099,.T.);
#3872 = B_SPLINE_SURFACE_WITH_KNOTS('',3,3,(
    (#3873,#3874,#3875,#3876,#3877)
    ,(#3878,#3879,#3880,#3881,#3882)
    ,(#3883,#3884,#3885,#3886,#3887)
    ,(#3888,#3889,#3890,#3891,#3892)
    ,(#3893,#3894,#3895,#3896,#3897
  )),.UNSPECIFIED.,.F.,.F.,.F.,(4,1,4),(4,1,4),(0.,0.5,1.),(
    0.377039740893,0.430915471633,0.502749779286),.UNSPECIFIED.);
#3873 = CARTESIAN_POINT('',(17.996596900525,0.350000000014,9.75));
#3874 = CARTESIAN_POINT('',(17.993104954944,0.439775910056,9.75));
#3875 = CARTESIAN_POINT('',(17.977373248553,0.649397543518,
    9.823197464293));
#3876 = CARTESIAN_POINT('',(17.963226324911,0.750000000014,
    10.030276153911));
#3877 = CARTESIAN_POINT('',(17.963226324911,0.750000000014,10.15));
#3878 = CARTESIAN_POINT('',(17.891896943836,0.347963782553,9.75));
#3879 = CARTESIAN_POINT('',(17.88871909292,0.436510050989,9.749532663662
    ));
#3880 = CARTESIAN_POINT('',(17.875009980562,0.645127101205,
    9.819358302266));
#3881 = CARTESIAN_POINT('',(17.862768731953,0.750000000014,
    10.028561007492));
#3882 = CARTESIAN_POINT('',(17.862768731953,0.750000000014,10.15));
#3883 = CARTESIAN_POINT('',(17.683336178075,0.343907667476,9.66331995906
    ));
#3884 = CARTESIAN_POINT('',(17.680759734276,0.45012801002,9.662464997033
    ));
#3885 = CARTESIAN_POINT('',(17.670986858919,0.701055317218,
    9.745056947802));
#3886 = CARTESIAN_POINT('',(17.662525796026,0.829433136133,
    10.000634813031));
#3887 = CARTESIAN_POINT('',(17.662525796026,0.829433136133,10.15));
#3888 = CARTESIAN_POINT('',(17.596672524958,0.342222222236,9.45471975512
    ));
#3889 = CARTESIAN_POINT('',(17.593725589374,0.494238079933,
    9.454425957684));
#3890 = CARTESIAN_POINT('',(17.581391723214,0.85033632111,9.579492743431
    ));
#3891 = CARTESIAN_POINT('',(17.570461641685,1.024192084549,
    9.940728218917));
#3892 = CARTESIAN_POINT('',(17.570461641685,1.024192084549,10.15));
#3893 = CARTESIAN_POINT('',(17.596672524958,0.342222222236,9.35));
#3894 = CARTESIAN_POINT('',(17.593258178167,0.517784001874,9.35));
#3895 = CARTESIAN_POINT('',(17.577876065252,0.927710751754,
    9.496394928586));
#3896 = CARTESIAN_POINT('',(17.564043517691,1.124444444458,
    9.910552307823));
#3897 = CARTESIAN_POINT('',(17.564043517691,1.124444444458,10.15));
#3898 = ADVANCED_FACE('',(#3899),#3918,.F.);
#3899 = FACE_BOUND('',#3900,.F.);
#3900 = EDGE_LOOP('',(#3901,#3902,#3903,#3911));
#3901 = ORIENTED_EDGE('',*,*,#3091,.F.);
#3902 = ORIENTED_EDGE('',*,*,#3814,.T.);
#3903 = ORIENTED_EDGE('',*,*,#3904,.F.);
#3904 = EDGE_CURVE('',#3905,#3815,#3907,.T.);
#3905 = VERTEX_POINT('',#3906);
#3906 = CARTESIAN_POINT('',(17.963226324911,0.750000000014,19.85));
#3907 = LINE('',#3908,#3909);
#3908 = CARTESIAN_POINT('',(17.963226324911,0.750000000014,18.75));
#3909 = VECTOR('',#3910,1.);
#3910 = DIRECTION('',(0.,0.,-1.));
#3911 = ORIENTED_EDGE('',*,*,#3912,.F.);
#3912 = EDGE_CURVE('',#3083,#3905,#3913,.T.);
#3913 = CIRCLE('',#3914,0.4);
#3914 = AXIS2_PLACEMENT_3D('',#3915,#3916,#3917);
#3915 = CARTESIAN_POINT('',(17.963226324911,1.150000000014,19.85));
#3916 = DIRECTION('',(0.,0.,1.));
#3917 = DIRECTION('',(-0.997957018051,-6.388888888967E-02,0.));
#3918 = CYLINDRICAL_SURFACE('',#3919,0.4);
#3919 = AXIS2_PLACEMENT_3D('',#3920,#3921,#3922);
#3920 = CARTESIAN_POINT('',(17.963226324911,1.150000000014,18.75));
#3921 = DIRECTION('',(0.,0.,-1.));
#3922 = DIRECTION('',(-0.684145858392,-0.729345216235,-0.));
#3923 = ADVANCED_FACE('',(#3924),#3963,.T.);
#3924 = FACE_BOUND('',#3925,.T.);
#3925 = EDGE_LOOP('',(#3926,#3927,#3961,#3962));
#3926 = ORIENTED_EDGE('',*,*,#169,.T.);
#3927 = ORIENTED_EDGE('',*,*,#3928,.T.);
#3928 = EDGE_CURVE('',#162,#3905,#3929,.T.);
#3929 = B_SPLINE_CURVE_WITH_KNOTS('',3,(#3930,#3931,#3932,#3933,#3934,
    #3935,#3936,#3937,#3938,#3939,#3940,#3941,#3942,#3943,#3944,#3945,
    #3946,#3947,#3948,#3949,#3950,#3951,#3952,#3953,#3954,#3955,#3956,
    #3957,#3958,#3959,#3960),.UNSPECIFIED.,.F.,.F.,(4,3,3,3,3,3,3,3,3,3,
    4),(-0.62845981751,-0.622996272667,-0.611735716581,-0.591657174509,
    -0.571179216349,-0.565715788553,-0.556641751825,-0.538448376016,
    -0.534674626268,-0.513859094073,-0.502749779286),.UNSPECIFIED.);
#3930 = CARTESIAN_POINT('',(17.996596900525,0.350000000014,20.25));
#3931 = CARTESIAN_POINT('',(17.996242781895,0.359104186067,20.25));
#3932 = CARTESIAN_POINT('',(17.995854926021,0.368207773877,
    20.249667668898));
#3933 = CARTESIAN_POINT('',(17.995437162084,0.37728609855,
    20.249011823107));
#3934 = CARTESIAN_POINT('',(17.99457613607,0.395996841682,
    20.247660102104));
#3935 = CARTESIAN_POINT('',(17.993588115716,0.414598309275,
    20.244933690066));
#3936 = CARTESIAN_POINT('',(17.992506863463,0.432902530806,
    20.240923630967));
#3937 = CARTESIAN_POINT('',(17.9905788975,0.465540535474,20.23377334996)
  );
#3938 = CARTESIAN_POINT('',(17.988354022539,0.497252610725,
    20.222544692717));
#3939 = CARTESIAN_POINT('',(17.986012495379,0.527158365804,
    20.207720791447));
#3940 = CARTESIAN_POINT('',(17.98362438896,0.557659026612,
    20.192602002997));
#3941 = CARTESIAN_POINT('',(17.981111802788,0.586316955655,
    20.173726419563));
#3942 = CARTESIAN_POINT('',(17.978647239777,0.612172709909,
    20.151544192141));
#3943 = CARTESIAN_POINT('',(17.977989705371,0.619070909688,
    20.145626072916));
#3944 = CARTESIAN_POINT('',(17.977335610389,0.625769417902,20.1394724321
    ));
#3945 = CARTESIAN_POINT('',(17.976688290002,0.632249437819,
    20.133091510529));
#3946 = CARTESIAN_POINT('',(17.975613175771,0.643011900677,
    20.122493637023));
#3947 = CARTESIAN_POINT('',(17.974557114768,0.653163264121,
    20.111276609212));
#3948 = CARTESIAN_POINT('',(17.973541410259,0.66261278856,
    20.099489669325));
#3949 = CARTESIAN_POINT('',(17.971504930309,0.681559014421,
    20.07585694296));
#3950 = CARTESIAN_POINT('',(17.969631095837,0.697680747726,
    20.049932169027));
#3951 = CARTESIAN_POINT('',(17.968070000213,0.710705431543,
    20.022558580316));
#3952 = CARTESIAN_POINT('',(17.967746190917,0.713407068545,
    20.016880630575));
#3953 = CARTESIAN_POINT('',(17.967435815036,0.715975623918,
    20.011140400496));
#3954 = CARTESIAN_POINT('',(17.967140173627,0.718408940523,
    20.005345472698));
#3955 = CARTESIAN_POINT('',(17.965509452546,0.73183081095,
    19.973381374852));
#3956 = CARTESIAN_POINT('',(17.964342316644,0.741174593241,
    19.939677291352));
#3957 = CARTESIAN_POINT('',(17.963726491817,0.74605826921,
    19.905343443202));
#3958 = CARTESIAN_POINT('',(17.963397824176,0.748664702384,
    19.887019360813));
#3959 = CARTESIAN_POINT('',(17.963226324911,0.750000000014,
    19.868515524644));
#3960 = CARTESIAN_POINT('',(17.963226324911,0.750000000014,19.85));
#3961 = ORIENTED_EDGE('',*,*,#3912,.F.);
#3962 = ORIENTED_EDGE('',*,*,#3082,.T.);
#3963 = B_SPLINE_SURFACE_WITH_KNOTS('',3,3,(
    (#3964,#3965,#3966,#3967,#3968)
    ,(#3969,#3970,#3971,#3972,#3973)
    ,(#3974,#3975,#3976,#3977,#3978)
    ,(#3979,#3980,#3981,#3982,#3983)
    ,(#3984,#3985,#3986,#3987,#3988
  )),.UNSPECIFIED.,.F.,.F.,.F.,(4,1,4),(4,1,4),(0.,0.5,1.),(
    0.502749779286,0.556625509953,0.62845981751),.UNSPECIFIED.);
#3964 = CARTESIAN_POINT('',(17.963226324911,0.750000000014,19.85));
#3965 = CARTESIAN_POINT('',(17.963226324911,0.750000000014,
    19.939792884445));
#3966 = CARTESIAN_POINT('',(17.973681126586,0.676700214665,
    20.149508799301));
#3967 = CARTESIAN_POINT('',(17.991940973411,0.469701204957,20.25));
#3968 = CARTESIAN_POINT('',(17.996596900525,0.350000000014,20.25));
#3969 = CARTESIAN_POINT('',(17.862768731953,0.750000000014,19.85));
#3970 = CARTESIAN_POINT('',(17.862768731953,0.750000000014,
    19.941079244258));
#3971 = CARTESIAN_POINT('',(17.871826514954,0.673306890524,
    20.153536386201));
#3972 = CARTESIAN_POINT('',(17.88765980958,0.466025465469,
    20.250623115073));
#3973 = CARTESIAN_POINT('',(17.891896943836,0.347963782553,20.25));
#3974 = CARTESIAN_POINT('',(17.662550229828,0.8294591842,19.85));
#3975 = CARTESIAN_POINT('',(17.662550229828,0.8294591842,19.962023890075
    ));
#3976 = CARTESIAN_POINT('',(17.668860281205,0.735198866184,
    20.222533158583));
#3977 = CARTESIAN_POINT('',(17.679930481793,0.485535355797,
    20.337849557693));
#3978 = CARTESIAN_POINT('',(17.68336573995,0.343908242399,
    20.336709608404));
#3979 = CARTESIAN_POINT('',(17.570461641685,1.024192084549,19.85));
#3980 = CARTESIAN_POINT('',(17.570461641685,1.024192084549,20.0069538356
    ));
#3981 = CARTESIAN_POINT('',(17.57854147276,0.897306136212,
    20.373257420329));
#3982 = CARTESIAN_POINT('',(17.59274327779,0.544910018196,
    20.545671974767));
#3983 = CARTESIAN_POINT('',(17.596672524958,0.342222222236,
    20.54528024488));
#3984 = CARTESIAN_POINT('',(17.564043517691,1.124444444458,19.85));
#3985 = CARTESIAN_POINT('',(17.564043517691,1.124444444458,
    20.02958576889));
#3986 = CARTESIAN_POINT('',(17.57426599044,0.981102641999,
    20.449017598602));
#3987 = CARTESIAN_POINT('',(17.592120062891,0.576304578569,20.65));
#3988 = CARTESIAN_POINT('',(17.596672524958,0.342222222236,20.65));
#3989 = ADVANCED_FACE('',(#3990),#4019,.T.);
#3990 = FACE_BOUND('',#3991,.T.);
#3991 = EDGE_LOOP('',(#3992,#4003,#4012));
#3992 = ORIENTED_EDGE('',*,*,#3993,.T.);
#3993 = EDGE_CURVE('',#3994,#3996,#3998,.T.);
#3994 = VERTEX_POINT('',#3995);
#3995 = CARTESIAN_POINT('',(22.097228332983,0.750000000015,10.15));
#3996 = VERTEX_POINT('',#3997);
#3997 = CARTESIAN_POINT('',(22.497178167064,0.356334841644,10.15));
#3998 = CIRCLE('',#3999,0.4);
#3999 = AXIS2_PLACEMENT_3D('',#4000,#4001,#4002);
#4000 = CARTESIAN_POINT('',(22.097228332983,0.350000000015,10.15));
#4001 = DIRECTION('',(0.,0.,-1.));
#4002 = DIRECTION('',(0.999874585203,1.583710407307E-02,0.));
#4003 = ORIENTED_EDGE('',*,*,#4004,.T.);
#4004 = EDGE_CURVE('',#3996,#4005,#4007,.T.);
#4005 = VERTEX_POINT('',#4006);
#4006 = CARTESIAN_POINT('',(22.097228332983,0.350000000015,9.75));
#4007 = CIRCLE('',#4008,0.4);
#4008 = AXIS2_PLACEMENT_3D('',#4009,#4010,#4011);
#4009 = CARTESIAN_POINT('',(22.097228332983,0.350000000015,10.15));
#4010 = DIRECTION('',(-1.583710407308E-02,0.999874585203,0.));
#4011 = DIRECTION('',(0.,0.,-1.));
#4012 = ORIENTED_EDGE('',*,*,#4013,.T.);
#4013 = EDGE_CURVE('',#4005,#3994,#4014,.T.);
#4014 = CIRCLE('',#4015,0.4);
#4015 = AXIS2_PLACEMENT_3D('',#4016,#4017,#4018);
#4016 = CARTESIAN_POINT('',(22.097228332983,0.350000000015,10.15));
#4017 = DIRECTION('',(1.,1.998401444325E-13,1.110223024625E-14));
#4018 = DIRECTION('',(-1.998401444325E-13,1.,0.));
#4019 = SPHERICAL_SURFACE('',#4020,0.4);
#4020 = AXIS2_PLACEMENT_3D('',#4021,#4022,#4023);
#4021 = CARTESIAN_POINT('',(22.097228332983,0.350000000015,10.15));
#4022 = DIRECTION('',(-0.818676972238,0.409236628012,-0.402856546951));
#4023 = DIRECTION('',(0.574254312241,0.583422007302,-0.574326341263));
#4024 = ADVANCED_FACE('',(#4025),#4054,.T.);
#4025 = FACE_BOUND('',#4026,.T.);
#4026 = EDGE_LOOP('',(#4027,#4038,#4047));
#4027 = ORIENTED_EDGE('',*,*,#4028,.T.);
#4028 = EDGE_CURVE('',#4029,#4031,#4033,.T.);
#4029 = VERTEX_POINT('',#4030);
#4030 = CARTESIAN_POINT('',(22.497178167064,-0.356334841645,10.15));
#4031 = VERTEX_POINT('',#4032);
#4032 = CARTESIAN_POINT('',(22.097228332984,-0.750000000015,10.15));
#4033 = CIRCLE('',#4034,0.4);
#4034 = AXIS2_PLACEMENT_3D('',#4035,#4036,#4037);
#4035 = CARTESIAN_POINT('',(22.097228332983,-0.350000000015,10.15));
#4036 = DIRECTION('',(0.,0.,-1.));
#4037 = DIRECTION('',(9.992007221626E-13,-1.,0.));
#4038 = ORIENTED_EDGE('',*,*,#4039,.T.);
#4039 = EDGE_CURVE('',#4031,#4040,#4042,.T.);
#4040 = VERTEX_POINT('',#4041);
#4041 = CARTESIAN_POINT('',(22.097228332983,-0.350000000015,9.75));
#4042 = CIRCLE('',#4043,0.4);
#4043 = AXIS2_PLACEMENT_3D('',#4044,#4045,#4046);
#4044 = CARTESIAN_POINT('',(22.097228332983,-0.350000000015,10.15));
#4045 = DIRECTION('',(1.,9.992007221626E-13,0.));
#4046 = DIRECTION('',(0.,0.,-1.));
#4047 = ORIENTED_EDGE('',*,*,#4048,.T.);
#4048 = EDGE_CURVE('',#4040,#4029,#4049,.T.);
#4049 = CIRCLE('',#4050,0.4);
#4050 = AXIS2_PLACEMENT_3D('',#4051,#4052,#4053);
#4051 = CARTESIAN_POINT('',(22.097228332983,-0.350000000015,10.15));
#4052 = DIRECTION('',(-1.583710407309E-02,-0.999874585203,
    3.642462423566E-15));
#4053 = DIRECTION('',(0.999874585203,-1.583710407309E-02,0.));
#4054 = SPHERICAL_SURFACE('',#4055,0.4);
#4055 = AXIS2_PLACEMENT_3D('',#4056,#4057,#4058);
#4056 = CARTESIAN_POINT('',(22.097228332983,-0.350000000015,10.15));
#4057 = DIRECTION('',(-0.818676972237,-0.409236628012,-0.402856546951));
#4058 = DIRECTION('',(0.574254312242,-0.583422007301,-0.574326341263));
#4059 = ADVANCED_FACE('',(#4060),#4076,.T.);
#4060 = FACE_BOUND('',#4061,.T.);
#4061 = EDGE_LOOP('',(#4062,#4063,#4069,#4070));
#4062 = ORIENTED_EDGE('',*,*,#3749,.F.);
#4063 = ORIENTED_EDGE('',*,*,#4064,.T.);
#4064 = EDGE_CURVE('',#3735,#4040,#4065,.T.);
#4065 = LINE('',#4066,#4067);
#4066 = CARTESIAN_POINT('',(11.243748262923,-0.350000000026,9.75));
#4067 = VECTOR('',#4068,1.);
#4068 = DIRECTION('',(1.,9.983775874838E-13,0.));
#4069 = ORIENTED_EDGE('',*,*,#4039,.F.);
#4070 = ORIENTED_EDGE('',*,*,#4071,.T.);
#4071 = EDGE_CURVE('',#4031,#3712,#4072,.T.);
#4072 = LINE('',#4073,#4074);
#4073 = CARTESIAN_POINT('',(11.243748262924,-0.750000000026,10.15));
#4074 = VECTOR('',#4075,1.);
#4075 = DIRECTION('',(-1.,-9.983775874838E-13,0.));
#4076 = CYLINDRICAL_SURFACE('',#4077,0.4);
#4077 = AXIS2_PLACEMENT_3D('',#4078,#4079,#4080);
#4078 = CARTESIAN_POINT('',(11.243748262923,-0.350000000026,10.15));
#4079 = DIRECTION('',(1.,9.983775874838E-13,0.));
#4080 = DIRECTION('',(7.059595622944E-13,-0.707106781187,-0.707106781187
    ));
#4081 = ADVANCED_FACE('',(#4082),#4100,.T.);
#4082 = FACE_BOUND('',#4083,.T.);
#4083 = EDGE_LOOP('',(#4084,#4085,#4092,#4093));
#4084 = ORIENTED_EDGE('',*,*,#4004,.F.);
#4085 = ORIENTED_EDGE('',*,*,#4086,.T.);
#4086 = EDGE_CURVE('',#3996,#4029,#4087,.T.);
#4087 = CIRCLE('',#4088,22.5);
#4088 = AXIS2_PLACEMENT_3D('',#4089,#4090,#4091);
#4089 = CARTESIAN_POINT('',(4.440892098501E-15,-4.815648849472E-16,10.15
    ));
#4090 = DIRECTION('',(0.,0.,-1.));
#4091 = DIRECTION('',(1.,3.216245299353E-16,0.));
#4092 = ORIENTED_EDGE('',*,*,#4048,.F.);
#4093 = ORIENTED_EDGE('',*,*,#4094,.T.);
#4094 = EDGE_CURVE('',#4040,#4005,#4095,.T.);
#4095 = CIRCLE('',#4096,22.1);
#4096 = AXIS2_PLACEMENT_3D('',#4097,#4098,#4099);
#4097 = CARTESIAN_POINT('',(4.440892098501E-15,-4.815648849472E-16,9.75)
  );
#4098 = DIRECTION('',(0.,0.,1.));
#4099 = DIRECTION('',(1.,3.216245299353E-16,-0.));
#4100 = TOROIDAL_SURFACE('',#4101,22.1,0.4);
#4101 = AXIS2_PLACEMENT_3D('',#4102,#4103,#4104);
#4102 = CARTESIAN_POINT('',(4.440892098501E-15,-4.815648849472E-16,10.15
    ));
#4103 = DIRECTION('',(0.,0.,1.));
#4104 = DIRECTION('',(1.,0.,-0.));
#4105 = ADVANCED_FACE('',(#4106),#4133,.T.);
#4106 = FACE_BOUND('',#4107,.T.);
#4107 = EDGE_LOOP('',(#4108,#4119,#4126));
#4108 = ORIENTED_EDGE('',*,*,#4109,.T.);
#4109 = EDGE_CURVE('',#4110,#4112,#4114,.T.);
#4110 = VERTEX_POINT('',#4111);
#4111 = CARTESIAN_POINT('',(22.497178167064,0.356334841644,19.85));
#4112 = VERTEX_POINT('',#4113);
#4113 = CARTESIAN_POINT('',(22.097228332983,0.750000000015,19.85));
#4114 = CIRCLE('',#4115,0.4);
#4115 = AXIS2_PLACEMENT_3D('',#4116,#4117,#4118);
#4116 = CARTESIAN_POINT('',(22.097228332983,0.350000000015,19.85));
#4117 = DIRECTION('',(0.,0.,1.));
#4118 = DIRECTION('',(-1.998401444325E-13,1.,0.));
#4119 = ORIENTED_EDGE('',*,*,#4120,.T.);
#4120 = EDGE_CURVE('',#4112,#153,#4121,.T.);
#4121 = CIRCLE('',#4122,0.4);
#4122 = AXIS2_PLACEMENT_3D('',#4123,#4124,#4125);
#4123 = CARTESIAN_POINT('',(22.097228332983,0.350000000015,19.85));
#4124 = DIRECTION('',(1.,2.109423746788E-13,0.));
#4125 = DIRECTION('',(0.,-0.,1.));
#4126 = ORIENTED_EDGE('',*,*,#4127,.T.);
#4127 = EDGE_CURVE('',#153,#4110,#4128,.T.);
#4128 = CIRCLE('',#4129,0.4);
#4129 = AXIS2_PLACEMENT_3D('',#4130,#4131,#4132);
#4130 = CARTESIAN_POINT('',(22.097228332983,0.350000000015,19.85));
#4131 = DIRECTION('',(-1.583710407307E-02,0.999874585203,
    1.144773904549E-14));
#4132 = DIRECTION('',(0.999874585203,1.583710407307E-02,0.));
#4133 = SPHERICAL_SURFACE('',#4134,0.4);
#4134 = AXIS2_PLACEMENT_3D('',#4135,#4136,#4137);
#4135 = CARTESIAN_POINT('',(22.097228332983,0.350000000015,19.85));
#4136 = DIRECTION('',(-0.818676972238,0.409236628012,0.402856546951));
#4137 = DIRECTION('',(0.574254312241,0.583422007302,0.574326341263));
#4138 = ADVANCED_FACE('',(#4139),#4150,.T.);
#4139 = FACE_BOUND('',#4140,.T.);
#4140 = EDGE_LOOP('',(#4141,#4142,#4143,#4144));
#4141 = ORIENTED_EDGE('',*,*,#3928,.F.);
#4142 = ORIENTED_EDGE('',*,*,#161,.T.);
#4143 = ORIENTED_EDGE('',*,*,#4120,.F.);
#4144 = ORIENTED_EDGE('',*,*,#4145,.T.);
#4145 = EDGE_CURVE('',#4112,#3905,#4146,.T.);
#4146 = LINE('',#4147,#4148);
#4147 = CARTESIAN_POINT('',(8.792006312554,0.750000000012,19.85));
#4148 = VECTOR('',#4149,1.);
#4149 = DIRECTION('',(-1.,-1.944057049673E-13,0.));
#4150 = CYLINDRICAL_SURFACE('',#4151,0.4);
#4151 = AXIS2_PLACEMENT_3D('',#4152,#4153,#4154);
#4152 = CARTESIAN_POINT('',(8.792006312554,0.350000000012,19.85));
#4153 = DIRECTION('',(1.,1.944057049673E-13,0.));
#4154 = DIRECTION('',(-1.374655922837E-13,0.707106781187,0.707106781187)
  );
#4155 = ADVANCED_FACE('',(#4156),#4183,.T.);
#4156 = FACE_BOUND('',#4157,.T.);
#4157 = EDGE_LOOP('',(#4158,#4167,#4176));
#4158 = ORIENTED_EDGE('',*,*,#4159,.T.);
#4159 = EDGE_CURVE('',#4160,#145,#4162,.T.);
#4160 = VERTEX_POINT('',#4161);
#4161 = CARTESIAN_POINT('',(22.497178167064,-0.356334841645,19.85));
#4162 = CIRCLE('',#4163,0.4);
#4163 = AXIS2_PLACEMENT_3D('',#4164,#4165,#4166);
#4164 = CARTESIAN_POINT('',(22.097228332983,-0.350000000015,19.85));
#4165 = DIRECTION('',(-1.583710407309E-02,-0.999874585203,0.));
#4166 = DIRECTION('',(0.,0.,1.));
#4167 = ORIENTED_EDGE('',*,*,#4168,.T.);
#4168 = EDGE_CURVE('',#145,#4169,#4171,.T.);
#4169 = VERTEX_POINT('',#4170);
#4170 = CARTESIAN_POINT('',(22.097228332984,-0.750000000015,19.85));
#4171 = CIRCLE('',#4172,0.4);
#4172 = AXIS2_PLACEMENT_3D('',#4173,#4174,#4175);
#4173 = CARTESIAN_POINT('',(22.097228332983,-0.350000000015,19.85));
#4174 = DIRECTION('',(1.,9.992007221626E-13,0.));
#4175 = DIRECTION('',(9.992007221626E-13,-1.,0.));
#4176 = ORIENTED_EDGE('',*,*,#4177,.T.);
#4177 = EDGE_CURVE('',#4169,#4160,#4178,.T.);
#4178 = CIRCLE('',#4179,0.4);
#4179 = AXIS2_PLACEMENT_3D('',#4180,#4181,#4182);
#4180 = CARTESIAN_POINT('',(22.097228332983,-0.350000000015,19.85));
#4181 = DIRECTION('',(0.,0.,1.));
#4182 = DIRECTION('',(0.999874585203,-1.583710407309E-02,0.));
#4183 = SPHERICAL_SURFACE('',#4184,0.4);
#4184 = AXIS2_PLACEMENT_3D('',#4185,#4186,#4187);
#4185 = CARTESIAN_POINT('',(22.097228332983,-0.350000000015,19.85));
#4186 = DIRECTION('',(-0.818676972237,-0.409236628012,0.402856546951));
#4187 = DIRECTION('',(0.574254312242,-0.583422007301,0.574326341263));
#4188 = ADVANCED_FACE('',(#4189),#4200,.T.);
#4189 = FACE_BOUND('',#4190,.T.);
#4190 = EDGE_LOOP('',(#4191,#4192,#4198,#4199));
#4191 = ORIENTED_EDGE('',*,*,#3644,.F.);
#4192 = ORIENTED_EDGE('',*,*,#4193,.T.);
#4193 = EDGE_CURVE('',#3636,#4169,#4194,.T.);
#4194 = LINE('',#4195,#4196);
#4195 = CARTESIAN_POINT('',(11.243748262924,-0.750000000026,19.85));
#4196 = VECTOR('',#4197,1.);
#4197 = DIRECTION('',(1.,9.983775874838E-13,0.));
#4198 = ORIENTED_EDGE('',*,*,#4168,.F.);
#4199 = ORIENTED_EDGE('',*,*,#144,.T.);
#4200 = CYLINDRICAL_SURFACE('',#4201,0.4);
#4201 = AXIS2_PLACEMENT_3D('',#4202,#4203,#4204);
#4202 = CARTESIAN_POINT('',(11.243748262923,-0.350000000026,19.85));
#4203 = DIRECTION('',(-1.,-9.983775874838E-13,0.));
#4204 = DIRECTION('',(7.059595622944E-13,-0.707106781187,0.707106781187)
  );
#4205 = ADVANCED_FACE('',(#4206),#4222,.T.);
#4206 = FACE_BOUND('',#4207,.T.);
#4207 = EDGE_LOOP('',(#4208,#4209,#4215,#4216));
#4208 = ORIENTED_EDGE('',*,*,#4028,.F.);
#4209 = ORIENTED_EDGE('',*,*,#4210,.T.);
#4210 = EDGE_CURVE('',#4029,#4160,#4211,.T.);
#4211 = LINE('',#4212,#4213);
#4212 = CARTESIAN_POINT('',(22.497178167064,-0.356334841645,20.25));
#4213 = VECTOR('',#4214,1.);
#4214 = DIRECTION('',(0.,0.,1.));
#4215 = ORIENTED_EDGE('',*,*,#4177,.F.);
#4216 = ORIENTED_EDGE('',*,*,#4217,.T.);
#4217 = EDGE_CURVE('',#4169,#4031,#4218,.T.);
#4218 = LINE('',#4219,#4220);
#4219 = CARTESIAN_POINT('',(22.097228332984,-0.750000000015,20.25));
#4220 = VECTOR('',#4221,1.);
#4221 = DIRECTION('',(0.,0.,-1.));
#4222 = CYLINDRICAL_SURFACE('',#4223,0.4);
#4223 = AXIS2_PLACEMENT_3D('',#4224,#4225,#4226);
#4224 = CARTESIAN_POINT('',(22.097228332983,-0.350000000015,20.25));
#4225 = DIRECTION('',(0.,0.,-1.));
#4226 = DIRECTION('',(0.701485173018,-0.712684047833,0.));
#4227 = ADVANCED_FACE('',(#4228),#4240,.T.);
#4228 = FACE_BOUND('',#4229,.T.);
#4229 = EDGE_LOOP('',(#4230,#4231,#4238,#4239));
#4230 = ORIENTED_EDGE('',*,*,#4159,.F.);
#4231 = ORIENTED_EDGE('',*,*,#4232,.T.);
#4232 = EDGE_CURVE('',#4160,#4110,#4233,.T.);
#4233 = CIRCLE('',#4234,22.5);
#4234 = AXIS2_PLACEMENT_3D('',#4235,#4236,#4237);
#4235 = CARTESIAN_POINT('',(4.440892098501E-15,-4.815648849472E-16,19.85
    ));
#4236 = DIRECTION('',(0.,0.,1.));
#4237 = DIRECTION('',(1.,5.665538897648E-16,-0.));
#4238 = ORIENTED_EDGE('',*,*,#4127,.F.);
#4239 = ORIENTED_EDGE('',*,*,#152,.T.);
#4240 = TOROIDAL_SURFACE('',#4241,22.1,0.4);
#4241 = AXIS2_PLACEMENT_3D('',#4242,#4243,#4244);
#4242 = CARTESIAN_POINT('',(4.440892098501E-15,-4.815648849472E-16,19.85
    ));
#4243 = DIRECTION('',(0.,0.,-1.));
#4244 = DIRECTION('',(1.,-9.892427296616E-15,0.));
#4245 = ADVANCED_FACE('',(#4246),#4262,.T.);
#4246 = FACE_BOUND('',#4247,.T.);
#4247 = EDGE_LOOP('',(#4248,#4249,#4255,#4256));
#4248 = ORIENTED_EDGE('',*,*,#3993,.F.);
#4249 = ORIENTED_EDGE('',*,*,#4250,.T.);
#4250 = EDGE_CURVE('',#3994,#4112,#4251,.T.);
#4251 = LINE('',#4252,#4253);
#4252 = CARTESIAN_POINT('',(22.097228332983,0.750000000015,20.25));
#4253 = VECTOR('',#4254,1.);
#4254 = DIRECTION('',(0.,0.,1.));
#4255 = ORIENTED_EDGE('',*,*,#4109,.F.);
#4256 = ORIENTED_EDGE('',*,*,#4257,.T.);
#4257 = EDGE_CURVE('',#4110,#3996,#4258,.T.);
#4258 = LINE('',#4259,#4260);
#4259 = CARTESIAN_POINT('',(22.497178167064,0.356334841644,20.25));
#4260 = VECTOR('',#4261,1.);
#4261 = DIRECTION('',(0.,0.,-1.));
#4262 = CYLINDRICAL_SURFACE('',#4263,0.4);
#4263 = AXIS2_PLACEMENT_3D('',#4264,#4265,#4266);
#4264 = CARTESIAN_POINT('',(22.097228332983,0.350000000015,20.25));
#4265 = DIRECTION('',(0.,0.,-1.));
#4266 = DIRECTION('',(0.701485173017,0.712684047834,0.));
#4267 = ADVANCED_FACE('',(#4268),#4284,.T.);
#4268 = FACE_BOUND('',#4269,.T.);
#4269 = EDGE_LOOP('',(#4270,#4271,#4277,#4278));
#4270 = ORIENTED_EDGE('',*,*,#3823,.F.);
#4271 = ORIENTED_EDGE('',*,*,#4272,.T.);
#4272 = EDGE_CURVE('',#3815,#3994,#4273,.T.);
#4273 = LINE('',#4274,#4275);
#4274 = CARTESIAN_POINT('',(8.792006312554,0.750000000012,10.15));
#4275 = VECTOR('',#4276,1.);
#4276 = DIRECTION('',(1.,1.944057049673E-13,0.));
#4277 = ORIENTED_EDGE('',*,*,#4013,.F.);
#4278 = ORIENTED_EDGE('',*,*,#4279,.T.);
#4279 = EDGE_CURVE('',#4005,#3824,#4280,.T.);
#4280 = LINE('',#4281,#4282);
#4281 = CARTESIAN_POINT('',(8.792006312554,0.350000000012,9.75));
#4282 = VECTOR('',#4283,1.);
#4283 = DIRECTION('',(-1.,-1.944057049673E-13,0.));
#4284 = CYLINDRICAL_SURFACE('',#4285,0.4);
#4285 = AXIS2_PLACEMENT_3D('',#4286,#4287,#4288);
#4286 = CARTESIAN_POINT('',(8.792006312554,0.350000000012,10.15));
#4287 = DIRECTION('',(-1.,-1.944057049673E-13,0.));
#4288 = DIRECTION('',(-1.374655922837E-13,0.707106781187,-0.707106781187
    ));
#4289 = ADVANCED_FACE('',(#4290),#4296,.T.);
#4290 = FACE_BOUND('',#4291,.T.);
#4291 = EDGE_LOOP('',(#4292,#4293,#4294,#4295));
#4292 = ORIENTED_EDGE('',*,*,#3904,.F.);
#4293 = ORIENTED_EDGE('',*,*,#4145,.F.);
#4294 = ORIENTED_EDGE('',*,*,#4250,.F.);
#4295 = ORIENTED_EDGE('',*,*,#4272,.F.);
#4296 = PLANE('',#4297);
#4297 = AXIS2_PLACEMENT_3D('',#4298,#4299,#4300);
#4298 = CARTESIAN_POINT('',(17.584012625109,0.750000000014,20.25));
#4299 = DIRECTION('',(-1.944057049673E-13,1.,0.));
#4300 = DIRECTION('',(1.,1.944057049673E-13,0.));
#4301 = ADVANCED_FACE('',(#4302),#4308,.T.);
#4302 = FACE_BOUND('',#4303,.T.);
#4303 = EDGE_LOOP('',(#4304,#4305,#4306,#4307));
#4304 = ORIENTED_EDGE('',*,*,#4086,.F.);
#4305 = ORIENTED_EDGE('',*,*,#4257,.F.);
#4306 = ORIENTED_EDGE('',*,*,#4232,.F.);
#4307 = ORIENTED_EDGE('',*,*,#4210,.F.);
#4308 = CYLINDRICAL_SURFACE('',#4309,22.5);
#4309 = AXIS2_PLACEMENT_3D('',#4310,#4311,#4312);
#4310 = CARTESIAN_POINT('',(4.440892098501E-15,-4.815648849472E-16,20.25
    ));
#4311 = DIRECTION('',(0.,0.,-1.));
#4312 = DIRECTION('',(1.,-9.647497936787E-15,0.));
#4313 = ADVANCED_FACE('',(#4314),#4320,.T.);
#4314 = FACE_BOUND('',#4315,.T.);
#4315 = EDGE_LOOP('',(#4316,#4317,#4318,#4319));
#4316 = ORIENTED_EDGE('',*,*,#3711,.F.);
#4317 = ORIENTED_EDGE('',*,*,#4071,.F.);
#4318 = ORIENTED_EDGE('',*,*,#4217,.F.);
#4319 = ORIENTED_EDGE('',*,*,#4193,.F.);
#4320 = PLANE('',#4321);
#4321 = AXIS2_PLACEMENT_3D('',#4322,#4323,#4324);
#4322 = CARTESIAN_POINT('',(22.487496525847,-0.750000000015,20.25));
#4323 = DIRECTION('',(9.983775874838E-13,-1.,0.));
#4324 = DIRECTION('',(-1.,-9.983775874838E-13,0.));
#4325 = ADVANCED_FACE('',(#4326,#4337,#4340,#4343,#4346),#4357,.F.);
#4326 = FACE_BOUND('',#4327,.T.);
#4327 = EDGE_LOOP('',(#4328));
#4328 = ORIENTED_EDGE('',*,*,#4329,.T.);
#4329 = EDGE_CURVE('',#4330,#4330,#4332,.T.);
#4330 = VERTEX_POINT('',#4331);
#4331 = CARTESIAN_POINT('',(16.1,1.49011646168E-15,18.75));
#4332 = CIRCLE('',#4333,16.1);
#4333 = AXIS2_PLACEMENT_3D('',#4334,#4335,#4336);
#4334 = CARTESIAN_POINT('',(4.440892098501E-15,-4.815648849472E-16,18.75
    ));
#4335 = DIRECTION('',(0.,0.,-1.));
#4336 = DIRECTION('',(-1.,0.,0.));
#4337 = FACE_BOUND('',#4338,.T.);
#4338 = EDGE_LOOP('',(#4339));
#4339 = ORIENTED_EDGE('',*,*,#426,.F.);
#4340 = FACE_BOUND('',#4341,.T.);
#4341 = EDGE_LOOP('',(#4342));
#4342 = ORIENTED_EDGE('',*,*,#526,.F.);
#4343 = FACE_BOUND('',#4344,.T.);
#4344 = EDGE_LOOP('',(#4345));
#4345 = ORIENTED_EDGE('',*,*,#476,.F.);
#4346 = FACE_BOUND('',#4347,.T.);
#4347 = EDGE_LOOP('',(#4348));
#4348 = ORIENTED_EDGE('',*,*,#4349,.F.);
#4349 = EDGE_CURVE('',#4350,#4350,#4352,.T.);
#4350 = VERTEX_POINT('',#4351);
#4351 = CARTESIAN_POINT('',(8.,4.981525543707E-16,18.75));
#4352 = CIRCLE('',#4353,8.);
#4353 = AXIS2_PLACEMENT_3D('',#4354,#4355,#4356);
#4354 = CARTESIAN_POINT('',(4.440892098501E-15,-4.815648849472E-16,18.75
    ));
#4355 = DIRECTION('',(0.,0.,-1.));
#4356 = DIRECTION('',(-1.,0.,0.));
#4357 = PLANE('',#4358);
#4358 = AXIS2_PLACEMENT_3D('',#4359,#4360,#4361);
#4359 = CARTESIAN_POINT('',(4.440892098501E-15,0.,18.75));
#4360 = DIRECTION('',(0.,0.,1.));
#4361 = DIRECTION('',(-1.,0.,0.));
#4362 = ADVANCED_FACE('',(#4363),#4374,.F.);
#4363 = FACE_BOUND('',#4364,.F.);
#4364 = EDGE_LOOP('',(#4365,#4371,#4372,#4373));
#4365 = ORIENTED_EDGE('',*,*,#4366,.T.);
#4366 = EDGE_CURVE('',#388,#4350,#4367,.T.);
#4367 = LINE('',#4368,#4369);
#4368 = CARTESIAN_POINT('',(8.,4.981525543707E-16,18.75));
#4369 = VECTOR('',#4370,1.);
#4370 = DIRECTION('',(0.,0.,-1.));
#4371 = ORIENTED_EDGE('',*,*,#4349,.F.);
#4372 = ORIENTED_EDGE('',*,*,#4366,.F.);
#4373 = ORIENTED_EDGE('',*,*,#387,.T.);
#4374 = CYLINDRICAL_SURFACE('',#4375,8.);
#4375 = AXIS2_PLACEMENT_3D('',#4376,#4377,#4378);
#4376 = CARTESIAN_POINT('',(4.440892098501E-15,-4.815648849472E-16,18.75
    ));
#4377 = DIRECTION('',(0.,0.,1.));
#4378 = DIRECTION('',(-1.,0.,0.));
#4379 = ADVANCED_FACE('',(#4380),#4399,.F.);
#4380 = FACE_BOUND('',#4381,.F.);
#4381 = EDGE_LOOP('',(#4382,#4390,#4391,#4392));
#4382 = ORIENTED_EDGE('',*,*,#4383,.T.);
#4383 = EDGE_CURVE('',#4384,#4330,#4386,.T.);
#4384 = VERTEX_POINT('',#4385);
#4385 = CARTESIAN_POINT('',(16.1,1.49011646168E-15,9.75));
#4386 = LINE('',#4387,#4388);
#4387 = CARTESIAN_POINT('',(16.1,-2.453246231574E-15,18.75));
#4388 = VECTOR('',#4389,1.);
#4389 = DIRECTION('',(0.,0.,1.));
#4390 = ORIENTED_EDGE('',*,*,#4329,.T.);
#4391 = ORIENTED_EDGE('',*,*,#4383,.F.);
#4392 = ORIENTED_EDGE('',*,*,#4393,.T.);
#4393 = EDGE_CURVE('',#4384,#4384,#4394,.T.);
#4394 = CIRCLE('',#4395,16.1);
#4395 = AXIS2_PLACEMENT_3D('',#4396,#4397,#4398);
#4396 = CARTESIAN_POINT('',(4.440892098501E-15,-4.815648849472E-16,9.75)
  );
#4397 = DIRECTION('',(0.,0.,1.));
#4398 = DIRECTION('',(-1.,0.,0.));
#4399 = CYLINDRICAL_SURFACE('',#4400,16.1);
#4400 = AXIS2_PLACEMENT_3D('',#4401,#4402,#4403);
#4401 = CARTESIAN_POINT('',(4.440892098501E-15,-4.815648849472E-16,18.75
    ));
#4402 = DIRECTION('',(0.,0.,-1.));
#4403 = DIRECTION('',(-1.,0.,0.));
#4404 = ADVANCED_FACE('',(#4405,#4437),#4440,.F.);
#4405 = FACE_BOUND('',#4406,.T.);
#4406 = EDGE_LOOP('',(#4407,#4408,#4409,#4410,#4411,#4412,#4413,#4414,
    #4415,#4416,#4417,#4418,#4419,#4420,#4421,#4422,#4423,#4424,#4425,
    #4426,#4427,#4428,#4429,#4430,#4431,#4432,#4433,#4434,#4435,#4436));
#4407 = ORIENTED_EDGE('',*,*,#769,.T.);
#4408 = ORIENTED_EDGE('',*,*,#1656,.F.);
#4409 = ORIENTED_EDGE('',*,*,#2076,.F.);
#4410 = ORIENTED_EDGE('',*,*,#1891,.F.);
#4411 = ORIENTED_EDGE('',*,*,#1861,.F.);
#4412 = ORIENTED_EDGE('',*,*,#1481,.F.);
#4413 = ORIENTED_EDGE('',*,*,#1596,.T.);
#4414 = ORIENTED_EDGE('',*,*,#2409,.F.);
#4415 = ORIENTED_EDGE('',*,*,#2829,.F.);
#4416 = ORIENTED_EDGE('',*,*,#2644,.F.);
#4417 = ORIENTED_EDGE('',*,*,#2614,.F.);
#4418 = ORIENTED_EDGE('',*,*,#2237,.F.);
#4419 = ORIENTED_EDGE('',*,*,#2352,.T.);
#4420 = ORIENTED_EDGE('',*,*,#3165,.F.);
#4421 = ORIENTED_EDGE('',*,*,#3585,.F.);
#4422 = ORIENTED_EDGE('',*,*,#3400,.F.);
#4423 = ORIENTED_EDGE('',*,*,#3370,.F.);
#4424 = ORIENTED_EDGE('',*,*,#2993,.F.);
#4425 = ORIENTED_EDGE('',*,*,#3108,.T.);
#4426 = ORIENTED_EDGE('',*,*,#3859,.F.);
#4427 = ORIENTED_EDGE('',*,*,#4279,.F.);
#4428 = ORIENTED_EDGE('',*,*,#4094,.F.);
#4429 = ORIENTED_EDGE('',*,*,#4064,.F.);
#4430 = ORIENTED_EDGE('',*,*,#3734,.F.);
#4431 = ORIENTED_EDGE('',*,*,#989,.T.);
#4432 = ORIENTED_EDGE('',*,*,#831,.F.);
#4433 = ORIENTED_EDGE('',*,*,#1317,.F.);
#4434 = ORIENTED_EDGE('',*,*,#1132,.F.);
#4435 = ORIENTED_EDGE('',*,*,#1102,.F.);
#4436 = ORIENTED_EDGE('',*,*,#654,.F.);
#4437 = FACE_BOUND('',#4438,.T.);
#4438 = EDGE_LOOP('',(#4439));
#4439 = ORIENTED_EDGE('',*,*,#4393,.T.);
#4440 = PLANE('',#4441);
#4441 = AXIS2_PLACEMENT_3D('',#4442,#4443,#4444);
#4442 = CARTESIAN_POINT('',(4.440892098501E-15,0.,9.75));
#4443 = DIRECTION('',(0.,0.,1.));
#4444 = DIRECTION('',(-1.,0.,0.));
#4445 = ( GEOMETRIC_REPRESENTATION_CONTEXT(3) 
GLOBAL_UNCERTAINTY_ASSIGNED_CONTEXT((#4449)) 
GLOBAL_UNIT_ASSIGNED_CONTEXT((#4446,#4447,#4448)) REPRESENTATION_CONTEXT
('Context #1','3D Context with UNIT and UNCERTAINTY') );
#4446 = ( LENGTH_UNIT() NAMED_UNIT(*) SI_UNIT(.MILLI.,.METRE.) );
#4447 = ( NAMED_UNIT(*) PLANE_ANGLE_UNIT() SI_UNIT($,.RADIAN.) );
#4448 = ( NAMED_UNIT(*) SI_UNIT($,.STERADIAN.) SOLID_ANGLE_UNIT() );
#4449 = UNCERTAINTY_MEASURE_WITH_UNIT(LENGTH_MEASURE(1.E-03),#4446,
  'distance_accuracy_value','confusion accuracy');
#4450 = PRODUCT_RELATED_PRODUCT_CATEGORY('part',$,(#7));
#4451 = MECHANICAL_DESIGN_GEOMETRIC_PRESENTATION_REPRESENTATION('',(
    #4452),#4445);
#4452 = STYLED_ITEM('color',(#4453),#15);
#4453 = PRESENTATION_STYLE_ASSIGNMENT((#4454,#4460));
#4454 = SURFACE_STYLE_USAGE(.BOTH.,#4455);
#4455 = SURFACE_SIDE_STYLE('',(#4456));
#4456 = SURFACE_STYLE_FILL_AREA(#4457);
#4457 = FILL_AREA_STYLE('',(#4458));
#4458 = FILL_AREA_STYLE_COLOUR('',#4459);
#4459 = COLOUR_RGB('',0.627451011593,0.627451011593,0.627451011593);
#4460 = CURVE_STYLE('',#4461,POSITIVE_LENGTH_MEASURE(0.1),#4462);
#4461 = DRAUGHTING_PRE_DEFINED_CURVE_FONT('continuous');
#4462 = COLOUR_RGB('',9.803921802644E-02,9.803921802644E-02,
  9.803921802644E-02);
ENDSEC;
END-ISO-10303-21;
