ISO-10303-21;
HEADER;
FILE_DESCRIPTION(('FreeCAD Model'),'2;1');
FILE_NAME('Open CASCADE Shape Model','2025-03-24T22:18:17',(''),(''),
  'Open CASCADE STEP processor 7.8','FreeCAD','Unknown');
FILE_SCHEMA(('AUTOMOTIVE_DESIGN { 1 0 10303 214 1 1 1 1 }'));
ENDSEC;
DATA;
#1 = APPLICATION_PROTOCOL_DEFINITION('international standard',
  'automotive_design',2000,#2);
#2 = APPLICATION_CONTEXT(
  'core data for automotive mechanical design processes');
#3 = SHAPE_DEFINITION_REPRESENTATION(#4,#10);
#4 = PRODUCT_DEFINITION_SHAPE('','',#5);
#5 = PRODUCT_DEFINITION('design','',#6,#9);
#6 = PRODUCT_DEFINITION_FORMATION('','',#7);
#7 = PRODUCT('ScreenPlatform','ScreenPlatform','',(#8));
#8 = PRODUCT_CONTEXT('',#2,'mechanical');
#9 = PRODUCT_DEFINITION_CONTEXT('part definition',#2,'design');
#10 = ADVANCED_BREP_SHAPE_REPRESENTATION('',(#11,#15),#3132);
#11 = AXIS2_PLACEMENT_3D('',#12,#13,#14);
#12 = CARTESIAN_POINT('',(0.,0.,0.));
#13 = DIRECTION('',(0.,0.,1.));
#14 = DIRECTION('',(1.,0.,-0.));
#15 = MANIFOLD_SOLID_BREP('',#16);
#16 = CLOSED_SHELL('',(#17,#50,#75,#84,#117,#239,#341,#405,#437,#550,
    #630,#662,#782,#862,#919,#936,#961,#978,#1028,#1040,#1066,#1078,
    #1142,#1174,#1287,#1367,#1399,#1484,#1564,#1621,#1638,#1663,#1680,
    #1730,#1742,#1768,#1780,#1844,#1876,#1975,#2055,#2087,#2172,#2252,
    #2309,#2326,#2351,#2368,#2418,#2430,#2456,#2468,#2508,#2542,#2572,
    #2628,#2653,#2702,#2735,#2769,#2792,#2817,#2849,#2867,#2916,#2965,
    #3014,#3038,#3050,#3062,#3080,#3092,#3117));
#17 = ADVANCED_FACE('',(#18),#45,.T.);
#18 = FACE_BOUND('',#19,.T.);
#19 = EDGE_LOOP('',(#20,#29,#37,#44));
#20 = ORIENTED_EDGE('',*,*,#21,.T.);
#21 = EDGE_CURVE('',#22,#22,#24,.T.);
#22 = VERTEX_POINT('',#23);
#23 = CARTESIAN_POINT('',(6.55,7.229745220185E-16,23.05));
#24 = CIRCLE('',#25,0.55);
#25 = AXIS2_PLACEMENT_3D('',#26,#27,#28);
#26 = CARTESIAN_POINT('',(6.,7.903300959716E-16,23.05));
#27 = DIRECTION('',(0.,0.,-1.));
#28 = DIRECTION('',(-1.,0.,0.));
#29 = ORIENTED_EDGE('',*,*,#30,.T.);
#30 = EDGE_CURVE('',#22,#31,#33,.T.);
#31 = VERTEX_POINT('',#32);
#32 = CARTESIAN_POINT('',(6.75,8.821786059076E-16,22.85));
#33 = LINE('',#34,#35);
#34 = CARTESIAN_POINT('',(6.65,8.699321379161E-16,22.95));
#35 = VECTOR('',#36,1.);
#36 = DIRECTION('',(0.707106781187,8.659560562355E-17,-0.707106781187));
#37 = ORIENTED_EDGE('',*,*,#38,.T.);
#38 = EDGE_CURVE('',#31,#31,#39,.T.);
#39 = CIRCLE('',#40,0.75);
#40 = AXIS2_PLACEMENT_3D('',#41,#42,#43);
#41 = CARTESIAN_POINT('',(6.,7.903300959716E-16,22.85));
#42 = DIRECTION('',(0.,0.,1.));
#43 = DIRECTION('',(-1.,0.,0.));
#44 = ORIENTED_EDGE('',*,*,#30,.F.);
#45 = CONICAL_SURFACE('',#46,0.65,0.785398163397);
#46 = AXIS2_PLACEMENT_3D('',#47,#48,#49);
#47 = CARTESIAN_POINT('',(6.,7.903300959716E-16,22.95));
#48 = DIRECTION('',(0.,0.,-1.));
#49 = DIRECTION('',(-1.,0.,0.));
#50 = ADVANCED_FACE('',(#51),#70,.T.);
#51 = FACE_BOUND('',#52,.T.);
#52 = EDGE_LOOP('',(#53,#54,#62,#69));
#53 = ORIENTED_EDGE('',*,*,#38,.F.);
#54 = ORIENTED_EDGE('',*,*,#55,.T.);
#55 = EDGE_CURVE('',#31,#56,#58,.T.);
#56 = VERTEX_POINT('',#57);
#57 = CARTESIAN_POINT('',(6.75,6.984815860355E-16,21.95));
#58 = LINE('',#59,#60);
#59 = CARTESIAN_POINT('',(6.75,8.821786059076E-16,21.95));
#60 = VECTOR('',#61,1.);
#61 = DIRECTION('',(0.,0.,-1.));
#62 = ORIENTED_EDGE('',*,*,#63,.F.);
#63 = EDGE_CURVE('',#56,#56,#64,.T.);
#64 = CIRCLE('',#65,0.75);
#65 = AXIS2_PLACEMENT_3D('',#66,#67,#68);
#66 = CARTESIAN_POINT('',(6.,7.903300959716E-16,21.95));
#67 = DIRECTION('',(0.,0.,-1.));
#68 = DIRECTION('',(-1.,0.,0.));
#69 = ORIENTED_EDGE('',*,*,#55,.F.);
#70 = CYLINDRICAL_SURFACE('',#71,0.75);
#71 = AXIS2_PLACEMENT_3D('',#72,#73,#74);
#72 = CARTESIAN_POINT('',(6.,7.903300959716E-16,21.95));
#73 = DIRECTION('',(0.,0.,1.));
#74 = DIRECTION('',(-1.,0.,0.));
#75 = ADVANCED_FACE('',(#76),#79,.T.);
#76 = FACE_BOUND('',#77,.T.);
#77 = EDGE_LOOP('',(#78));
#78 = ORIENTED_EDGE('',*,*,#21,.F.);
#79 = PLANE('',#80);
#80 = AXIS2_PLACEMENT_3D('',#81,#82,#83);
#81 = CARTESIAN_POINT('',(1.375,0.,23.05));
#82 = DIRECTION('',(0.,0.,1.));
#83 = DIRECTION('',(1.,0.,-0.));
#84 = ADVANCED_FACE('',(#85),#112,.F.);
#85 = FACE_BOUND('',#86,.F.);
#86 = EDGE_LOOP('',(#87,#97,#104,#105));
#87 = ORIENTED_EDGE('',*,*,#88,.T.);
#88 = EDGE_CURVE('',#89,#91,#93,.T.);
#89 = VERTEX_POINT('',#90);
#90 = CARTESIAN_POINT('',(1.8,2.204364238465E-16,23.05));
#91 = VERTEX_POINT('',#92);
#92 = CARTESIAN_POINT('',(1.5,-1.836970198721E-16,22.75));
#93 = LINE('',#94,#95);
#94 = CARTESIAN_POINT('',(1.65,2.020667218593E-16,22.9));
#95 = VECTOR('',#96,1.);
#96 = DIRECTION('',(-0.707106781187,-8.659560562355E-17,-0.707106781187)
  );
#97 = ORIENTED_EDGE('',*,*,#98,.F.);
#98 = EDGE_CURVE('',#91,#91,#99,.T.);
#99 = CIRCLE('',#100,1.5);
#100 = AXIS2_PLACEMENT_3D('',#101,#102,#103);
#101 = CARTESIAN_POINT('',(0.,0.,22.75));
#102 = DIRECTION('',(0.,0.,-1.));
#103 = DIRECTION('',(-1.,0.,0.));
#104 = ORIENTED_EDGE('',*,*,#88,.F.);
#105 = ORIENTED_EDGE('',*,*,#106,.F.);
#106 = EDGE_CURVE('',#89,#89,#107,.T.);
#107 = CIRCLE('',#108,1.8);
#108 = AXIS2_PLACEMENT_3D('',#109,#110,#111);
#109 = CARTESIAN_POINT('',(0.,0.,23.05));
#110 = DIRECTION('',(0.,0.,1.));
#111 = DIRECTION('',(-1.,0.,0.));
#112 = CONICAL_SURFACE('',#113,1.65,0.785398163397);
#113 = AXIS2_PLACEMENT_3D('',#114,#115,#116);
#114 = CARTESIAN_POINT('',(0.,0.,22.9));
#115 = DIRECTION('',(0.,0.,1.));
#116 = DIRECTION('',(-1.,0.,0.));
#117 = ADVANCED_FACE('',(#118,#231),#234,.T.);
#118 = FACE_BOUND('',#119,.T.);
#119 = EDGE_LOOP('',(#120,#130,#139,#147,#156,#164,#173,#181,#190,#199,
    #207,#216,#224));
#120 = ORIENTED_EDGE('',*,*,#121,.F.);
#121 = EDGE_CURVE('',#122,#124,#126,.T.);
#122 = VERTEX_POINT('',#123);
#123 = CARTESIAN_POINT('',(-2.091004704702,2.080913098838,23.05));
#124 = VERTEX_POINT('',#125);
#125 = CARTESIAN_POINT('',(-2.897490291944,2.757634857643,23.05));
#126 = LINE('',#127,#128);
#127 = CARTESIAN_POINT('',(-0.864534422922,1.051782337747,23.05));
#128 = VECTOR('',#129,1.);
#129 = DIRECTION('',(-0.766044443119,0.642787609687,0.));
#130 = ORIENTED_EDGE('',*,*,#131,.F.);
#131 = EDGE_CURVE('',#132,#122,#134,.T.);
#132 = VERTEX_POINT('',#133);
#133 = CARTESIAN_POINT('',(-2.847625959012,0.770406644285,23.05));
#134 = CIRCLE('',#135,2.95);
#135 = AXIS2_PLACEMENT_3D('',#136,#137,#138);
#136 = CARTESIAN_POINT('',(0.,0.,23.05));
#137 = DIRECTION('',(0.,0.,-1.));
#138 = DIRECTION('',(-0.866025403784,0.5,0.));
#139 = ORIENTED_EDGE('',*,*,#140,.F.);
#140 = EDGE_CURVE('',#141,#132,#143,.T.);
#141 = VERTEX_POINT('',#142);
#142 = CARTESIAN_POINT('',(-3.836926987053,1.130482771221,23.05));
#143 = LINE('',#144,#145);
#144 = CARTESIAN_POINT('',(-1.230953996275,0.181986171276,23.05));
#145 = VECTOR('',#146,1.);
#146 = DIRECTION('',(0.939692620786,-0.342020143326,0.));
#147 = ORIENTED_EDGE('',*,*,#148,.T.);
#148 = EDGE_CURVE('',#141,#149,#151,.T.);
#149 = VERTEX_POINT('',#150);
#150 = CARTESIAN_POINT('',(-0.939436695108,-3.888117628864,23.05));
#151 = CIRCLE('',#152,4.);
#152 = AXIS2_PLACEMENT_3D('',#153,#154,#155);
#153 = CARTESIAN_POINT('',(0.,0.,23.05));
#154 = DIRECTION('',(0.,0.,1.));
#155 = DIRECTION('',(-1.,0.,0.));
#156 = ORIENTED_EDGE('',*,*,#157,.F.);
#157 = EDGE_CURVE('',#158,#149,#160,.T.);
#158 = VERTEX_POINT('',#159);
#159 = CARTESIAN_POINT('',(-0.756621254311,-2.851319743123,23.05));
#160 = LINE('',#161,#162);
#161 = CARTESIAN_POINT('',(-0.549325127997,-1.675684990683,23.05));
#162 = VECTOR('',#163,1.);
#163 = DIRECTION('',(-0.173648177667,-0.984807753012,0.));
#164 = ORIENTED_EDGE('',*,*,#165,.F.);
#165 = EDGE_CURVE('',#166,#158,#168,.T.);
#166 = VERTEX_POINT('',#167);
#167 = CARTESIAN_POINT('',(0.756621254311,-2.851319743123,23.05));
#168 = CIRCLE('',#169,2.95);
#169 = AXIS2_PLACEMENT_3D('',#170,#171,#172);
#170 = CARTESIAN_POINT('',(0.,0.,23.05));
#171 = DIRECTION('',(0.,0.,-1.));
#172 = DIRECTION('',(0.,-1.,0.));
#173 = ORIENTED_EDGE('',*,*,#174,.F.);
#174 = EDGE_CURVE('',#175,#166,#177,.T.);
#175 = VERTEX_POINT('',#176);
#176 = CARTESIAN_POINT('',(0.939436695108,-3.888117628864,23.05));
#177 = LINE('',#178,#179);
#178 = CARTESIAN_POINT('',(0.590786451207,-1.910823839219,23.05));
#179 = VECTOR('',#180,1.);
#180 = DIRECTION('',(-0.173648177667,0.984807753012,0.));
#181 = ORIENTED_EDGE('',*,*,#182,.T.);
#182 = EDGE_CURVE('',#175,#183,#185,.T.);
#183 = VERTEX_POINT('',#184);
#184 = CARTESIAN_POINT('',(4.,4.898587196589E-16,23.05));
#185 = CIRCLE('',#186,4.);
#186 = AXIS2_PLACEMENT_3D('',#187,#188,#189);
#187 = CARTESIAN_POINT('',(0.,0.,23.05));
#188 = DIRECTION('',(0.,0.,1.));
#189 = DIRECTION('',(-1.,0.,0.));
#190 = ORIENTED_EDGE('',*,*,#191,.T.);
#191 = EDGE_CURVE('',#183,#192,#194,.T.);
#192 = VERTEX_POINT('',#193);
#193 = CARTESIAN_POINT('',(3.836926987053,1.130482771221,23.05));
#194 = CIRCLE('',#195,4.);
#195 = AXIS2_PLACEMENT_3D('',#196,#197,#198);
#196 = CARTESIAN_POINT('',(0.,0.,23.05));
#197 = DIRECTION('',(0.,0.,1.));
#198 = DIRECTION('',(-1.,0.,0.));
#199 = ORIENTED_EDGE('',*,*,#200,.F.);
#200 = EDGE_CURVE('',#201,#192,#203,.T.);
#201 = VERTEX_POINT('',#202);
#202 = CARTESIAN_POINT('',(2.847625959012,0.770406644285,23.05));
#203 = LINE('',#204,#205);
#204 = CARTESIAN_POINT('',(2.445109550919,0.623902652936,23.05));
#205 = VECTOR('',#206,1.);
#206 = DIRECTION('',(0.939692620786,0.342020143326,0.));
#207 = ORIENTED_EDGE('',*,*,#208,.F.);
#208 = EDGE_CURVE('',#209,#201,#211,.T.);
#209 = VERTEX_POINT('',#210);
#210 = CARTESIAN_POINT('',(2.091004704702,2.080913098838,23.05));
#211 = CIRCLE('',#212,2.95);
#212 = AXIS2_PLACEMENT_3D('',#213,#214,#215);
#213 = CARTESIAN_POINT('',(0.,0.,23.05));
#214 = DIRECTION('',(0.,0.,-1.));
#215 = DIRECTION('',(0.866025403784,0.5,0.));
#216 = ORIENTED_EDGE('',*,*,#217,.F.);
#217 = EDGE_CURVE('',#218,#209,#220,.T.);
#218 = VERTEX_POINT('',#219);
#219 = CARTESIAN_POINT('',(2.897490291944,2.757634857643,23.05));
#220 = LINE('',#221,#222);
#221 = CARTESIAN_POINT('',(1.671417545068,1.728837667943,23.05));
#222 = VECTOR('',#223,1.);
#223 = DIRECTION('',(-0.766044443119,-0.642787609687,0.));
#224 = ORIENTED_EDGE('',*,*,#225,.T.);
#225 = EDGE_CURVE('',#218,#124,#226,.T.);
#226 = CIRCLE('',#227,4.);
#227 = AXIS2_PLACEMENT_3D('',#228,#229,#230);
#228 = CARTESIAN_POINT('',(0.,0.,23.05));
#229 = DIRECTION('',(0.,0.,1.));
#230 = DIRECTION('',(-1.,0.,0.));
#231 = FACE_BOUND('',#232,.T.);
#232 = EDGE_LOOP('',(#233));
#233 = ORIENTED_EDGE('',*,*,#106,.F.);
#234 = PLANE('',#235);
#235 = AXIS2_PLACEMENT_3D('',#236,#237,#238);
#236 = CARTESIAN_POINT('',(1.375,0.,23.05));
#237 = DIRECTION('',(0.,0.,1.));
#238 = DIRECTION('',(1.,0.,-0.));
#239 = ADVANCED_FACE('',(#240),#336,.F.);
#240 = FACE_BOUND('',#241,.F.);
#241 = EDGE_LOOP('',(#242,#250,#259,#267,#276,#284,#293,#302,#310,#319,
    #327,#334,#335));
#242 = ORIENTED_EDGE('',*,*,#243,.T.);
#243 = EDGE_CURVE('',#91,#244,#246,.T.);
#244 = VERTEX_POINT('',#245);
#245 = CARTESIAN_POINT('',(1.5,4.528527442761E-16,19.886969785012));
#246 = LINE('',#247,#248);
#247 = CARTESIAN_POINT('',(1.5,1.836970198721E-16,19.75));
#248 = VECTOR('',#249,1.);
#249 = DIRECTION('',(0.,0.,-1.));
#250 = ORIENTED_EDGE('',*,*,#251,.T.);
#251 = EDGE_CURVE('',#244,#252,#254,.T.);
#252 = VERTEX_POINT('',#253);
#253 = CARTESIAN_POINT('',(1.453776550135,0.369504725652,20.25));
#254 = ELLIPSE('',#255,2.12132034356,1.5);
#255 = AXIS2_PLACEMENT_3D('',#256,#257,#258);
#256 = CARTESIAN_POINT('',(0.,0.,20.4));
#257 = DIRECTION('',(0.241844762648,-0.664463024389,0.707106781187));
#258 = DIRECTION('',(-0.241844762648,0.664463024389,0.707106781187));
#259 = ORIENTED_EDGE('',*,*,#260,.T.);
#260 = EDGE_CURVE('',#252,#261,#263,.T.);
#261 = VERTEX_POINT('',#262);
#262 = CARTESIAN_POINT('',(1.453776550135,0.369504725652,21.95));
#263 = LINE('',#264,#265);
#264 = CARTESIAN_POINT('',(1.453776550135,0.369504725652,19.75));
#265 = VECTOR('',#266,1.);
#266 = DIRECTION('',(0.,0.,1.));
#267 = ORIENTED_EDGE('',*,*,#268,.T.);
#268 = EDGE_CURVE('',#261,#269,#271,.T.);
#269 = VERTEX_POINT('',#270);
#270 = CARTESIAN_POINT('',(-1.453776550135,0.369504725652,21.95));
#271 = CIRCLE('',#272,1.5);
#272 = AXIS2_PLACEMENT_3D('',#273,#274,#275);
#273 = CARTESIAN_POINT('',(0.,0.,21.95));
#274 = DIRECTION('',(0.,0.,1.));
#275 = DIRECTION('',(-1.,0.,0.));
#276 = ORIENTED_EDGE('',*,*,#277,.F.);
#277 = EDGE_CURVE('',#278,#269,#280,.T.);
#278 = VERTEX_POINT('',#279);
#279 = CARTESIAN_POINT('',(-1.453776550135,0.369504725652,20.25));
#280 = LINE('',#281,#282);
#281 = CARTESIAN_POINT('',(-1.453776550135,0.369504725652,19.75));
#282 = VECTOR('',#283,1.);
#283 = DIRECTION('',(0.,0.,1.));
#284 = ORIENTED_EDGE('',*,*,#285,.T.);
#285 = EDGE_CURVE('',#278,#286,#288,.T.);
#286 = VERTEX_POINT('',#287);
#287 = CARTESIAN_POINT('',(-1.5,9.345674722619E-16,19.886969785012));
#288 = ELLIPSE('',#289,2.12132034356,1.5);
#289 = AXIS2_PLACEMENT_3D('',#290,#291,#292);
#290 = CARTESIAN_POINT('',(0.,0.,20.4));
#291 = DIRECTION('',(-0.241844762648,-0.664463024389,0.707106781187));
#292 = DIRECTION('',(-0.241844762648,-0.664463024389,-0.707106781187));
#293 = ORIENTED_EDGE('',*,*,#294,.T.);
#294 = EDGE_CURVE('',#286,#295,#297,.T.);
#295 = VERTEX_POINT('',#296);
#296 = CARTESIAN_POINT('',(-1.453776550135,-0.369504725652,20.25));
#297 = ELLIPSE('',#298,2.12132034356,1.5);
#298 = AXIS2_PLACEMENT_3D('',#299,#300,#301);
#299 = CARTESIAN_POINT('',(0.,0.,20.4));
#300 = DIRECTION('',(-0.241844762648,0.664463024389,0.707106781187));
#301 = DIRECTION('',(-0.241844762648,0.664463024389,-0.707106781187));
#302 = ORIENTED_EDGE('',*,*,#303,.T.);
#303 = EDGE_CURVE('',#295,#304,#306,.T.);
#304 = VERTEX_POINT('',#305);
#305 = CARTESIAN_POINT('',(-1.453776550135,-0.369504725652,21.95));
#306 = LINE('',#307,#308);
#307 = CARTESIAN_POINT('',(-1.453776550135,-0.369504725652,19.75));
#308 = VECTOR('',#309,1.);
#309 = DIRECTION('',(0.,0.,1.));
#310 = ORIENTED_EDGE('',*,*,#311,.T.);
#311 = EDGE_CURVE('',#304,#312,#314,.T.);
#312 = VERTEX_POINT('',#313);
#313 = CARTESIAN_POINT('',(1.453776550135,-0.369504725652,21.95));
#314 = CIRCLE('',#315,1.5);
#315 = AXIS2_PLACEMENT_3D('',#316,#317,#318);
#316 = CARTESIAN_POINT('',(0.,0.,21.95));
#317 = DIRECTION('',(0.,0.,1.));
#318 = DIRECTION('',(-1.,0.,0.));
#319 = ORIENTED_EDGE('',*,*,#320,.F.);
#320 = EDGE_CURVE('',#321,#312,#323,.T.);
#321 = VERTEX_POINT('',#322);
#322 = CARTESIAN_POINT('',(1.453776550135,-0.369504725652,20.25));
#323 = LINE('',#324,#325);
#324 = CARTESIAN_POINT('',(1.453776550135,-0.369504725652,19.75));
#325 = VECTOR('',#326,1.);
#326 = DIRECTION('',(0.,0.,1.));
#327 = ORIENTED_EDGE('',*,*,#328,.T.);
#328 = EDGE_CURVE('',#321,#244,#329,.T.);
#329 = ELLIPSE('',#330,2.12132034356,1.5);
#330 = AXIS2_PLACEMENT_3D('',#331,#332,#333);
#331 = CARTESIAN_POINT('',(0.,0.,20.4));
#332 = DIRECTION('',(0.241844762648,0.664463024389,0.707106781187));
#333 = DIRECTION('',(-0.241844762648,-0.664463024389,0.707106781187));
#334 = ORIENTED_EDGE('',*,*,#243,.F.);
#335 = ORIENTED_EDGE('',*,*,#98,.T.);
#336 = CYLINDRICAL_SURFACE('',#337,1.5);
#337 = AXIS2_PLACEMENT_3D('',#338,#339,#340);
#338 = CARTESIAN_POINT('',(0.,0.,19.75));
#339 = DIRECTION('',(0.,0.,1.));
#340 = DIRECTION('',(-1.,0.,0.));
#341 = ADVANCED_FACE('',(#342),#400,.T.);
#342 = FACE_BOUND('',#343,.T.);
#343 = EDGE_LOOP('',(#344,#355,#374,#383));
#344 = ORIENTED_EDGE('',*,*,#345,.T.);
#345 = EDGE_CURVE('',#346,#348,#350,.T.);
#346 = VERTEX_POINT('',#347);
#347 = CARTESIAN_POINT('',(-2.660093197878,2.036272127837,23.65));
#348 = VERTEX_POINT('',#349);
#349 = CARTESIAN_POINT('',(-3.093509990664,1.285572221878,23.65));
#350 = CIRCLE('',#351,3.35);
#351 = AXIS2_PLACEMENT_3D('',#352,#353,#354);
#352 = CARTESIAN_POINT('',(0.,0.,23.65));
#353 = DIRECTION('',(0.,0.,1.));
#354 = DIRECTION('',(-0.866025403784,0.5,0.));
#355 = ORIENTED_EDGE('',*,*,#356,.T.);
#356 = EDGE_CURVE('',#348,#357,#359,.T.);
#357 = VERTEX_POINT('',#358);
#358 = CARTESIAN_POINT('',(-3.007016386515,1.094464458642,23.5));
#359 = B_SPLINE_CURVE_WITH_KNOTS('',3,(#360,#361,#362,#363,#364,#365,
    #366,#367,#368,#369,#370,#371,#372,#373),.UNSPECIFIED.,.F.,.F.,(4,2,
    2,2,2,2,4),(-2.394486705716E-04,0.,6.486633655791E-03,
    1.271192362261E-02,1.920104007116E-02,2.406097180023E-02,
    2.830861345135E-02),.UNSPECIFIED.);
#360 = CARTESIAN_POINT('',(-3.093509990664,1.285572221878,23.65));
#361 = CARTESIAN_POINT('',(-3.093188956468,1.284841468843,23.65));
#362 = CARTESIAN_POINT('',(-3.092867829617,1.284110749971,
    23.649996672059));
#363 = CARTESIAN_POINT('',(-3.083845262408,1.263586933217,
    23.649809771212));
#364 = CARTESIAN_POINT('',(-3.075034765894,1.243730000561,
    23.647187893562));
#365 = CARTESIAN_POINT('',(-3.058222070461,1.206172091307,
    23.637192219198));
#366 = CARTESIAN_POINT('',(-3.050099027727,1.188188309219,
    23.629951332476));
#367 = CARTESIAN_POINT('',(-3.034641884553,1.154223804207,
    23.610082215669));
#368 = CARTESIAN_POINT('',(-3.027243294029,1.13811524682,23.59708674994)
  );
#369 = CARTESIAN_POINT('',(-3.016657453791,1.115192806243,
    23.569235521422));
#370 = CARTESIAN_POINT('',(-3.012901466207,1.10710580746,23.555703655767
    ));
#371 = CARTESIAN_POINT('',(-3.008193003755,1.096985198422,
    23.527742642146));
#372 = CARTESIAN_POINT('',(-3.007016386515,1.094464458642,
    23.514031528189));
#373 = CARTESIAN_POINT('',(-3.007016386515,1.094464458642,23.5));
#374 = ORIENTED_EDGE('',*,*,#375,.T.);
#375 = EDGE_CURVE('',#357,#376,#378,.T.);
#376 = VERTEX_POINT('',#377);
#377 = CARTESIAN_POINT('',(-2.451342217981,2.056920350997,23.5));
#378 = CIRCLE('',#379,3.2);
#379 = AXIS2_PLACEMENT_3D('',#380,#381,#382);
#380 = CARTESIAN_POINT('',(0.,0.,23.5));
#381 = DIRECTION('',(0.,0.,-1.));
#382 = DIRECTION('',(-0.866025403784,0.5,0.));
#383 = ORIENTED_EDGE('',*,*,#384,.T.);
#384 = EDGE_CURVE('',#376,#346,#385,.T.);
#385 = B_SPLINE_CURVE_WITH_KNOTS('',3,(#386,#387,#388,#389,#390,#391,
    #392,#393,#394,#395,#396,#397,#398,#399),.UNSPECIFIED.,.F.,.F.,(4,2,
    2,2,2,2,4),(0.,4.209458456718E-03,9.025702951013E-03,
    1.545648698473E-02,2.162581614398E-02,2.805413970342E-02,
    2.829143590543E-02),.UNSPECIFIED.);
#386 = CARTESIAN_POINT('',(-2.451342217981,2.056920350997,23.5));
#387 = CARTESIAN_POINT('',(-2.451342217981,2.056920350997,
    23.514031528189));
#388 = CARTESIAN_POINT('',(-2.454113551286,2.056678961527,
    23.527742642146));
#389 = CARTESIAN_POINT('',(-2.465232487041,2.055696305105,
    23.555703655767));
#390 = CARTESIAN_POINT('',(-2.47411402722,2.054905586377,23.569235521422
    ));
#391 = CARTESIAN_POINT('',(-2.499258363195,2.052611972655,23.59708674994
    ));
#392 = CARTESIAN_POINT('',(-2.516908078372,2.050965061308,
    23.610082215669));
#393 = CARTESIAN_POINT('',(-2.554050774127,2.04736908746,23.629951332476
    ));
#394 = CARTESIAN_POINT('',(-2.573686707639,2.04541195778,23.637192219198
    ));
#395 = CARTESIAN_POINT('',(-2.614619158882,2.041193224504,
    23.647187893562));
#396 = CARTESIAN_POINT('',(-2.63622101526,2.038894871977,23.649809771212
    ));
#397 = CARTESIAN_POINT('',(-2.658506445556,2.03644673601,23.649996672059
    ));
#398 = CARTESIAN_POINT('',(-2.659299830087,2.036359480585,23.65));
#399 = CARTESIAN_POINT('',(-2.660093197878,2.036272127837,23.65));
#400 = TOROIDAL_SURFACE('',#401,3.35,0.15);
#401 = AXIS2_PLACEMENT_3D('',#402,#403,#404);
#402 = CARTESIAN_POINT('',(0.,0.,23.5));
#403 = DIRECTION('',(0.,0.,-1.));
#404 = DIRECTION('',(-1.,0.,0.));
#405 = ADVANCED_FACE('',(#406),#432,.T.);
#406 = FACE_BOUND('',#407,.T.);
#407 = EDGE_LOOP('',(#408,#416,#425,#431));
#408 = ORIENTED_EDGE('',*,*,#409,.T.);
#409 = EDGE_CURVE('',#348,#410,#412,.T.);
#410 = VERTEX_POINT('',#411);
#411 = CARTESIAN_POINT('',(-3.704823646356,1.50807219635,23.65));
#412 = LINE('',#413,#414);
#413 = CARTESIAN_POINT('',(-3.181890241704,1.317740002554,23.65));
#414 = VECTOR('',#415,1.);
#415 = DIRECTION('',(-0.939692620786,0.342020143326,0.));
#416 = ORIENTED_EDGE('',*,*,#417,.T.);
#417 = EDGE_CURVE('',#410,#418,#420,.T.);
#418 = VERTEX_POINT('',#419);
#419 = CARTESIAN_POINT('',(-3.756126667854,1.367118303232,23.5));
#420 = CIRCLE('',#421,0.15);
#421 = AXIS2_PLACEMENT_3D('',#422,#423,#424);
#422 = CARTESIAN_POINT('',(-3.704823646356,1.50807219635,23.5));
#423 = DIRECTION('',(0.939692620786,-0.342020143326,6.328643966763E-16)
  );
#424 = DIRECTION('',(4.930380657631E-31,1.850371707709E-15,1.));
#425 = ORIENTED_EDGE('',*,*,#426,.T.);
#426 = EDGE_CURVE('',#418,#357,#427,.T.);
#427 = LINE('',#428,#429);
#428 = CARTESIAN_POINT('',(-3.233193263203,1.176786109436,23.5));
#429 = VECTOR('',#430,1.);
#430 = DIRECTION('',(0.939692620786,-0.342020143326,0.));
#431 = ORIENTED_EDGE('',*,*,#356,.F.);
#432 = CYLINDRICAL_SURFACE('',#433,0.15);
#433 = AXIS2_PLACEMENT_3D('',#434,#435,#436);
#434 = CARTESIAN_POINT('',(-3.181890241704,1.317740002554,23.5));
#435 = DIRECTION('',(-0.939692620786,0.342020143326,0.));
#436 = DIRECTION('',(-0.241844762648,-0.664463024389,0.707106781187));
#437 = ADVANCED_FACE('',(#438),#484,.F.);
#438 = FACE_BOUND('',#439,.F.);
#439 = EDGE_LOOP('',(#440,#458,#459,#477));
#440 = ORIENTED_EDGE('',*,*,#441,.F.);
#441 = EDGE_CURVE('',#410,#442,#444,.T.);
#442 = VERTEX_POINT('',#443);
#443 = CARTESIAN_POINT('',(-3.844194828317,1.562187294948,
    23.177272727273));
#444 = B_SPLINE_CURVE_WITH_KNOTS('',3,(#445,#446,#447,#448,#449,#450,
    #451,#452,#453,#454,#455,#456,#457),.UNSPECIFIED.,.F.,.F.,(4,1,1,1,1
    ,1,1,1,1,1,4),(2.447391375346E-17,1.987575347385E-03,
    3.97515069477E-03,7.950301389541E-03,1.192545208431E-02,
    1.590060277908E-02,1.987575347385E-02,2.385090416862E-02,
    2.583847951601E-02,2.68322671897E-02,2.782605486339E-02),
  .UNSPECIFIED.);
#445 = CARTESIAN_POINT('',(-3.704823646356,1.50807219635,23.65));
#446 = CARTESIAN_POINT('',(-3.719411205959,1.513741914367,23.65));
#447 = CARTESIAN_POINT('',(-3.748585536353,1.525077373477,
    23.647159738841));
#448 = CARTESIAN_POINT('',(-3.80506156398,1.547007124689,23.630361264105
    ));
#449 = CARTESIAN_POINT('',(-3.868621650963,1.571664839056,
    23.589370966863));
#450 = CARTESIAN_POINT('',(-3.923774068602,1.593040464254,
    23.514397270446));
#451 = CARTESIAN_POINT('',(-3.950630489551,1.603443382679,
    23.423331487463));
#452 = CARTESIAN_POINT('',(-3.945747657252,1.601552281183,
    23.327965150424));
#453 = CARTESIAN_POINT('',(-3.915721846654,1.589920187889,
    23.255179101832));
#454 = CARTESIAN_POINT('',(-3.883148199145,1.577293705473,
    23.212669846381));
#455 = CARTESIAN_POINT('',(-3.861729469138,1.568988383729,
    23.191350659427));
#456 = CARTESIAN_POINT('',(-3.850165498121,1.564503311271,
    23.181772515155));
#457 = CARTESIAN_POINT('',(-3.844194828317,1.562187294948,
    23.177272727273));
#458 = ORIENTED_EDGE('',*,*,#417,.T.);
#459 = ORIENTED_EDGE('',*,*,#460,.F.);
#460 = EDGE_CURVE('',#461,#418,#463,.T.);
#461 = VERTEX_POINT('',#462);
#462 = CARTESIAN_POINT('',(-3.815599227513,1.388764544704,23.3));
#463 = B_SPLINE_CURVE_WITH_KNOTS('',3,(#464,#465,#466,#467,#468,#469,
    #470,#471,#472,#473,#474,#475,#476),.UNSPECIFIED.,.F.,.F.,(4,1,1,1,1
    ,1,1,1,1,1,4),(-2.782605486339E-02,-2.68322671897E-02,
    -2.583847951601E-02,-2.385090416862E-02,-1.987575347385E-02,
    -1.590060277908E-02,-1.192545208431E-02,-7.950301389541E-03,
    -3.97515069477E-03,-1.987575347385E-03,-2.447391375346E-17),
  .UNSPECIFIED.);
#464 = CARTESIAN_POINT('',(-3.815599227513,1.388764544704,23.3));
#465 = CARTESIAN_POINT('',(-3.818146678532,1.389691741048,
    23.301903756412));
#466 = CARTESIAN_POINT('',(-3.823080481427,1.391487498444,
    23.305956048219));
#467 = CARTESIAN_POINT('',(-3.832218548127,1.394813482721,
    23.314975704238));
#468 = CARTESIAN_POINT('',(-3.846115070173,1.399871403105,
    23.332960389236));
#469 = CARTESIAN_POINT('',(-3.858923577803,1.404533318628,
    23.363754486718));
#470 = CARTESIAN_POINT('',(-3.861006430463,1.405291414999,
    23.404101783158));
#471 = CARTESIAN_POINT('',(-3.849550141379,1.401121666777,
    23.442629614419));
#472 = CARTESIAN_POINT('',(-3.826021572875,1.392557968187,
    23.474349255212));
#473 = CARTESIAN_POINT('',(-3.798902530495,1.382687443979,
    23.491691304044));
#474 = CARTESIAN_POINT('',(-3.774802854024,1.373915879088,
    23.498798351048));
#475 = CARTESIAN_POINT('',(-3.762352367478,1.369384272583,23.5));
#476 = CARTESIAN_POINT('',(-3.756126667854,1.367118303232,23.5));
#477 = ORIENTED_EDGE('',*,*,#478,.F.);
#478 = EDGE_CURVE('',#442,#461,#479,.T.);
#479 = CIRCLE('',#480,0.15);
#480 = AXIS2_PLACEMENT_3D('',#481,#482,#483);
#481 = CARTESIAN_POINT('',(-3.764296206014,1.529718437822,23.3));
#482 = DIRECTION('',(-0.769012663088,0.279897719138,0.574697129654));
#483 = DIRECTION('',(-0.532657482018,0.216459047506,-0.818181818182));
#484 = B_SPLINE_SURFACE_WITH_KNOTS('',3,3,(
    (#485,#486,#487,#488,#489,#490,#491,#492,#493,#494,#495,#496,#497)
    ,(#498,#499,#500,#501,#502,#503,#504,#505,#506,#507,#508,#509,#510)
    ,(#511,#512,#513,#514,#515,#516,#517,#518,#519,#520,#521,#522,#523)
    ,(#524,#525,#526,#527,#528,#529,#530,#531,#532,#533,#534,#535,#536)
    ,(#537,#538,#539,#540,#541,#542,#543,#544,#545,#546,#547,#548,#549
  )),.UNSPECIFIED.,.F.,.F.,.F.,(4,1,4),(4,1,1,1,1,1,1,1,1,1,4),(0.,
    0.571428571429,1.),(2.447391375346E-17,1.987575347385E-03,
    3.97515069477E-03,7.950301389541E-03,1.192545208431E-02,
    1.590060277908E-02,1.987575347385E-02,2.385090416862E-02,
    2.583847951601E-02,2.68322671897E-02,2.782605486339E-02),
  .UNSPECIFIED.);
#485 = CARTESIAN_POINT('',(-3.704823646356,1.50807219635,23.65));
#486 = CARTESIAN_POINT('',(-3.719411205959,1.513741914367,23.65));
#487 = CARTESIAN_POINT('',(-3.748585536353,1.525077373477,
    23.647159738841));
#488 = CARTESIAN_POINT('',(-3.80506156398,1.547007124689,23.630361264105
    ));
#489 = CARTESIAN_POINT('',(-3.868621650963,1.571664839056,
    23.589370966863));
#490 = CARTESIAN_POINT('',(-3.923774068602,1.593040464254,
    23.514397270446));
#491 = CARTESIAN_POINT('',(-3.950630489551,1.603443382679,
    23.423331487463));
#492 = CARTESIAN_POINT('',(-3.945747657252,1.601552281183,
    23.327965150424));
#493 = CARTESIAN_POINT('',(-3.915721846654,1.589920187889,
    23.255179101832));
#494 = CARTESIAN_POINT('',(-3.883148199145,1.577293705473,
    23.212669846381));
#495 = CARTESIAN_POINT('',(-3.861729469138,1.568988383729,
    23.191350659427));
#496 = CARTESIAN_POINT('',(-3.850165498121,1.564503311271,
    23.181772515155));
#497 = CARTESIAN_POINT('',(-3.844194828317,1.562187294948,
    23.177272727273));
#498 = CARTESIAN_POINT('',(-3.720173474493,1.465898890149,23.65));
#499 = CARTESIAN_POINT('',(-3.734810290927,1.471517575348,
    23.650104391024));
#500 = CARTESIAN_POINT('',(-3.764100066001,1.482758792768,
    23.647527093149));
#501 = CARTESIAN_POINT('',(-3.820952230894,1.504566852422,
    23.631114791591));
#502 = CARTESIAN_POINT('',(-3.885137825331,1.529170479617,
    23.590449157438));
#503 = CARTESIAN_POINT('',(-3.941027194337,1.550578019108,
    23.515348316014));
#504 = CARTESIAN_POINT('',(-3.96827309707,1.561010272653,23.423749685598
    ));
#505 = CARTESIAN_POINT('',(-3.963279604015,1.559099615898,
    23.327631648713));
#506 = CARTESIAN_POINT('',(-3.932739856876,1.547407741499,
    23.254440786871));
#507 = CARTESIAN_POINT('',(-3.899696346189,1.534751078647,
    23.211856110974));
#508 = CARTESIAN_POINT('',(-3.878007384041,1.526441003836,
    23.190528344913));
#509 = CARTESIAN_POINT('',(-3.86630622569,1.521956959875,23.180973103365
    ));
#510 = CARTESIAN_POINT('',(-3.860269970575,1.519643478625,
    23.176482622743));
#511 = CARTESIAN_POINT('',(-3.746750740443,1.392878452083,
    23.612336150934));
#512 = CARTESIAN_POINT('',(-3.759289033424,1.397529767583,
    23.612497118784));
#513 = CARTESIAN_POINT('',(-3.784425300871,1.406853496555,23.6103732868)
  );
#514 = CARTESIAN_POINT('',(-3.833283594932,1.42497354694,23.596564390381
    ));
#515 = CARTESIAN_POINT('',(-3.888628809209,1.445493936709,
    23.561897456565));
#516 = CARTESIAN_POINT('',(-3.936980463696,1.463416480961,
    23.497536537214));
#517 = CARTESIAN_POINT('',(-3.960630678247,1.472181195105,
    23.418811859708));
#518 = CARTESIAN_POINT('',(-3.956337408964,1.470589752742,
    23.336258985601));
#519 = CARTESIAN_POINT('',(-3.929949454628,1.460808990376,
    23.273447239953));
#520 = CARTESIAN_POINT('',(-3.901436978962,1.450239220998,
    23.236987940008));
#521 = CARTESIAN_POINT('',(-3.882730098398,1.443303930258,
    23.218788321301));
#522 = CARTESIAN_POINT('',(-3.872647036467,1.439565533327,
    23.210639810102));
#523 = CARTESIAN_POINT('',(-3.867444995086,1.437636782068,
    23.206821738277));
#524 = CARTESIAN_POINT('',(-3.756126667854,1.367118303232,
    23.533659921288));
#525 = CARTESIAN_POINT('',(-3.764251155244,1.370074445806,
    23.533707866946));
#526 = CARTESIAN_POINT('',(-3.780517999236,1.375993834183,
    23.532226438469));
#527 = CARTESIAN_POINT('',(-3.8120644317,1.38747269667,23.523109116185)
  );
#528 = CARTESIAN_POINT('',(-3.847672906659,1.400430393942,
    23.500571834472));
#529 = CARTESIAN_POINT('',(-3.878666777117,1.411709285676,
    23.459070650312));
#530 = CARTESIAN_POINT('',(-3.893791188683,1.417214165652,23.40849921262
    ));
#531 = CARTESIAN_POINT('',(-3.891044926673,1.416215802362,
    23.355512146357));
#532 = CARTESIAN_POINT('',(-3.87415525551,1.410071480718,23.315127099186
    ));
#533 = CARTESIAN_POINT('',(-3.855865180039,1.403417312044,
    23.291607199002));
#534 = CARTESIAN_POINT('',(-3.843850165162,1.399045760445,
    23.279838124141));
#535 = CARTESIAN_POINT('',(-3.837368206647,1.396687415868,
    23.274558574554));
#536 = CARTESIAN_POINT('',(-3.83402253004,1.395470078441,23.272081613584
    ));
#537 = CARTESIAN_POINT('',(-3.756126667854,1.367118303232,23.5));
#538 = CARTESIAN_POINT('',(-3.762352367478,1.369384272583,23.5));
#539 = CARTESIAN_POINT('',(-3.774802854024,1.373915879088,
    23.498798351048));
#540 = CARTESIAN_POINT('',(-3.798902530495,1.382687443979,
    23.491691304044));
#541 = CARTESIAN_POINT('',(-3.826021572875,1.392557968187,
    23.474349255212));
#542 = CARTESIAN_POINT('',(-3.849550141379,1.401121666777,
    23.442629614419));
#543 = CARTESIAN_POINT('',(-3.861006430463,1.405291414999,
    23.404101783158));
#544 = CARTESIAN_POINT('',(-3.858923577803,1.404533318628,
    23.363754486718));
#545 = CARTESIAN_POINT('',(-3.846115070173,1.399871403105,
    23.332960389236));
#546 = CARTESIAN_POINT('',(-3.832218548127,1.394813482721,
    23.314975704238));
#547 = CARTESIAN_POINT('',(-3.823080481427,1.391487498444,
    23.305956048219));
#548 = CARTESIAN_POINT('',(-3.818146678532,1.389691741048,
    23.301903756412));
#549 = CARTESIAN_POINT('',(-3.815599227513,1.388764544704,23.3));
#550 = ADVANCED_FACE('',(#551),#609,.F.);
#551 = FACE_BOUND('',#552,.F.);
#552 = EDGE_LOOP('',(#553,#562,#563,#572));
#553 = ORIENTED_EDGE('',*,*,#554,.F.);
#554 = EDGE_CURVE('',#442,#555,#557,.T.);
#555 = VERTEX_POINT('',#556);
#556 = CARTESIAN_POINT('',(-3.70501237665,1.507608466702,23.13));
#557 = B_SPLINE_CURVE_WITH_KNOTS('',3,(#558,#559,#560,#561),
  .UNSPECIFIED.,.F.,.F.,(4,4),(2.397576535362E-07,6.740535419731E-03),
  .PIECEWISE_BEZIER_KNOTS.);
#558 = CARTESIAN_POINT('',(-3.844194828317,1.562187294948,
    23.177272727273));
#559 = CARTESIAN_POINT('',(-3.803694508933,1.546477265105,
    23.146749711868));
#560 = CARTESIAN_POINT('',(-3.754484319127,1.526832520503,23.13));
#561 = CARTESIAN_POINT('',(-3.70501237665,1.507608466702,23.13));
#562 = ORIENTED_EDGE('',*,*,#478,.T.);
#563 = ORIENTED_EDGE('',*,*,#564,.F.);
#564 = EDGE_CURVE('',#565,#461,#567,.T.);
#565 = VERTEX_POINT('',#566);
#566 = CARTESIAN_POINT('',(-3.758877040777,1.367787773127,
    23.287522162674));
#567 = B_SPLINE_CURVE_WITH_KNOTS('',3,(#568,#569,#570,#571),
  .UNSPECIFIED.,.F.,.F.,(4,4),(-6.461034507511E-03,-2.397576535362E-07),
  .PIECEWISE_BEZIER_KNOTS.);
#568 = CARTESIAN_POINT('',(-3.758876656092,1.367788122566,
    23.287522791267));
#569 = CARTESIAN_POINT('',(-3.77909583703,1.375172658789,23.287873579429
    ));
#570 = CARTESIAN_POINT('',(-3.79903587544,1.38273597757,23.292263691361)
  );
#571 = CARTESIAN_POINT('',(-3.815599227513,1.388764544704,23.3));
#572 = ORIENTED_EDGE('',*,*,#573,.T.);
#573 = EDGE_CURVE('',#565,#555,#574,.T.);
#574 = B_SPLINE_CURVE_WITH_KNOTS('',3,(#575,#576,#577,#578,#579,#580,
    #581,#582,#583,#584,#585,#586,#587,#588,#589,#590,#591,#592,#593,
    #594,#595,#596,#597,#598,#599,#600,#601,#602,#603,#604,#605,#606,
    #607,#608),.UNSPECIFIED.,.F.,.F.,(4,3,3,3,3,3,3,3,3,3,3,4),(0.,
    3.056543538516E-03,5.862829943065E-03,9.088229039036E-03,
    1.172334990244E-02,1.394026322941E-02,1.716315943311E-02,
    1.75829422763E-02,2.080247967303E-02,2.098169366868E-02,
    2.417500586095E-02,2.438016374307E-02),.UNSPECIFIED.);
#575 = CARTESIAN_POINT('',(-3.758876656092,1.367788122566,
    23.287522791267));
#576 = CARTESIAN_POINT('',(-3.759051547726,1.367310412994,
    23.277346987023));
#577 = CARTESIAN_POINT('',(-3.758840258975,1.36787498789,23.267193337474
    ));
#578 = CARTESIAN_POINT('',(-3.758287543868,1.369392038867,
    23.257196410126));
#579 = CARTESIAN_POINT('',(-3.757780082786,1.370784879989,
    23.248017989811));
#580 = CARTESIAN_POINT('',(-3.75698417051,1.372981366345,23.238970767197
    ));
#581 = CARTESIAN_POINT('',(-3.755902700572,1.375933520956,
    23.230163806794));
#582 = CARTESIAN_POINT('',(-3.754659715482,1.379326573353,
    23.220041546259));
#583 = CARTESIAN_POINT('',(-3.753057400737,1.383683026982,
    23.210342354385));
#584 = CARTESIAN_POINT('',(-3.75112051422,1.388915487058,23.201224851061
    ));
#585 = CARTESIAN_POINT('',(-3.74953809607,1.393190357951,23.193775936208
    ));
#586 = CARTESIAN_POINT('',(-3.747731642511,1.398050949244,
    23.186714942277));
#587 = CARTESIAN_POINT('',(-3.745701841181,1.403467577753,
    23.180141827659));
#588 = CARTESIAN_POINT('',(-3.743994179995,1.408024558837,
    23.174611900893));
#589 = CARTESIAN_POINT('',(-3.742141019219,1.412942896538,
    23.169467297307));
#590 = CARTESIAN_POINT('',(-3.740147612907,1.418198379091,23.16476056299
    ));
#591 = CARTESIAN_POINT('',(-3.737249645919,1.425838675427,
    23.157918023871));
#592 = CARTESIAN_POINT('',(-3.734055544519,1.434190810066,
    23.151998440054));
#593 = CARTESIAN_POINT('',(-3.730619009379,1.4430753433,23.147060923325)
  );
#594 = CARTESIAN_POINT('',(-3.730171400023,1.444232555443,
    23.146417810832));
#595 = CARTESIAN_POINT('',(-3.729719665804,1.445398829457,
    23.145791424042));
#596 = CARTESIAN_POINT('',(-3.729263917153,1.446573791003,
    23.145181953689));
#597 = CARTESIAN_POINT('',(-3.725768538892,1.455585194631,
    23.140507602117));
#598 = CARTESIAN_POINT('',(-3.722066742213,1.465031914955,
    23.136862883681));
#599 = CARTESIAN_POINT('',(-3.718218348154,1.474736028711,
    23.134309926736));
#600 = CARTESIAN_POINT('',(-3.718004129156,1.475276203521,
    23.134167817619));
#601 = CARTESIAN_POINT('',(-3.717789455515,1.475817180003,
    23.134029104134));
#602 = CARTESIAN_POINT('',(-3.717574337551,1.47635892866,23.133893801616
    ));
#603 = CARTESIAN_POINT('',(-3.713741272991,1.486012039664,
    23.131482923048));
#604 = CARTESIAN_POINT('',(-3.709790122999,1.4958510775,23.130165426849)
  );
#605 = CARTESIAN_POINT('',(-3.705784968149,1.505708394976,
    23.130014553034));
#606 = CARTESIAN_POINT('',(-3.705527652535,1.506341689265,
    23.130004859978));
#607 = CARTESIAN_POINT('',(-3.705270116018,1.506975061165,23.13));
#608 = CARTESIAN_POINT('',(-3.70501237665,1.507608466702,23.13));
#609 = B_SPLINE_SURFACE_WITH_KNOTS('',3,3,(
    (#610,#611,#612,#613)
    ,(#614,#615,#616,#617)
    ,(#618,#619,#620,#621)
    ,(#622,#623,#624,#625)
    ,(#626,#627,#628,#629
    )),.UNSPECIFIED.,.F.,.F.,.F.,(4,1,4),(4,4),(0.,0.571428571429,1.),(
    -6.740535419731E-03,-2.397576535362E-07),.UNSPECIFIED.);
#610 = CARTESIAN_POINT('',(-3.756251229241,1.366830876208,23.2875));
#611 = CARTESIAN_POINT('',(-3.777364262585,1.374515391901,23.2875));
#612 = CARTESIAN_POINT('',(-3.79831932706,1.382475175288,23.29192901035)
  );
#613 = CARTESIAN_POINT('',(-3.815599227513,1.388764544704,23.3));
#614 = CARTESIAN_POINT('',(-3.757043160849,1.364655061998,
    23.241248860164));
#615 = CARTESIAN_POINT('',(-3.787094118176,1.375570423962,
    23.241026312459));
#616 = CARTESIAN_POINT('',(-3.816466824562,1.387769137872,23.24888376206
    ));
#617 = CARTESIAN_POINT('',(-3.840163630883,1.397705256353,
    23.262775484779));
#618 = CARTESIAN_POINT('',(-3.744661089239,1.398674524154,
    23.159269038486));
#619 = CARTESIAN_POINT('',(-3.789878376544,1.415532932201,
    23.158675240061));
#620 = CARTESIAN_POINT('',(-3.834281092571,1.434440214952,23.17324570516
    ));
#621 = CARTESIAN_POINT('',(-3.869416666312,1.449591206928,
    23.198361183767));
#622 = CARTESIAN_POINT('',(-3.716891350767,1.47497125355,23.13));
#623 = CARTESIAN_POINT('',(-3.766778141329,1.494175136063,
    23.129732287477));
#624 = CARTESIAN_POINT('',(-3.816150096235,1.514249660689,
    23.146574948269));
#625 = CARTESIAN_POINT('',(-3.856251185011,1.530279432706,
    23.176680148876));
#626 = CARTESIAN_POINT('',(-3.70501237665,1.507608466702,23.13));
#627 = CARTESIAN_POINT('',(-3.754484319127,1.526832520503,23.13));
#628 = CARTESIAN_POINT('',(-3.803694508933,1.546477265105,
    23.146749711868));
#629 = CARTESIAN_POINT('',(-3.844194828317,1.562187294948,
    23.177272727273));
#630 = ADVANCED_FACE('',(#631),#657,.T.);
#631 = FACE_BOUND('',#632,.T.);
#632 = EDGE_LOOP('',(#633,#641,#650,#656));
#633 = ORIENTED_EDGE('',*,*,#634,.T.);
#634 = EDGE_CURVE('',#376,#635,#637,.T.);
#635 = VERTEX_POINT('',#636);
#636 = CARTESIAN_POINT('',(-3.062022514505,2.569341962578,23.5));
#637 = LINE('',#638,#639);
#638 = CARTESIAN_POINT('',(-2.635723297194,2.211634446561,23.5));
#639 = VECTOR('',#640,1.);
#640 = DIRECTION('',(-0.766044443119,0.642787609687,0.));
#641 = ORIENTED_EDGE('',*,*,#642,.T.);
#642 = EDGE_CURVE('',#635,#643,#645,.T.);
#643 = VERTEX_POINT('',#644);
#644 = CARTESIAN_POINT('',(-3.158440655958,2.45443529611,23.65));
#645 = CIRCLE('',#646,0.15);
#646 = AXIS2_PLACEMENT_3D('',#647,#648,#649);
#647 = CARTESIAN_POINT('',(-3.158440655958,2.45443529611,23.5));
#648 = DIRECTION('',(0.766044443119,-0.642787609687,0.));
#649 = DIRECTION('',(0.642787609687,0.766044443119,0.));
#650 = ORIENTED_EDGE('',*,*,#651,.T.);
#651 = EDGE_CURVE('',#643,#346,#652,.T.);
#652 = LINE('',#653,#654);
#653 = CARTESIAN_POINT('',(-2.732141438647,2.096727780093,23.65));
#654 = VECTOR('',#655,1.);
#655 = DIRECTION('',(0.766044443119,-0.642787609687,0.));
#656 = ORIENTED_EDGE('',*,*,#384,.F.);
#657 = CYLINDRICAL_SURFACE('',#658,0.15);
#658 = AXIS2_PLACEMENT_3D('',#659,#660,#661);
#659 = CARTESIAN_POINT('',(-2.732141438647,2.096727780093,23.5));
#660 = DIRECTION('',(0.766044443119,-0.642787609687,0.));
#661 = DIRECTION('',(0.454519477672,0.54167522042,0.707106781187));
#662 = ADVANCED_FACE('',(#663),#711,.F.);
#663 = FACE_BOUND('',#664,.F.);
#664 = EDGE_LOOP('',(#665,#684,#693,#710));
#665 = ORIENTED_EDGE('',*,*,#666,.F.);
#666 = EDGE_CURVE('',#667,#643,#669,.T.);
#667 = VERTEX_POINT('',#668);
#668 = CARTESIAN_POINT('',(-3.274991297053,2.548076730945,
    23.177272727273));
#669 = B_SPLINE_CURVE_WITH_KNOTS('',3,(#670,#671,#672,#673,#674,#675,
    #676,#677,#678,#679,#680,#681,#682,#683),.UNSPECIFIED.,.F.,.F.,(4,1,
    1,1,1,1,1,1,1,1,1,4),(0.,9.937876737339E-04,1.987575347468E-03,
    3.975150694936E-03,7.950301389871E-03,1.192545208481E-02,
    1.590060277974E-02,1.987575347468E-02,2.385090416961E-02,
    2.583847951708E-02,2.683226719081E-02,2.782605486455E-02),
  .UNSPECIFIED.);
#670 = CARTESIAN_POINT('',(-3.274991297053,2.548076730945,
    23.177272727273));
#671 = CARTESIAN_POINT('',(-3.279982360927,2.552089474512,
    23.181772515156));
#672 = CARTESIAN_POINT('',(-3.289648316485,2.559861456031,
    23.191351185313));
#673 = CARTESIAN_POINT('',(-3.30755157179,2.574258982597,23.212670119581
    ));
#674 = CARTESIAN_POINT('',(-3.334769172145,2.596152060269,
    23.255187461087));
#675 = CARTESIAN_POINT('',(-3.359861198868,2.616343516307,
    23.327948860983));
#676 = CARTESIAN_POINT('',(-3.363953875148,2.619637594278,
    23.423334856424));
#677 = CARTESIAN_POINT('',(-3.34149098904,2.60156007718,23.514379016075)
  );
#678 = CARTESIAN_POINT('',(-3.295414323049,2.564493742111,23.58936339802
    ));
#679 = CARTESIAN_POINT('',(-3.24227816138,2.521776298756,23.630371513079
    ));
#680 = CARTESIAN_POINT('',(-3.200954230854,2.488576323336,23.64505979544
    ));
#681 = CARTESIAN_POINT('',(-3.1767473282,2.469134541797,23.649294106689)
  );
#682 = CARTESIAN_POINT('',(-3.164542605777,2.459334465204,23.65));
#683 = CARTESIAN_POINT('',(-3.158440655958,2.45443529611,23.65));
#684 = ORIENTED_EDGE('',*,*,#685,.F.);
#685 = EDGE_CURVE('',#686,#667,#688,.T.);
#686 = VERTEX_POINT('',#687);
#687 = CARTESIAN_POINT('',(-3.110504989345,2.610023589335,23.3));
#688 = CIRCLE('',#689,0.15);
#689 = AXIS2_PLACEMENT_3D('',#690,#691,#692);
#690 = CARTESIAN_POINT('',(-3.206923130798,2.495116922867,23.3));
#691 = DIRECTION('',(-0.626904866779,0.526035642497,0.574697129654));
#692 = DIRECTION('',(0.642787609687,0.766044443119,-2.975397705995E-14)
  );
#693 = ORIENTED_EDGE('',*,*,#694,.F.);
#694 = EDGE_CURVE('',#635,#686,#695,.T.);
#695 = B_SPLINE_CURVE_WITH_KNOTS('',3,(#696,#697,#698,#699,#700,#701,
    #702,#703,#704,#705,#706,#707,#708,#709),.UNSPECIFIED.,.F.,.F.,(4,1,
    1,1,1,1,1,1,1,1,1,4),(-2.782605486455E-02,-2.683226719081E-02,
    -2.583847951708E-02,-2.385090416961E-02,-1.987575347468E-02,
    -1.590060277974E-02,-1.192545208481E-02,-7.950301389871E-03,
    -3.975150694936E-03,-1.987575347468E-03,-9.937876737339E-04,0.),
  .UNSPECIFIED.);
#696 = CARTESIAN_POINT('',(-3.062022514505,2.569341962578,23.5));
#697 = CARTESIAN_POINT('',(-3.064560132922,2.571471277256,23.5));
#698 = CARTESIAN_POINT('',(-3.0696359213,2.575730369412,23.49970135283)
  );
#699 = CARTESIAN_POINT('',(-3.079704091934,2.584178567677,
    23.497909913455));
#700 = CARTESIAN_POINT('',(-3.096893671115,2.598602337228,
    23.491695640149));
#701 = CARTESIAN_POINT('',(-3.119002134411,2.617153540626,
    23.474346053008));
#702 = CARTESIAN_POINT('',(-3.138178045858,2.633244040848,
    23.442621891417));
#703 = CARTESIAN_POINT('',(-3.147527929929,2.641089525124,
    23.404103208487));
#704 = CARTESIAN_POINT('',(-3.145824328036,2.639660033403,
    23.363747595031));
#705 = CARTESIAN_POINT('',(-3.135380472471,2.630896598051,
    23.332963925845));
#706 = CARTESIAN_POINT('',(-3.124053622364,2.621392242304,
    23.314975819823));
#707 = CARTESIAN_POINT('',(-3.116603673131,2.61514099265,23.305956270709
    ));
#708 = CARTESIAN_POINT('',(-3.112581690443,2.61176614846,23.301903756412
    ));
#709 = CARTESIAN_POINT('',(-3.110504989345,2.610023589335,23.3));
#710 = ORIENTED_EDGE('',*,*,#642,.T.);
#711 = B_SPLINE_SURFACE_WITH_KNOTS('',3,3,(
    (#712,#713,#714,#715,#716,#717,#718,#719,#720,#721,#722,#723,#724
      ,#725)
    ,(#726,#727,#728,#729,#730,#731,#732,#733,#734,#735,#736,#737,#738
      ,#739)
    ,(#740,#741,#742,#743,#744,#745,#746,#747,#748,#749,#750,#751,#752
      ,#753)
    ,(#754,#755,#756,#757,#758,#759,#760,#761,#762,#763,#764,#765,#766
      ,#767)
    ,(#768,#769,#770,#771,#772,#773,#774,#775,#776,#777,#778,#779,#780
      ,#781
    )),.UNSPECIFIED.,.F.,.F.,.F.,(4,1,4),(4,1,1,1,1,1,1,1,1,1,1,4),(0.,
    0.571428571429,1.),(0.,9.937876737339E-04,1.987575347468E-03,
    3.975150694936E-03,7.950301389871E-03,1.192545208481E-02,
    1.590060277974E-02,1.987575347468E-02,2.385090416961E-02,
    2.583847951708E-02,2.683226719081E-02,2.782605486455E-02),
  .UNSPECIFIED.);
#712 = CARTESIAN_POINT('',(-3.274991297053,2.548076730945,
    23.177272727273));
#713 = CARTESIAN_POINT('',(-3.279982360927,2.552089474512,
    23.181772515156));
#714 = CARTESIAN_POINT('',(-3.289648316485,2.559861456031,
    23.191351185313));
#715 = CARTESIAN_POINT('',(-3.30755157179,2.574258982597,23.212670119581
    ));
#716 = CARTESIAN_POINT('',(-3.334769172145,2.596152060269,
    23.255187461087));
#717 = CARTESIAN_POINT('',(-3.359861198868,2.616343516307,
    23.327948860983));
#718 = CARTESIAN_POINT('',(-3.363953875148,2.619637594278,
    23.423334856424));
#719 = CARTESIAN_POINT('',(-3.34149098904,2.60156007718,23.514379016075)
  );
#720 = CARTESIAN_POINT('',(-3.295414323049,2.564493742111,23.58936339802
    ));
#721 = CARTESIAN_POINT('',(-3.24227816138,2.521776298756,23.630371513079
    ));
#722 = CARTESIAN_POINT('',(-3.200954230854,2.488576323336,23.64505979544
    ));
#723 = CARTESIAN_POINT('',(-3.1767473282,2.469134541797,23.649294106689)
  );
#724 = CARTESIAN_POINT('',(-3.164542605777,2.459334465204,23.65));
#725 = CARTESIAN_POINT('',(-3.158440655958,2.45443529611,23.65));
#726 = CARTESIAN_POINT('',(-3.246184842472,2.583270120672,
    23.176482622743));
#727 = CARTESIAN_POINT('',(-3.251206503564,2.58734093032,23.180973103365
    ));
#728 = CARTESIAN_POINT('',(-3.260940163067,2.595232233621,23.19052889821
    ));
#729 = CARTESIAN_POINT('',(-3.278983108096,2.60986181004,23.211854548718
    ));
#730 = CARTESIAN_POINT('',(-3.306460612865,2.632145693555,
    23.254452400587));
#731 = CARTESIAN_POINT('',(-3.331867253163,2.652757388741,
    23.327594041214));
#732 = CARTESIAN_POINT('',(-3.336056087432,2.656157989552,
    23.423639815783));
#733 = CARTESIAN_POINT('',(-3.313372348214,2.637757146023,
    23.515213077009));
#734 = CARTESIAN_POINT('',(-3.266881656264,2.600053252673,23.59040112134
    ));
#735 = CARTESIAN_POINT('',(-3.213470272057,2.556759145471,
    23.631119062704));
#736 = CARTESIAN_POINT('',(-3.172081900437,2.523227653481,
    23.645439407506));
#737 = CARTESIAN_POINT('',(-3.147873489931,2.503619458118,
    23.649463983007));
#738 = CARTESIAN_POINT('',(-3.135684581663,2.493748546453,
    23.650052195512));
#739 = CARTESIAN_POINT('',(-3.129592415495,2.488815290322,23.65));
#740 = CARTESIAN_POINT('',(-3.178752610241,2.630486668336,
    23.206822094922));
#741 = CARTESIAN_POINT('',(-3.183023978519,2.634027392694,
    23.210640166748));
#742 = CARTESIAN_POINT('',(-3.191302864467,2.640890223278,
    23.218789151668));
#743 = CARTESIAN_POINT('',(-3.206663418991,2.653624014106,
    23.236988952081));
#744 = CARTESIAN_POINT('',(-3.230070107177,2.673028992959,
    23.273454350819));
#745 = CARTESIAN_POINT('',(-3.251737649157,2.690993790594,
    23.336250095367));
#746 = CARTESIAN_POINT('',(-3.255268490803,2.69392072705,23.41884883683)
  );
#747 = CARTESIAN_POINT('',(-3.235829350099,2.677801824017,
    23.497553870074));
#748 = CARTESIAN_POINT('',(-3.196148580035,2.644903317315,
    23.561902300109));
#749 = CARTESIAN_POINT('',(-3.150704351105,2.607232909578,
    23.596575199662));
#750 = CARTESIAN_POINT('',(-3.115598066004,2.578136926974,
    23.608657642422));
#751 = CARTESIAN_POINT('',(-3.095103049191,2.561152271818,
    23.611969666869));
#752 = CARTESIAN_POINT('',(-3.08479246199,2.55260813155,23.612416225211)
  );
#753 = CARTESIAN_POINT('',(-3.079643810052,2.548341720304,
    23.612335741286));
#754 = CARTESIAN_POINT('',(-3.125523803171,2.622625870476,
    23.272081613584));
#755 = CARTESIAN_POINT('',(-3.128250886611,2.624914642697,
    23.274558574554));
#756 = CARTESIAN_POINT('',(-3.133534130447,2.629348909301,
    23.279838425284));
#757 = CARTESIAN_POINT('',(-3.143328137824,2.637568988106,
    23.291607578649));
#758 = CARTESIAN_POINT('',(-3.158233783021,2.650079781155,
    23.315131471762));
#759 = CARTESIAN_POINT('',(-3.172001824837,2.661636523167,
    23.355505692895));
#760 = CARTESIAN_POINT('',(-3.174243444263,2.663520072882,
    23.408517274615));
#761 = CARTESIAN_POINT('',(-3.161899350915,2.653162225419,
    23.459076607215));
#762 = CARTESIAN_POINT('',(-3.136644329117,2.631967423102,
    23.500573233196));
#763 = CARTESIAN_POINT('',(-3.107618360518,2.607607978718,
    23.523115818691));
#764 = CARTESIAN_POINT('',(-3.085118465595,2.588725372279,
    23.531091892233));
#765 = CARTESIAN_POINT('',(-3.071960677652,2.57768260158,23.533339936165
    ));
#766 = CARTESIAN_POINT('',(-3.065333683635,2.572120933171,
    23.533683894117));
#767 = CARTESIAN_POINT('',(-3.062022514505,2.569341962578,
    23.533659921288));
#768 = CARTESIAN_POINT('',(-3.110504989345,2.610023589335,23.3));
#769 = CARTESIAN_POINT('',(-3.112581690443,2.61176614846,23.301903756412
    ));
#770 = CARTESIAN_POINT('',(-3.116603673131,2.61514099265,23.305956270709
    ));
#771 = CARTESIAN_POINT('',(-3.124053622364,2.621392242304,
    23.314975819823));
#772 = CARTESIAN_POINT('',(-3.135380472471,2.630896598051,
    23.332963925845));
#773 = CARTESIAN_POINT('',(-3.145824328036,2.639660033403,
    23.363747595031));
#774 = CARTESIAN_POINT('',(-3.147527929929,2.641089525124,
    23.404103208487));
#775 = CARTESIAN_POINT('',(-3.138178045858,2.633244040848,
    23.442621891417));
#776 = CARTESIAN_POINT('',(-3.119002134411,2.617153540626,
    23.474346053008));
#777 = CARTESIAN_POINT('',(-3.096893671115,2.598602337228,
    23.491695640149));
#778 = CARTESIAN_POINT('',(-3.079704091934,2.584178567677,
    23.497909913455));
#779 = CARTESIAN_POINT('',(-3.0696359213,2.575730369412,23.49970135283)
  );
#780 = CARTESIAN_POINT('',(-3.064560132922,2.571471277256,23.5));
#781 = CARTESIAN_POINT('',(-3.062022514505,2.569341962578,23.5));
#782 = ADVANCED_FACE('',(#783),#841,.F.);
#783 = FACE_BOUND('',#784,.F.);
#784 = EDGE_LOOP('',(#785,#794,#795,#804));
#785 = ORIENTED_EDGE('',*,*,#786,.F.);
#786 = EDGE_CURVE('',#686,#787,#789,.T.);
#787 = VERTEX_POINT('',#788);
#788 = CARTESIAN_POINT('',(-3.063977478903,2.571389120452,
    23.287522162674));
#789 = B_SPLINE_CURVE_WITH_KNOTS('',3,(#790,#791,#792,#793),
  .UNSPECIFIED.,.F.,.F.,(4,4),(7.049212638964E-02,7.69529101093E-02),
  .PIECEWISE_BEZIER_KNOTS.);
#790 = CARTESIAN_POINT('',(-3.110504989345,2.610023589335,23.3));
#791 = CARTESIAN_POINT('',(-3.097002362953,2.598693540509,
    23.292263658091));
#792 = CARTESIAN_POINT('',(-3.080480968823,2.585205485451,
    23.287873608349));
#793 = CARTESIAN_POINT('',(-3.063977591466,2.571388614138,
    23.287522795037));
#794 = ORIENTED_EDGE('',*,*,#685,.T.);
#795 = ORIENTED_EDGE('',*,*,#796,.F.);
#796 = EDGE_CURVE('',#797,#667,#799,.T.);
#797 = VERTEX_POINT('',#798);
#798 = CARTESIAN_POINT('',(-3.158133419449,2.454830606164,23.13));
#799 = B_SPLINE_CURVE_WITH_KNOTS('',3,(#800,#801,#802,#803),
  .UNSPECIFIED.,.F.,.F.,(4,4),(-7.723243678121E-02,-7.049212638964E-02),
  .PIECEWISE_BEZIER_KNOTS.);
#800 = CARTESIAN_POINT('',(-3.158133419449,2.454830606164,23.13));
#801 = CARTESIAN_POINT('',(-3.199513915466,2.488059330881,23.13));
#802 = CARTESIAN_POINT('',(-3.24113557504,2.520857217408,23.146749461789
    ));
#803 = CARTESIAN_POINT('',(-3.274991297053,2.548076730945,
    23.177272727273));
#804 = ORIENTED_EDGE('',*,*,#805,.T.);
#805 = EDGE_CURVE('',#797,#787,#806,.T.);
#806 = B_SPLINE_CURVE_WITH_KNOTS('',3,(#807,#808,#809,#810,#811,#812,
    #813,#814,#815,#816,#817,#818,#819,#820,#821,#822,#823,#824,#825,
    #826,#827,#828,#829,#830,#831,#832,#833,#834,#835,#836,#837,#838,
    #839,#840),.UNSPECIFIED.,.F.,.F.,(4,3,3,3,3,3,3,3,3,3,3,4),(0.,
    3.215495282026E-03,5.859641356898E-03,9.080630200972E-03,
    1.04545797104E-02,1.171781035446E-02,1.494322279084E-02,
    1.757767953635E-02,2.0736785192E-02,2.09784018118E-02,
    2.39463829694E-02,2.437961042399E-02),.UNSPECIFIED.);
#807 = CARTESIAN_POINT('',(-3.158133419449,2.454830606164,23.13));
#808 = CARTESIAN_POINT('',(-3.151555505922,2.463293075422,23.13));
#809 = CARTESIAN_POINT('',(-3.144973789282,2.471689270991,
    23.131189347535));
#810 = CARTESIAN_POINT('',(-3.138501985766,2.479879179043,
    23.133475455315));
#811 = CARTESIAN_POINT('',(-3.133180132563,2.486613853279,
    23.135355353241));
#812 = CARTESIAN_POINT('',(-3.127932321941,2.493209769354,
    23.137978117014));
#813 = CARTESIAN_POINT('',(-3.12282767192,2.499586777166,23.141317812133
    ));
#814 = CARTESIAN_POINT('',(-3.116609399439,2.507354983022,
    23.145386089912));
#815 = CARTESIAN_POINT('',(-3.110668070381,2.514717123712,23.15047436799
    ));
#816 = CARTESIAN_POINT('',(-3.105128494507,2.52153961996,23.156513918587
    ));
#817 = CARTESIAN_POINT('',(-3.102765525269,2.524449833508,
    23.159090157743));
#818 = CARTESIAN_POINT('',(-3.100475807113,2.52726169299,23.161840084065
    ));
#819 = CARTESIAN_POINT('',(-3.098269987033,2.529963632698,
    23.164760846547));
#820 = CARTESIAN_POINT('',(-3.09624192159,2.532447838278,23.167446241204
    ));
#821 = CARTESIAN_POINT('',(-3.094284783555,2.53483911709,23.170276082914
    ));
#822 = CARTESIAN_POINT('',(-3.092402044182,2.537134241113,
    23.173240840084));
#823 = CARTESIAN_POINT('',(-3.087594837345,2.542994391517,
    23.180810767788));
#824 = CARTESIAN_POINT('',(-3.083320570985,2.548168352772,
    23.189178501871));
#825 = CARTESIAN_POINT('',(-3.079625473207,2.552626248374,
    23.198160707235));
#826 = CARTESIAN_POINT('',(-3.076607386232,2.556267374393,
    23.205497205118));
#827 = CARTESIAN_POINT('',(-3.073975872413,2.559430448858,
    23.213245000796));
#828 = CARTESIAN_POINT('',(-3.071765832157,2.562079924337,
    23.221318200644));
#829 = CARTESIAN_POINT('',(-3.069115665028,2.565257039689,
    23.230999168586));
#830 = CARTESIAN_POINT('',(-3.067093510417,2.567671799247,
    23.241069292427));
#831 = CARTESIAN_POINT('',(-3.065755840583,2.569268684601,
    23.251374997153));
#832 = CARTESIAN_POINT('',(-3.065653532114,2.569390818547,
    23.252163204263));
#833 = CARTESIAN_POINT('',(-3.065555233862,2.569508144392,
    23.252952795407));
#834 = CARTESIAN_POINT('',(-3.065460974395,2.569620625145,
    23.253743704144));
#835 = CARTESIAN_POINT('',(-3.064303105697,2.5710023213,23.263459104647)
  );
#836 = CARTESIAN_POINT('',(-3.06375997292,2.571648252076,23.273318269366
    ));
#837 = CARTESIAN_POINT('',(-3.063881660013,2.571503219761,
    23.283196342676));
#838 = CARTESIAN_POINT('',(-3.063899422319,2.571482049821,
    23.284638215898));
#839 = CARTESIAN_POINT('',(-3.063931347608,2.571443936652,
    23.286080496286));
#840 = CARTESIAN_POINT('',(-3.063977591466,2.571388614138,
    23.287522795037));
#841 = B_SPLINE_SURFACE_WITH_KNOTS('',3,3,(
    (#842,#843,#844,#845)
    ,(#846,#847,#848,#849)
    ,(#850,#851,#852,#853)
    ,(#854,#855,#856,#857)
    ,(#858,#859,#860,#861
    )),.UNSPECIFIED.,.F.,.F.,.F.,(4,1,4),(4,4),(0.,0.571428571429,1.),(
    7.049212638964E-02,7.723243678121E-02),.UNSPECIFIED.);
#842 = CARTESIAN_POINT('',(-3.110504989345,2.610023589335,23.3));
#843 = CARTESIAN_POINT('',(-3.096418170016,2.598203344431,
    23.291928944223));
#844 = CARTESIAN_POINT('',(-3.079045717422,2.584034320927,23.2875));
#845 = CARTESIAN_POINT('',(-3.061835876094,2.569593549415,23.2875));
#846 = CARTESIAN_POINT('',(-3.130530074446,2.626826630857,
    23.262775484779));
#847 = CARTESIAN_POINT('',(-3.110076572689,2.6112725264,23.248883648243)
  );
#848 = CARTESIAN_POINT('',(-3.084823628423,2.591932515861,
    23.241026333938));
#849 = CARTESIAN_POINT('',(-3.060347531518,2.571367289411,
    23.241248860164));
#850 = CARTESIAN_POINT('',(-3.19009118897,2.626216980193,23.198361634984
    ));
#851 = CARTESIAN_POINT('',(-3.159402006717,2.603363989509,
    23.173245950604));
#852 = CARTESIAN_POINT('',(-3.120823397426,2.574361136679,23.15867587092
    ));
#853 = CARTESIAN_POINT('',(-3.083618535268,2.543633987088,
    23.159269612036));
#854 = CARTESIAN_POINT('',(-3.253386456117,2.57447177324,23.176680148876
    ));
#855 = CARTESIAN_POINT('',(-3.21945344393,2.547757878781,23.146574701613
    ));
#856 = CARTESIAN_POINT('',(-3.177378683687,2.51503474979,23.129732313315
    ));
#857 = CARTESIAN_POINT('',(-3.135808250809,2.481436706095,23.13));
#858 = CARTESIAN_POINT('',(-3.274991297053,2.548076730945,
    23.177272727273));
#859 = CARTESIAN_POINT('',(-3.24113557504,2.520857217408,23.146749461789
    ));
#860 = CARTESIAN_POINT('',(-3.199513915466,2.488059330881,23.13));
#861 = CARTESIAN_POINT('',(-3.158133419449,2.454830606164,23.13));
#862 = ADVANCED_FACE('',(#863),#914,.F.);
#863 = FACE_BOUND('',#864,.F.);
#864 = EDGE_LOOP('',(#865,#878,#879,#898,#904,#905));
#865 = ORIENTED_EDGE('',*,*,#866,.F.);
#866 = EDGE_CURVE('',#124,#867,#869,.T.);
#867 = VERTEX_POINT('',#868);
#868 = CARTESIAN_POINT('',(-3.020879788343,2.621885829776,
    23.130000000059));
#869 = B_SPLINE_CURVE_WITH_KNOTS('',3,(#870,#871,#872,#873,#874,#875,
    #876,#877),.UNSPECIFIED.,.F.,.F.,(4,2,2,4),(3.774802229924E-02,
    4.71729105874E-02,5.659779887555E-02,5.753278522807E-02),
  .UNSPECIFIED.);
#870 = CARTESIAN_POINT('',(-2.897490291944,2.757634857643,23.05));
#871 = CARTESIAN_POINT('',(-2.919148959005,2.734877755712,23.05));
#872 = CARTESIAN_POINT('',(-2.941957023541,2.71032084509,23.056260709415
    ));
#873 = CARTESIAN_POINT('',(-2.983378631118,2.66465798088,23.081765552584
    ));
#874 = CARTESIAN_POINT('',(-3.002007623112,2.643566493442,
    23.101010491411));
#875 = CARTESIAN_POINT('',(-3.018044641205,2.625149786425,
    23.125426904008));
#876 = CARTESIAN_POINT('',(-3.01947316863,2.623506506394,23.127686426889
    ));
#877 = CARTESIAN_POINT('',(-3.020879788324,2.621885829798,
    23.130000000086));
#878 = ORIENTED_EDGE('',*,*,#121,.F.);
#879 = ORIENTED_EDGE('',*,*,#880,.F.);
#880 = EDGE_CURVE('',#881,#122,#883,.T.);
#881 = VERTEX_POINT('',#882);
#882 = CARTESIAN_POINT('',(-2.451342217981,2.056920350997,23.3));
#883 = B_SPLINE_CURVE_WITH_KNOTS('',3,(#884,#885,#886,#887,#888,#889,
    #890,#891,#892,#893,#894,#895,#896,#897),.UNSPECIFIED.,.F.,.F.,(4,2,
    2,2,2,2,4),(-4.836756006597E-02,-4.128205230337E-02,
    -3.321092148618E-02,-2.247521830225E-02,-1.159847454609E-02,0.,
    3.290802324133E-04),.UNSPECIFIED.);
#884 = CARTESIAN_POINT('',(-2.451342217981,2.056920350997,23.3));
#885 = CARTESIAN_POINT('',(-2.451342217981,2.056920350997,
    23.276617882411));
#886 = CARTESIAN_POINT('',(-2.446725779447,2.057327250802,23.25375625247
    ));
#887 = CARTESIAN_POINT('',(-2.428198280592,2.058920648863,
    23.207282280203));
#888 = CARTESIAN_POINT('',(-2.413442878096,2.060173804836,
    23.184868329263));
#889 = CARTESIAN_POINT('',(-2.371637971049,2.063568143754,
    23.138870748986));
#890 = CARTESIAN_POINT('',(-2.342375977777,2.065840337508,
    23.117552398313));
#891 = CARTESIAN_POINT('',(-2.279036038748,2.070366107573,
    23.084007141507));
#892 = CARTESIAN_POINT('',(-2.244508979262,2.072648444244,
    23.071679759926));
#893 = CARTESIAN_POINT('',(-2.171768313826,2.076969486415,
    23.054587002514));
#894 = CARTESIAN_POINT('',(-2.132913454958,2.07901597279,23.050242967594
    ));
#895 = CARTESIAN_POINT('',(-2.093196363535,2.08081452749,23.050003303878
    ));
#896 = CARTESIAN_POINT('',(-2.0921005361,2.080863925838,23.05));
#897 = CARTESIAN_POINT('',(-2.091004704702,2.080913098838,23.05));
#898 = ORIENTED_EDGE('',*,*,#899,.F.);
#899 = EDGE_CURVE('',#686,#881,#900,.T.);
#900 = LINE('',#901,#902);
#901 = CARTESIAN_POINT('',(-1.025231325344,0.860271226967,23.3));
#902 = VECTOR('',#903,1.);
#903 = DIRECTION('',(0.766044443119,-0.642787609687,0.));
#904 = ORIENTED_EDGE('',*,*,#786,.T.);
#905 = ORIENTED_EDGE('',*,*,#906,.T.);
#906 = EDGE_CURVE('',#787,#867,#907,.T.);
#907 = B_SPLINE_CURVE_WITH_KNOTS('',3,(#908,#909,#910,#911,#912,#913),
  .UNSPECIFIED.,.F.,.F.,(4,2,4),(7.667057521919E-02,8.485003871079E-02,
    9.333246563668E-02),.UNSPECIFIED.);
#908 = CARTESIAN_POINT('',(-3.063977478903,2.571389120452,
    23.287522162674));
#909 = CARTESIAN_POINT('',(-3.063088452881,2.572448452812,
    23.259848558157));
#910 = CARTESIAN_POINT('',(-3.05907283952,2.577245842599,23.231076583632
    ));
#911 = CARTESIAN_POINT('',(-3.044482516077,2.594466851431,
    23.176587597218));
#912 = CARTESIAN_POINT('',(-3.03364098931,2.607182651767,23.150989307072
    ));
#913 = CARTESIAN_POINT('',(-3.020879788324,2.621885829798,
    23.130000000086));
#914 = CYLINDRICAL_SURFACE('',#915,0.25);
#915 = AXIS2_PLACEMENT_3D('',#916,#917,#918);
#916 = CARTESIAN_POINT('',(-0.864534422922,1.051782337747,23.3));
#917 = DIRECTION('',(0.766044443119,-0.642787609687,0.));
#918 = DIRECTION('',(-0.454519477672,-0.54167522042,-0.707106781187));
#919 = ADVANCED_FACE('',(#920),#931,.F.);
#920 = FACE_BOUND('',#921,.T.);
#921 = EDGE_LOOP('',(#922,#923,#924,#930));
#922 = ORIENTED_EDGE('',*,*,#694,.F.);
#923 = ORIENTED_EDGE('',*,*,#634,.F.);
#924 = ORIENTED_EDGE('',*,*,#925,.T.);
#925 = EDGE_CURVE('',#376,#881,#926,.T.);
#926 = LINE('',#927,#928);
#927 = CARTESIAN_POINT('',(-2.451342217981,2.056920350997,23.65));
#928 = VECTOR('',#929,1.);
#929 = DIRECTION('',(0.,0.,-1.));
#930 = ORIENTED_EDGE('',*,*,#899,.F.);
#931 = PLANE('',#932);
#932 = AXIS2_PLACEMENT_3D('',#933,#934,#935);
#933 = CARTESIAN_POINT('',(-2.857345772834,2.397597784131,23.35));
#934 = DIRECTION('',(-0.642787609687,-0.766044443119,0.));
#935 = DIRECTION('',(0.766044443119,-0.642787609687,0.));
#936 = ADVANCED_FACE('',(#937),#956,.F.);
#937 = FACE_BOUND('',#938,.F.);
#938 = EDGE_LOOP('',(#939,#940,#949,#955));
#939 = ORIENTED_EDGE('',*,*,#925,.T.);
#940 = ORIENTED_EDGE('',*,*,#941,.T.);
#941 = EDGE_CURVE('',#881,#942,#944,.T.);
#942 = VERTEX_POINT('',#943);
#943 = CARTESIAN_POINT('',(-3.007016386515,1.094464458642,23.3));
#944 = CIRCLE('',#945,3.2);
#945 = AXIS2_PLACEMENT_3D('',#946,#947,#948);
#946 = CARTESIAN_POINT('',(0.,0.,23.3));
#947 = DIRECTION('',(0.,0.,1.));
#948 = DIRECTION('',(-0.866025403784,0.5,0.));
#949 = ORIENTED_EDGE('',*,*,#950,.T.);
#950 = EDGE_CURVE('',#942,#357,#951,.T.);
#951 = LINE('',#952,#953);
#952 = CARTESIAN_POINT('',(-3.007016386515,1.094464458642,23.65));
#953 = VECTOR('',#954,1.);
#954 = DIRECTION('',(0.,0.,1.));
#955 = ORIENTED_EDGE('',*,*,#375,.T.);
#956 = CYLINDRICAL_SURFACE('',#957,3.2);
#957 = AXIS2_PLACEMENT_3D('',#958,#959,#960);
#958 = CARTESIAN_POINT('',(0.,0.,23.35));
#959 = DIRECTION('',(0.,0.,1.));
#960 = DIRECTION('',(-0.866025403784,0.5,0.));
#961 = ADVANCED_FACE('',(#962),#973,.T.);
#962 = FACE_BOUND('',#963,.T.);
#963 = EDGE_LOOP('',(#964,#965,#966,#972));
#964 = ORIENTED_EDGE('',*,*,#426,.F.);
#965 = ORIENTED_EDGE('',*,*,#460,.F.);
#966 = ORIENTED_EDGE('',*,*,#967,.F.);
#967 = EDGE_CURVE('',#942,#461,#968,.T.);
#968 = LINE('',#969,#970);
#969 = CARTESIAN_POINT('',(-1.145448960444,0.416909326473,23.3));
#970 = VECTOR('',#971,1.);
#971 = DIRECTION('',(-0.939692620786,0.342020143326,0.));
#972 = ORIENTED_EDGE('',*,*,#950,.T.);
#973 = PLANE('',#974);
#974 = AXIS2_PLACEMENT_3D('',#975,#976,#977);
#975 = CARTESIAN_POINT('',(-3.505053475531,1.275735134605,23.35));
#976 = DIRECTION('',(-0.342020143326,-0.939692620786,0.));
#977 = DIRECTION('',(0.939692620786,-0.342020143326,0.));
#978 = ADVANCED_FACE('',(#979),#1023,.F.);
#979 = FACE_BOUND('',#980,.F.);
#980 = EDGE_LOOP('',(#981,#982,#999,#1000,#1013,#1022));
#981 = ORIENTED_EDGE('',*,*,#967,.F.);
#982 = ORIENTED_EDGE('',*,*,#983,.T.);
#983 = EDGE_CURVE('',#942,#132,#984,.T.);
#984 = B_SPLINE_CURVE_WITH_KNOTS('',3,(#985,#986,#987,#988,#989,#990,
    #991,#992,#993,#994,#995,#996,#997,#998),.UNSPECIFIED.,.F.,.F.,(4,2,
    2,2,2,2,4),(0.,7.014635276641E-03,1.500503495575E-02,
    2.563335473137E-02,3.640130432698E-02,4.788376563142E-02,
    4.820955425299E-02),.UNSPECIFIED.);
#985 = CARTESIAN_POINT('',(-3.007016386515,1.094464458642,23.3));
#986 = CARTESIAN_POINT('',(-3.007016386515,1.094464458642,
    23.276617882411));
#987 = CARTESIAN_POINT('',(-3.005060552816,1.090263055695,23.25375625247
    ));
#988 = CARTESIAN_POINT('',(-2.997176726587,1.073421071987,
    23.207282280203));
#989 = CARTESIAN_POINT('',(-2.990884290248,1.060015940596,
    23.184868329263));
#990 = CARTESIAN_POINT('',(-2.972921420456,1.022114659631,
    23.138870748986));
#991 = CARTESIAN_POINT('',(-2.960258201332,0.995636933215,
    23.117552398313));
#992 = CARTESIAN_POINT('',(-2.932507663666,0.93852005191,23.084007141507
    ));
#993 = CARTESIAN_POINT('',(-2.917220695461,0.907477572941,
    23.071679759926));
#994 = CARTESIAN_POINT('',(-2.884592495034,0.8423217877,23.054587002514)
  );
#995 = CARTESIAN_POINT('',(-2.866937374789,0.807649249672,
    23.050242967594));
#996 = CARTESIAN_POINT('',(-2.848636423138,0.772353962185,
    23.050003303878));
#997 = CARTESIAN_POINT('',(-2.848131289644,0.771380248615,23.05));
#998 = CARTESIAN_POINT('',(-2.847625959012,0.770406644285,23.05));
#999 = ORIENTED_EDGE('',*,*,#140,.F.);
#1000 = ORIENTED_EDGE('',*,*,#1001,.F.);
#1001 = EDGE_CURVE('',#1002,#141,#1004,.T.);
#1002 = VERTEX_POINT('',#1003);
#1003 = CARTESIAN_POINT('',(-3.781059628616,1.305215723493,23.13));
#1004 = B_SPLINE_CURVE_WITH_KNOTS('',3,(#1005,#1006,#1007,#1008,#1009,
    #1010,#1011,#1012),.UNSPECIFIED.,.F.,.F.,(4,2,2,4),(
    9.333246564824E-02,9.42674519892E-02,0.103692340277,0.113117228566),
  .UNSPECIFIED.);
#1005 = CARTESIAN_POINT('',(-3.781059628616,1.305215723493,23.13));
#1006 = CARTESIAN_POINT('',(-3.781759865864,1.303187216831,
    23.127686426833));
#1007 = CARTESIAN_POINT('',(-3.782468724395,1.301128435801,
    23.125426903981));
#1008 = CARTESIAN_POINT('',(-3.79039955147,1.278031617249,
    23.101010491411));
#1009 = CARTESIAN_POINT('',(-3.799350819398,1.251352693216,
    23.081765552584));
#1010 = CARTESIAN_POINT('',(-3.818185216025,1.192649096684,
    23.056260709415));
#1011 = CARTESIAN_POINT('',(-3.828048092194,1.160618278073,23.05));
#1012 = CARTESIAN_POINT('',(-3.836926987053,1.130482771221,23.05));
#1013 = ORIENTED_EDGE('',*,*,#1014,.T.);
#1014 = EDGE_CURVE('',#1002,#565,#1015,.T.);
#1015 = B_SPLINE_CURVE_WITH_KNOTS('',3,(#1016,#1017,#1018,#1019,#1020,
    #1021),.UNSPECIFIED.,.F.,.F.,(4,2,4),(-9.333246564823E-02,
    -8.485003871079E-02,-7.667057521919E-02),.UNSPECIFIED.);
#1016 = CARTESIAN_POINT('',(-3.781059628616,1.305215723493,23.13));
#1017 = CARTESIAN_POINT('',(-3.774706903406,1.323618836778,
    23.150989307003));
#1018 = CARTESIAN_POINT('',(-3.76911546066,1.33936577457,23.17658759718)
  );
#1019 = CARTESIAN_POINT('',(-3.761496791249,1.360611869752,
    23.231076583632));
#1020 = CARTESIAN_POINT('',(-3.759349936502,1.366488187828,
    23.259848558157));
#1021 = CARTESIAN_POINT('',(-3.758877040777,1.367787773127,
    23.287522162674));
#1022 = ORIENTED_EDGE('',*,*,#564,.T.);
#1023 = CYLINDRICAL_SURFACE('',#1024,0.25);
#1024 = AXIS2_PLACEMENT_3D('',#1025,#1026,#1027);
#1025 = CARTESIAN_POINT('',(-1.230953996275,0.181986171276,23.3));
#1026 = DIRECTION('',(-0.939692620786,0.342020143326,0.));
#1027 = DIRECTION('',(0.241844762648,0.664463024389,-0.707106781187));
#1028 = ADVANCED_FACE('',(#1029),#1035,.F.);
#1029 = FACE_BOUND('',#1030,.F.);
#1030 = EDGE_LOOP('',(#1031,#1032,#1033,#1034));
#1031 = ORIENTED_EDGE('',*,*,#880,.T.);
#1032 = ORIENTED_EDGE('',*,*,#131,.F.);
#1033 = ORIENTED_EDGE('',*,*,#983,.F.);
#1034 = ORIENTED_EDGE('',*,*,#941,.F.);
#1035 = TOROIDAL_SURFACE('',#1036,2.95,0.25);
#1036 = AXIS2_PLACEMENT_3D('',#1037,#1038,#1039);
#1037 = CARTESIAN_POINT('',(0.,0.,23.3));
#1038 = DIRECTION('',(0.,0.,1.));
#1039 = DIRECTION('',(1.,0.,-0.));
#1040 = ADVANCED_FACE('',(#1041),#1061,.T.);
#1041 = FACE_BOUND('',#1042,.T.);
#1042 = EDGE_LOOP('',(#1043,#1044,#1051,#1052,#1053,#1060));
#1043 = ORIENTED_EDGE('',*,*,#796,.F.);
#1044 = ORIENTED_EDGE('',*,*,#1045,.T.);
#1045 = EDGE_CURVE('',#797,#555,#1046,.T.);
#1046 = CIRCLE('',#1047,4.);
#1047 = AXIS2_PLACEMENT_3D('',#1048,#1049,#1050);
#1048 = CARTESIAN_POINT('',(-4.054092189884E-15,1.859890545553E-15,23.13
    ));
#1049 = DIRECTION('',(0.,0.,1.));
#1050 = DIRECTION('',(-0.866025403784,0.5,0.));
#1051 = ORIENTED_EDGE('',*,*,#554,.F.);
#1052 = ORIENTED_EDGE('',*,*,#441,.F.);
#1053 = ORIENTED_EDGE('',*,*,#1054,.F.);
#1054 = EDGE_CURVE('',#643,#410,#1055,.T.);
#1055 = CIRCLE('',#1056,4.);
#1056 = AXIS2_PLACEMENT_3D('',#1057,#1058,#1059);
#1057 = CARTESIAN_POINT('',(-4.054092189884E-15,1.859890545553E-15,23.65
    ));
#1058 = DIRECTION('',(0.,0.,1.));
#1059 = DIRECTION('',(-0.866025403784,0.5,0.));
#1060 = ORIENTED_EDGE('',*,*,#666,.F.);
#1061 = TOROIDAL_SURFACE('',#1062,4.,0.26);
#1062 = AXIS2_PLACEMENT_3D('',#1063,#1064,#1065);
#1063 = CARTESIAN_POINT('',(0.,0.,23.39));
#1064 = DIRECTION('',(0.,0.,1.));
#1065 = DIRECTION('',(-0.5,-0.866025403784,0.));
#1066 = ADVANCED_FACE('',(#1067),#1073,.T.);
#1067 = FACE_BOUND('',#1068,.T.);
#1068 = EDGE_LOOP('',(#1069,#1070,#1071,#1072));
#1069 = ORIENTED_EDGE('',*,*,#651,.F.);
#1070 = ORIENTED_EDGE('',*,*,#1054,.T.);
#1071 = ORIENTED_EDGE('',*,*,#409,.F.);
#1072 = ORIENTED_EDGE('',*,*,#345,.F.);
#1073 = PLANE('',#1074);
#1074 = AXIS2_PLACEMENT_3D('',#1075,#1076,#1077);
#1075 = CARTESIAN_POINT('',(-2.77128129211,1.6,23.65));
#1076 = DIRECTION('',(0.,0.,1.));
#1077 = DIRECTION('',(-0.5,-0.866025403784,0.));
#1078 = ADVANCED_FACE('',(#1079),#1137,.T.);
#1079 = FACE_BOUND('',#1080,.T.);
#1080 = EDGE_LOOP('',(#1081,#1092,#1111,#1120));
#1081 = ORIENTED_EDGE('',*,*,#1082,.T.);
#1082 = EDGE_CURVE('',#1083,#1085,#1087,.T.);
#1083 = VERTEX_POINT('',#1084);
#1084 = CARTESIAN_POINT('',(3.093509990664,1.285572221878,23.65));
#1085 = VERTEX_POINT('',#1086);
#1086 = CARTESIAN_POINT('',(2.660093197878,2.036272127837,23.65));
#1087 = CIRCLE('',#1088,3.35);
#1088 = AXIS2_PLACEMENT_3D('',#1089,#1090,#1091);
#1089 = CARTESIAN_POINT('',(0.,0.,23.65));
#1090 = DIRECTION('',(0.,0.,1.));
#1091 = DIRECTION('',(0.866025403784,0.5,-0.));
#1092 = ORIENTED_EDGE('',*,*,#1093,.T.);
#1093 = EDGE_CURVE('',#1085,#1094,#1096,.T.);
#1094 = VERTEX_POINT('',#1095);
#1095 = CARTESIAN_POINT('',(2.451342217981,2.056920350997,23.5));
#1096 = B_SPLINE_CURVE_WITH_KNOTS('',3,(#1097,#1098,#1099,#1100,#1101,
    #1102,#1103,#1104,#1105,#1106,#1107,#1108,#1109,#1110),
  .UNSPECIFIED.,.F.,.F.,(4,2,2,2,2,2,4),(-2.394486705718E-04,0.,
    6.4866336558E-03,1.271192362263E-02,1.920104007119E-02,
    2.406097180026E-02,2.830861345139E-02),.UNSPECIFIED.);
#1097 = CARTESIAN_POINT('',(2.660093197878,2.036272127837,23.65));
#1098 = CARTESIAN_POINT('',(2.659299830087,2.036359480585,23.65));
#1099 = CARTESIAN_POINT('',(2.658506445556,2.03644673601,23.649996672059
    ));
#1100 = CARTESIAN_POINT('',(2.63622101526,2.038894871977,23.649809771212
    ));
#1101 = CARTESIAN_POINT('',(2.614619158882,2.041193224504,
    23.647187893562));
#1102 = CARTESIAN_POINT('',(2.573686707639,2.04541195778,23.637192219198
    ));
#1103 = CARTESIAN_POINT('',(2.554050774127,2.04736908746,23.629951332476
    ));
#1104 = CARTESIAN_POINT('',(2.516908078372,2.050965061308,
    23.610082215669));
#1105 = CARTESIAN_POINT('',(2.499258363195,2.052611972655,23.59708674994
    ));
#1106 = CARTESIAN_POINT('',(2.47411402722,2.054905586377,23.569235521422
    ));
#1107 = CARTESIAN_POINT('',(2.465232487041,2.055696305105,
    23.555703655767));
#1108 = CARTESIAN_POINT('',(2.454113551286,2.056678961527,
    23.527742642146));
#1109 = CARTESIAN_POINT('',(2.451342217981,2.056920350997,
    23.514031528189));
#1110 = CARTESIAN_POINT('',(2.451342217981,2.056920350997,23.5));
#1111 = ORIENTED_EDGE('',*,*,#1112,.T.);
#1112 = EDGE_CURVE('',#1094,#1113,#1115,.T.);
#1113 = VERTEX_POINT('',#1114);
#1114 = CARTESIAN_POINT('',(3.007016386515,1.094464458642,23.5));
#1115 = CIRCLE('',#1116,3.2);
#1116 = AXIS2_PLACEMENT_3D('',#1117,#1118,#1119);
#1117 = CARTESIAN_POINT('',(0.,0.,23.5));
#1118 = DIRECTION('',(0.,0.,-1.));
#1119 = DIRECTION('',(0.866025403784,0.5,0.));
#1120 = ORIENTED_EDGE('',*,*,#1121,.T.);
#1121 = EDGE_CURVE('',#1113,#1083,#1122,.T.);
#1122 = B_SPLINE_CURVE_WITH_KNOTS('',3,(#1123,#1124,#1125,#1126,#1127,
    #1128,#1129,#1130,#1131,#1132,#1133,#1134,#1135,#1136),
  .UNSPECIFIED.,.F.,.F.,(4,2,2,2,2,2,4),(0.,4.20945845672E-03,
    9.025702951017E-03,1.545648698473E-02,2.162581614398E-02,
    2.805413970342E-02,2.829143590543E-02),.UNSPECIFIED.);
#1123 = CARTESIAN_POINT('',(3.007016386515,1.094464458642,23.5));
#1124 = CARTESIAN_POINT('',(3.007016386515,1.094464458642,
    23.514031528189));
#1125 = CARTESIAN_POINT('',(3.008193003755,1.096985198422,
    23.527742642146));
#1126 = CARTESIAN_POINT('',(3.012901466207,1.10710580746,23.555703655767
    ));
#1127 = CARTESIAN_POINT('',(3.016657453791,1.115192806243,
    23.569235521422));
#1128 = CARTESIAN_POINT('',(3.027243294029,1.13811524682,23.59708674994)
  );
#1129 = CARTESIAN_POINT('',(3.034641884553,1.154223804207,
    23.610082215669));
#1130 = CARTESIAN_POINT('',(3.050099027727,1.188188309219,
    23.629951332476));
#1131 = CARTESIAN_POINT('',(3.058222070461,1.206172091307,
    23.637192219198));
#1132 = CARTESIAN_POINT('',(3.075034765894,1.243730000561,
    23.647187893562));
#1133 = CARTESIAN_POINT('',(3.083845262408,1.263586933217,
    23.649809771212));
#1134 = CARTESIAN_POINT('',(3.092867829617,1.284110749971,
    23.649996672059));
#1135 = CARTESIAN_POINT('',(3.093188956468,1.284841468843,23.65));
#1136 = CARTESIAN_POINT('',(3.093509990664,1.285572221878,23.65));
#1137 = TOROIDAL_SURFACE('',#1138,3.35,0.15);
#1138 = AXIS2_PLACEMENT_3D('',#1139,#1140,#1141);
#1139 = CARTESIAN_POINT('',(0.,0.,23.5));
#1140 = DIRECTION('',(0.,0.,-1.));
#1141 = DIRECTION('',(-1.,0.,0.));
#1142 = ADVANCED_FACE('',(#1143),#1169,.T.);
#1143 = FACE_BOUND('',#1144,.T.);
#1144 = EDGE_LOOP('',(#1145,#1153,#1162,#1168));
#1145 = ORIENTED_EDGE('',*,*,#1146,.T.);
#1146 = EDGE_CURVE('',#1085,#1147,#1149,.T.);
#1147 = VERTEX_POINT('',#1148);
#1148 = CARTESIAN_POINT('',(3.158440655958,2.45443529611,23.65));
#1149 = LINE('',#1150,#1151);
#1150 = CARTESIAN_POINT('',(2.732141438647,2.096727780093,23.65));
#1151 = VECTOR('',#1152,1.);
#1152 = DIRECTION('',(0.766044443119,0.642787609687,0.));
#1153 = ORIENTED_EDGE('',*,*,#1154,.T.);
#1154 = EDGE_CURVE('',#1147,#1155,#1157,.T.);
#1155 = VERTEX_POINT('',#1156);
#1156 = CARTESIAN_POINT('',(3.062022514505,2.569341962578,23.5));
#1157 = CIRCLE('',#1158,0.15);
#1158 = AXIS2_PLACEMENT_3D('',#1159,#1160,#1161);
#1159 = CARTESIAN_POINT('',(3.158440655958,2.45443529611,23.5));
#1160 = DIRECTION('',(-0.766044443119,-0.642787609687,-1.18939600703E-15
    ));
#1161 = DIRECTION('',(-5.916456789158E-31,-1.850371707709E-15,1.));
#1162 = ORIENTED_EDGE('',*,*,#1163,.T.);
#1163 = EDGE_CURVE('',#1155,#1094,#1164,.T.);
#1164 = LINE('',#1165,#1166);
#1165 = CARTESIAN_POINT('',(2.635723297194,2.211634446561,23.5));
#1166 = VECTOR('',#1167,1.);
#1167 = DIRECTION('',(-0.766044443119,-0.642787609687,0.));
#1168 = ORIENTED_EDGE('',*,*,#1093,.F.);
#1169 = CYLINDRICAL_SURFACE('',#1170,0.15);
#1170 = AXIS2_PLACEMENT_3D('',#1171,#1172,#1173);
#1171 = CARTESIAN_POINT('',(2.732141438647,2.096727780093,23.5));
#1172 = DIRECTION('',(0.766044443119,0.642787609687,0.));
#1173 = DIRECTION('',(-0.454519477672,0.54167522042,0.707106781187));
#1174 = ADVANCED_FACE('',(#1175),#1221,.F.);
#1175 = FACE_BOUND('',#1176,.F.);
#1176 = EDGE_LOOP('',(#1177,#1195,#1196,#1214));
#1177 = ORIENTED_EDGE('',*,*,#1178,.F.);
#1178 = EDGE_CURVE('',#1147,#1179,#1181,.T.);
#1179 = VERTEX_POINT('',#1180);
#1180 = CARTESIAN_POINT('',(3.274991297053,2.548076730945,
    23.177272727273));
#1181 = B_SPLINE_CURVE_WITH_KNOTS('',3,(#1182,#1183,#1184,#1185,#1186,
    #1187,#1188,#1189,#1190,#1191,#1192,#1193,#1194),.UNSPECIFIED.,.F.,
  .F.,(4,1,1,1,1,1,1,1,1,1,4),(0.,1.987575347468E-03,3.975150694936E-03,
    7.950301389871E-03,1.192545208481E-02,1.590060277974E-02,
    1.987575347468E-02,2.385090416961E-02,2.583847951708E-02,
    2.683226719082E-02,2.782605486455E-02),.UNSPECIFIED.);
#1182 = CARTESIAN_POINT('',(3.158440655958,2.45443529611,23.65));
#1183 = CARTESIAN_POINT('',(3.170644555595,2.464233634298,23.65));
#1184 = CARTESIAN_POINT('',(3.19504851629,2.483831615958,23.647159738778
    ));
#1185 = CARTESIAN_POINT('',(3.242278251724,2.52177641496,23.630361264021
    ));
#1186 = CARTESIAN_POINT('',(3.295412502061,2.564492207614,
    23.589370966509));
#1187 = CARTESIAN_POINT('',(3.341500545275,2.601567789731,
    23.514397269986));
#1188 = CARTESIAN_POINT('',(3.363937947424,2.619624673352,23.42333148707
    ));
#1189 = CARTESIAN_POINT('',(3.35985878942,2.616341567352,23.327965150129
    ));
#1190 = CARTESIAN_POINT('',(3.334772195913,2.596154499319,
    23.255179101659));
#1191 = CARTESIAN_POINT('',(3.307550517711,2.574258134359,
    23.212669846343));
#1192 = CARTESIAN_POINT('',(3.289648533106,2.55986163094,23.191350659404
    ));
#1193 = CARTESIAN_POINT('',(3.279982360927,2.552089474512,
    23.181772515156));
#1194 = CARTESIAN_POINT('',(3.274991297053,2.548076730945,
    23.177272727273));
#1195 = ORIENTED_EDGE('',*,*,#1154,.T.);
#1196 = ORIENTED_EDGE('',*,*,#1197,.F.);
#1197 = EDGE_CURVE('',#1198,#1155,#1200,.T.);
#1198 = VERTEX_POINT('',#1199);
#1199 = CARTESIAN_POINT('',(3.110504989345,2.610023589335,23.3));
#1200 = B_SPLINE_CURVE_WITH_KNOTS('',3,(#1201,#1202,#1203,#1204,#1205,
    #1206,#1207,#1208,#1209,#1210,#1211,#1212,#1213),.UNSPECIFIED.,.F.,
  .F.,(4,1,1,1,1,1,1,1,1,1,4),(-2.782605486455E-02,-2.683226719082E-02,
    -2.583847951708E-02,-2.385090416961E-02,-1.987575347468E-02,
    -1.590060277974E-02,-1.192545208481E-02,-7.950301389871E-03,
    -3.975150694936E-03,-1.987575347468E-03,0.),.UNSPECIFIED.);
#1201 = CARTESIAN_POINT('',(3.110504989345,2.610023589335,23.3));
#1202 = CARTESIAN_POINT('',(3.112581690443,2.61176614846,23.301903756412
    ));
#1203 = CARTESIAN_POINT('',(3.116603763408,2.615141068402,
    23.305956048209));
#1204 = CARTESIAN_POINT('',(3.124053183628,2.621391874161,
    23.314975704222));
#1205 = CARTESIAN_POINT('',(3.135381732159,2.630897655055,
    23.332960389163));
#1206 = CARTESIAN_POINT('',(3.145823323213,2.639659190257,
    23.363754486593));
#1207 = CARTESIAN_POINT('',(3.147521280224,2.641083945358,
    23.404101782991));
#1208 = CARTESIAN_POINT('',(3.138182027776,2.633247382074,
    23.442629614225));
#1209 = CARTESIAN_POINT('',(3.119001363014,2.617152893347,
    23.474349255062));
#1210 = CARTESIAN_POINT('',(3.096893717193,2.598602375892,
    23.491691304009));
#1211 = CARTESIAN_POINT('',(3.077247480942,2.5821172263,23.498798351021)
  );
#1212 = CARTESIAN_POINT('',(3.067097751339,2.573600591933,23.5));
#1213 = CARTESIAN_POINT('',(3.062022514505,2.569341962578,23.5));
#1214 = ORIENTED_EDGE('',*,*,#1215,.F.);
#1215 = EDGE_CURVE('',#1179,#1198,#1216,.T.);
#1216 = CIRCLE('',#1217,0.15);
#1217 = AXIS2_PLACEMENT_3D('',#1218,#1219,#1220);
#1218 = CARTESIAN_POINT('',(3.206923130798,2.495116922867,23.3));
#1219 = DIRECTION('',(0.626904866779,0.526035642497,0.574697129653));
#1220 = DIRECTION('',(0.453787775028,0.35306538719,-0.818181818182));
#1221 = B_SPLINE_SURFACE_WITH_KNOTS('',3,3,(
    (#1222,#1223,#1224,#1225,#1226,#1227,#1228,#1229,#1230,#1231,#1232
      ,#1233,#1234)
    ,(#1235,#1236,#1237,#1238,#1239,#1240,#1241,#1242,#1243,#1244,#1245
      ,#1246,#1247)
    ,(#1248,#1249,#1250,#1251,#1252,#1253,#1254,#1255,#1256,#1257,#1258
      ,#1259,#1260)
    ,(#1261,#1262,#1263,#1264,#1265,#1266,#1267,#1268,#1269,#1270,#1271
      ,#1272,#1273)
    ,(#1274,#1275,#1276,#1277,#1278,#1279,#1280,#1281,#1282,#1283,#1284
      ,#1285,#1286
    )),.UNSPECIFIED.,.F.,.F.,.F.,(4,1,4),(4,1,1,1,1,1,1,1,1,1,4),(0.,
    0.571428571429,1.),(0.,1.987575347468E-03,3.975150694936E-03,
    7.950301389871E-03,1.192545208481E-02,1.590060277974E-02,
    1.987575347468E-02,2.385090416961E-02,2.583847951708E-02,
    2.683226719082E-02,2.782605486455E-02),.UNSPECIFIED.);
#1222 = CARTESIAN_POINT('',(3.158440655958,2.45443529611,23.65));
#1223 = CARTESIAN_POINT('',(3.170644555595,2.464233634298,23.65));
#1224 = CARTESIAN_POINT('',(3.19504851629,2.483831615958,23.647159738778
    ));
#1225 = CARTESIAN_POINT('',(3.242278251724,2.52177641496,23.630361264021
    ));
#1226 = CARTESIAN_POINT('',(3.295412502061,2.564492207614,
    23.589370966509));
#1227 = CARTESIAN_POINT('',(3.341500545275,2.601567789731,
    23.514397269986));
#1228 = CARTESIAN_POINT('',(3.363937947424,2.619624673352,23.42333148707
    ));
#1229 = CARTESIAN_POINT('',(3.35985878942,2.616341567352,23.327965150129
    ));
#1230 = CARTESIAN_POINT('',(3.334772195913,2.596154499319,
    23.255179101659));
#1231 = CARTESIAN_POINT('',(3.307550517711,2.574258134359,
    23.212669846343));
#1232 = CARTESIAN_POINT('',(3.289648533106,2.55986163094,23.191350659404
    ));
#1233 = CARTESIAN_POINT('',(3.279982360927,2.552089474512,
    23.181772515156));
#1234 = CARTESIAN_POINT('',(3.274991297053,2.548076730945,
    23.177272727273));
#1235 = CARTESIAN_POINT('',(3.129592415495,2.488815290322,23.65));
#1236 = CARTESIAN_POINT('',(3.141776747831,2.498681802584,
    23.650104391024));
#1237 = CARTESIAN_POINT('',(3.166156809948,2.518426878658,23.64752708927
    ));
#1238 = CARTESIAN_POINT('',(3.213469222029,2.556758264444,
    23.631114784857));
#1239 = CARTESIAN_POINT('',(3.266869374975,2.600042797281,
    23.590449143281));
#1240 = CARTESIAN_POINT('',(3.313353528171,2.637740637205,
    23.515348299581));
#1241 = CARTESIAN_POINT('',(3.33601107374,2.65612015232,23.423749668693)
  );
#1242 = CARTESIAN_POINT('',(3.33185965628,2.652750994276,23.327631636791
    ));
#1243 = CARTESIAN_POINT('',(3.306464330195,2.632148741218,
    23.254440779903));
#1244 = CARTESIAN_POINT('',(3.278981592247,2.609860560588,
    23.211856109057));
#1245 = CARTESIAN_POINT('',(3.260940376963,2.595232407227,23.19052834394
    ));
#1246 = CARTESIAN_POINT('',(3.251206503564,2.58734093032,23.180973103365
    ));
#1247 = CARTESIAN_POINT('',(3.246184842472,2.583270120672,
    23.176482622743));
#1248 = CARTESIAN_POINT('',(3.079643809919,2.548341720463,
    23.612335741459));
#1249 = CARTESIAN_POINT('',(3.089941113794,2.556874542955,
    23.612496709309));
#1250 = CARTESIAN_POINT('',(3.110583823155,2.57398131398,23.61037292961)
  );
#1251 = CARTESIAN_POINT('',(3.150705384659,2.607233803042,
    23.596564079444));
#1252 = CARTESIAN_POINT('',(3.196149145577,2.644903944376,
    23.561897266809));
#1253 = CARTESIAN_POINT('',(3.235846319467,2.677816401296,
    23.497536490608));
#1254 = CARTESIAN_POINT('',(3.25526185648,2.693915695438,23.418811968708
    ));
#1255 = CARTESIAN_POINT('',(3.251736973303,2.69099331757,23.33625916806)
  );
#1256 = CARTESIAN_POINT('',(3.230072584892,2.673031037667,
    23.273447509552));
#1257 = CARTESIAN_POINT('',(3.206662641192,2.653623377351,
    23.236988271626));
#1258 = CARTESIAN_POINT('',(3.19130305942,2.640890385461,23.218788665932
    ));
#1259 = CARTESIAN_POINT('',(3.183023978461,2.634027392928,
    23.210640166598));
#1260 = CARTESIAN_POINT('',(3.178752610183,2.630486668569,
    23.206822094772));
#1261 = CARTESIAN_POINT('',(3.062022514505,2.569341962578,
    23.533659921288));
#1262 = CARTESIAN_POINT('',(3.068644852766,2.574899903763,
    23.533707866946));
#1263 = CARTESIAN_POINT('',(3.081904616318,2.586027710169,
    23.532226438974));
#1264 = CARTESIAN_POINT('',(3.107618819726,2.607608291195,
    23.523109117081));
#1265 = CARTESIAN_POINT('',(3.13664475383,2.631967287326,23.500571836226
    ));
#1266 = CARTESIAN_POINT('',(3.161909496511,2.653169321015,
    23.459070652314));
#1267 = CARTESIAN_POINT('',(3.174239068623,2.66351500591,23.408499214739
    ));
#1268 = CARTESIAN_POINT('',(3.172001328641,2.661635854345,23.35551214784
    ));
#1269 = CARTESIAN_POINT('',(3.158235353196,2.650081130206,
    23.315127100054));
#1270 = CARTESIAN_POINT('',(3.143327634913,2.637568543763,
    23.291607199248));
#1271 = CARTESIAN_POINT('',(3.133534252466,2.629349011304,
    23.279838124263));
#1272 = CARTESIAN_POINT('',(3.128250886611,2.624914642697,
    23.274558574554));
#1273 = CARTESIAN_POINT('',(3.125523803171,2.622625870476,
    23.272081613584));
#1274 = CARTESIAN_POINT('',(3.062022514505,2.569341962578,23.5));
#1275 = CARTESIAN_POINT('',(3.067097751339,2.573600591933,23.5));
#1276 = CARTESIAN_POINT('',(3.077247480942,2.5821172263,23.498798351021)
  );
#1277 = CARTESIAN_POINT('',(3.096893717193,2.598602375892,
    23.491691304009));
#1278 = CARTESIAN_POINT('',(3.119001363014,2.617152893347,
    23.474349255062));
#1279 = CARTESIAN_POINT('',(3.138182027776,2.633247382074,
    23.442629614225));
#1280 = CARTESIAN_POINT('',(3.147521280224,2.641083945358,
    23.404101782991));
#1281 = CARTESIAN_POINT('',(3.145823323213,2.639659190257,
    23.363754486593));
#1282 = CARTESIAN_POINT('',(3.135381732159,2.630897655055,
    23.332960389163));
#1283 = CARTESIAN_POINT('',(3.124053183628,2.621391874161,
    23.314975704222));
#1284 = CARTESIAN_POINT('',(3.116603763408,2.615141068402,
    23.305956048209));
#1285 = CARTESIAN_POINT('',(3.112581690443,2.61176614846,23.301903756412
    ));
#1286 = CARTESIAN_POINT('',(3.110504989345,2.610023589335,23.3));
#1287 = ADVANCED_FACE('',(#1288),#1346,.F.);
#1288 = FACE_BOUND('',#1289,.F.);
#1289 = EDGE_LOOP('',(#1290,#1299,#1300,#1309));
#1290 = ORIENTED_EDGE('',*,*,#1291,.F.);
#1291 = EDGE_CURVE('',#1179,#1292,#1294,.T.);
#1292 = VERTEX_POINT('',#1293);
#1293 = CARTESIAN_POINT('',(3.158133419449,2.454830606164,23.13));
#1294 = B_SPLINE_CURVE_WITH_KNOTS('',3,(#1295,#1296,#1297,#1298),
  .UNSPECIFIED.,.F.,.F.,(4,4),(2.394968247177E-07,6.740535401349E-03),
  .PIECEWISE_BEZIER_KNOTS.);
#1295 = CARTESIAN_POINT('',(3.274991297053,2.548076730945,
    23.177272727273));
#1296 = CARTESIAN_POINT('',(3.241135854136,2.520857441797,
    23.146749713413));
#1297 = CARTESIAN_POINT('',(3.199517911332,2.488062539578,23.13));
#1298 = CARTESIAN_POINT('',(3.158133419449,2.454830606164,23.13));
#1299 = ORIENTED_EDGE('',*,*,#1215,.T.);
#1300 = ORIENTED_EDGE('',*,*,#1301,.F.);
#1301 = EDGE_CURVE('',#1302,#1198,#1304,.T.);
#1302 = VERTEX_POINT('',#1303);
#1303 = CARTESIAN_POINT('',(3.063977478903,2.571389120452,
    23.287522162674));
#1304 = B_SPLINE_CURVE_WITH_KNOTS('',3,(#1305,#1306,#1307,#1308),
  .UNSPECIFIED.,.F.,.F.,(4,4),(-6.46103449073E-03,-2.394968247177E-07),
  .PIECEWISE_BEZIER_KNOTS.);
#1305 = CARTESIAN_POINT('',(3.063977589177,2.57138861258,23.287522791268
    ));
#1306 = CARTESIAN_POINT('',(3.080482376258,2.58520666935,23.287873579445
    ));
#1307 = CARTESIAN_POINT('',(3.097002421681,2.598693589788,
    23.292263691739));
#1308 = CARTESIAN_POINT('',(3.110504989345,2.610023589335,23.3));
#1309 = ORIENTED_EDGE('',*,*,#1310,.T.);
#1310 = EDGE_CURVE('',#1302,#1292,#1311,.T.);
#1311 = B_SPLINE_CURVE_WITH_KNOTS('',3,(#1312,#1313,#1314,#1315,#1316,
    #1317,#1318,#1319,#1320,#1321,#1322,#1323,#1324,#1325,#1326,#1327,
    #1328,#1329,#1330,#1331,#1332,#1333,#1334,#1335,#1336,#1337,#1338,
    #1339,#1340,#1341,#1342,#1343,#1344,#1345),.UNSPECIFIED.,.F.,.F.,(4,
    3,3,3,3,3,3,3,3,3,3,4),(0.,3.056539092924E-03,5.862829943062E-03,
    9.088234484853E-03,1.172334990244E-02,1.394026322942E-02,
    1.716316433971E-02,1.75829422763E-02,2.080247757561E-02,
    2.098169366868E-02,2.417499368631E-02,2.438016374306E-02),
  .UNSPECIFIED.);
#1312 = CARTESIAN_POINT('',(3.063977589177,2.57138861258,23.287522791268
    ));
#1313 = CARTESIAN_POINT('',(3.063651326844,2.571778927398,
    23.277347001824));
#1314 = CARTESIAN_POINT('',(3.064034625887,2.571313649884,
    23.267193382777));
#1315 = CARTESIAN_POINT('',(3.065072083049,2.570076447059,
    23.257196493562));
#1316 = CARTESIAN_POINT('',(3.066024600406,2.568940537829,
    23.248018080369));
#1317 = CARTESIAN_POINT('',(3.0675288751,2.567152993111,23.238970872147)
  );
#1318 = CARTESIAN_POINT('',(3.069544801316,2.564740311129,
    23.230163928367));
#1319 = CARTESIAN_POINT('',(3.071861801913,2.561967300119,
    23.220041685881));
#1320 = CARTESIAN_POINT('',(3.074833470702,2.558401396192,
    23.210342515031));
#1321 = CARTESIAN_POINT('',(3.078396495477,2.554107743641,
    23.201225028052));
#1322 = CARTESIAN_POINT('',(3.081307442429,2.550599882878,
    23.193776154524));
#1323 = CARTESIAN_POINT('',(3.084613616163,2.546605146684,
    23.186715195918));
#1324 = CARTESIAN_POINT('',(3.0882896516,2.542138975241,23.180142105242)
  );
#1325 = CARTESIAN_POINT('',(3.091382287275,2.538381600924,
    23.174612187189));
#1326 = CARTESIAN_POINT('',(3.094715113411,2.534317546439,
    23.169467585607));
#1327 = CARTESIAN_POINT('',(3.098269787507,2.529963469627,
    23.164760843859));
#1328 = CARTESIAN_POINT('',(3.103437496569,2.52363360602,23.157918283521
    ));
#1329 = CARTESIAN_POINT('',(3.109073598756,2.516691374767,
    23.151998661369));
#1330 = CARTESIAN_POINT('',(3.115049551793,2.509272993745,
    23.147061102569));
#1331 = CARTESIAN_POINT('',(3.11582791053,2.508306760972,23.146417993093
    ));
#1332 = CARTESIAN_POINT('',(3.116612054442,2.507332425296,
    23.145791608814));
#1333 = CARTESIAN_POINT('',(3.117401714583,2.506350269495,23.14518214049
    ));
#1334 = CARTESIAN_POINT('',(3.123458104109,2.498817512309,
    23.140507752885));
#1335 = CARTESIAN_POINT('',(3.12978827669,2.490888336901,23.13686299227)
  );
#1336 = CARTESIAN_POINT('',(3.136268064409,2.482703502357,
    23.134310000065));
#1337 = CARTESIAN_POINT('',(3.136628763122,2.482247891863,23.13416788723
    ));
#1338 = CARTESIAN_POINT('',(3.136989928808,2.481791486764,
    23.134029170132));
#1339 = CARTESIAN_POINT('',(3.137351541082,2.481334310746,
    23.133893864109));
#1340 = CARTESIAN_POINT('',(3.143794804429,2.473188277865,
    23.131482960497));
#1341 = CARTESIAN_POINT('',(3.150340046778,2.46484701195,23.130165440122
    ));
#1342 = CARTESIAN_POINT('',(3.156874130238,2.456449821748,
    23.130014555042));
#1343 = CARTESIAN_POINT('',(3.157293946186,2.455910300882,23.13000486065
    ));
#1344 = CARTESIAN_POINT('',(3.157713718943,2.455370549813,23.13));
#1345 = CARTESIAN_POINT('',(3.158133419449,2.454830606164,23.13));
#1346 = B_SPLINE_SURFACE_WITH_KNOTS('',3,3,(
    (#1347,#1348,#1349,#1350)
    ,(#1351,#1352,#1353,#1354)
    ,(#1355,#1356,#1357,#1358)
    ,(#1359,#1360,#1361,#1362)
    ,(#1363,#1364,#1365,#1366
  )),.UNSPECIFIED.,.F.,.F.,.F.,(4,1,4),(4,4),(0.,0.571428571429,1.),(
    -6.740535401349E-03,-2.394968247177E-07),.UNSPECIFIED.);
#1347 = CARTESIAN_POINT('',(3.061835876094,2.569593549415,23.2875));
#1348 = CARTESIAN_POINT('',(3.079047379273,2.584035715385,23.2875));
#1349 = CARTESIAN_POINT('',(3.096418286143,2.598203441874,
    23.291929010758));
#1350 = CARTESIAN_POINT('',(3.110504989345,2.610023589335,23.3));
#1351 = CARTESIAN_POINT('',(3.060347531518,2.571367289411,
    23.241248860164));
#1352 = CARTESIAN_POINT('',(3.084825991932,2.591934501721,23.24102631245
    ));
#1353 = CARTESIAN_POINT('',(3.110076741301,2.611272654623,
    23.248883762763));
#1354 = CARTESIAN_POINT('',(3.130530074446,2.626826630857,
    23.262775484779));
#1355 = CARTESIAN_POINT('',(3.083618535268,2.543633987088,
    23.159269612036));
#1356 = CARTESIAN_POINT('',(3.120826990075,2.574364103814,
    23.158675813586));
#1357 = CARTESIAN_POINT('',(3.159402259709,2.603364177902,
    23.173246157649));
#1358 = CARTESIAN_POINT('',(3.19009118897,2.626216980193,23.198361634984
    ));
#1359 = CARTESIAN_POINT('',(3.135808250809,2.481436706095,23.13));
#1360 = CARTESIAN_POINT('',(3.177382697894,2.51503799415,23.129732287466
    ));
#1361 = CARTESIAN_POINT('',(3.219453723663,2.547758099002,
    23.146574949793));
#1362 = CARTESIAN_POINT('',(3.253386456117,2.57447177324,23.176680148876
    ));
#1363 = CARTESIAN_POINT('',(3.158133419449,2.454830606164,23.13));
#1364 = CARTESIAN_POINT('',(3.199517911332,2.488062539578,23.13));
#1365 = CARTESIAN_POINT('',(3.241135854136,2.520857441797,
    23.146749713413));
#1366 = CARTESIAN_POINT('',(3.274991297053,2.548076730945,
    23.177272727273));
#1367 = ADVANCED_FACE('',(#1368),#1394,.T.);
#1368 = FACE_BOUND('',#1369,.T.);
#1369 = EDGE_LOOP('',(#1370,#1378,#1387,#1393));
#1370 = ORIENTED_EDGE('',*,*,#1371,.T.);
#1371 = EDGE_CURVE('',#1113,#1372,#1374,.T.);
#1372 = VERTEX_POINT('',#1373);
#1373 = CARTESIAN_POINT('',(3.756126667854,1.367118303232,23.5));
#1374 = LINE('',#1375,#1376);
#1375 = CARTESIAN_POINT('',(3.233193263203,1.176786109436,23.5));
#1376 = VECTOR('',#1377,1.);
#1377 = DIRECTION('',(0.939692620786,0.342020143326,0.));
#1378 = ORIENTED_EDGE('',*,*,#1379,.T.);
#1379 = EDGE_CURVE('',#1372,#1380,#1382,.T.);
#1380 = VERTEX_POINT('',#1381);
#1381 = CARTESIAN_POINT('',(3.704823646356,1.50807219635,23.65));
#1382 = CIRCLE('',#1383,0.15);
#1383 = AXIS2_PLACEMENT_3D('',#1384,#1385,#1386);
#1384 = CARTESIAN_POINT('',(3.704823646356,1.50807219635,23.5));
#1385 = DIRECTION('',(-0.939692620786,-0.342020143326,
    -1.265728793352E-15));
#1386 = DIRECTION('',(0.342020143326,-0.939692620786,1.232595164408E-30)
  );
#1387 = ORIENTED_EDGE('',*,*,#1388,.T.);
#1388 = EDGE_CURVE('',#1380,#1083,#1389,.T.);
#1389 = LINE('',#1390,#1391);
#1390 = CARTESIAN_POINT('',(3.181890241704,1.317740002554,23.65));
#1391 = VECTOR('',#1392,1.);
#1392 = DIRECTION('',(-0.939692620786,-0.342020143326,0.));
#1393 = ORIENTED_EDGE('',*,*,#1121,.F.);
#1394 = CYLINDRICAL_SURFACE('',#1395,0.15);
#1395 = AXIS2_PLACEMENT_3D('',#1396,#1397,#1398);
#1396 = CARTESIAN_POINT('',(3.181890241704,1.317740002554,23.5));
#1397 = DIRECTION('',(-0.939692620786,-0.342020143326,0.));
#1398 = DIRECTION('',(0.241844762648,-0.664463024389,0.707106781187));
#1399 = ADVANCED_FACE('',(#1400),#1438,.F.);
#1400 = FACE_BOUND('',#1401,.F.);
#1401 = EDGE_LOOP('',(#1402,#1416,#1425,#1437));
#1402 = ORIENTED_EDGE('',*,*,#1403,.F.);
#1403 = EDGE_CURVE('',#1404,#1380,#1406,.T.);
#1404 = VERTEX_POINT('',#1405);
#1405 = CARTESIAN_POINT('',(3.844194828317,1.562187294948,
    23.177272727273));
#1406 = B_SPLINE_CURVE_WITH_KNOTS('',3,(#1407,#1408,#1409,#1410,#1411,
    #1412,#1413,#1414,#1415),.UNSPECIFIED.,.F.,.F.,(4,1,1,1,1,1,4),(0.,
    3.975150694771E-03,1.192545208431E-02,1.590060277908E-02,
    1.987575347385E-02,2.385090416862E-02,2.782605486339E-02),
  .UNSPECIFIED.);
#1407 = CARTESIAN_POINT('',(3.844194828317,1.562187294948,
    23.177272727273));
#1408 = CARTESIAN_POINT('',(3.868077507533,1.571451360242,
    23.195271878803));
#1409 = CARTESIAN_POINT('',(3.930993452594,1.595840532396,
    23.263179538768));
#1410 = CARTESIAN_POINT('',(3.959881395161,1.607025695611,
    23.392912488159));
#1411 = CARTESIAN_POINT('',(3.923709028539,1.593015461047,
    23.514398524542));
#1412 = CARTESIAN_POINT('',(3.868666560542,1.57168200129,23.589350305742
    ));
#1413 = CARTESIAN_POINT('',(3.792340236237,1.542072094616,
    23.638584224659));
#1414 = CARTESIAN_POINT('',(3.733998765562,1.519411632384,23.65));
#1415 = CARTESIAN_POINT('',(3.704823646356,1.50807219635,23.65));
#1416 = ORIENTED_EDGE('',*,*,#1417,.F.);
#1417 = EDGE_CURVE('',#1418,#1404,#1420,.T.);
#1418 = VERTEX_POINT('',#1419);
#1419 = CARTESIAN_POINT('',(3.815599227513,1.388764544704,23.3));
#1420 = CIRCLE('',#1421,0.15);
#1421 = AXIS2_PLACEMENT_3D('',#1422,#1423,#1424);
#1422 = CARTESIAN_POINT('',(3.764296206014,1.529718437822,23.3));
#1423 = DIRECTION('',(0.769012663088,0.279897719138,0.574697129653));
#1424 = DIRECTION('',(0.342020143326,-0.939692620786,-2.925437669887E-14
    ));
#1425 = ORIENTED_EDGE('',*,*,#1426,.F.);
#1426 = EDGE_CURVE('',#1372,#1418,#1427,.T.);
#1427 = B_SPLINE_CURVE_WITH_KNOTS('',3,(#1428,#1429,#1430,#1431,#1432,
    #1433,#1434,#1435,#1436),.UNSPECIFIED.,.F.,.F.,(4,1,1,1,1,1,4),(
    -2.782605486339E-02,-2.385090416862E-02,-1.987575347385E-02,
    -1.590060277908E-02,-1.192545208431E-02,-3.975150694771E-03,0.),
  .UNSPECIFIED.);
#1428 = CARTESIAN_POINT('',(3.756126667854,1.367118303232,23.5));
#1429 = CARTESIAN_POINT('',(3.768578067102,1.371650241934,23.5));
#1430 = CARTESIAN_POINT('',(3.793474769098,1.380711900392,
    23.495170248894));
#1431 = CARTESIAN_POINT('',(3.826040693621,1.392564927569,
    23.474340513968));
#1432 = CARTESIAN_POINT('',(3.849522426671,1.401111579449,
    23.442630144998));
#1433 = CARTESIAN_POINT('',(3.864952474452,1.406727657554,
    23.391232206529));
#1434 = CARTESIAN_POINT('',(3.852630319117,1.40224275979,23.336345189479
    ));
#1435 = CARTESIAN_POINT('',(3.825789031586,1.39247333008,23.307615025647
    ));
#1436 = CARTESIAN_POINT('',(3.815599227513,1.388764544704,23.3));
#1437 = ORIENTED_EDGE('',*,*,#1379,.T.);
#1438 = B_SPLINE_SURFACE_WITH_KNOTS('',3,3,(
    (#1439,#1440,#1441,#1442,#1443,#1444,#1445,#1446,#1447)
    ,(#1448,#1449,#1450,#1451,#1452,#1453,#1454,#1455,#1456)
    ,(#1457,#1458,#1459,#1460,#1461,#1462,#1463,#1464,#1465)
    ,(#1466,#1467,#1468,#1469,#1470,#1471,#1472,#1473,#1474)
    ,(#1475,#1476,#1477,#1478,#1479,#1480,#1481,#1482,#1483
  )),.UNSPECIFIED.,.F.,.F.,.F.,(4,1,4),(4,1,1,1,1,1,4),(0.,
    0.571428571429,1.),(0.,3.975150694771E-03,1.192545208431E-02,
    1.590060277908E-02,1.987575347385E-02,2.385090416862E-02,
    2.782605486339E-02),.UNSPECIFIED.);
#1439 = CARTESIAN_POINT('',(3.844194828317,1.562187294948,
    23.177272727273));
#1440 = CARTESIAN_POINT('',(3.868077507533,1.571451360242,
    23.195271878803));
#1441 = CARTESIAN_POINT('',(3.930993452594,1.595840532396,
    23.263179538768));
#1442 = CARTESIAN_POINT('',(3.959881395161,1.607025695611,
    23.392912488159));
#1443 = CARTESIAN_POINT('',(3.923709028539,1.593015461047,
    23.514398524542));
#1444 = CARTESIAN_POINT('',(3.868666560542,1.57168200129,23.589350305742
    ));
#1445 = CARTESIAN_POINT('',(3.792340236237,1.542072094616,
    23.638584224659));
#1446 = CARTESIAN_POINT('',(3.733998765562,1.519411632384,23.65));
#1447 = CARTESIAN_POINT('',(3.704823646356,1.50807219635,23.65));
#1448 = CARTESIAN_POINT('',(3.860269970575,1.519643478625,
    23.176482622743));
#1449 = CARTESIAN_POINT('',(3.884414991035,1.528897403627,23.19444454523
    ));
#1450 = CARTESIAN_POINT('',(3.948245740516,1.553346863148,
    23.262271229274));
#1451 = CARTESIAN_POINT('',(3.97773213273,1.564629359913,23.392943695922
    ));
#1452 = CARTESIAN_POINT('',(3.940995580684,1.550564995516,
    23.515231552958));
#1453 = CARTESIAN_POINT('',(3.885196759171,1.529192533982,
    23.590391809533));
#1454 = CARTESIAN_POINT('',(3.808076601771,1.499632298241,
    23.639362841228));
#1455 = CARTESIAN_POINT('',(3.74944710736,1.477136260548,23.650208782049
    ));
#1456 = CARTESIAN_POINT('',(3.720173474493,1.465898890149,23.65));
#1457 = CARTESIAN_POINT('',(3.867444995086,1.437636782068,
    23.206821738277));
#1458 = CARTESIAN_POINT('',(3.88825316061,1.445351787102,23.22209402558)
  );
#1459 = CARTESIAN_POINT('',(3.943300512307,1.465758706001,23.28018518954
    ));
#1460 = CARTESIAN_POINT('',(3.968774884008,1.475199915553,
    23.392566378458));
#1461 = CARTESIAN_POINT('',(3.936909122183,1.463390509378,
    23.497574466231));
#1462 = CARTESIAN_POINT('',(3.888668716041,1.445508801574,
    23.561888627775));
#1463 = CARTESIAN_POINT('',(3.82221289055,1.420868555528,23.603493637862
    ));
#1464 = CARTESIAN_POINT('',(3.771827326405,1.402181083084,
    23.612658086633));
#1465 = CARTESIAN_POINT('',(3.746750740443,1.392878452083,
    23.612336150934));
#1466 = CARTESIAN_POINT('',(3.83402253004,1.395470078441,23.272081613584
    ));
#1467 = CARTESIAN_POINT('',(3.847405236466,1.400339428149,
    23.281989457463));
#1468 = CARTESIAN_POINT('',(3.882724544091,1.413188430548,
    23.319521434022));
#1469 = CARTESIAN_POINT('',(3.898997475548,1.419107058094,
    23.391632740385));
#1470 = CARTESIAN_POINT('',(3.878624472392,1.411692706149,23.45908866151
    ));
#1471 = CARTESIAN_POINT('',(3.84769781947,1.400439103339,23.500564946959
    ));
#1472 = CARTESIAN_POINT('',(3.804940612336,1.384881289919,
    23.527617996729));
#1473 = CARTESIAN_POINT('',(3.772375642633,1.373030588379,
    23.533755812603));
#1474 = CARTESIAN_POINT('',(3.756126667854,1.367118303232,
    23.533659921288));
#1475 = CARTESIAN_POINT('',(3.815599227513,1.388764544704,23.3));
#1476 = CARTESIAN_POINT('',(3.825789031586,1.39247333008,23.307615025647
    ));
#1477 = CARTESIAN_POINT('',(3.852630319117,1.40224275979,23.336345189479
    ));
#1478 = CARTESIAN_POINT('',(3.864952474452,1.406727657554,
    23.391232206529));
#1479 = CARTESIAN_POINT('',(3.849522426671,1.401111579449,
    23.442630144998));
#1480 = CARTESIAN_POINT('',(3.826040693621,1.392564927569,
    23.474340513968));
#1481 = CARTESIAN_POINT('',(3.793474769098,1.380711900392,
    23.495170248894));
#1482 = CARTESIAN_POINT('',(3.768578067102,1.371650241934,23.5));
#1483 = CARTESIAN_POINT('',(3.756126667854,1.367118303232,23.5));
#1484 = ADVANCED_FACE('',(#1485),#1543,.F.);
#1485 = FACE_BOUND('',#1486,.F.);
#1486 = EDGE_LOOP('',(#1487,#1496,#1497,#1506));
#1487 = ORIENTED_EDGE('',*,*,#1488,.F.);
#1488 = EDGE_CURVE('',#1418,#1489,#1491,.T.);
#1489 = VERTEX_POINT('',#1490);
#1490 = CARTESIAN_POINT('',(3.758877040777,1.367787773127,
    23.287522162674));
#1491 = B_SPLINE_CURVE_WITH_KNOTS('',3,(#1492,#1493,#1494,#1495),
  .UNSPECIFIED.,.F.,.F.,(4,4),(7.049212643503E-02,7.695291017799E-02),
  .PIECEWISE_BEZIER_KNOTS.);
#1492 = CARTESIAN_POINT('',(3.815599227513,1.388764544704,23.3));
#1493 = CARTESIAN_POINT('',(3.79903580356,1.382735951408,23.292263657788
    ));
#1494 = CARTESIAN_POINT('',(3.779094108436,1.375172032013,
    23.287873608331));
#1495 = CARTESIAN_POINT('',(3.758876658582,1.367788123769,
    23.287522795036));
#1496 = ORIENTED_EDGE('',*,*,#1417,.T.);
#1497 = ORIENTED_EDGE('',*,*,#1498,.F.);
#1498 = EDGE_CURVE('',#1499,#1404,#1501,.T.);
#1499 = VERTEX_POINT('',#1500);
#1500 = CARTESIAN_POINT('',(3.70501237665,1.507608466702,23.13));
#1501 = B_SPLINE_CURVE_WITH_KNOTS('',3,(#1502,#1503,#1504,#1505),
  .UNSPECIFIED.,.F.,.F.,(4,4),(-7.723243685662E-02,-7.049212643503E-02),
  .PIECEWISE_BEZIER_KNOTS.);
#1502 = CARTESIAN_POINT('',(3.70501237665,1.507608466702,23.13));
#1503 = CARTESIAN_POINT('',(3.754479543488,1.526830664762,23.13));
#1504 = CARTESIAN_POINT('',(3.803694175491,1.546477135763,23.14674946057
    ));
#1505 = CARTESIAN_POINT('',(3.844194828317,1.562187294948,
    23.177272727273));
#1506 = ORIENTED_EDGE('',*,*,#1507,.T.);
#1507 = EDGE_CURVE('',#1499,#1489,#1508,.T.);
#1508 = B_SPLINE_CURVE_WITH_KNOTS('',3,(#1509,#1510,#1511,#1512,#1513,
    #1514,#1515,#1516,#1517,#1518,#1519,#1520,#1521,#1522,#1523,#1524,
    #1525,#1526,#1527,#1528,#1529,#1530,#1531,#1532,#1533,#1534,#1535,
    #1536,#1537,#1538,#1539,#1540,#1541,#1542),.UNSPECIFIED.,.F.,.F.,(4,
    3,3,3,3,3,3,3,3,3,3,4),(0.,3.215504433674E-03,5.859641356899E-03,
    9.080624393208E-03,1.04545797104E-02,1.171781035447E-02,
    1.494321488685E-02,1.757767953636E-02,2.073678761068E-02,
    2.09784018118E-02,2.394638765273E-02,2.437961042399E-02),
  .UNSPECIFIED.);
#1509 = CARTESIAN_POINT('',(3.70501237665,1.507608466702,23.13));
#1510 = CARTESIAN_POINT('',(3.709052144741,1.497680563598,23.13));
#1511 = CARTESIAN_POINT('',(3.713032623177,1.48778248484,23.131189330973
    ));
#1512 = CARTESIAN_POINT('',(3.716889410012,1.478082730929,
    23.133475418348));
#1513 = CARTESIAN_POINT('',(3.720060878964,1.470106539949,
    23.135355287638));
#1514 = CARTESIAN_POINT('',(3.723149203582,1.462263844702,
    23.137978010781));
#1515 = CARTESIAN_POINT('',(3.726119529057,1.454654583101,
    23.141317660817));
#1516 = CARTESIAN_POINT('',(3.729737862088,1.445385281529,
    23.145385890423));
#1517 = CARTESIAN_POINT('',(3.733143004501,1.436558851972,
    23.150474117862));
#1518 = CARTESIAN_POINT('',(3.736281674528,1.428350182205,
    23.156513628731));
#1519 = CARTESIAN_POINT('',(3.737620518081,1.424848659425,
    23.159089866475));
#1520 = CARTESIAN_POINT('',(3.738910808892,1.421459753987,
    23.161839795461));
#1521 = CARTESIAN_POINT('',(3.740147853892,1.41819847035,23.164760565678
    ));
#1522 = CARTESIAN_POINT('',(3.741285207584,1.415200007898,
    23.167445956095));
#1523 = CARTESIAN_POINT('',(3.742377547122,1.41230943628,23.170275796636
    ));
#1524 = CARTESIAN_POINT('',(3.743423812735,1.409531375291,
    23.173240555207));
#1525 = CARTESIAN_POINT('',(3.746095240843,1.402438157161,
    23.180810467938));
#1526 = CARTESIAN_POINT('',(3.748438878583,1.396149583292,
    23.189178199804));
#1527 = CARTESIAN_POINT('',(3.750451968859,1.390720619018,
    23.198160408225));
#1528 = CARTESIAN_POINT('',(3.752096232427,1.386286318043,
    23.205496948595));
#1529 = CARTESIAN_POINT('',(3.753519774906,1.382425832662,
    23.213244794782));
#1530 = CARTESIAN_POINT('',(3.754709262787,1.379187157871,
    23.221318047775));
#1531 = CARTESIAN_POINT('',(3.75613563257,1.375303513547,23.230999057812
    ));
#1532 = CARTESIAN_POINT('',(3.757215788384,1.372344923896,
    23.241069225042));
#1533 = CARTESIAN_POINT('',(3.757929888346,1.370388048148,
    23.251374966063));
#1534 = CARTESIAN_POINT('',(3.757984503981,1.370238382812,
    23.252163167455));
#1535 = CARTESIAN_POINT('',(3.758036960841,1.370094594325,
    23.252952752809));
#1536 = CARTESIAN_POINT('',(3.758087241179,1.369956725917,
    23.253743655684));
#1537 = CARTESIAN_POINT('',(3.758704884225,1.368263152115,23.26345909676
    ));
#1538 = CARTESIAN_POINT('',(3.758992704823,1.367469834895,
    23.273318295339));
#1539 = CARTESIAN_POINT('',(3.75892794421,1.367647741962,23.283196388504
    ));
#1540 = CARTESIAN_POINT('',(3.758918491411,1.36767371021,23.284638246763
    ));
#1541 = CARTESIAN_POINT('',(3.758901447088,1.367720414888,
    23.286080511877));
#1542 = CARTESIAN_POINT('',(3.758876658582,1.367788123769,
    23.287522795036));
#1543 = B_SPLINE_SURFACE_WITH_KNOTS('',3,3,(
    (#1544,#1545,#1546,#1547)
    ,(#1548,#1549,#1550,#1551)
    ,(#1552,#1553,#1554,#1555)
    ,(#1556,#1557,#1558,#1559)
    ,(#1560,#1561,#1562,#1563
  )),.UNSPECIFIED.,.F.,.F.,.F.,(4,1,4),(4,4),(0.,0.571428571429,1.),(
    7.049212643503E-02,7.723243685662E-02),.UNSPECIFIED.);
#1544 = CARTESIAN_POINT('',(3.815599227513,1.388764544704,23.3));
#1545 = CARTESIAN_POINT('',(3.798319184793,1.382475123507,
    23.291928943901));
#1546 = CARTESIAN_POINT('',(3.777362224496,1.374514650097,23.2875));
#1547 = CARTESIAN_POINT('',(3.756251229241,1.366830876208,23.2875));
#1548 = CARTESIAN_POINT('',(3.840163630883,1.397705256353,
    23.262775484779));
#1549 = CARTESIAN_POINT('',(3.816466629464,1.387769056067,
    23.248883647688));
#1550 = CARTESIAN_POINT('',(3.787091217289,1.375569370278,
    23.241026333943));
#1551 = CARTESIAN_POINT('',(3.757043160849,1.364655061998,
    23.241248860164));
#1552 = CARTESIAN_POINT('',(3.869416666312,1.449591206928,
    23.198361183767));
#1553 = CARTESIAN_POINT('',(3.834280803297,1.434440090213,
    23.173245498382));
#1554 = CARTESIAN_POINT('',(3.789874011617,1.415531304821,
    23.158675297381));
#1555 = CARTESIAN_POINT('',(3.744661089239,1.398674524154,
    23.159269038486));
#1556 = CARTESIAN_POINT('',(3.856251185011,1.530279432706,
    23.176680148876));
#1557 = CARTESIAN_POINT('',(3.816149766079,1.514249528714,23.14657470041
    ));
#1558 = CARTESIAN_POINT('',(3.766773325644,1.494173282268,23.12973231332
    ));
#1559 = CARTESIAN_POINT('',(3.716891350767,1.47497125355,23.13));
#1560 = CARTESIAN_POINT('',(3.844194828317,1.562187294948,
    23.177272727273));
#1561 = CARTESIAN_POINT('',(3.803694175491,1.546477135763,23.14674946057
    ));
#1562 = CARTESIAN_POINT('',(3.754479543488,1.526830664762,23.13));
#1563 = CARTESIAN_POINT('',(3.70501237665,1.507608466702,23.13));
#1564 = ADVANCED_FACE('',(#1565),#1616,.F.);
#1565 = FACE_BOUND('',#1566,.F.);
#1566 = EDGE_LOOP('',(#1567,#1580,#1581,#1600,#1606,#1607));
#1567 = ORIENTED_EDGE('',*,*,#1568,.F.);
#1568 = EDGE_CURVE('',#192,#1569,#1571,.T.);
#1569 = VERTEX_POINT('',#1570);
#1570 = CARTESIAN_POINT('',(3.78105962858,1.305215723596,23.130000000059
    ));
#1571 = B_SPLINE_CURVE_WITH_KNOTS('',3,(#1572,#1573,#1574,#1575,#1576,
    #1577,#1578,#1579),.UNSPECIFIED.,.F.,.F.,(4,2,2,4),(
    3.774802229924E-02,4.71729105874E-02,5.659779887555E-02,
    5.753278522807E-02),.UNSPECIFIED.);
#1572 = CARTESIAN_POINT('',(3.836926987053,1.130482771221,23.05));
#1573 = CARTESIAN_POINT('',(3.828048092194,1.160618278073,23.05));
#1574 = CARTESIAN_POINT('',(3.818185216025,1.192649096684,
    23.056260709415));
#1575 = CARTESIAN_POINT('',(3.799350819398,1.251352693216,
    23.081765552584));
#1576 = CARTESIAN_POINT('',(3.79039955147,1.278031617249,23.101010491411
    ));
#1577 = CARTESIAN_POINT('',(3.782468724386,1.301128435827,
    23.125426904008));
#1578 = CARTESIAN_POINT('',(3.781759865846,1.303187216882,
    23.127686426889));
#1579 = CARTESIAN_POINT('',(3.78105962859,1.305215723568,23.130000000086
    ));
#1580 = ORIENTED_EDGE('',*,*,#200,.F.);
#1581 = ORIENTED_EDGE('',*,*,#1582,.F.);
#1582 = EDGE_CURVE('',#1583,#201,#1585,.T.);
#1583 = VERTEX_POINT('',#1584);
#1584 = CARTESIAN_POINT('',(3.007016386515,1.094464458642,23.3));
#1585 = B_SPLINE_CURVE_WITH_KNOTS('',3,(#1586,#1587,#1588,#1589,#1590,
    #1591,#1592,#1593,#1594,#1595,#1596,#1597,#1598,#1599),
  .UNSPECIFIED.,.F.,.F.,(4,2,2,2,2,2,4),(-4.836756006602E-02,
    -4.128205230341E-02,-3.321092148622E-02,-2.247521830227E-02,
    -1.15984745461E-02,0.,3.290802324146E-04),.UNSPECIFIED.);
#1586 = CARTESIAN_POINT('',(3.007016386515,1.094464458642,23.3));
#1587 = CARTESIAN_POINT('',(3.007016386515,1.094464458642,
    23.276617882411));
#1588 = CARTESIAN_POINT('',(3.005060552816,1.090263055695,23.25375625247
    ));
#1589 = CARTESIAN_POINT('',(2.997176726587,1.073421071987,
    23.207282280203));
#1590 = CARTESIAN_POINT('',(2.990884290248,1.060015940596,
    23.184868329263));
#1591 = CARTESIAN_POINT('',(2.972921420456,1.022114659631,
    23.138870748986));
#1592 = CARTESIAN_POINT('',(2.960258201332,0.995636933215,
    23.117552398313));
#1593 = CARTESIAN_POINT('',(2.932507663666,0.93852005191,23.084007141507
    ));
#1594 = CARTESIAN_POINT('',(2.917220695461,0.907477572941,
    23.071679759926));
#1595 = CARTESIAN_POINT('',(2.884592495034,0.8423217877,23.054587002514)
  );
#1596 = CARTESIAN_POINT('',(2.866937374789,0.807649249673,
    23.050242967594));
#1597 = CARTESIAN_POINT('',(2.848636423138,0.772353962185,
    23.050003303878));
#1598 = CARTESIAN_POINT('',(2.848131289644,0.771380248615,23.05));
#1599 = CARTESIAN_POINT('',(2.847625959012,0.770406644285,23.05));
#1600 = ORIENTED_EDGE('',*,*,#1601,.F.);
#1601 = EDGE_CURVE('',#1418,#1583,#1602,.T.);
#1602 = LINE('',#1603,#1604);
#1603 = CARTESIAN_POINT('',(2.359604515088,0.858825808132,23.3));
#1604 = VECTOR('',#1605,1.);
#1605 = DIRECTION('',(-0.939692620786,-0.342020143326,0.));
#1606 = ORIENTED_EDGE('',*,*,#1488,.T.);
#1607 = ORIENTED_EDGE('',*,*,#1608,.T.);
#1608 = EDGE_CURVE('',#1489,#1569,#1609,.T.);
#1609 = B_SPLINE_CURVE_WITH_KNOTS('',3,(#1610,#1611,#1612,#1613,#1614,
    #1615),.UNSPECIFIED.,.F.,.F.,(4,2,4),(-7.419467564557E-02,
    -6.601521215397E-02,-5.753278522807E-02),.UNSPECIFIED.);
#1610 = CARTESIAN_POINT('',(3.758877040777,1.367787773127,
    23.287522162674));
#1611 = CARTESIAN_POINT('',(3.759349936502,1.366488187828,
    23.259848558157));
#1612 = CARTESIAN_POINT('',(3.761496791249,1.360611869752,
    23.231076583632));
#1613 = CARTESIAN_POINT('',(3.769115460654,1.339365774585,
    23.176587597218));
#1614 = CARTESIAN_POINT('',(3.774706903391,1.323618836821,
    23.150989307072));
#1615 = CARTESIAN_POINT('',(3.78105962859,1.305215723568,23.130000000086
    ));
#1616 = CYLINDRICAL_SURFACE('',#1617,0.25);
#1617 = AXIS2_PLACEMENT_3D('',#1618,#1619,#1620);
#1618 = CARTESIAN_POINT('',(2.445109550919,0.623902652936,23.3));
#1619 = DIRECTION('',(-0.939692620786,-0.342020143326,0.));
#1620 = DIRECTION('',(-0.241844762648,0.664463024389,-0.707106781187));
#1621 = ADVANCED_FACE('',(#1622),#1633,.F.);
#1622 = FACE_BOUND('',#1623,.T.);
#1623 = EDGE_LOOP('',(#1624,#1625,#1626,#1632));
#1624 = ORIENTED_EDGE('',*,*,#1426,.F.);
#1625 = ORIENTED_EDGE('',*,*,#1371,.F.);
#1626 = ORIENTED_EDGE('',*,*,#1627,.T.);
#1627 = EDGE_CURVE('',#1113,#1583,#1628,.T.);
#1628 = LINE('',#1629,#1630);
#1629 = CARTESIAN_POINT('',(3.007016386515,1.094464458642,23.65));
#1630 = VECTOR('',#1631,1.);
#1631 = DIRECTION('',(0.,0.,-1.));
#1632 = ORIENTED_EDGE('',*,*,#1601,.F.);
#1633 = PLANE('',#1634);
#1634 = AXIS2_PLACEMENT_3D('',#1635,#1636,#1637);
#1635 = CARTESIAN_POINT('',(3.505053475531,1.275735134605,23.35));
#1636 = DIRECTION('',(-0.342020143326,0.939692620786,0.));
#1637 = DIRECTION('',(-0.939692620786,-0.342020143326,0.));
#1638 = ADVANCED_FACE('',(#1639),#1658,.F.);
#1639 = FACE_BOUND('',#1640,.F.);
#1640 = EDGE_LOOP('',(#1641,#1642,#1651,#1657));
#1641 = ORIENTED_EDGE('',*,*,#1627,.T.);
#1642 = ORIENTED_EDGE('',*,*,#1643,.T.);
#1643 = EDGE_CURVE('',#1583,#1644,#1646,.T.);
#1644 = VERTEX_POINT('',#1645);
#1645 = CARTESIAN_POINT('',(2.451342217981,2.056920350997,23.3));
#1646 = CIRCLE('',#1647,3.2);
#1647 = AXIS2_PLACEMENT_3D('',#1648,#1649,#1650);
#1648 = CARTESIAN_POINT('',(0.,0.,23.3));
#1649 = DIRECTION('',(0.,0.,1.));
#1650 = DIRECTION('',(0.866025403784,0.5,-0.));
#1651 = ORIENTED_EDGE('',*,*,#1652,.T.);
#1652 = EDGE_CURVE('',#1644,#1094,#1653,.T.);
#1653 = LINE('',#1654,#1655);
#1654 = CARTESIAN_POINT('',(2.451342217981,2.056920350997,23.65));
#1655 = VECTOR('',#1656,1.);
#1656 = DIRECTION('',(0.,0.,1.));
#1657 = ORIENTED_EDGE('',*,*,#1112,.T.);
#1658 = CYLINDRICAL_SURFACE('',#1659,3.2);
#1659 = AXIS2_PLACEMENT_3D('',#1660,#1661,#1662);
#1660 = CARTESIAN_POINT('',(0.,0.,23.35));
#1661 = DIRECTION('',(0.,0.,1.));
#1662 = DIRECTION('',(0.866025403784,0.5,-0.));
#1663 = ADVANCED_FACE('',(#1664),#1675,.T.);
#1664 = FACE_BOUND('',#1665,.T.);
#1665 = EDGE_LOOP('',(#1666,#1667,#1668,#1674));
#1666 = ORIENTED_EDGE('',*,*,#1163,.F.);
#1667 = ORIENTED_EDGE('',*,*,#1197,.F.);
#1668 = ORIENTED_EDGE('',*,*,#1669,.F.);
#1669 = EDGE_CURVE('',#1644,#1198,#1670,.T.);
#1670 = LINE('',#1671,#1672);
#1671 = CARTESIAN_POINT('',(1.83211444749,1.537326557163,23.3));
#1672 = VECTOR('',#1673,1.);
#1673 = DIRECTION('',(0.766044443119,0.642787609687,0.));
#1674 = ORIENTED_EDGE('',*,*,#1652,.T.);
#1675 = PLANE('',#1676);
#1676 = AXIS2_PLACEMENT_3D('',#1677,#1678,#1679);
#1677 = CARTESIAN_POINT('',(2.857345772834,2.397597784131,23.35));
#1678 = DIRECTION('',(-0.642787609687,0.766044443119,0.));
#1679 = DIRECTION('',(-0.766044443119,-0.642787609687,0.));
#1680 = ADVANCED_FACE('',(#1681),#1725,.F.);
#1681 = FACE_BOUND('',#1682,.F.);
#1682 = EDGE_LOOP('',(#1683,#1684,#1701,#1702,#1715,#1724));
#1683 = ORIENTED_EDGE('',*,*,#1669,.F.);
#1684 = ORIENTED_EDGE('',*,*,#1685,.T.);
#1685 = EDGE_CURVE('',#1644,#209,#1686,.T.);
#1686 = B_SPLINE_CURVE_WITH_KNOTS('',3,(#1687,#1688,#1689,#1690,#1691,
    #1692,#1693,#1694,#1695,#1696,#1697,#1698,#1699,#1700),
  .UNSPECIFIED.,.F.,.F.,(4,2,2,2,2,2,4),(0.,7.01463527664E-03,
    1.500503495575E-02,2.563335473137E-02,3.640130432698E-02,
    4.78837656314E-02,4.820955425298E-02),.UNSPECIFIED.);
#1687 = CARTESIAN_POINT('',(2.451342217981,2.056920350997,23.3));
#1688 = CARTESIAN_POINT('',(2.451342217981,2.056920350997,
    23.276617882411));
#1689 = CARTESIAN_POINT('',(2.446725779447,2.057327250802,23.25375625247
    ));
#1690 = CARTESIAN_POINT('',(2.428198280592,2.058920648863,
    23.207282280203));
#1691 = CARTESIAN_POINT('',(2.413442878096,2.060173804836,
    23.184868329263));
#1692 = CARTESIAN_POINT('',(2.371637971049,2.063568143754,
    23.138870748986));
#1693 = CARTESIAN_POINT('',(2.342375977777,2.065840337508,
    23.117552398313));
#1694 = CARTESIAN_POINT('',(2.279036038748,2.070366107573,
    23.084007141507));
#1695 = CARTESIAN_POINT('',(2.244508979262,2.072648444244,
    23.071679759926));
#1696 = CARTESIAN_POINT('',(2.171768313826,2.076969486415,
    23.054587002514));
#1697 = CARTESIAN_POINT('',(2.132913454958,2.07901597279,23.050242967594
    ));
#1698 = CARTESIAN_POINT('',(2.093196363535,2.08081452749,23.050003303878
    ));
#1699 = CARTESIAN_POINT('',(2.0921005361,2.080863925838,23.05));
#1700 = CARTESIAN_POINT('',(2.091004704702,2.080913098838,23.05));
#1701 = ORIENTED_EDGE('',*,*,#217,.F.);
#1702 = ORIENTED_EDGE('',*,*,#1703,.F.);
#1703 = EDGE_CURVE('',#1704,#218,#1706,.T.);
#1704 = VERTEX_POINT('',#1705);
#1705 = CARTESIAN_POINT('',(3.020879794521,2.621885834927,23.13));
#1706 = B_SPLINE_CURVE_WITH_KNOTS('',3,(#1707,#1708,#1709,#1710,#1711,
    #1712,#1713,#1714),.UNSPECIFIED.,.F.,.F.,(4,2,2,4),(
    9.333246563029E-02,9.42674519892E-02,0.103692340277,0.113117228566),
  .UNSPECIFIED.);
#1707 = CARTESIAN_POINT('',(3.020879788353,2.621885829765,
    23.130000000133));
#1708 = CARTESIAN_POINT('',(3.01947316865,2.623506506372,23.12768642692)
  );
#1709 = CARTESIAN_POINT('',(3.018044641215,2.625149786414,
    23.125426904023));
#1710 = CARTESIAN_POINT('',(3.002007623112,2.643566493442,
    23.101010491411));
#1711 = CARTESIAN_POINT('',(2.983378631118,2.66465798088,23.081765552584
    ));
#1712 = CARTESIAN_POINT('',(2.941957023541,2.71032084509,23.056260709415
    ));
#1713 = CARTESIAN_POINT('',(2.919148959005,2.734877755712,23.05));
#1714 = CARTESIAN_POINT('',(2.897490291944,2.757634857643,23.05));
#1715 = ORIENTED_EDGE('',*,*,#1716,.T.);
#1716 = EDGE_CURVE('',#1704,#1302,#1717,.T.);
#1717 = B_SPLINE_CURVE_WITH_KNOTS('',3,(#1718,#1719,#1720,#1721,#1722,
    #1723),.UNSPECIFIED.,.F.,.F.,(4,2,4),(-9.333246563021E-02,
    -8.485003871079E-02,-7.667057521919E-02),.UNSPECIFIED.);
#1718 = CARTESIAN_POINT('',(3.020879788353,2.621885829765,
    23.130000000134));
#1719 = CARTESIAN_POINT('',(3.033640989327,2.607182651747,
    23.150989307111));
#1720 = CARTESIAN_POINT('',(3.044482516083,2.594466851424,
    23.176587597239));
#1721 = CARTESIAN_POINT('',(3.05907283952,2.577245842599,23.231076583632
    ));
#1722 = CARTESIAN_POINT('',(3.063088452881,2.572448452812,
    23.259848558157));
#1723 = CARTESIAN_POINT('',(3.063977478903,2.571389120452,
    23.287522162674));
#1724 = ORIENTED_EDGE('',*,*,#1301,.T.);
#1725 = CYLINDRICAL_SURFACE('',#1726,0.25);
#1726 = AXIS2_PLACEMENT_3D('',#1727,#1728,#1729);
#1727 = CARTESIAN_POINT('',(1.671417545068,1.728837667943,23.3));
#1728 = DIRECTION('',(0.766044443119,0.642787609687,0.));
#1729 = DIRECTION('',(0.454519477672,-0.54167522042,-0.707106781187));
#1730 = ADVANCED_FACE('',(#1731),#1737,.F.);
#1731 = FACE_BOUND('',#1732,.F.);
#1732 = EDGE_LOOP('',(#1733,#1734,#1735,#1736));
#1733 = ORIENTED_EDGE('',*,*,#1582,.T.);
#1734 = ORIENTED_EDGE('',*,*,#208,.F.);
#1735 = ORIENTED_EDGE('',*,*,#1685,.F.);
#1736 = ORIENTED_EDGE('',*,*,#1643,.F.);
#1737 = TOROIDAL_SURFACE('',#1738,2.95,0.25);
#1738 = AXIS2_PLACEMENT_3D('',#1739,#1740,#1741);
#1739 = CARTESIAN_POINT('',(0.,0.,23.3));
#1740 = DIRECTION('',(0.,0.,1.));
#1741 = DIRECTION('',(1.,0.,-0.));
#1742 = ADVANCED_FACE('',(#1743),#1763,.T.);
#1743 = FACE_BOUND('',#1744,.T.);
#1744 = EDGE_LOOP('',(#1745,#1746,#1753,#1754,#1755,#1762));
#1745 = ORIENTED_EDGE('',*,*,#1498,.F.);
#1746 = ORIENTED_EDGE('',*,*,#1747,.T.);
#1747 = EDGE_CURVE('',#1499,#1292,#1748,.T.);
#1748 = CIRCLE('',#1749,4.);
#1749 = AXIS2_PLACEMENT_3D('',#1750,#1751,#1752);
#1750 = CARTESIAN_POINT('',(3.63775855565E-15,2.581001552947E-15,23.13)
  );
#1751 = DIRECTION('',(0.,0.,1.));
#1752 = DIRECTION('',(0.866025403784,0.5,-0.));
#1753 = ORIENTED_EDGE('',*,*,#1291,.F.);
#1754 = ORIENTED_EDGE('',*,*,#1178,.F.);
#1755 = ORIENTED_EDGE('',*,*,#1756,.F.);
#1756 = EDGE_CURVE('',#1380,#1147,#1757,.T.);
#1757 = CIRCLE('',#1758,4.);
#1758 = AXIS2_PLACEMENT_3D('',#1759,#1760,#1761);
#1759 = CARTESIAN_POINT('',(3.63775855565E-15,2.581001552947E-15,23.65)
  );
#1760 = DIRECTION('',(0.,0.,1.));
#1761 = DIRECTION('',(0.866025403784,0.5,-0.));
#1762 = ORIENTED_EDGE('',*,*,#1403,.F.);
#1763 = TOROIDAL_SURFACE('',#1764,4.,0.26);
#1764 = AXIS2_PLACEMENT_3D('',#1765,#1766,#1767);
#1765 = CARTESIAN_POINT('',(0.,0.,23.39));
#1766 = DIRECTION('',(0.,0.,1.));
#1767 = DIRECTION('',(-0.5,0.866025403784,0.));
#1768 = ADVANCED_FACE('',(#1769),#1775,.T.);
#1769 = FACE_BOUND('',#1770,.T.);
#1770 = EDGE_LOOP('',(#1771,#1772,#1773,#1774));
#1771 = ORIENTED_EDGE('',*,*,#1388,.F.);
#1772 = ORIENTED_EDGE('',*,*,#1756,.T.);
#1773 = ORIENTED_EDGE('',*,*,#1146,.F.);
#1774 = ORIENTED_EDGE('',*,*,#1082,.F.);
#1775 = PLANE('',#1776);
#1776 = AXIS2_PLACEMENT_3D('',#1777,#1778,#1779);
#1777 = CARTESIAN_POINT('',(2.77128129211,1.6,23.65));
#1778 = DIRECTION('',(0.,0.,1.));
#1779 = DIRECTION('',(-0.5,0.866025403784,0.));
#1780 = ADVANCED_FACE('',(#1781),#1839,.T.);
#1781 = FACE_BOUND('',#1782,.T.);
#1782 = EDGE_LOOP('',(#1783,#1794,#1813,#1822));
#1783 = ORIENTED_EDGE('',*,*,#1784,.T.);
#1784 = EDGE_CURVE('',#1785,#1787,#1789,.T.);
#1785 = VERTEX_POINT('',#1786);
#1786 = CARTESIAN_POINT('',(-0.433416792786,-3.321844349715,23.65));
#1787 = VERTEX_POINT('',#1788);
#1788 = CARTESIAN_POINT('',(0.433416792786,-3.321844349715,23.65));
#1789 = CIRCLE('',#1790,3.35);
#1790 = AXIS2_PLACEMENT_3D('',#1791,#1792,#1793);
#1791 = CARTESIAN_POINT('',(0.,0.,23.65));
#1792 = DIRECTION('',(0.,0.,1.));
#1793 = DIRECTION('',(0.,-1.,0.));
#1794 = ORIENTED_EDGE('',*,*,#1795,.T.);
#1795 = EDGE_CURVE('',#1787,#1796,#1798,.T.);
#1796 = VERTEX_POINT('',#1797);
#1797 = CARTESIAN_POINT('',(0.555674168534,-3.151384809639,23.5));
#1798 = B_SPLINE_CURVE_WITH_KNOTS('',3,(#1799,#1800,#1801,#1802,#1803,
    #1804,#1805,#1806,#1807,#1808,#1809,#1810,#1811,#1812),
  .UNSPECIFIED.,.F.,.F.,(4,2,2,2,2,2,4),(-2.39448670571E-04,0.,
    6.486633655786E-03,1.27119236226E-02,1.920104007114E-02,
    2.40609718002E-02,2.830861345132E-02),.UNSPECIFIED.);
#1799 = CARTESIAN_POINT('',(0.433416792786,-3.321844349715,23.65));
#1800 = CARTESIAN_POINT('',(0.43388912638,-3.321200949428,23.65));
#1801 = CARTESIAN_POINT('',(0.434361384061,-3.320557485981,
    23.649996672059));
#1802 = CARTESIAN_POINT('',(0.447624247148,-3.302481805194,
    23.649809771212));
#1803 = CARTESIAN_POINT('',(0.460415607012,-3.284923225065,
    23.647187893562));
#1804 = CARTESIAN_POINT('',(0.484535362823,-3.251584049087,
    23.637192219198));
#1805 = CARTESIAN_POINT('',(0.4960482536,-3.235557396679,23.629951332476
    ));
#1806 = CARTESIAN_POINT('',(0.517733806181,-3.205188865514,
    23.610082215669));
#1807 = CARTESIAN_POINT('',(0.527984930834,-3.190727219475,
    23.59708674994));
#1808 = CARTESIAN_POINT('',(0.542543426571,-3.170098392621,
    23.569235521422));
#1809 = CARTESIAN_POINT('',(0.547668979166,-3.162802112565,
    23.555703655767));
#1810 = CARTESIAN_POINT('',(0.554079452469,-3.153664159949,
    23.527742642146));
#1811 = CARTESIAN_POINT('',(0.555674168534,-3.151384809639,
    23.514031528189));
#1812 = CARTESIAN_POINT('',(0.555674168534,-3.151384809639,23.5));
#1813 = ORIENTED_EDGE('',*,*,#1814,.T.);
#1814 = EDGE_CURVE('',#1796,#1815,#1817,.T.);
#1815 = VERTEX_POINT('',#1816);
#1816 = CARTESIAN_POINT('',(-0.555674168534,-3.151384809639,23.5));
#1817 = CIRCLE('',#1818,3.2);
#1818 = AXIS2_PLACEMENT_3D('',#1819,#1820,#1821);
#1819 = CARTESIAN_POINT('',(0.,0.,23.5));
#1820 = DIRECTION('',(0.,0.,-1.));
#1821 = DIRECTION('',(0.,-1.,0.));
#1822 = ORIENTED_EDGE('',*,*,#1823,.T.);
#1823 = EDGE_CURVE('',#1815,#1785,#1824,.T.);
#1824 = B_SPLINE_CURVE_WITH_KNOTS('',3,(#1825,#1826,#1827,#1828,#1829,
    #1830,#1831,#1832,#1833,#1834,#1835,#1836,#1837,#1838),
  .UNSPECIFIED.,.F.,.F.,(4,2,2,2,2,2,4),(0.,4.209458456719E-03,
    9.025702951015E-03,1.545648698473E-02,2.162581614398E-02,
    2.805413970342E-02,2.829143590543E-02),.UNSPECIFIED.);
#1825 = CARTESIAN_POINT('',(-0.555674168534,-3.151384809639,23.5));
#1826 = CARTESIAN_POINT('',(-0.555674168534,-3.151384809639,
    23.514031528189));
#1827 = CARTESIAN_POINT('',(-0.554079452469,-3.153664159949,
    23.527742642146));
#1828 = CARTESIAN_POINT('',(-0.547668979166,-3.162802112565,
    23.555703655767));
#1829 = CARTESIAN_POINT('',(-0.542543426571,-3.170098392621,
    23.569235521422));
#1830 = CARTESIAN_POINT('',(-0.527984930834,-3.190727219475,
    23.59708674994));
#1831 = CARTESIAN_POINT('',(-0.517733806181,-3.205188865514,
    23.610082215669));
#1832 = CARTESIAN_POINT('',(-0.4960482536,-3.235557396679,
    23.629951332476));
#1833 = CARTESIAN_POINT('',(-0.484535362823,-3.251584049087,
    23.637192219198));
#1834 = CARTESIAN_POINT('',(-0.460415607012,-3.284923225065,
    23.647187893562));
#1835 = CARTESIAN_POINT('',(-0.447624247148,-3.302481805194,
    23.649809771212));
#1836 = CARTESIAN_POINT('',(-0.434361384061,-3.320557485981,
    23.649996672059));
#1837 = CARTESIAN_POINT('',(-0.43388912638,-3.321200949428,23.65));
#1838 = CARTESIAN_POINT('',(-0.433416792786,-3.321844349715,23.65));
#1839 = TOROIDAL_SURFACE('',#1840,3.35,0.15);
#1840 = AXIS2_PLACEMENT_3D('',#1841,#1842,#1843);
#1841 = CARTESIAN_POINT('',(0.,0.,23.5));
#1842 = DIRECTION('',(0.,0.,-1.));
#1843 = DIRECTION('',(-1.,0.,0.));
#1844 = ADVANCED_FACE('',(#1845),#1871,.T.);
#1845 = FACE_BOUND('',#1846,.T.);
#1846 = EDGE_LOOP('',(#1847,#1855,#1864,#1870));
#1847 = ORIENTED_EDGE('',*,*,#1848,.T.);
#1848 = EDGE_CURVE('',#1787,#1849,#1851,.T.);
#1849 = VERTEX_POINT('',#1850);
#1850 = CARTESIAN_POINT('',(0.546382990397,-3.96250749246,23.65));
#1851 = LINE('',#1852,#1853);
#1852 = CARTESIAN_POINT('',(0.449748803058,-3.414467782647,23.65));
#1853 = VECTOR('',#1854,1.);
#1854 = DIRECTION('',(0.173648177667,-0.984807753012,0.));
#1855 = ORIENTED_EDGE('',*,*,#1856,.T.);
#1856 = EDGE_CURVE('',#1849,#1857,#1859,.T.);
#1857 = VERTEX_POINT('',#1858);
#1858 = CARTESIAN_POINT('',(0.694104153349,-3.93646026581,23.5));
#1859 = CIRCLE('',#1860,0.15);
#1860 = AXIS2_PLACEMENT_3D('',#1861,#1862,#1863);
#1861 = CARTESIAN_POINT('',(0.546382990397,-3.96250749246,23.5));
#1862 = DIRECTION('',(-0.173648177667,0.984807753012,-8.032841876251E-17
    ));
#1863 = DIRECTION('',(-4.625929269271E-16,-1.60237371373E-31,1.));
#1864 = ORIENTED_EDGE('',*,*,#1865,.T.);
#1865 = EDGE_CURVE('',#1857,#1796,#1866,.T.);
#1866 = LINE('',#1867,#1868);
#1867 = CARTESIAN_POINT('',(0.597469966009,-3.388420555996,23.5));
#1868 = VECTOR('',#1869,1.);
#1869 = DIRECTION('',(-0.173648177667,0.984807753012,0.));
#1870 = ORIENTED_EDGE('',*,*,#1795,.F.);
#1871 = CYLINDRICAL_SURFACE('',#1872,0.15);
#1872 = AXIS2_PLACEMENT_3D('',#1873,#1874,#1875);
#1873 = CARTESIAN_POINT('',(0.449748803058,-3.414467782647,23.5));
#1874 = DIRECTION('',(0.173648177667,-0.984807753012,0.));
#1875 = DIRECTION('',(0.69636424032,0.122787803969,0.707106781187));
#1876 = ADVANCED_FACE('',(#1877),#1919,.F.);
#1877 = FACE_BOUND('',#1878,.F.);
#1878 = EDGE_LOOP('',(#1879,#1895,#1896,#1912));
#1879 = ORIENTED_EDGE('',*,*,#1880,.F.);
#1880 = EDGE_CURVE('',#1849,#1881,#1883,.T.);
#1881 = VERTEX_POINT('',#1882);
#1882 = CARTESIAN_POINT('',(0.569203531264,-4.110264025893,
    23.177272727273));
#1883 = B_SPLINE_CURVE_WITH_KNOTS('',3,(#1884,#1885,#1886,#1887,#1888,
    #1889,#1890,#1891,#1892,#1893,#1894),.UNSPECIFIED.,.F.,.F.,(4,1,1,1,
    1,1,1,1,4),(2.627835558013E-16,9.937876732664E-04,1.987575346532E-03
    ,3.975150693065E-03,7.950301386129E-03,1.192545207919E-02,
    1.590060277226E-02,2.385090415839E-02,2.782605485145E-02),
  .UNSPECIFIED.);
#1884 = CARTESIAN_POINT('',(0.546382990397,-3.96250749246,23.65));
#1885 = CARTESIAN_POINT('',(0.54757482038,-3.970241520559,23.65));
#1886 = CARTESIAN_POINT('',(0.549959471111,-3.985710490485,
    23.64929421267));
#1887 = CARTESIAN_POINT('',(0.554693618748,-4.016398445714,
    23.645059534974));
#1888 = CARTESIAN_POINT('',(0.562782521686,-4.068778841717,
    23.630372887162));
#1889 = CARTESIAN_POINT('',(0.573217122986,-4.136207093662,
    23.589352082324));
#1890 = CARTESIAN_POINT('',(0.582261776545,-4.194533810258,
    23.514401657721));
#1891 = CARTESIAN_POINT('',(0.588216333526,-4.232875389608,
    23.392909421919));
#1892 = CARTESIAN_POINT('',(0.583457750299,-4.202257031756,
    23.263180254284));
#1893 = CARTESIAN_POINT('',(0.573121954983,-4.135579065441,
    23.195271878795));
#1894 = CARTESIAN_POINT('',(0.569203531264,-4.110264025893,
    23.177272727273));
#1895 = ORIENTED_EDGE('',*,*,#1856,.T.);
#1896 = ORIENTED_EDGE('',*,*,#1897,.F.);
#1897 = EDGE_CURVE('',#1898,#1857,#1900,.T.);
#1898 = VERTEX_POINT('',#1899);
#1899 = CARTESIAN_POINT('',(0.705094238168,-3.998788134039,23.3));
#1900 = B_SPLINE_CURVE_WITH_KNOTS('',3,(#1901,#1902,#1903,#1904,#1905,
    #1906,#1907,#1908,#1909,#1910,#1911),.UNSPECIFIED.,.F.,.F.,(4,1,1,1,
    1,1,1,1,4),(-2.782605485145E-02,-2.385090415839E-02,
    -1.590060277226E-02,-1.192545207919E-02,-7.950301386129E-03,
    -3.975150693065E-03,-1.987575346532E-03,-9.937876732664E-04,
    -2.627835558013E-16),.UNSPECIFIED.);
#1901 = CARTESIAN_POINT('',(0.705094238168,-3.998788134039,23.3));
#1902 = CARTESIAN_POINT('',(0.706977237851,-4.009467155909,
    23.307615025644));
#1903 = CARTESIAN_POINT('',(0.711937052399,-4.037595661985,
    23.336345492197));
#1904 = CARTESIAN_POINT('',(0.714214695956,-4.050512820479,
    23.391230909273));
#1905 = CARTESIAN_POINT('',(0.71136257417,-4.034337634047,
    23.442631470574));
#1906 = CARTESIAN_POINT('',(0.707023934356,-4.009731984948,
    23.474341265599));
#1907 = CARTESIAN_POINT('',(0.702008463262,-3.981287834914,
    23.491696221492));
#1908 = CARTESIAN_POINT('',(0.698112435372,-3.959192362771,
    23.497909803258));
#1909 = CARTESIAN_POINT('',(0.695829922869,-3.946247591116,
    23.499701397668));
#1910 = CARTESIAN_POINT('',(0.694679384744,-3.939722565162,23.5));
#1911 = CARTESIAN_POINT('',(0.694104153349,-3.93646026581,23.5));
#1912 = ORIENTED_EDGE('',*,*,#1913,.F.);
#1913 = EDGE_CURVE('',#1881,#1898,#1914,.T.);
#1914 = CIRCLE('',#1915,0.15);
#1915 = AXIS2_PLACEMENT_3D('',#1916,#1917,#1918);
#1916 = CARTESIAN_POINT('',(0.557373075216,-4.024835360689,23.3));
#1917 = DIRECTION('',(0.142107796309,-0.805933361635,0.574697129654));
#1918 = DIRECTION('',(7.886970698922E-02,-0.569524434696,-0.818181818182
    ));
#1919 = B_SPLINE_SURFACE_WITH_KNOTS('',3,3,(
    (#1920,#1921,#1922,#1923,#1924,#1925,#1926,#1927,#1928,#1929,#1930)
    ,(#1931,#1932,#1933,#1934,#1935,#1936,#1937,#1938,#1939,#1940,#1941)
    ,(#1942,#1943,#1944,#1945,#1946,#1947,#1948,#1949,#1950,#1951,#1952)
    ,(#1953,#1954,#1955,#1956,#1957,#1958,#1959,#1960,#1961,#1962,#1963)
    ,(#1964,#1965,#1966,#1967,#1968,#1969,#1970,#1971,#1972,#1973,#1974
    )),.UNSPECIFIED.,.F.,.F.,.F.,(4,1,4),(4,1,1,1,1,1,1,1,4),(0.,
    0.571428571429,1.),(2.627835558013E-16,9.937876732664E-04,
    1.987575346532E-03,3.975150693065E-03,7.950301386129E-03,
    1.192545207919E-02,1.590060277226E-02,2.385090415839E-02,
    2.782605485145E-02),.UNSPECIFIED.);
#1920 = CARTESIAN_POINT('',(0.546382990397,-3.96250749246,23.65));
#1921 = CARTESIAN_POINT('',(0.54757482038,-3.970241520559,23.65));
#1922 = CARTESIAN_POINT('',(0.549959471111,-3.985710490485,
    23.64929421267));
#1923 = CARTESIAN_POINT('',(0.554693618748,-4.016398445714,
    23.645059534974));
#1924 = CARTESIAN_POINT('',(0.562782521686,-4.068778841717,
    23.630372887162));
#1925 = CARTESIAN_POINT('',(0.573217122986,-4.136207093662,
    23.589352082324));
#1926 = CARTESIAN_POINT('',(0.582261776545,-4.194533810258,
    23.514401657721));
#1927 = CARTESIAN_POINT('',(0.588216333526,-4.232875389608,
    23.392909421919));
#1928 = CARTESIAN_POINT('',(0.583457750299,-4.202257031756,
    23.263180254284));
#1929 = CARTESIAN_POINT('',(0.573121954983,-4.135579065441,
    23.195271878795));
#1930 = CARTESIAN_POINT('',(0.569203531264,-4.110264025893,
    23.177272727273));
#1931 = CARTESIAN_POINT('',(0.590581058998,-3.954714180471,23.65));
#1932 = CARTESIAN_POINT('',(0.591807301047,-3.962456779198,
    23.650052195512));
#1933 = CARTESIAN_POINT('',(0.594261400791,-3.977948544287,
    23.649460786442));
#1934 = CARTESIAN_POINT('',(0.599139177622,-4.008722409074,
    23.645432087596));
#1935 = CARTESIAN_POINT('',(0.607483893197,-4.061329406344,
    23.631096528222));
#1936 = CARTESIAN_POINT('',(0.618282379392,-4.129295034178,
    23.590340009006));
#1937 = CARTESIAN_POINT('',(0.627672144275,-4.188300281408,
    23.515168785925));
#1938 = CARTESIAN_POINT('',(0.633860287979,-4.227148562479,
    23.392902624139));
#1939 = CARTESIAN_POINT('',(0.628885828941,-4.195958368193,
    23.262249149244));
#1940 = CARTESIAN_POINT('',(0.618143504195,-4.12845076288,
    23.194444545222));
#1941 = CARTESIAN_POINT('',(0.614085128103,-4.102913599297,
    23.176482622743));
#1942 = CARTESIAN_POINT('',(0.667108072403,-3.941220403254,
    23.612336850027));
#1943 = CARTESIAN_POINT('',(0.668228566956,-3.947812472248,
    23.612417333952));
#1944 = CARTESIAN_POINT('',(0.670472553581,-3.961012881452,
    23.611971853212));
#1945 = CARTESIAN_POINT('',(0.674934651311,-3.987257184037,
    23.608660408295));
#1946 = CARTESIAN_POINT('',(0.68257783174,-4.03219946343,23.596585078637
    ));
#1947 = CARTESIAN_POINT('',(0.692487132113,-4.090437045216,
    23.561906205538));
#1948 = CARTESIAN_POINT('',(0.701119886196,-4.141147108719,
    23.497597222049));
#1949 = CARTESIAN_POINT('',(0.706827628125,-4.174660127937,
    23.392574971033));
#1950 = CARTESIAN_POINT('',(0.702265919799,-4.147872701846,
    23.280192353271));
#1951 = CARTESIAN_POINT('',(0.692416151974,-4.090002175819,
    23.222093416933));
#1952 = CARTESIAN_POINT('',(0.688693459563,-4.068124273362,
    23.206821129637));
#1953 = CARTESIAN_POINT('',(0.694104153349,-3.93646026581,
    23.533659921288));
#1954 = CARTESIAN_POINT('',(0.694855227913,-3.940717307688,
    23.533683894117));
#1955 = CARTESIAN_POINT('',(0.696358215698,-3.949236757288,
    23.533340474299));
#1956 = CARTESIAN_POINT('',(0.699342981042,-3.966154844686,
    23.531092697954));
#1957 = CARTESIAN_POINT('',(0.704445127323,-3.995076581319,
    23.523120197564));
#1958 = CARTESIAN_POINT('',(0.711033371825,-4.03242241151,
    23.500573420847));
#1959 = CARTESIAN_POINT('',(0.716750009406,-4.06482735932,
    23.459099782393));
#1960 = CARTESIAN_POINT('',(0.720516468232,-4.086185131008,
    23.391636382246));
#1961 = CARTESIAN_POINT('',(0.717504878876,-4.069129300398,
    23.319525079369));
#1962 = CARTESIAN_POINT('',(0.710973099533,-4.032120387501,
    23.281989457458));
#1963 = CARTESIAN_POINT('',(0.708498726869,-4.018095948917,
    23.272081613584));
#1964 = CARTESIAN_POINT('',(0.694104153349,-3.93646026581,23.5));
#1965 = CARTESIAN_POINT('',(0.694679384744,-3.939722565162,23.5));
#1966 = CARTESIAN_POINT('',(0.695829922869,-3.946247591116,
    23.499701397668));
#1967 = CARTESIAN_POINT('',(0.698112435372,-3.959192362771,
    23.497909803258));
#1968 = CARTESIAN_POINT('',(0.702008463262,-3.981287834914,
    23.491696221492));
#1969 = CARTESIAN_POINT('',(0.707023934356,-4.009731984948,
    23.474341265599));
#1970 = CARTESIAN_POINT('',(0.71136257417,-4.034337634047,
    23.442631470574));
#1971 = CARTESIAN_POINT('',(0.714214695956,-4.050512820479,
    23.391230909273));
#1972 = CARTESIAN_POINT('',(0.711937052399,-4.037595661985,
    23.336345492197));
#1973 = CARTESIAN_POINT('',(0.706977237851,-4.009467155909,
    23.307615025644));
#1974 = CARTESIAN_POINT('',(0.705094238168,-3.998788134039,23.3));
#1975 = ADVANCED_FACE('',(#1976),#2034,.F.);
#1976 = FACE_BOUND('',#1977,.F.);
#1977 = EDGE_LOOP('',(#1978,#1987,#1988,#1997));
#1978 = ORIENTED_EDGE('',*,*,#1979,.F.);
#1979 = EDGE_CURVE('',#1881,#1980,#1982,.T.);
#1980 = VERTEX_POINT('',#1981);
#1981 = CARTESIAN_POINT('',(0.546878957201,-3.962439072865,23.13));
#1982 = B_SPLINE_CURVE_WITH_KNOTS('',3,(#1983,#1984,#1985,#1986),
  .UNSPECIFIED.,.F.,.F.,(4,4),(7.049212639027E-02,7.723243678225E-02),
  .PIECEWISE_BEZIER_KNOTS.);
#1983 = CARTESIAN_POINT('',(0.569203531264,-4.110264025893,
    23.177272727273));
#1984 = CARTESIAN_POINT('',(0.562558602065,-4.067334353775,
    23.146749461773));
#1985 = CARTESIAN_POINT('',(0.55496562893,-4.014889995983,23.13));
#1986 = CARTESIAN_POINT('',(0.546878957201,-3.962439072865,23.13));
#1987 = ORIENTED_EDGE('',*,*,#1913,.T.);
#1988 = ORIENTED_EDGE('',*,*,#1989,.F.);
#1989 = EDGE_CURVE('',#1990,#1898,#1992,.T.);
#1990 = VERTEX_POINT('',#1991);
#1991 = CARTESIAN_POINT('',(0.694899561875,-3.939176893579,
    23.287522162674));
#1992 = B_SPLINE_CURVE_WITH_KNOTS('',3,(#1993,#1994,#1995,#1996),
  .UNSPECIFIED.,.F.,.F.,(4,4),(-7.695288785583E-02,-7.049212639027E-02),
  .PIECEWISE_BEZIER_KNOTS.);
#1993 = CARTESIAN_POINT('',(0.694899105492,-3.939176956986,
    23.287522798662));
#1994 = CARTESIAN_POINT('',(0.698613163553,-3.960377662624,
    23.287873638592));
#1995 = CARTESIAN_POINT('',(0.702033451796,-3.981429551936,
    23.292263684735));
#1996 = CARTESIAN_POINT('',(0.705094238168,-3.998788134039,23.3));
#1997 = ORIENTED_EDGE('',*,*,#1998,.T.);
#1998 = EDGE_CURVE('',#1990,#1980,#1999,.T.);
#1999 = B_SPLINE_CURVE_WITH_KNOTS('',3,(#2000,#2001,#2002,#2003,#2004,
    #2005,#2006,#2007,#2008,#2009,#2010,#2011,#2012,#2013,#2014,#2015,
    #2016,#2017,#2018,#2019,#2020,#2021,#2022,#2023,#2024,#2025,#2026,
    #2027,#2028,#2029,#2030,#2031,#2032,#2033),.UNSPECIFIED.,.F.,.F.,(4,
    3,3,3,3,3,3,3,3,3,3,4),(0.,3.06983625205E-03,5.862829966376E-03,
    9.06408381346E-03,1.04582354334E-02,1.172334992819E-02,
    1.496131460018E-02,1.758294230106E-02,2.081146255062E-02,
    2.098169368257E-02,2.415794762445E-02,2.43801637432E-02),
  .UNSPECIFIED.);
#2000 = CARTESIAN_POINT('',(0.694899067112,-3.939176737905,
    23.287522795037));
#2001 = CARTESIAN_POINT('',(0.695401946307,-3.939087349439,
    23.277302960906));
#2002 = CARTESIAN_POINT('',(0.694835242806,-3.939181713509,
    23.267074351924));
#2003 = CARTESIAN_POINT('',(0.693273255818,-3.939456960192,
    23.256997637649));
#2004 = CARTESIAN_POINT('',(0.69185213121,-3.939707384707,
    23.247829656909));
#2005 = CARTESIAN_POINT('',(0.689606271885,-3.940107363294,
    23.23878638624));
#2006 = CARTESIAN_POINT('',(0.686558009821,-3.940638763563,
    23.229993446587));
#2007 = CARTESIAN_POINT('',(0.683064174298,-3.941247840178,
    23.219915216999));
#2008 = CARTESIAN_POINT('',(0.678554238627,-3.942027766215,
    23.210270359004));
#2009 = CARTESIAN_POINT('',(0.673084787701,-3.942961692755,
    23.201240763777));
#2010 = CARTESIAN_POINT('',(0.670702832307,-3.943368419388,
    23.197308359345));
#2011 = CARTESIAN_POINT('',(0.668138262215,-3.943804299165,
    23.193492838994));
#2012 = CARTESIAN_POINT('',(0.665393015169,-3.94426771574,
    23.189810707929));
#2013 = CARTESIAN_POINT('',(0.662901857264,-3.944688240321,
    23.186469380261));
#2014 = CARTESIAN_POINT('',(0.66026188148,-3.945131441485,
    23.183237903968));
#2015 = CARTESIAN_POINT('',(0.657482107918,-3.945594611487,
    23.180121462822));
#2016 = CARTESIAN_POINT('',(0.650367488151,-3.946780060004,
    23.17214516789));
#2017 = CARTESIAN_POINT('',(0.642414789902,-3.94808501201,
    23.165003209374));
#2018 = CARTESIAN_POINT('',(0.633802237513,-3.949467809581,
    23.158757718548));
#2019 = CARTESIAN_POINT('',(0.626829058925,-3.950587395736,
    23.153701038376));
#2020 = CARTESIAN_POINT('',(0.619421923206,-3.951758088457,
    23.149232385867));
#2021 = CARTESIAN_POINT('',(0.611660817643,-3.952959431965,
    23.145404874624));
#2022 = CARTESIAN_POINT('',(0.602103058369,-3.954438879959,
    23.140691315353));
#2023 = CARTESIAN_POINT('',(0.592088202679,-3.955952810999,
    23.136987742761));
#2024 = CARTESIAN_POINT('',(0.58177267671,-3.957468711701,
    23.134386780356));
#2025 = CARTESIAN_POINT('',(0.581228766954,-3.957548641041,
    23.13424963865));
#2026 = CARTESIAN_POINT('',(0.580684017948,-3.957628577519,
    23.134115573923));
#2027 = CARTESIAN_POINT('',(0.580138451738,-3.957708516926,
    23.133984603726));
#2028 = CARTESIAN_POINT('',(0.569959016252,-3.959200064641,
    23.131540899103));
#2029 = CARTESIAN_POINT('',(0.559556973017,-3.960683003057,
    23.130185102828));
#2030 = CARTESIAN_POINT('',(0.549079160486,-3.962134811859,
    23.130017600224));
#2031 = CARTESIAN_POINT('',(0.54834611493,-3.962236382868,
    23.130005881457));
#2032 = CARTESIAN_POINT('',(0.547612697108,-3.96233780521,23.13));
#2033 = CARTESIAN_POINT('',(0.546878957201,-3.962439072865,23.13));
#2034 = B_SPLINE_SURFACE_WITH_KNOTS('',3,3,(
    (#2035,#2036,#2037,#2038)
    ,(#2039,#2040,#2041,#2042)
    ,(#2043,#2044,#2045,#2046)
    ,(#2047,#2048,#2049,#2050)
    ,(#2051,#2052,#2053,#2054
  )),.UNSPECIFIED.,.F.,.F.,.F.,(4,1,4),(4,4),(0.,0.571428571429,1.),(
    7.049212639027E-02,7.723243678225E-02),.UNSPECIFIED.);
#2035 = CARTESIAN_POINT('',(0.569203531264,-4.110264025893,
    23.177272727273));
#2036 = CARTESIAN_POINT('',(0.562558602065,-4.067334353775,
    23.146749461773));
#2037 = CARTESIAN_POINT('',(0.55496562893,-4.014889995983,23.13));
#2038 = CARTESIAN_POINT('',(0.546878957201,-3.962439072865,23.13));
#2039 = CARTESIAN_POINT('',(0.614085128103,-4.102913599297,
    23.176482622743));
#2040 = CARTESIAN_POINT('',(0.608087780037,-4.060184280296,
    23.146470001303));
#2041 = CARTESIAN_POINT('',(0.60088865762,-4.007387027324,
    23.129635229293));
#2042 = CARTESIAN_POINT('',(0.592484480876,-3.954397588572,23.13));
#2043 = CARTESIAN_POINT('',(0.688693901131,-4.068124400097,
    23.20682084272));
#2044 = CARTESIAN_POINT('',(0.684567941962,-4.031774435989,
    23.183335407488));
#2045 = CARTESIAN_POINT('',(0.679084213496,-3.985943170776,
    23.169698294697));
#2046 = CARTESIAN_POINT('',(0.67133602765,-3.940493933405,
    23.170255824483));
#2047 = CARTESIAN_POINT('',(0.708498726869,-4.018095948917,
    23.272081613584));
#2048 = CARTESIAN_POINT('',(0.705256906132,-3.994483362649,
    23.25967512045));
#2049 = CARTESIAN_POINT('',(0.701266785012,-3.965214292413,
    23.252650102208));
#2050 = CARTESIAN_POINT('',(0.696125560285,-3.936122869963,
    23.252811645123));
#2051 = CARTESIAN_POINT('',(0.705094238168,-3.998788134039,23.3));
#2052 = CARTESIAN_POINT('',(0.701901015465,-3.980678468179,
    23.291928944219));
#2053 = CARTESIAN_POINT('',(0.698316507461,-3.958548971159,23.2875));
#2054 = CARTESIAN_POINT('',(0.694415353147,-3.936424425624,23.2875));
#2055 = ADVANCED_FACE('',(#2056),#2082,.T.);
#2056 = FACE_BOUND('',#2057,.T.);
#2057 = EDGE_LOOP('',(#2058,#2066,#2075,#2081));
#2058 = ORIENTED_EDGE('',*,*,#2059,.T.);
#2059 = EDGE_CURVE('',#1815,#2060,#2062,.T.);
#2060 = VERTEX_POINT('',#2061);
#2061 = CARTESIAN_POINT('',(-0.694104153349,-3.93646026581,23.5));
#2062 = LINE('',#2063,#2064);
#2063 = CARTESIAN_POINT('',(-0.597469966009,-3.388420555996,23.5));
#2064 = VECTOR('',#2065,1.);
#2065 = DIRECTION('',(-0.173648177667,-0.984807753012,0.));
#2066 = ORIENTED_EDGE('',*,*,#2067,.T.);
#2067 = EDGE_CURVE('',#2060,#2068,#2070,.T.);
#2068 = VERTEX_POINT('',#2069);
#2069 = CARTESIAN_POINT('',(-0.546382990397,-3.96250749246,23.65));
#2070 = CIRCLE('',#2071,0.15);
#2071 = AXIS2_PLACEMENT_3D('',#2072,#2073,#2074);
#2072 = CARTESIAN_POINT('',(-0.546382990397,-3.96250749246,23.5));
#2073 = DIRECTION('',(0.173648177667,0.984807753012,0.));
#2074 = DIRECTION('',(-0.984807753012,0.173648177667,0.));
#2075 = ORIENTED_EDGE('',*,*,#2076,.T.);
#2076 = EDGE_CURVE('',#2068,#1785,#2077,.T.);
#2077 = LINE('',#2078,#2079);
#2078 = CARTESIAN_POINT('',(-0.449748803058,-3.414467782647,23.65));
#2079 = VECTOR('',#2080,1.);
#2080 = DIRECTION('',(0.173648177667,0.984807753012,0.));
#2081 = ORIENTED_EDGE('',*,*,#1823,.F.);
#2082 = CYLINDRICAL_SURFACE('',#2083,0.15);
#2083 = AXIS2_PLACEMENT_3D('',#2084,#2085,#2086);
#2084 = CARTESIAN_POINT('',(-0.449748803058,-3.414467782647,23.5));
#2085 = DIRECTION('',(0.173648177667,0.984807753012,0.));
#2086 = DIRECTION('',(-0.69636424032,0.122787803969,0.707106781187));
#2087 = ADVANCED_FACE('',(#2088),#2126,.F.);
#2088 = FACE_BOUND('',#2089,.F.);
#2089 = EDGE_LOOP('',(#2090,#2104,#2113,#2125));
#2090 = ORIENTED_EDGE('',*,*,#2091,.F.);
#2091 = EDGE_CURVE('',#2092,#2068,#2094,.T.);
#2092 = VERTEX_POINT('',#2093);
#2093 = CARTESIAN_POINT('',(-0.569203531264,-4.110264025893,
    23.177272727273));
#2094 = B_SPLINE_CURVE_WITH_KNOTS('',3,(#2095,#2096,#2097,#2098,#2099,
    #2100,#2101,#2102,#2103),.UNSPECIFIED.,.F.,.F.,(4,1,1,1,1,1,4),(0.,
    3.975150693065E-03,1.192545207919E-02,1.590060277226E-02,
    1.987575346532E-02,2.385090415839E-02,2.782605485145E-02),
  .UNSPECIFIED.);
#2095 = CARTESIAN_POINT('',(-0.569203531264,-4.110264025893,
    23.177272727273));
#2096 = CARTESIAN_POINT('',(-0.573121954983,-4.135579065441,
    23.195271878795));
#2097 = CARTESIAN_POINT('',(-0.58345828503,-4.202260459359,
    23.263179538464));
#2098 = CARTESIAN_POINT('',(-0.58821562086,-4.232870733319,
    23.39291248822));
#2099 = CARTESIAN_POINT('',(-0.582262656804,-4.194539428955,
    23.514398523926));
#2100 = CARTESIAN_POINT('',(-0.573216740744,-4.136204522486,
    23.589350305649));
#2101 = CARTESIAN_POINT('',(-0.56069650998,-4.055299033352,
    23.638584224397));
#2102 = CARTESIAN_POINT('',(-0.551150310329,-3.993443604855,23.65));
#2103 = CARTESIAN_POINT('',(-0.546382990397,-3.96250749246,23.65));
#2104 = ORIENTED_EDGE('',*,*,#2105,.F.);
#2105 = EDGE_CURVE('',#2106,#2092,#2108,.T.);
#2106 = VERTEX_POINT('',#2107);
#2107 = CARTESIAN_POINT('',(-0.705094238168,-3.998788134039,23.3));
#2108 = CIRCLE('',#2109,0.15);
#2109 = AXIS2_PLACEMENT_3D('',#2110,#2111,#2112);
#2110 = CARTESIAN_POINT('',(-0.557373075216,-4.024835360689,23.3));
#2111 = DIRECTION('',(-0.142107796309,-0.805933361635,0.574697129654));
#2112 = DIRECTION('',(-0.984807753012,0.173648177667,-2.951805466722E-14
    ));
#2113 = ORIENTED_EDGE('',*,*,#2114,.F.);
#2114 = EDGE_CURVE('',#2060,#2106,#2115,.T.);
#2115 = B_SPLINE_CURVE_WITH_KNOTS('',3,(#2116,#2117,#2118,#2119,#2120,
    #2121,#2122,#2123,#2124),.UNSPECIFIED.,.F.,.F.,(4,1,1,1,1,1,4),(
    -2.782605485145E-02,-2.385090415839E-02,-1.987575346532E-02,
    -1.590060277226E-02,-1.192545207919E-02,-3.975150693065E-03,0.),
  .UNSPECIFIED.);
#2116 = CARTESIAN_POINT('',(-0.694104153349,-3.93646026581,23.5));
#2117 = CARTESIAN_POINT('',(-0.696405078929,-3.949509463217,23.5));
#2118 = CARTESIAN_POINT('',(-0.701005803627,-3.975601469554,
    23.495170248783));
#2119 = CARTESIAN_POINT('',(-0.707023743238,-4.009730901066,
    23.474340513928));
#2120 = CARTESIAN_POINT('',(-0.711362992194,-4.034340004781,
    23.442630144738));
#2121 = CARTESIAN_POINT('',(-0.714214349677,-4.050510856633,
    23.391232206555));
#2122 = CARTESIAN_POINT('',(-0.71193730739,-4.037597108107,
    23.33634518935));
#2123 = CARTESIAN_POINT('',(-0.706977237851,-4.009467155909,
    23.307615025644));
#2124 = CARTESIAN_POINT('',(-0.705094238168,-3.998788134039,23.3));
#2125 = ORIENTED_EDGE('',*,*,#2067,.T.);
#2126 = B_SPLINE_SURFACE_WITH_KNOTS('',3,3,(
    (#2127,#2128,#2129,#2130,#2131,#2132,#2133,#2134,#2135)
    ,(#2136,#2137,#2138,#2139,#2140,#2141,#2142,#2143,#2144)
    ,(#2145,#2146,#2147,#2148,#2149,#2150,#2151,#2152,#2153)
    ,(#2154,#2155,#2156,#2157,#2158,#2159,#2160,#2161,#2162)
    ,(#2163,#2164,#2165,#2166,#2167,#2168,#2169,#2170,#2171
  )),.UNSPECIFIED.,.F.,.F.,.F.,(4,1,4),(4,1,1,1,1,1,4),(0.,
    0.571428571429,1.),(0.,3.975150693065E-03,1.192545207919E-02,
    1.590060277226E-02,1.987575346532E-02,2.385090415839E-02,
    2.782605485145E-02),.UNSPECIFIED.);
#2127 = CARTESIAN_POINT('',(-0.569203531264,-4.110264025893,
    23.177272727273));
#2128 = CARTESIAN_POINT('',(-0.573121954983,-4.135579065441,
    23.195271878795));
#2129 = CARTESIAN_POINT('',(-0.58345828503,-4.202260459359,
    23.263179538464));
#2130 = CARTESIAN_POINT('',(-0.58821562086,-4.232870733319,
    23.39291248822));
#2131 = CARTESIAN_POINT('',(-0.582262656804,-4.194539428955,
    23.514398523926));
#2132 = CARTESIAN_POINT('',(-0.573216740744,-4.136204522486,
    23.589350305649));
#2133 = CARTESIAN_POINT('',(-0.56069650998,-4.055299033352,
    23.638584224397));
#2134 = CARTESIAN_POINT('',(-0.551150310329,-3.993443604855,23.65));
#2135 = CARTESIAN_POINT('',(-0.546382990397,-3.96250749246,23.65));
#2136 = CARTESIAN_POINT('',(-0.614085128103,-4.102913599297,
    23.176482622743));
#2137 = CARTESIAN_POINT('',(-0.618143504195,-4.12845076288,
    23.194444545222));
#2138 = CARTESIAN_POINT('',(-0.628885031046,-4.195954571322,
    23.262271232206));
#2139 = CARTESIAN_POINT('',(-0.633857300773,-4.227131797617,
    23.39294370323));
#2140 = CARTESIAN_POINT('',(-0.627669122737,-4.188284834347,
    23.515231563586));
#2141 = CARTESIAN_POINT('',(-0.61827880444,-4.129275394771,
    23.590391819391));
#2142 = CARTESIAN_POINT('',(-0.605318640196,-4.047707257994,
    23.639362851116));
#2143 = CARTESIAN_POINT('',(-0.595486027192,-3.98568457538,
    23.650208782049));
#2144 = CARTESIAN_POINT('',(-0.590581058998,-3.954714180471,23.65));
#2145 = CARTESIAN_POINT('',(-0.688693459563,-4.068124273362,
    23.206821129636));
#2146 = CARTESIAN_POINT('',(-0.692416151974,-4.090002175819,
    23.222093416933));
#2147 = CARTESIAN_POINT('',(-0.702266891031,-4.147877939026,
    23.280184879335));
#2148 = CARTESIAN_POINT('',(-0.706827720334,-4.174659886483,
    23.392566405169));
#2149 = CARTESIAN_POINT('',(-0.701122065551,-4.141158550737,
    23.497574722473));
#2150 = CARTESIAN_POINT('',(-0.692487865799,-4.090440242958,
    23.561889006872));
#2151 = CARTESIAN_POINT('',(-0.68059902697,-4.020567667921,
    23.60349407949));
#2152 = CARTESIAN_POINT('',(-0.671590050614,-3.967588679227,
    23.612658785726));
#2153 = CARTESIAN_POINT('',(-0.667108072403,-3.941220403254,
    23.612336850028));
#2154 = CARTESIAN_POINT('',(-0.708498726869,-4.018095948917,
    23.272081613584));
#2155 = CARTESIAN_POINT('',(-0.710973099533,-4.032120387501,
    23.281989457458));
#2156 = CARTESIAN_POINT('',(-0.71750519104,-4.069132303022,
    23.319521433401));
#2157 = CARTESIAN_POINT('',(-0.720515975019,-4.086184387043,
    23.391632739407));
#2158 = CARTESIAN_POINT('',(-0.716750490731,-4.06483367282,
    23.459088659575));
#2159 = CARTESIAN_POINT('',(-0.711033070058,-4.032423605347,
    23.5005649455));
#2160 = CARTESIAN_POINT('',(-0.703127928135,-3.987615871595,
    23.527617995144));
#2161 = CARTESIAN_POINT('',(-0.697108451606,-3.95348843332,
    23.533755812603));
#2162 = CARTESIAN_POINT('',(-0.694104153349,-3.93646026581,
    23.533659921288));
#2163 = CARTESIAN_POINT('',(-0.705094238168,-3.998788134039,23.3));
#2164 = CARTESIAN_POINT('',(-0.706977237851,-4.009467155909,
    23.307615025644));
#2165 = CARTESIAN_POINT('',(-0.71193730739,-4.037597108107,
    23.33634518935));
#2166 = CARTESIAN_POINT('',(-0.714214349677,-4.050510856633,
    23.391232206555));
#2167 = CARTESIAN_POINT('',(-0.711362992194,-4.034340004781,
    23.442630144738));
#2168 = CARTESIAN_POINT('',(-0.707023743238,-4.009730901066,
    23.474340513928));
#2169 = CARTESIAN_POINT('',(-0.701005803627,-3.975601469554,
    23.495170248783));
#2170 = CARTESIAN_POINT('',(-0.696405078929,-3.949509463217,23.5));
#2171 = CARTESIAN_POINT('',(-0.694104153349,-3.93646026581,23.5));
#2172 = ADVANCED_FACE('',(#2173),#2231,.F.);
#2173 = FACE_BOUND('',#2174,.F.);
#2174 = EDGE_LOOP('',(#2175,#2184,#2185,#2194));
#2175 = ORIENTED_EDGE('',*,*,#2176,.F.);
#2176 = EDGE_CURVE('',#2106,#2177,#2179,.T.);
#2177 = VERTEX_POINT('',#2178);
#2178 = CARTESIAN_POINT('',(-0.694899561875,-3.939176893579,
    23.287522162674));
#2179 = B_SPLINE_CURVE_WITH_KNOTS('',3,(#2180,#2181,#2182,#2183),
  .UNSPECIFIED.,.F.,.F.,(4,4),(7.049212639044E-02,7.695291011051E-02),
  .PIECEWISE_BEZIER_KNOTS.);
#2180 = CARTESIAN_POINT('',(-0.705094238168,-3.998788134039,23.3));
#2181 = CARTESIAN_POINT('',(-0.702033441253,-3.981429492141,
    23.292263658085));
#2182 = CARTESIAN_POINT('',(-0.69861313999,-3.960377517593,
    23.287873608348));
#2183 = CARTESIAN_POINT('',(-0.694899067112,-3.939176737905,
    23.287522795037));
#2184 = ORIENTED_EDGE('',*,*,#2105,.T.);
#2185 = ORIENTED_EDGE('',*,*,#2186,.F.);
#2186 = EDGE_CURVE('',#2187,#2092,#2189,.T.);
#2187 = VERTEX_POINT('',#2188);
#2188 = CARTESIAN_POINT('',(-0.546878957201,-3.962439072865,23.13));
#2189 = B_SPLINE_CURVE_WITH_KNOTS('',3,(#2190,#2191,#2192,#2193),
  .UNSPECIFIED.,.F.,.F.,(4,4),(-7.723243678254E-02,-7.049212639044E-02),
  .PIECEWISE_BEZIER_KNOTS.);
#2190 = CARTESIAN_POINT('',(-0.546878957201,-3.962439072865,23.13));
#2191 = CARTESIAN_POINT('',(-0.55496562893,-4.014889995979,23.13));
#2192 = CARTESIAN_POINT('',(-0.562558602064,-4.067334353768,
    23.146749461768));
#2193 = CARTESIAN_POINT('',(-0.569203531264,-4.110264025893,
    23.177272727273));
#2194 = ORIENTED_EDGE('',*,*,#2195,.T.);
#2195 = EDGE_CURVE('',#2187,#2177,#2196,.T.);
#2196 = B_SPLINE_CURVE_WITH_KNOTS('',3,(#2197,#2198,#2199,#2200,#2201,
    #2202,#2203,#2204,#2205,#2206,#2207,#2208,#2209,#2210,#2211,#2212,
    #2213,#2214,#2215,#2216,#2217,#2218,#2219,#2220,#2221,#2222,#2223,
    #2224,#2225,#2226,#2227,#2228,#2229,#2230),.UNSPECIFIED.,.F.,.F.,(4,
    3,3,3,3,3,3,3,3,3,3,4),(0.,3.215516894386E-03,5.859641356897E-03,
    9.080616485187E-03,1.04545797104E-02,1.171781035446E-02,
    1.494320412499E-02,1.757767953635E-02,2.073679090537E-02,
    2.097840181179E-02,2.394639403276E-02,2.437961042399E-02),
  .UNSPECIFIED.);
#2197 = CARTESIAN_POINT('',(-0.546878957201,-3.962439072865,23.13));
#2198 = CARTESIAN_POINT('',(-0.557496698686,-3.960973657427,23.13));
#2199 = CARTESIAN_POINT('',(-0.568058993493,-3.959471802726,
    23.131189308422));
#2200 = CARTESIAN_POINT('',(-0.578387697177,-3.957961988412,
    23.133475368012));
#2201 = CARTESIAN_POINT('',(-0.58688100602,-3.956720465792,
    23.135355198311));
#2202 = CARTESIAN_POINT('',(-0.595217140876,-3.955473684689,
    23.137977866134));
#2203 = CARTESIAN_POINT('',(-0.603292118571,-3.95424143013,
    23.141317454785));
#2204 = CARTESIAN_POINT('',(-0.613128759276,-3.952740342967,
    23.145385618797));
#2205 = CARTESIAN_POINT('',(-0.622475267259,-3.951276063398,
    23.150473777286));
#2206 = CARTESIAN_POINT('',(-0.631153530476,-3.949889894317,
    23.156513234061));
#2207 = CARTESIAN_POINT('',(-0.634855395297,-3.949298599673,
    23.159089469884));
#2208 = CARTESIAN_POINT('',(-0.638435449927,-3.94872156647,
    23.161839402495));
#2209 = CARTESIAN_POINT('',(-0.641878352112,-3.948162232892,
    23.164760183244));
#2210 = CARTESIAN_POINT('',(-0.645043778569,-3.947647977997,
    23.16744556789));
#2211 = CARTESIAN_POINT('',(-0.648093258161,-3.947148685748,
    23.170275406838));
#2212 = CARTESIAN_POINT('',(-0.651022260724,-3.946665748151,
    23.173240167318));
#2213 = CARTESIAN_POINT('',(-0.65850085275,-3.945432668568,
    23.180810059663));
#2214 = CARTESIAN_POINT('',(-0.665118693494,-3.944318038955,
    23.189177788509));
#2215 = CARTESIAN_POINT('',(-0.670826813843,-3.943346952203,
    23.198160001093));
#2216 = CARTESIAN_POINT('',(-0.67548916014,-3.942553776439,
    23.205496599313));
#2217 = CARTESIAN_POINT('',(-0.679544196036,-3.94185636021,
    23.213244514274));
#2218 = CARTESIAN_POINT('',(-0.68294369472,-3.941267153066,
    23.221317839629));
#2219 = CARTESIAN_POINT('',(-0.687020177991,-3.940560609753,
    23.230998906987));
#2220 = CARTESIAN_POINT('',(-0.690122430585,-3.940016764157,
    23.241069133301));
#2221 = CARTESIAN_POINT('',(-0.69217415185,-3.939656760729,
    23.251374923745));
#2222 = CARTESIAN_POINT('',(-0.692331068836,-3.939629227431,
    23.252163117348));
#2223 = CARTESIAN_POINT('',(-0.692481817153,-3.939602762966,
    23.252952694815));
#2224 = CARTESIAN_POINT('',(-0.692626350493,-3.939577373579,
    23.253743589702));
#2225 = CARTESIAN_POINT('',(-0.694401824272,-3.939265485734,
    23.263459086034));
#2226 = CARTESIAN_POINT('',(-0.69523274608,-3.939118090795,
    23.273318330728));
#2227 = CARTESIAN_POINT('',(-0.695046284024,-3.939150961681,
    23.283196450938));
#2228 = CARTESIAN_POINT('',(-0.695019067505,-3.939155759607,
    23.28463828881));
#2229 = CARTESIAN_POINT('',(-0.69497009793,-3.939164351123,
    23.286080533118));
#2230 = CARTESIAN_POINT('',(-0.694899067112,-3.939176737905,
    23.287522795037));
#2231 = B_SPLINE_SURFACE_WITH_KNOTS('',3,3,(
    (#2232,#2233,#2234,#2235)
    ,(#2236,#2237,#2238,#2239)
    ,(#2240,#2241,#2242,#2243)
    ,(#2244,#2245,#2246,#2247)
    ,(#2248,#2249,#2250,#2251
  )),.UNSPECIFIED.,.F.,.F.,.F.,(4,1,4),(4,4),(0.,0.571428571429,1.),(
    7.049212639044E-02,7.723243678254E-02),.UNSPECIFIED.);
#2232 = CARTESIAN_POINT('',(-0.705094238168,-3.998788134039,23.3));
#2233 = CARTESIAN_POINT('',(-0.701901015465,-3.980678468177,
    23.291928944217));
#2234 = CARTESIAN_POINT('',(-0.698316507461,-3.958548971158,23.2875));
#2235 = CARTESIAN_POINT('',(-0.694415353147,-3.936424425624,23.2875));
#2236 = CARTESIAN_POINT('',(-0.709633556437,-4.02453188721,
    23.262775484779));
#2237 = CARTESIAN_POINT('',(-0.706390057719,-3.999041582846,
    23.248883648233));
#2238 = CARTESIAN_POINT('',(-0.702267589417,-3.967501886329,
    23.241026333938));
#2239 = CARTESIAN_POINT('',(-0.696695629331,-3.936022351409,
    23.241248860164));
#2240 = CARTESIAN_POINT('',(-0.679326199084,-4.075809053184,
    23.198360569386));
#2241 = CARTESIAN_POINT('',(-0.674879519722,-4.037804946363,
    23.173244884988));
#2242 = CARTESIAN_POINT('',(-0.669051605986,-3.989892706359,
    23.158674516421));
#2243 = CARTESIAN_POINT('',(-0.661043544936,-3.942308775806,
    23.159268257537));
#2244 = CARTESIAN_POINT('',(-0.602864728893,-4.104751205946,
    23.176680148876));
#2245 = CARTESIAN_POINT('',(-0.596696323747,-4.062007408105,
    23.146574701592));
#2246 = CARTESIAN_POINT('',(-0.589394642872,-4.009208032394,
    23.129732313315));
#2247 = CARTESIAN_POINT('',(-0.581083099957,-3.956407959646,23.13));
#2248 = CARTESIAN_POINT('',(-0.569203531264,-4.110264025893,
    23.177272727273));
#2249 = CARTESIAN_POINT('',(-0.562558602064,-4.067334353768,
    23.146749461768));
#2250 = CARTESIAN_POINT('',(-0.55496562893,-4.014889995979,23.13));
#2251 = CARTESIAN_POINT('',(-0.546878957201,-3.962439072865,23.13));
#2252 = ADVANCED_FACE('',(#2253),#2304,.F.);
#2253 = FACE_BOUND('',#2254,.F.);
#2254 = EDGE_LOOP('',(#2255,#2268,#2269,#2288,#2294,#2295));
#2255 = ORIENTED_EDGE('',*,*,#2256,.F.);
#2256 = EDGE_CURVE('',#149,#2257,#2259,.T.);
#2257 = VERTEX_POINT('',#2258);
#2258 = CARTESIAN_POINT('',(-0.760179840237,-3.927101553372,
    23.130000000059));
#2259 = B_SPLINE_CURVE_WITH_KNOTS('',3,(#2260,#2261,#2262,#2263,#2264,
    #2265,#2266,#2267),.UNSPECIFIED.,.F.,.F.,(4,2,2,4),(
    3.774802229924E-02,4.71729105874E-02,5.659779887555E-02,
    5.753278522807E-02),.UNSPECIFIED.);
#2260 = CARTESIAN_POINT('',(-0.939436695108,-3.888117628864,23.05));
#2261 = CARTESIAN_POINT('',(-0.908899133189,-3.895496033785,23.05));
#2262 = CARTESIAN_POINT('',(-0.876228192484,-3.902969941774,
    23.056260709415));
#2263 = CARTESIAN_POINT('',(-0.81597218828,-3.916010674096,
    23.081765552584));
#2264 = CARTESIAN_POINT('',(-0.788391928358,-3.921598110691,
    23.101010491411));
#2265 = CARTESIAN_POINT('',(-0.764424083181,-3.926278222252,
    23.125426904008));
#2266 = CARTESIAN_POINT('',(-0.762286697216,-3.926693723276,
    23.127686426889));
#2267 = CARTESIAN_POINT('',(-0.760179840266,-3.927101553366,
    23.130000000086));
#2268 = ORIENTED_EDGE('',*,*,#157,.F.);
#2269 = ORIENTED_EDGE('',*,*,#2270,.F.);
#2270 = EDGE_CURVE('',#2271,#158,#2273,.T.);
#2271 = VERTEX_POINT('',#2272);
#2272 = CARTESIAN_POINT('',(-0.555674168534,-3.151384809639,23.3));
#2273 = B_SPLINE_CURVE_WITH_KNOTS('',3,(#2274,#2275,#2276,#2277,#2278,
    #2279,#2280,#2281,#2282,#2283,#2284,#2285,#2286,#2287),
  .UNSPECIFIED.,.F.,.F.,(4,2,2,2,2,2,4),(-4.836756006562E-02,
    -4.128205230307E-02,-3.321092148594E-02,-2.247521830209E-02,
    -1.159847454601E-02,0.,3.290802324089E-04),.UNSPECIFIED.);
#2274 = CARTESIAN_POINT('',(-0.555674168534,-3.151384809639,23.3));
#2275 = CARTESIAN_POINT('',(-0.555674168534,-3.151384809639,
    23.276617882411));
#2276 = CARTESIAN_POINT('',(-0.558334773369,-3.147590306496,
    23.25375625247));
#2277 = CARTESIAN_POINT('',(-0.568978445996,-3.13234172085,
    23.207282280203));
#2278 = CARTESIAN_POINT('',(-0.577441412151,-3.120189745432,
    23.184868329263));
#2279 = CARTESIAN_POINT('',(-0.601283449407,-3.085682803385,
    23.138870748986));
#2280 = CARTESIAN_POINT('',(-0.617882223556,-3.061477270723,
    23.117552398313));
#2281 = CARTESIAN_POINT('',(-0.653471624918,-3.008886159483,
    23.084007141507));
#2282 = CARTESIAN_POINT('',(-0.672711716199,-2.980126017185,
    23.071679759926));
#2283 = CARTESIAN_POINT('',(-0.712824181208,-2.919291274115,
    23.054587002514));
#2284 = CARTESIAN_POINT('',(-0.734023919831,-2.886665222462,
    23.050242967594));
#2285 = CARTESIAN_POINT('',(-0.755440059603,-2.853168489676,
    23.050003303878));
#2286 = CARTESIAN_POINT('',(-0.756030753544,-2.852244174452,23.05));
#2287 = CARTESIAN_POINT('',(-0.756621254311,-2.851319743123,23.05));
#2288 = ORIENTED_EDGE('',*,*,#2289,.F.);
#2289 = EDGE_CURVE('',#2106,#2271,#2290,.T.);
#2290 = LINE('',#2291,#2292);
#2291 = CARTESIAN_POINT('',(-0.303123189744,-1.7190970351,23.3));
#2292 = VECTOR('',#2293,1.);
#2293 = DIRECTION('',(0.173648177667,0.984807753012,0.));
#2294 = ORIENTED_EDGE('',*,*,#2176,.T.);
#2295 = ORIENTED_EDGE('',*,*,#2296,.T.);
#2296 = EDGE_CURVE('',#2177,#2257,#2297,.T.);
#2297 = B_SPLINE_CURVE_WITH_KNOTS('',3,(#2298,#2299,#2300,#2301,#2302,
    #2303),.UNSPECIFIED.,.F.,.F.,(4,2,4),(7.667057521919E-02,
    8.485003871079E-02,9.333246563669E-02),.UNSPECIFIED.);
#2298 = CARTESIAN_POINT('',(-0.694899561875,-3.939176893579,
    23.287522162674));
#2299 = CARTESIAN_POINT('',(-0.696261483621,-3.93893664064,
    23.259848558157));
#2300 = CARTESIAN_POINT('',(-0.702423951729,-3.937857712351,
    23.231076583632));
#2301 = CARTESIAN_POINT('',(-0.724632944577,-3.933832626016,
    23.176587597218));
#2302 = CARTESIAN_POINT('',(-0.741065914081,-3.930801488588,
    23.150989307072));
#2303 = CARTESIAN_POINT('',(-0.760179840266,-3.927101553366,
    23.130000000086));
#2304 = CYLINDRICAL_SURFACE('',#2305,0.25);
#2305 = AXIS2_PLACEMENT_3D('',#2306,#2307,#2308);
#2306 = CARTESIAN_POINT('',(-0.549325127997,-1.675684990683,23.3));
#2307 = DIRECTION('',(0.173648177667,0.984807753012,0.));
#2308 = DIRECTION('',(0.69636424032,-0.122787803969,-0.707106781187));
#2309 = ADVANCED_FACE('',(#2310),#2321,.F.);
#2310 = FACE_BOUND('',#2311,.T.);
#2311 = EDGE_LOOP('',(#2312,#2313,#2314,#2320));
#2312 = ORIENTED_EDGE('',*,*,#2114,.F.);
#2313 = ORIENTED_EDGE('',*,*,#2059,.F.);
#2314 = ORIENTED_EDGE('',*,*,#2315,.T.);
#2315 = EDGE_CURVE('',#1815,#2271,#2316,.T.);
#2316 = LINE('',#2317,#2318);
#2317 = CARTESIAN_POINT('',(-0.555674168534,-3.151384809639,23.65));
#2318 = VECTOR('',#2319,1.);
#2319 = DIRECTION('',(0.,0.,-1.));
#2320 = ORIENTED_EDGE('',*,*,#2289,.F.);
#2321 = PLANE('',#2322);
#2322 = AXIS2_PLACEMENT_3D('',#2323,#2324,#2325);
#2323 = CARTESIAN_POINT('',(-0.647707702698,-3.673332918736,23.35));
#2324 = DIRECTION('',(0.984807753012,-0.173648177667,0.));
#2325 = DIRECTION('',(0.173648177667,0.984807753012,0.));
#2326 = ADVANCED_FACE('',(#2327),#2346,.F.);
#2327 = FACE_BOUND('',#2328,.F.);
#2328 = EDGE_LOOP('',(#2329,#2330,#2339,#2345));
#2329 = ORIENTED_EDGE('',*,*,#2315,.T.);
#2330 = ORIENTED_EDGE('',*,*,#2331,.T.);
#2331 = EDGE_CURVE('',#2271,#2332,#2334,.T.);
#2332 = VERTEX_POINT('',#2333);
#2333 = CARTESIAN_POINT('',(0.555674168534,-3.151384809639,23.3));
#2334 = CIRCLE('',#2335,3.2);
#2335 = AXIS2_PLACEMENT_3D('',#2336,#2337,#2338);
#2336 = CARTESIAN_POINT('',(0.,0.,23.3));
#2337 = DIRECTION('',(0.,0.,1.));
#2338 = DIRECTION('',(0.,-1.,0.));
#2339 = ORIENTED_EDGE('',*,*,#2340,.T.);
#2340 = EDGE_CURVE('',#2332,#1796,#2341,.T.);
#2341 = LINE('',#2342,#2343);
#2342 = CARTESIAN_POINT('',(0.555674168534,-3.151384809639,23.65));
#2343 = VECTOR('',#2344,1.);
#2344 = DIRECTION('',(0.,0.,1.));
#2345 = ORIENTED_EDGE('',*,*,#1814,.T.);
#2346 = CYLINDRICAL_SURFACE('',#2347,3.2);
#2347 = AXIS2_PLACEMENT_3D('',#2348,#2349,#2350);
#2348 = CARTESIAN_POINT('',(0.,0.,23.35));
#2349 = DIRECTION('',(0.,0.,1.));
#2350 = DIRECTION('',(0.,-1.,0.));
#2351 = ADVANCED_FACE('',(#2352),#2363,.T.);
#2352 = FACE_BOUND('',#2353,.T.);
#2353 = EDGE_LOOP('',(#2354,#2355,#2356,#2362));
#2354 = ORIENTED_EDGE('',*,*,#1865,.F.);
#2355 = ORIENTED_EDGE('',*,*,#1897,.F.);
#2356 = ORIENTED_EDGE('',*,*,#2357,.F.);
#2357 = EDGE_CURVE('',#2332,#1898,#2358,.T.);
#2358 = LINE('',#2359,#2360);
#2359 = CARTESIAN_POINT('',(0.344584512954,-1.954235883636,23.3));
#2360 = VECTOR('',#2361,1.);
#2361 = DIRECTION('',(0.173648177667,-0.984807753012,0.));
#2362 = ORIENTED_EDGE('',*,*,#2340,.T.);
#2363 = PLANE('',#2364);
#2364 = AXIS2_PLACEMENT_3D('',#2365,#2366,#2367);
#2365 = CARTESIAN_POINT('',(0.647707702698,-3.673332918736,23.35));
#2366 = DIRECTION('',(0.984807753012,0.173648177667,0.));
#2367 = DIRECTION('',(-0.173648177667,0.984807753012,0.));
#2368 = ADVANCED_FACE('',(#2369),#2413,.F.);
#2369 = FACE_BOUND('',#2370,.F.);
#2370 = EDGE_LOOP('',(#2371,#2372,#2389,#2390,#2403,#2412));
#2371 = ORIENTED_EDGE('',*,*,#2357,.F.);
#2372 = ORIENTED_EDGE('',*,*,#2373,.T.);
#2373 = EDGE_CURVE('',#2332,#166,#2374,.T.);
#2374 = B_SPLINE_CURVE_WITH_KNOTS('',3,(#2375,#2376,#2377,#2378,#2379,
    #2380,#2381,#2382,#2383,#2384,#2385,#2386,#2387,#2388),
  .UNSPECIFIED.,.F.,.F.,(4,2,2,2,2,2,4),(0.,7.01463527664E-03,
    1.500503495575E-02,2.563335473137E-02,3.640130432698E-02,
    4.78837656314E-02,4.820955425297E-02),.UNSPECIFIED.);
#2375 = CARTESIAN_POINT('',(0.555674168534,-3.151384809639,23.3));
#2376 = CARTESIAN_POINT('',(0.555674168534,-3.151384809639,
    23.276617882411));
#2377 = CARTESIAN_POINT('',(0.558334773369,-3.147590306496,
    23.25375625247));
#2378 = CARTESIAN_POINT('',(0.568978445996,-3.13234172085,
    23.207282280203));
#2379 = CARTESIAN_POINT('',(0.577441412151,-3.120189745432,
    23.184868329263));
#2380 = CARTESIAN_POINT('',(0.601283449407,-3.085682803385,
    23.138870748986));
#2381 = CARTESIAN_POINT('',(0.617882223556,-3.061477270723,
    23.117552398313));
#2382 = CARTESIAN_POINT('',(0.653471624918,-3.008886159483,
    23.084007141507));
#2383 = CARTESIAN_POINT('',(0.672711716199,-2.980126017185,
    23.071679759926));
#2384 = CARTESIAN_POINT('',(0.712824181208,-2.919291274115,
    23.054587002514));
#2385 = CARTESIAN_POINT('',(0.734023919831,-2.886665222462,
    23.050242967594));
#2386 = CARTESIAN_POINT('',(0.755440059603,-2.853168489676,
    23.050003303878));
#2387 = CARTESIAN_POINT('',(0.756030753544,-2.852244174452,23.05));
#2388 = CARTESIAN_POINT('',(0.756621254311,-2.851319743123,23.05));
#2389 = ORIENTED_EDGE('',*,*,#174,.F.);
#2390 = ORIENTED_EDGE('',*,*,#2391,.F.);
#2391 = EDGE_CURVE('',#2392,#175,#2394,.T.);
#2392 = VERTEX_POINT('',#2393);
#2393 = CARTESIAN_POINT('',(0.760179840237,-3.927101553372,
    23.130000000059));
#2394 = B_SPLINE_CURVE_WITH_KNOTS('',3,(#2395,#2396,#2397,#2398,#2399,
    #2400,#2401,#2402),.UNSPECIFIED.,.F.,.F.,(4,2,2,4),(
    9.33324656367E-02,9.42674519892E-02,0.103692340277,0.113117228566),
  .UNSPECIFIED.);
#2395 = CARTESIAN_POINT('',(0.760179840266,-3.927101553366,
    23.130000000086));
#2396 = CARTESIAN_POINT('',(0.762286697216,-3.926693723276,
    23.127686426889));
#2397 = CARTESIAN_POINT('',(0.764424083181,-3.926278222252,
    23.125426904008));
#2398 = CARTESIAN_POINT('',(0.788391928358,-3.921598110691,
    23.101010491411));
#2399 = CARTESIAN_POINT('',(0.81597218828,-3.916010674096,
    23.081765552584));
#2400 = CARTESIAN_POINT('',(0.876228192484,-3.902969941774,
    23.056260709415));
#2401 = CARTESIAN_POINT('',(0.908899133189,-3.895496033785,23.05));
#2402 = CARTESIAN_POINT('',(0.939436695108,-3.888117628864,23.05));
#2403 = ORIENTED_EDGE('',*,*,#2404,.T.);
#2404 = EDGE_CURVE('',#2392,#1990,#2405,.T.);
#2405 = B_SPLINE_CURVE_WITH_KNOTS('',3,(#2406,#2407,#2408,#2409,#2410,
    #2411),.UNSPECIFIED.,.F.,.F.,(4,2,4),(5.753278522807E-02,
    6.601521215397E-02,7.419467564557E-02),.UNSPECIFIED.);
#2406 = CARTESIAN_POINT('',(0.760179840266,-3.927101553366,
    23.130000000086));
#2407 = CARTESIAN_POINT('',(0.741065914081,-3.930801488588,
    23.150989307072));
#2408 = CARTESIAN_POINT('',(0.724632944577,-3.933832626016,
    23.176587597218));
#2409 = CARTESIAN_POINT('',(0.702423951729,-3.937857712351,
    23.231076583632));
#2410 = CARTESIAN_POINT('',(0.696261483621,-3.93893664064,
    23.259848558157));
#2411 = CARTESIAN_POINT('',(0.694899561875,-3.939176893579,
    23.287522162674));
#2412 = ORIENTED_EDGE('',*,*,#1989,.T.);
#2413 = CYLINDRICAL_SURFACE('',#2414,0.25);
#2414 = AXIS2_PLACEMENT_3D('',#2415,#2416,#2417);
#2415 = CARTESIAN_POINT('',(0.590786451207,-1.910823839219,23.3));
#2416 = DIRECTION('',(0.173648177667,-0.984807753012,0.));
#2417 = DIRECTION('',(-0.69636424032,-0.122787803969,-0.707106781187));
#2418 = ADVANCED_FACE('',(#2419),#2425,.F.);
#2419 = FACE_BOUND('',#2420,.F.);
#2420 = EDGE_LOOP('',(#2421,#2422,#2423,#2424));
#2421 = ORIENTED_EDGE('',*,*,#2270,.T.);
#2422 = ORIENTED_EDGE('',*,*,#165,.F.);
#2423 = ORIENTED_EDGE('',*,*,#2373,.F.);
#2424 = ORIENTED_EDGE('',*,*,#2331,.F.);
#2425 = TOROIDAL_SURFACE('',#2426,2.95,0.25);
#2426 = AXIS2_PLACEMENT_3D('',#2427,#2428,#2429);
#2427 = CARTESIAN_POINT('',(0.,0.,23.3));
#2428 = DIRECTION('',(0.,0.,1.));
#2429 = DIRECTION('',(1.,0.,-0.));
#2430 = ADVANCED_FACE('',(#2431),#2451,.T.);
#2431 = FACE_BOUND('',#2432,.T.);
#2432 = EDGE_LOOP('',(#2433,#2434,#2441,#2442,#2443,#2450));
#2433 = ORIENTED_EDGE('',*,*,#2186,.F.);
#2434 = ORIENTED_EDGE('',*,*,#2435,.T.);
#2435 = EDGE_CURVE('',#2187,#1980,#2436,.T.);
#2436 = CIRCLE('',#2437,4.);
#2437 = AXIS2_PLACEMENT_3D('',#2438,#2439,#2440);
#2438 = CARTESIAN_POINT('',(4.163336342344E-16,-4.440892098501E-15,23.13
    ));
#2439 = DIRECTION('',(0.,0.,1.));
#2440 = DIRECTION('',(-1.040834085586E-16,-1.,0.));
#2441 = ORIENTED_EDGE('',*,*,#1979,.F.);
#2442 = ORIENTED_EDGE('',*,*,#1880,.F.);
#2443 = ORIENTED_EDGE('',*,*,#2444,.F.);
#2444 = EDGE_CURVE('',#2068,#1849,#2445,.T.);
#2445 = CIRCLE('',#2446,4.);
#2446 = AXIS2_PLACEMENT_3D('',#2447,#2448,#2449);
#2447 = CARTESIAN_POINT('',(4.163336342344E-16,-4.440892098501E-15,23.65
    ));
#2448 = DIRECTION('',(0.,0.,1.));
#2449 = DIRECTION('',(-1.040834085586E-16,-1.,0.));
#2450 = ORIENTED_EDGE('',*,*,#2091,.F.);
#2451 = TOROIDAL_SURFACE('',#2452,4.,0.26);
#2452 = AXIS2_PLACEMENT_3D('',#2453,#2454,#2455);
#2453 = CARTESIAN_POINT('',(0.,0.,23.39));
#2454 = DIRECTION('',(0.,0.,1.));
#2455 = DIRECTION('',(1.,0.,-0.));
#2456 = ADVANCED_FACE('',(#2457),#2463,.T.);
#2457 = FACE_BOUND('',#2458,.T.);
#2458 = EDGE_LOOP('',(#2459,#2460,#2461,#2462));
#2459 = ORIENTED_EDGE('',*,*,#2076,.F.);
#2460 = ORIENTED_EDGE('',*,*,#2444,.T.);
#2461 = ORIENTED_EDGE('',*,*,#1848,.F.);
#2462 = ORIENTED_EDGE('',*,*,#1784,.F.);
#2463 = PLANE('',#2464);
#2464 = AXIS2_PLACEMENT_3D('',#2465,#2466,#2467);
#2465 = CARTESIAN_POINT('',(0.,-3.2,23.65));
#2466 = DIRECTION('',(0.,0.,1.));
#2467 = DIRECTION('',(1.,0.,-0.));
#2468 = ADVANCED_FACE('',(#2469),#2503,.T.);
#2469 = FACE_BOUND('',#2470,.T.);
#2470 = EDGE_LOOP('',(#2471,#2479,#2480,#2488,#2496));
#2471 = ORIENTED_EDGE('',*,*,#2472,.T.);
#2472 = EDGE_CURVE('',#2473,#321,#2475,.T.);
#2473 = VERTEX_POINT('',#2474);
#2474 = CARTESIAN_POINT('',(2.678664096235,-0.815327332756,20.25));
#2475 = LINE('',#2476,#2477);
#2476 = CARTESIAN_POINT('',(1.380489232709,-0.34283032356,20.25));
#2477 = VECTOR('',#2478,1.);
#2478 = DIRECTION('',(-0.939692620786,0.342020143326,0.));
#2479 = ORIENTED_EDGE('',*,*,#328,.T.);
#2480 = ORIENTED_EDGE('',*,*,#2481,.T.);
#2481 = EDGE_CURVE('',#244,#2482,#2484,.T.);
#2482 = VERTEX_POINT('',#2483);
#2483 = CARTESIAN_POINT('',(1.900472860106,1.387778780781E-16,19.75));
#2484 = LINE('',#2485,#2486);
#2485 = CARTESIAN_POINT('',(2.030764647744,-5.20417042793E-17,
    19.705437584118));
#2486 = VECTOR('',#2487,1.);
#2487 = DIRECTION('',(0.946188648339,2.23579583321E-16,-0.323615577118)
  );
#2488 = ORIENTED_EDGE('',*,*,#2489,.T.);
#2489 = EDGE_CURVE('',#2482,#2490,#2492,.T.);
#2490 = VERTEX_POINT('',#2491);
#2491 = CARTESIAN_POINT('',(3.26254912087,-0.495755215719,19.75));
#2492 = LINE('',#2493,#2494);
#2493 = CARTESIAN_POINT('',(1.551499304372,0.127015986833,19.75));
#2494 = VECTOR('',#2495,1.);
#2495 = DIRECTION('',(0.939692620786,-0.342020143326,0.));
#2496 = ORIENTED_EDGE('',*,*,#2497,.T.);
#2497 = EDGE_CURVE('',#2490,#2473,#2498,.T.);
#2498 = B_SPLINE_CURVE_WITH_KNOTS('',3,(#2499,#2500,#2501,#2502),
  .UNSPECIFIED.,.F.,.F.,(4,4),(-8.300970531411E-02,0.),
  .PIECEWISE_BEZIER_KNOTS.);
#2499 = CARTESIAN_POINT('',(3.26254912087,-0.495755215719,19.75));
#2500 = CARTESIAN_POINT('',(3.074347957297,-0.607411632573,
    19.919291299921));
#2501 = CARTESIAN_POINT('',(2.879007803565,-0.715284855964,
    20.087469239298));
#2502 = CARTESIAN_POINT('',(2.678664096235,-0.815327332756,20.25));
#2503 = PLANE('',#2504);
#2504 = AXIS2_PLACEMENT_3D('',#2505,#2506,#2507);
#2505 = CARTESIAN_POINT('',(1.465994268541,-0.107907168363,20.));
#2506 = DIRECTION('',(-0.241844762648,-0.664463024389,-0.707106781187));
#2507 = DIRECTION('',(-0.946188648339,-2.498001805407E-16,0.323615577118
    ));
#2508 = ADVANCED_FACE('',(#2509),#2537,.F.);
#2509 = FACE_BOUND('',#2510,.F.);
#2510 = EDGE_LOOP('',(#2511,#2512,#2521,#2530));
#2511 = ORIENTED_EDGE('',*,*,#2497,.T.);
#2512 = ORIENTED_EDGE('',*,*,#2513,.F.);
#2513 = EDGE_CURVE('',#2514,#2473,#2516,.T.);
#2514 = VERTEX_POINT('',#2515);
#2515 = CARTESIAN_POINT('',(-2.678664096235,-0.815327332756,20.25));
#2516 = CIRCLE('',#2517,2.8);
#2517 = AXIS2_PLACEMENT_3D('',#2518,#2519,#2520);
#2518 = CARTESIAN_POINT('',(0.,0.,20.25));
#2519 = DIRECTION('',(0.,0.,1.));
#2520 = DIRECTION('',(-1.,0.,0.));
#2521 = ORIENTED_EDGE('',*,*,#2522,.F.);
#2522 = EDGE_CURVE('',#2523,#2514,#2525,.T.);
#2523 = VERTEX_POINT('',#2524);
#2524 = CARTESIAN_POINT('',(-3.26254912087,-0.495755215719,19.75));
#2525 = B_SPLINE_CURVE_WITH_KNOTS('',3,(#2526,#2527,#2528,#2529),
  .UNSPECIFIED.,.F.,.F.,(4,4),(-8.300970531411E-02,0.),
  .PIECEWISE_BEZIER_KNOTS.);
#2526 = CARTESIAN_POINT('',(-3.26254912087,-0.495755215719,19.75));
#2527 = CARTESIAN_POINT('',(-3.074347957297,-0.607411632573,
    19.919291299921));
#2528 = CARTESIAN_POINT('',(-2.879007803565,-0.715284855964,
    20.087469239298));
#2529 = CARTESIAN_POINT('',(-2.678664096235,-0.815327332756,20.25));
#2530 = ORIENTED_EDGE('',*,*,#2531,.F.);
#2531 = EDGE_CURVE('',#2490,#2523,#2532,.T.);
#2532 = CIRCLE('',#2533,3.3);
#2533 = AXIS2_PLACEMENT_3D('',#2534,#2535,#2536);
#2534 = CARTESIAN_POINT('',(0.,0.,19.75));
#2535 = DIRECTION('',(0.,0.,-1.));
#2536 = DIRECTION('',(-1.,0.,0.));
#2537 = CONICAL_SURFACE('',#2538,3.05,0.785398163397);
#2538 = AXIS2_PLACEMENT_3D('',#2539,#2540,#2541);
#2539 = CARTESIAN_POINT('',(0.,0.,20.));
#2540 = DIRECTION('',(0.,0.,-1.));
#2541 = DIRECTION('',(-1.,0.,0.));
#2542 = ADVANCED_FACE('',(#2543),#2567,.T.);
#2543 = FACE_BOUND('',#2544,.T.);
#2544 = EDGE_LOOP('',(#2545,#2553,#2559,#2560,#2566));
#2545 = ORIENTED_EDGE('',*,*,#2546,.T.);
#2546 = EDGE_CURVE('',#2523,#2547,#2549,.T.);
#2547 = VERTEX_POINT('',#2548);
#2548 = CARTESIAN_POINT('',(-1.900472860106,4.857225732735E-16,19.75));
#2549 = LINE('',#2550,#2551);
#2550 = CARTESIAN_POINT('',(-4.13843151596,-0.814550336249,19.75));
#2551 = VECTOR('',#2552,1.);
#2552 = DIRECTION('',(0.939692620786,0.342020143326,0.));
#2553 = ORIENTED_EDGE('',*,*,#2554,.T.);
#2554 = EDGE_CURVE('',#2547,#286,#2555,.T.);
#2555 = LINE('',#2556,#2557);
#2556 = CARTESIAN_POINT('',(-2.030764647744,1.595945597899E-15,
    19.705437584118));
#2557 = VECTOR('',#2558,1.);
#2558 = DIRECTION('',(0.946188648339,-2.515270312361E-16,0.323615577118)
  );
#2559 = ORIENTED_EDGE('',*,*,#294,.T.);
#2560 = ORIENTED_EDGE('',*,*,#2561,.T.);
#2561 = EDGE_CURVE('',#295,#2514,#2562,.T.);
#2562 = LINE('',#2563,#2564);
#2563 = CARTESIAN_POINT('',(-3.967421444297,-1.284396646642,20.25));
#2564 = VECTOR('',#2565,1.);
#2565 = DIRECTION('',(-0.939692620786,-0.342020143326,0.));
#2566 = ORIENTED_EDGE('',*,*,#2522,.F.);
#2567 = PLANE('',#2568);
#2568 = AXIS2_PLACEMENT_3D('',#2569,#2570,#2571);
#2569 = CARTESIAN_POINT('',(-4.052926480128,-1.049473491446,20.));
#2570 = DIRECTION('',(0.241844762648,-0.664463024389,-0.707106781187));
#2571 = DIRECTION('',(-0.946188648339,4.440892098501E-16,-0.323615577118
    ));
#2572 = ADVANCED_FACE('',(#2573),#2623,.T.);
#2573 = FACE_BOUND('',#2574,.T.);
#2574 = EDGE_LOOP('',(#2575,#2576,#2584,#2608,#2616,#2622));
#2575 = ORIENTED_EDGE('',*,*,#2472,.F.);
#2576 = ORIENTED_EDGE('',*,*,#2577,.T.);
#2577 = EDGE_CURVE('',#2473,#2578,#2580,.T.);
#2578 = VERTEX_POINT('',#2579);
#2579 = CARTESIAN_POINT('',(2.678664096235,-0.815327332756,
    20.628869185533));
#2580 = LINE('',#2581,#2582);
#2581 = CARTESIAN_POINT('',(2.678664096235,-0.815327332756,19.75));
#2582 = VECTOR('',#2583,1.);
#2583 = DIRECTION('',(0.,0.,1.));
#2584 = ORIENTED_EDGE('',*,*,#2585,.T.);
#2585 = EDGE_CURVE('',#2578,#2586,#2588,.T.);
#2586 = VERTEX_POINT('',#2587);
#2587 = CARTESIAN_POINT('',(2.678664096235,-0.815327332756,
    21.271130814467));
#2588 = B_SPLINE_CURVE_WITH_KNOTS('',3,(#2589,#2590,#2591,#2592,#2593,
    #2594,#2595,#2596,#2597,#2598,#2599,#2600,#2601,#2602,#2603,#2604,
    #2605,#2606,#2607),.UNSPECIFIED.,.F.,.F.,(4,2,2,2,3,2,2,2,4),(
    -4.338936671422E-02,-3.610838740447E-02,-2.406316049868E-02,
    -1.202791049941E-02,0.,1.202791049941E-02,2.406316049868E-02,
    3.610838740447E-02,4.338936671422E-02),.UNSPECIFIED.);
#2589 = CARTESIAN_POINT('',(2.678664096235,-0.815327332756,
    20.628869185533));
#2590 = CARTESIAN_POINT('',(2.7031472956,-0.824238488564,20.632920036726
    ));
#2591 = CARTESIAN_POINT('',(2.727635878329,-0.833151603757,
    20.640483764567));
#2592 = CARTESIAN_POINT('',(2.783569800845,-0.853509886639,
    20.665120355104));
#2593 = CARTESIAN_POINT('',(2.821226153201,-0.867215678027,
    20.691870126487));
#2594 = CARTESIAN_POINT('',(2.874581316333,-0.886635369252,
    20.748607196709));
#2595 = CARTESIAN_POINT('',(2.899729705386,-0.895788634307,
    20.788623845089));
#2596 = CARTESIAN_POINT('',(2.928590620017,-0.906293148166,
    20.862721299293));
#2597 = CARTESIAN_POINT('',(2.937417882995,-0.90950600914,
    20.909906965002));
#2598 = CARTESIAN_POINT('',(2.937417882995,-0.90950600914,20.95));
#2599 = CARTESIAN_POINT('',(2.937417882995,-0.90950600914,
    20.990093034998));
#2600 = CARTESIAN_POINT('',(2.928590620017,-0.906293148166,
    21.037278700707));
#2601 = CARTESIAN_POINT('',(2.899729705386,-0.895788634307,
    21.111376154911));
#2602 = CARTESIAN_POINT('',(2.874581316333,-0.886635369252,
    21.151392803292));
#2603 = CARTESIAN_POINT('',(2.821226153201,-0.867215678027,
    21.208129873513));
#2604 = CARTESIAN_POINT('',(2.783569800845,-0.853509886639,
    21.234879644896));
#2605 = CARTESIAN_POINT('',(2.727635878329,-0.833151603757,
    21.259516235433));
#2606 = CARTESIAN_POINT('',(2.7031472956,-0.824238488564,21.267079963274
    ));
#2607 = CARTESIAN_POINT('',(2.678664096235,-0.815327332756,
    21.271130814467));
#2608 = ORIENTED_EDGE('',*,*,#2609,.T.);
#2609 = EDGE_CURVE('',#2586,#2610,#2612,.T.);
#2610 = VERTEX_POINT('',#2611);
#2611 = CARTESIAN_POINT('',(2.678664096235,-0.815327332756,21.95));
#2612 = LINE('',#2613,#2614);
#2613 = CARTESIAN_POINT('',(2.678664096235,-0.815327332756,19.75));
#2614 = VECTOR('',#2615,1.);
#2615 = DIRECTION('',(0.,0.,1.));
#2616 = ORIENTED_EDGE('',*,*,#2617,.T.);
#2617 = EDGE_CURVE('',#2610,#312,#2618,.T.);
#2618 = LINE('',#2619,#2620);
#2619 = CARTESIAN_POINT('',(0.752539785817,-0.114275416267,21.95));
#2620 = VECTOR('',#2621,1.);
#2621 = DIRECTION('',(-0.939692620786,0.342020143326,0.));
#2622 = ORIENTED_EDGE('',*,*,#320,.F.);
#2623 = PLANE('',#2624);
#2624 = AXIS2_PLACEMENT_3D('',#2625,#2626,#2627);
#2625 = CARTESIAN_POINT('',(1.453776550135,-0.369504725652,19.75));
#2626 = DIRECTION('',(-0.342020143326,-0.939692620786,0.));
#2627 = DIRECTION('',(0.939692620786,-0.342020143326,0.));
#2628 = ADVANCED_FACE('',(#2629),#2648,.F.);
#2629 = FACE_BOUND('',#2630,.F.);
#2630 = EDGE_LOOP('',(#2631,#2632,#2641,#2647));
#2631 = ORIENTED_EDGE('',*,*,#2577,.T.);
#2632 = ORIENTED_EDGE('',*,*,#2633,.F.);
#2633 = EDGE_CURVE('',#2634,#2578,#2636,.T.);
#2634 = VERTEX_POINT('',#2635);
#2635 = CARTESIAN_POINT('',(-2.678664096235,-0.815327332756,
    20.628869185533));
#2636 = CIRCLE('',#2637,2.8);
#2637 = AXIS2_PLACEMENT_3D('',#2638,#2639,#2640);
#2638 = CARTESIAN_POINT('',(0.,0.,20.628869185533));
#2639 = DIRECTION('',(0.,0.,1.));
#2640 = DIRECTION('',(-1.,0.,0.));
#2641 = ORIENTED_EDGE('',*,*,#2642,.F.);
#2642 = EDGE_CURVE('',#2514,#2634,#2643,.T.);
#2643 = LINE('',#2644,#2645);
#2644 = CARTESIAN_POINT('',(-2.678664096235,-0.815327332756,19.75));
#2645 = VECTOR('',#2646,1.);
#2646 = DIRECTION('',(0.,0.,1.));
#2647 = ORIENTED_EDGE('',*,*,#2513,.T.);
#2648 = CYLINDRICAL_SURFACE('',#2649,2.8);
#2649 = AXIS2_PLACEMENT_3D('',#2650,#2651,#2652);
#2650 = CARTESIAN_POINT('',(0.,0.,19.75));
#2651 = DIRECTION('',(0.,0.,1.));
#2652 = DIRECTION('',(-1.,0.,0.));
#2653 = ADVANCED_FACE('',(#2654),#2697,.T.);
#2654 = FACE_BOUND('',#2655,.T.);
#2655 = EDGE_LOOP('',(#2656,#2657,#2658,#2666,#2674,#2696));
#2656 = ORIENTED_EDGE('',*,*,#2561,.F.);
#2657 = ORIENTED_EDGE('',*,*,#303,.T.);
#2658 = ORIENTED_EDGE('',*,*,#2659,.T.);
#2659 = EDGE_CURVE('',#304,#2660,#2662,.T.);
#2660 = VERTEX_POINT('',#2661);
#2661 = CARTESIAN_POINT('',(-2.678664096235,-0.815327332756,21.95));
#2662 = LINE('',#2663,#2664);
#2663 = CARTESIAN_POINT('',(-3.339471997404,-1.055841739349,21.95));
#2664 = VECTOR('',#2665,1.);
#2665 = DIRECTION('',(-0.939692620786,-0.342020143326,0.));
#2666 = ORIENTED_EDGE('',*,*,#2667,.F.);
#2667 = EDGE_CURVE('',#2668,#2660,#2670,.T.);
#2668 = VERTEX_POINT('',#2669);
#2669 = CARTESIAN_POINT('',(-2.678664096235,-0.815327332756,
    21.271130814467));
#2670 = LINE('',#2671,#2672);
#2671 = CARTESIAN_POINT('',(-2.678664096235,-0.815327332756,19.75));
#2672 = VECTOR('',#2673,1.);
#2673 = DIRECTION('',(0.,0.,1.));
#2674 = ORIENTED_EDGE('',*,*,#2675,.T.);
#2675 = EDGE_CURVE('',#2668,#2634,#2676,.T.);
#2676 = B_SPLINE_CURVE_WITH_KNOTS('',3,(#2677,#2678,#2679,#2680,#2681,
    #2682,#2683,#2684,#2685,#2686,#2687,#2688,#2689,#2690,#2691,#2692,
    #2693,#2694,#2695),.UNSPECIFIED.,.F.,.F.,(4,2,2,2,3,2,2,2,4),(
    -4.338936671422E-02,-3.610838740447E-02,-2.406316049868E-02,
    -1.202791049941E-02,0.,1.202791049941E-02,2.406316049868E-02,
    3.610838740447E-02,4.338936671422E-02),.UNSPECIFIED.);
#2677 = CARTESIAN_POINT('',(-2.678664096235,-0.815327332756,
    21.271130814467));
#2678 = CARTESIAN_POINT('',(-2.7031472956,-0.824238488564,
    21.267079963274));
#2679 = CARTESIAN_POINT('',(-2.727635878329,-0.833151603757,
    21.259516235433));
#2680 = CARTESIAN_POINT('',(-2.783569800845,-0.853509886639,
    21.234879644896));
#2681 = CARTESIAN_POINT('',(-2.821226153201,-0.867215678027,
    21.208129873513));
#2682 = CARTESIAN_POINT('',(-2.874581316333,-0.886635369252,
    21.151392803292));
#2683 = CARTESIAN_POINT('',(-2.899729705386,-0.895788634307,
    21.111376154911));
#2684 = CARTESIAN_POINT('',(-2.928590620017,-0.906293148166,
    21.037278700707));
#2685 = CARTESIAN_POINT('',(-2.937417882995,-0.90950600914,
    20.990093034998));
#2686 = CARTESIAN_POINT('',(-2.937417882995,-0.90950600914,20.95));
#2687 = CARTESIAN_POINT('',(-2.937417882995,-0.90950600914,
    20.909906965002));
#2688 = CARTESIAN_POINT('',(-2.928590620017,-0.906293148166,
    20.862721299293));
#2689 = CARTESIAN_POINT('',(-2.899729705386,-0.895788634307,
    20.788623845089));
#2690 = CARTESIAN_POINT('',(-2.874581316333,-0.886635369252,
    20.748607196709));
#2691 = CARTESIAN_POINT('',(-2.821226153201,-0.867215678027,
    20.691870126487));
#2692 = CARTESIAN_POINT('',(-2.783569800845,-0.853509886639,
    20.665120355104));
#2693 = CARTESIAN_POINT('',(-2.727635878329,-0.833151603757,
    20.640483764567));
#2694 = CARTESIAN_POINT('',(-2.7031472956,-0.824238488564,
    20.632920036726));
#2695 = CARTESIAN_POINT('',(-2.678664096235,-0.815327332756,
    20.628869185533));
#2696 = ORIENTED_EDGE('',*,*,#2642,.F.);
#2697 = PLANE('',#2698);
#2698 = AXIS2_PLACEMENT_3D('',#2699,#2700,#2701);
#2699 = CARTESIAN_POINT('',(-6.62764097331,-2.252637371816,19.75));
#2700 = DIRECTION('',(0.342020143326,-0.939692620786,0.));
#2701 = DIRECTION('',(0.939692620786,0.342020143326,0.));
#2702 = ADVANCED_FACE('',(#2703),#2730,.T.);
#2703 = FACE_BOUND('',#2704,.T.);
#2704 = EDGE_LOOP('',(#2705,#2706,#2714,#2723,#2729));
#2705 = ORIENTED_EDGE('',*,*,#2554,.F.);
#2706 = ORIENTED_EDGE('',*,*,#2707,.T.);
#2707 = EDGE_CURVE('',#2547,#2708,#2710,.T.);
#2708 = VERTEX_POINT('',#2709);
#2709 = CARTESIAN_POINT('',(-3.26254912087,0.495755215719,19.75));
#2710 = LINE('',#2711,#2712);
#2711 = CARTESIAN_POINT('',(-0.295600410587,-0.584125801419,19.75));
#2712 = VECTOR('',#2713,1.);
#2713 = DIRECTION('',(-0.939692620786,0.342020143326,0.));
#2714 = ORIENTED_EDGE('',*,*,#2715,.T.);
#2715 = EDGE_CURVE('',#2708,#2716,#2718,.T.);
#2716 = VERTEX_POINT('',#2717);
#2717 = CARTESIAN_POINT('',(-2.678664096235,0.815327332756,20.25));
#2718 = B_SPLINE_CURVE_WITH_KNOTS('',3,(#2719,#2720,#2721,#2722),
  .UNSPECIFIED.,.F.,.F.,(4,4),(-8.300970531411E-02,0.),
  .PIECEWISE_BEZIER_KNOTS.);
#2719 = CARTESIAN_POINT('',(-3.26254912087,0.495755215719,19.75));
#2720 = CARTESIAN_POINT('',(-3.074347957297,0.607411632573,
    19.919291299921));
#2721 = CARTESIAN_POINT('',(-2.879007803565,0.715284855964,
    20.087469239298));
#2722 = CARTESIAN_POINT('',(-2.678664096235,0.815327332756,20.25));
#2723 = ORIENTED_EDGE('',*,*,#2724,.T.);
#2724 = EDGE_CURVE('',#2716,#278,#2725,.T.);
#2725 = LINE('',#2726,#2727);
#2726 = CARTESIAN_POINT('',(-0.124590338924,-0.114279491026,20.25));
#2727 = VECTOR('',#2728,1.);
#2728 = DIRECTION('',(0.939692620786,-0.342020143326,0.));
#2729 = ORIENTED_EDGE('',*,*,#285,.T.);
#2730 = PLANE('',#2731);
#2731 = AXIS2_PLACEMENT_3D('',#2732,#2733,#2734);
#2732 = CARTESIAN_POINT('',(-0.210095374756,-0.349202646222,20.));
#2733 = DIRECTION('',(0.241844762648,0.664463024389,-0.707106781187));
#2734 = DIRECTION('',(-0.946188648339,-2.498001805407E-16,
    -0.323615577118));
#2735 = ADVANCED_FACE('',(#2736),#2764,.F.);
#2736 = FACE_BOUND('',#2737,.F.);
#2737 = EDGE_LOOP('',(#2738,#2739,#2748,#2757));
#2738 = ORIENTED_EDGE('',*,*,#2715,.T.);
#2739 = ORIENTED_EDGE('',*,*,#2740,.F.);
#2740 = EDGE_CURVE('',#2741,#2716,#2743,.T.);
#2741 = VERTEX_POINT('',#2742);
#2742 = CARTESIAN_POINT('',(2.678664096235,0.815327332756,20.25));
#2743 = CIRCLE('',#2744,2.8);
#2744 = AXIS2_PLACEMENT_3D('',#2745,#2746,#2747);
#2745 = CARTESIAN_POINT('',(0.,0.,20.25));
#2746 = DIRECTION('',(0.,0.,1.));
#2747 = DIRECTION('',(-1.,0.,0.));
#2748 = ORIENTED_EDGE('',*,*,#2749,.F.);
#2749 = EDGE_CURVE('',#2750,#2741,#2752,.T.);
#2750 = VERTEX_POINT('',#2751);
#2751 = CARTESIAN_POINT('',(3.26254912087,0.495755215719,19.75));
#2752 = B_SPLINE_CURVE_WITH_KNOTS('',3,(#2753,#2754,#2755,#2756),
  .UNSPECIFIED.,.F.,.F.,(4,4),(-8.300970531411E-02,0.),
  .PIECEWISE_BEZIER_KNOTS.);
#2753 = CARTESIAN_POINT('',(3.26254912087,0.495755215719,19.75));
#2754 = CARTESIAN_POINT('',(3.074347957297,0.607411632573,
    19.919291299921));
#2755 = CARTESIAN_POINT('',(2.879007803565,0.715284855964,
    20.087469239298));
#2756 = CARTESIAN_POINT('',(2.678664096235,0.815327332756,20.25));
#2757 = ORIENTED_EDGE('',*,*,#2758,.F.);
#2758 = EDGE_CURVE('',#2708,#2750,#2759,.T.);
#2759 = CIRCLE('',#2760,3.3);
#2760 = AXIS2_PLACEMENT_3D('',#2761,#2762,#2763);
#2761 = CARTESIAN_POINT('',(0.,0.,19.75));
#2762 = DIRECTION('',(0.,0.,-1.));
#2763 = DIRECTION('',(-1.,0.,0.));
#2764 = CONICAL_SURFACE('',#2765,3.05,0.785398163397);
#2765 = AXIS2_PLACEMENT_3D('',#2766,#2767,#2768);
#2766 = CARTESIAN_POINT('',(0.,0.,20.));
#2767 = DIRECTION('',(0.,0.,-1.));
#2768 = DIRECTION('',(-1.,0.,0.));
#2769 = ADVANCED_FACE('',(#2770),#2787,.T.);
#2770 = FACE_BOUND('',#2771,.T.);
#2771 = EDGE_LOOP('',(#2772,#2773,#2774,#2780,#2781));
#2772 = ORIENTED_EDGE('',*,*,#2481,.F.);
#2773 = ORIENTED_EDGE('',*,*,#251,.T.);
#2774 = ORIENTED_EDGE('',*,*,#2775,.T.);
#2775 = EDGE_CURVE('',#252,#2741,#2776,.T.);
#2776 = LINE('',#2777,#2778);
#2777 = CARTESIAN_POINT('',(2.711522550512,0.827286832057,20.25));
#2778 = VECTOR('',#2779,1.);
#2779 = DIRECTION('',(0.939692620786,0.342020143326,0.));
#2780 = ORIENTED_EDGE('',*,*,#2749,.F.);
#2781 = ORIENTED_EDGE('',*,*,#2782,.T.);
#2782 = EDGE_CURVE('',#2750,#2482,#2783,.T.);
#2783 = LINE('',#2784,#2785);
#2784 = CARTESIAN_POINT('',(2.882532622175,0.357440521664,19.75));
#2785 = VECTOR('',#2786,1.);
#2786 = DIRECTION('',(-0.939692620786,-0.342020143326,0.));
#2787 = PLANE('',#2788);
#2788 = AXIS2_PLACEMENT_3D('',#2789,#2790,#2791);
#2789 = CARTESIAN_POINT('',(2.797027586343,0.59236367686,20.));
#2790 = DIRECTION('',(-0.241844762648,0.664463024389,-0.707106781187));
#2791 = DIRECTION('',(-0.946188648339,-3.885780586188E-16,0.323615577118
    ));
#2792 = ADVANCED_FACE('',(#2793,#2804),#2812,.F.);
#2793 = FACE_BOUND('',#2794,.T.);
#2794 = EDGE_LOOP('',(#2795));
#2795 = ORIENTED_EDGE('',*,*,#2796,.F.);
#2796 = EDGE_CURVE('',#2797,#2797,#2799,.T.);
#2797 = VERTEX_POINT('',#2798);
#2798 = CARTESIAN_POINT('',(7.,8.572527594031E-16,19.75));
#2799 = CIRCLE('',#2800,7.);
#2800 = AXIS2_PLACEMENT_3D('',#2801,#2802,#2803);
#2801 = CARTESIAN_POINT('',(0.,0.,19.75));
#2802 = DIRECTION('',(0.,0.,1.));
#2803 = DIRECTION('',(-1.,0.,0.));
#2804 = FACE_BOUND('',#2805,.T.);
#2805 = EDGE_LOOP('',(#2806,#2807,#2808,#2809,#2810,#2811));
#2806 = ORIENTED_EDGE('',*,*,#2489,.F.);
#2807 = ORIENTED_EDGE('',*,*,#2782,.F.);
#2808 = ORIENTED_EDGE('',*,*,#2758,.F.);
#2809 = ORIENTED_EDGE('',*,*,#2707,.F.);
#2810 = ORIENTED_EDGE('',*,*,#2546,.F.);
#2811 = ORIENTED_EDGE('',*,*,#2531,.F.);
#2812 = PLANE('',#2813);
#2813 = AXIS2_PLACEMENT_3D('',#2814,#2815,#2816);
#2814 = CARTESIAN_POINT('',(0.,-3.907663666378,19.75));
#2815 = DIRECTION('',(0.,0.,1.));
#2816 = DIRECTION('',(-1.,0.,0.));
#2817 = ADVANCED_FACE('',(#2818),#2844,.F.);
#2818 = FACE_BOUND('',#2819,.T.);
#2819 = EDGE_LOOP('',(#2820,#2828,#2829,#2837));
#2820 = ORIENTED_EDGE('',*,*,#2821,.F.);
#2821 = EDGE_CURVE('',#261,#2822,#2824,.T.);
#2822 = VERTEX_POINT('',#2823);
#2823 = CARTESIAN_POINT('',(2.678664096235,0.815327332756,21.95));
#2824 = LINE('',#2825,#2826);
#2825 = CARTESIAN_POINT('',(3.339471997404,1.055841739349,21.95));
#2826 = VECTOR('',#2827,1.);
#2827 = DIRECTION('',(0.939692620786,0.342020143326,0.));
#2828 = ORIENTED_EDGE('',*,*,#268,.T.);
#2829 = ORIENTED_EDGE('',*,*,#2830,.F.);
#2830 = EDGE_CURVE('',#2831,#269,#2833,.T.);
#2831 = VERTEX_POINT('',#2832);
#2832 = CARTESIAN_POINT('',(-2.678664096235,0.815327332756,21.95));
#2833 = LINE('',#2834,#2835);
#2834 = CARTESIAN_POINT('',(-0.752539785817,0.114275416267,21.95));
#2835 = VECTOR('',#2836,1.);
#2836 = DIRECTION('',(0.939692620786,-0.342020143326,0.));
#2837 = ORIENTED_EDGE('',*,*,#2838,.F.);
#2838 = EDGE_CURVE('',#2822,#2831,#2839,.T.);
#2839 = CIRCLE('',#2840,2.8);
#2840 = AXIS2_PLACEMENT_3D('',#2841,#2842,#2843);
#2841 = CARTESIAN_POINT('',(0.,0.,21.95));
#2842 = DIRECTION('',(0.,0.,1.));
#2843 = DIRECTION('',(-1.,0.,0.));
#2844 = PLANE('',#2845);
#2845 = AXIS2_PLACEMENT_3D('',#2846,#2847,#2848);
#2846 = CARTESIAN_POINT('',(1.375,0.,21.95));
#2847 = DIRECTION('',(0.,0.,1.));
#2848 = DIRECTION('',(1.,0.,-0.));
#2849 = ADVANCED_FACE('',(#2850),#2862,.F.);
#2850 = FACE_BOUND('',#2851,.T.);
#2851 = EDGE_LOOP('',(#2852,#2853,#2860,#2861));
#2852 = ORIENTED_EDGE('',*,*,#2617,.F.);
#2853 = ORIENTED_EDGE('',*,*,#2854,.F.);
#2854 = EDGE_CURVE('',#2660,#2610,#2855,.T.);
#2855 = CIRCLE('',#2856,2.8);
#2856 = AXIS2_PLACEMENT_3D('',#2857,#2858,#2859);
#2857 = CARTESIAN_POINT('',(0.,0.,21.95));
#2858 = DIRECTION('',(0.,0.,1.));
#2859 = DIRECTION('',(-1.,0.,0.));
#2860 = ORIENTED_EDGE('',*,*,#2659,.F.);
#2861 = ORIENTED_EDGE('',*,*,#311,.T.);
#2862 = PLANE('',#2863);
#2863 = AXIS2_PLACEMENT_3D('',#2864,#2865,#2866);
#2864 = CARTESIAN_POINT('',(1.375,0.,21.95));
#2865 = DIRECTION('',(0.,0.,1.));
#2866 = DIRECTION('',(1.,0.,-0.));
#2867 = ADVANCED_FACE('',(#2868),#2911,.T.);
#2868 = FACE_BOUND('',#2869,.T.);
#2869 = EDGE_LOOP('',(#2870,#2871,#2872,#2873,#2874,#2875,#2876,#2877,
    #2878,#2879,#2880,#2881,#2882,#2883,#2884,#2885,#2886,#2887,#2888,
    #2889,#2890,#2891,#2892,#2893,#2894,#2902,#2909,#2910));
#2870 = ORIENTED_EDGE('',*,*,#2391,.F.);
#2871 = ORIENTED_EDGE('',*,*,#2404,.T.);
#2872 = ORIENTED_EDGE('',*,*,#1998,.T.);
#2873 = ORIENTED_EDGE('',*,*,#2435,.F.);
#2874 = ORIENTED_EDGE('',*,*,#2195,.T.);
#2875 = ORIENTED_EDGE('',*,*,#2296,.T.);
#2876 = ORIENTED_EDGE('',*,*,#2256,.F.);
#2877 = ORIENTED_EDGE('',*,*,#148,.F.);
#2878 = ORIENTED_EDGE('',*,*,#1001,.F.);
#2879 = ORIENTED_EDGE('',*,*,#1014,.T.);
#2880 = ORIENTED_EDGE('',*,*,#573,.T.);
#2881 = ORIENTED_EDGE('',*,*,#1045,.F.);
#2882 = ORIENTED_EDGE('',*,*,#805,.T.);
#2883 = ORIENTED_EDGE('',*,*,#906,.T.);
#2884 = ORIENTED_EDGE('',*,*,#866,.F.);
#2885 = ORIENTED_EDGE('',*,*,#225,.F.);
#2886 = ORIENTED_EDGE('',*,*,#1703,.F.);
#2887 = ORIENTED_EDGE('',*,*,#1716,.T.);
#2888 = ORIENTED_EDGE('',*,*,#1310,.T.);
#2889 = ORIENTED_EDGE('',*,*,#1747,.F.);
#2890 = ORIENTED_EDGE('',*,*,#1507,.T.);
#2891 = ORIENTED_EDGE('',*,*,#1608,.T.);
#2892 = ORIENTED_EDGE('',*,*,#1568,.F.);
#2893 = ORIENTED_EDGE('',*,*,#191,.F.);
#2894 = ORIENTED_EDGE('',*,*,#2895,.T.);
#2895 = EDGE_CURVE('',#183,#2896,#2898,.T.);
#2896 = VERTEX_POINT('',#2897);
#2897 = CARTESIAN_POINT('',(4.,-4.898587196589E-16,21.95));
#2898 = LINE('',#2899,#2900);
#2899 = CARTESIAN_POINT('',(4.,4.898587196589E-16,21.95));
#2900 = VECTOR('',#2901,1.);
#2901 = DIRECTION('',(0.,0.,-1.));
#2902 = ORIENTED_EDGE('',*,*,#2903,.F.);
#2903 = EDGE_CURVE('',#2896,#2896,#2904,.T.);
#2904 = CIRCLE('',#2905,4.);
#2905 = AXIS2_PLACEMENT_3D('',#2906,#2907,#2908);
#2906 = CARTESIAN_POINT('',(0.,0.,21.95));
#2907 = DIRECTION('',(0.,0.,-1.));
#2908 = DIRECTION('',(-1.,0.,0.));
#2909 = ORIENTED_EDGE('',*,*,#2895,.F.);
#2910 = ORIENTED_EDGE('',*,*,#182,.F.);
#2911 = CYLINDRICAL_SURFACE('',#2912,4.);
#2912 = AXIS2_PLACEMENT_3D('',#2913,#2914,#2915);
#2913 = CARTESIAN_POINT('',(0.,0.,21.95));
#2914 = DIRECTION('',(0.,0.,1.));
#2915 = DIRECTION('',(-1.,0.,0.));
#2916 = ADVANCED_FACE('',(#2917),#2960,.T.);
#2917 = FACE_BOUND('',#2918,.T.);
#2918 = EDGE_LOOP('',(#2919,#2920,#2921,#2922,#2930,#2954));
#2919 = ORIENTED_EDGE('',*,*,#2775,.F.);
#2920 = ORIENTED_EDGE('',*,*,#260,.T.);
#2921 = ORIENTED_EDGE('',*,*,#2821,.T.);
#2922 = ORIENTED_EDGE('',*,*,#2923,.F.);
#2923 = EDGE_CURVE('',#2924,#2822,#2926,.T.);
#2924 = VERTEX_POINT('',#2925);
#2925 = CARTESIAN_POINT('',(2.678664096235,0.815327332756,
    21.271130814467));
#2926 = LINE('',#2927,#2928);
#2927 = CARTESIAN_POINT('',(2.678664096235,0.815327332756,19.75));
#2928 = VECTOR('',#2929,1.);
#2929 = DIRECTION('',(0.,0.,1.));
#2930 = ORIENTED_EDGE('',*,*,#2931,.T.);
#2931 = EDGE_CURVE('',#2924,#2932,#2934,.T.);
#2932 = VERTEX_POINT('',#2933);
#2933 = CARTESIAN_POINT('',(2.678664096235,0.815327332756,
    20.628869185533));
#2934 = B_SPLINE_CURVE_WITH_KNOTS('',3,(#2935,#2936,#2937,#2938,#2939,
    #2940,#2941,#2942,#2943,#2944,#2945,#2946,#2947,#2948,#2949,#2950,
    #2951,#2952,#2953),.UNSPECIFIED.,.F.,.F.,(4,2,2,2,3,2,2,2,4),(
    -4.338936671422E-02,-3.610838740447E-02,-2.406316049868E-02,
    -1.202791049941E-02,0.,1.202791049941E-02,2.406316049868E-02,
    3.610838740447E-02,4.338936671422E-02),.UNSPECIFIED.);
#2935 = CARTESIAN_POINT('',(2.678664096235,0.815327332756,
    21.271130814467));
#2936 = CARTESIAN_POINT('',(2.7031472956,0.824238488564,21.267079963274)
  );
#2937 = CARTESIAN_POINT('',(2.727635878329,0.833151603757,
    21.259516235433));
#2938 = CARTESIAN_POINT('',(2.783569800845,0.853509886639,
    21.234879644896));
#2939 = CARTESIAN_POINT('',(2.821226153201,0.867215678027,
    21.208129873513));
#2940 = CARTESIAN_POINT('',(2.874581316333,0.886635369252,
    21.151392803292));
#2941 = CARTESIAN_POINT('',(2.899729705386,0.895788634307,
    21.111376154911));
#2942 = CARTESIAN_POINT('',(2.928590620017,0.906293148166,
    21.037278700707));
#2943 = CARTESIAN_POINT('',(2.937417882995,0.90950600914,20.990093034998
    ));
#2944 = CARTESIAN_POINT('',(2.937417882995,0.90950600914,20.95));
#2945 = CARTESIAN_POINT('',(2.937417882995,0.90950600914,20.909906965002
    ));
#2946 = CARTESIAN_POINT('',(2.928590620017,0.906293148166,
    20.862721299293));
#2947 = CARTESIAN_POINT('',(2.899729705386,0.895788634307,
    20.788623845089));
#2948 = CARTESIAN_POINT('',(2.874581316333,0.886635369252,
    20.748607196709));
#2949 = CARTESIAN_POINT('',(2.821226153201,0.867215678027,
    20.691870126487));
#2950 = CARTESIAN_POINT('',(2.783569800845,0.853509886639,
    20.665120355104));
#2951 = CARTESIAN_POINT('',(2.727635878329,0.833151603757,
    20.640483764567));
#2952 = CARTESIAN_POINT('',(2.7031472956,0.824238488564,20.632920036726)
  );
#2953 = CARTESIAN_POINT('',(2.678664096235,0.815327332756,
    20.628869185533));
#2954 = ORIENTED_EDGE('',*,*,#2955,.F.);
#2955 = EDGE_CURVE('',#2741,#2932,#2956,.T.);
#2956 = LINE('',#2957,#2958);
#2957 = CARTESIAN_POINT('',(2.678664096235,0.815327332756,19.75));
#2958 = VECTOR('',#2959,1.);
#2959 = DIRECTION('',(0.,0.,1.));
#2960 = PLANE('',#2961);
#2961 = AXIS2_PLACEMENT_3D('',#2962,#2963,#2964);
#2962 = CARTESIAN_POINT('',(6.62764097331,2.252637371816,19.75));
#2963 = DIRECTION('',(-0.342020143326,0.939692620786,0.));
#2964 = DIRECTION('',(-0.939692620786,-0.342020143326,0.));
#2965 = ADVANCED_FACE('',(#2966),#3009,.T.);
#2966 = FACE_BOUND('',#2967,.T.);
#2967 = EDGE_LOOP('',(#2968,#2969,#2977,#3001,#3007,#3008));
#2968 = ORIENTED_EDGE('',*,*,#2724,.F.);
#2969 = ORIENTED_EDGE('',*,*,#2970,.T.);
#2970 = EDGE_CURVE('',#2716,#2971,#2973,.T.);
#2971 = VERTEX_POINT('',#2972);
#2972 = CARTESIAN_POINT('',(-2.678664096235,0.815327332756,
    20.628869185533));
#2973 = LINE('',#2974,#2975);
#2974 = CARTESIAN_POINT('',(-2.678664096235,0.815327332756,19.75));
#2975 = VECTOR('',#2976,1.);
#2976 = DIRECTION('',(0.,0.,1.));
#2977 = ORIENTED_EDGE('',*,*,#2978,.T.);
#2978 = EDGE_CURVE('',#2971,#2979,#2981,.T.);
#2979 = VERTEX_POINT('',#2980);
#2980 = CARTESIAN_POINT('',(-2.678664096235,0.815327332756,
    21.271130814467));
#2981 = B_SPLINE_CURVE_WITH_KNOTS('',3,(#2982,#2983,#2984,#2985,#2986,
    #2987,#2988,#2989,#2990,#2991,#2992,#2993,#2994,#2995,#2996,#2997,
    #2998,#2999,#3000),.UNSPECIFIED.,.F.,.F.,(4,2,2,2,3,2,2,2,4),(
    -4.338936671422E-02,-3.610838740447E-02,-2.406316049868E-02,
    -1.202791049941E-02,0.,1.202791049941E-02,2.406316049868E-02,
    3.610838740447E-02,4.338936671422E-02),.UNSPECIFIED.);
#2982 = CARTESIAN_POINT('',(-2.678664096235,0.815327332756,
    20.628869185533));
#2983 = CARTESIAN_POINT('',(-2.7031472956,0.824238488564,20.632920036726
    ));
#2984 = CARTESIAN_POINT('',(-2.727635878329,0.833151603757,
    20.640483764567));
#2985 = CARTESIAN_POINT('',(-2.783569800845,0.853509886639,
    20.665120355104));
#2986 = CARTESIAN_POINT('',(-2.821226153201,0.867215678027,
    20.691870126487));
#2987 = CARTESIAN_POINT('',(-2.874581316333,0.886635369252,
    20.748607196709));
#2988 = CARTESIAN_POINT('',(-2.899729705386,0.895788634307,
    20.788623845089));
#2989 = CARTESIAN_POINT('',(-2.928590620017,0.906293148166,
    20.862721299293));
#2990 = CARTESIAN_POINT('',(-2.937417882995,0.90950600914,
    20.909906965002));
#2991 = CARTESIAN_POINT('',(-2.937417882995,0.90950600914,20.95));
#2992 = CARTESIAN_POINT('',(-2.937417882995,0.90950600914,
    20.990093034998));
#2993 = CARTESIAN_POINT('',(-2.928590620017,0.906293148166,
    21.037278700707));
#2994 = CARTESIAN_POINT('',(-2.899729705386,0.895788634307,
    21.111376154911));
#2995 = CARTESIAN_POINT('',(-2.874581316333,0.886635369252,
    21.151392803292));
#2996 = CARTESIAN_POINT('',(-2.821226153201,0.867215678027,
    21.208129873513));
#2997 = CARTESIAN_POINT('',(-2.783569800845,0.853509886639,
    21.234879644896));
#2998 = CARTESIAN_POINT('',(-2.727635878329,0.833151603757,
    21.259516235433));
#2999 = CARTESIAN_POINT('',(-2.7031472956,0.824238488564,21.267079963274
    ));
#3000 = CARTESIAN_POINT('',(-2.678664096235,0.815327332756,
    21.271130814467));
#3001 = ORIENTED_EDGE('',*,*,#3002,.T.);
#3002 = EDGE_CURVE('',#2979,#2831,#3003,.T.);
#3003 = LINE('',#3004,#3005);
#3004 = CARTESIAN_POINT('',(-2.678664096235,0.815327332756,19.75));
#3005 = VECTOR('',#3006,1.);
#3006 = DIRECTION('',(0.,0.,1.));
#3007 = ORIENTED_EDGE('',*,*,#2830,.T.);
#3008 = ORIENTED_EDGE('',*,*,#277,.F.);
#3009 = PLANE('',#3010);
#3010 = AXIS2_PLACEMENT_3D('',#3011,#3012,#3013);
#3011 = CARTESIAN_POINT('',(-1.453776550135,0.369504725652,19.75));
#3012 = DIRECTION('',(0.342020143326,0.939692620786,0.));
#3013 = DIRECTION('',(-0.939692620786,0.342020143326,0.));
#3014 = ADVANCED_FACE('',(#3015),#3033,.F.);
#3015 = FACE_BOUND('',#3016,.F.);
#3016 = EDGE_LOOP('',(#3017,#3018,#3025,#3026));
#3017 = ORIENTED_EDGE('',*,*,#2931,.T.);
#3018 = ORIENTED_EDGE('',*,*,#3019,.T.);
#3019 = EDGE_CURVE('',#2932,#2971,#3020,.T.);
#3020 = CIRCLE('',#3021,2.8);
#3021 = AXIS2_PLACEMENT_3D('',#3022,#3023,#3024);
#3022 = CARTESIAN_POINT('',(0.,0.,20.628869185533));
#3023 = DIRECTION('',(0.,0.,1.));
#3024 = DIRECTION('',(-1.,0.,0.));
#3025 = ORIENTED_EDGE('',*,*,#2978,.T.);
#3026 = ORIENTED_EDGE('',*,*,#3027,.T.);
#3027 = EDGE_CURVE('',#2979,#2924,#3028,.T.);
#3028 = CIRCLE('',#3029,2.8);
#3029 = AXIS2_PLACEMENT_3D('',#3030,#3031,#3032);
#3030 = CARTESIAN_POINT('',(0.,0.,21.271130814467));
#3031 = DIRECTION('',(0.,0.,-1.));
#3032 = DIRECTION('',(-1.,0.,0.));
#3033 = TOROIDAL_SURFACE('',#3034,2.75,0.325);
#3034 = AXIS2_PLACEMENT_3D('',#3035,#3036,#3037);
#3035 = CARTESIAN_POINT('',(0.,0.,20.95));
#3036 = DIRECTION('',(0.,0.,-1.));
#3037 = DIRECTION('',(-1.,0.,0.));
#3038 = ADVANCED_FACE('',(#3039),#3045,.F.);
#3039 = FACE_BOUND('',#3040,.F.);
#3040 = EDGE_LOOP('',(#3041,#3042,#3043,#3044));
#3041 = ORIENTED_EDGE('',*,*,#3002,.T.);
#3042 = ORIENTED_EDGE('',*,*,#2838,.F.);
#3043 = ORIENTED_EDGE('',*,*,#2923,.F.);
#3044 = ORIENTED_EDGE('',*,*,#3027,.F.);
#3045 = CYLINDRICAL_SURFACE('',#3046,2.8);
#3046 = AXIS2_PLACEMENT_3D('',#3047,#3048,#3049);
#3047 = CARTESIAN_POINT('',(0.,0.,19.75));
#3048 = DIRECTION('',(0.,0.,1.));
#3049 = DIRECTION('',(-1.,0.,0.));
#3050 = ADVANCED_FACE('',(#3051),#3057,.F.);
#3051 = FACE_BOUND('',#3052,.F.);
#3052 = EDGE_LOOP('',(#3053,#3054,#3055,#3056));
#3053 = ORIENTED_EDGE('',*,*,#2970,.T.);
#3054 = ORIENTED_EDGE('',*,*,#3019,.F.);
#3055 = ORIENTED_EDGE('',*,*,#2955,.F.);
#3056 = ORIENTED_EDGE('',*,*,#2740,.T.);
#3057 = CYLINDRICAL_SURFACE('',#3058,2.8);
#3058 = AXIS2_PLACEMENT_3D('',#3059,#3060,#3061);
#3059 = CARTESIAN_POINT('',(0.,0.,19.75));
#3060 = DIRECTION('',(0.,0.,1.));
#3061 = DIRECTION('',(-1.,0.,0.));
#3062 = ADVANCED_FACE('',(#3063),#3075,.F.);
#3063 = FACE_BOUND('',#3064,.F.);
#3064 = EDGE_LOOP('',(#3065,#3066,#3067,#3074));
#3065 = ORIENTED_EDGE('',*,*,#2633,.T.);
#3066 = ORIENTED_EDGE('',*,*,#2585,.T.);
#3067 = ORIENTED_EDGE('',*,*,#3068,.T.);
#3068 = EDGE_CURVE('',#2586,#2668,#3069,.T.);
#3069 = CIRCLE('',#3070,2.8);
#3070 = AXIS2_PLACEMENT_3D('',#3071,#3072,#3073);
#3071 = CARTESIAN_POINT('',(0.,0.,21.271130814467));
#3072 = DIRECTION('',(0.,0.,-1.));
#3073 = DIRECTION('',(-1.,0.,0.));
#3074 = ORIENTED_EDGE('',*,*,#2675,.T.);
#3075 = TOROIDAL_SURFACE('',#3076,2.75,0.325);
#3076 = AXIS2_PLACEMENT_3D('',#3077,#3078,#3079);
#3077 = CARTESIAN_POINT('',(0.,0.,20.95));
#3078 = DIRECTION('',(0.,0.,-1.));
#3079 = DIRECTION('',(-1.,0.,0.));
#3080 = ADVANCED_FACE('',(#3081),#3087,.F.);
#3081 = FACE_BOUND('',#3082,.F.);
#3082 = EDGE_LOOP('',(#3083,#3084,#3085,#3086));
#3083 = ORIENTED_EDGE('',*,*,#2609,.T.);
#3084 = ORIENTED_EDGE('',*,*,#2854,.F.);
#3085 = ORIENTED_EDGE('',*,*,#2667,.F.);
#3086 = ORIENTED_EDGE('',*,*,#3068,.F.);
#3087 = CYLINDRICAL_SURFACE('',#3088,2.8);
#3088 = AXIS2_PLACEMENT_3D('',#3089,#3090,#3091);
#3089 = CARTESIAN_POINT('',(0.,0.,19.75));
#3090 = DIRECTION('',(0.,0.,1.));
#3091 = DIRECTION('',(-1.,0.,0.));
#3092 = ADVANCED_FACE('',(#3093),#3112,.T.);
#3093 = FACE_BOUND('',#3094,.T.);
#3094 = EDGE_LOOP('',(#3095,#3104,#3110,#3111));
#3095 = ORIENTED_EDGE('',*,*,#3096,.T.);
#3096 = EDGE_CURVE('',#3097,#3097,#3099,.T.);
#3097 = VERTEX_POINT('',#3098);
#3098 = CARTESIAN_POINT('',(7.,8.572527594031E-16,21.95));
#3099 = CIRCLE('',#3100,7.);
#3100 = AXIS2_PLACEMENT_3D('',#3101,#3102,#3103);
#3101 = CARTESIAN_POINT('',(0.,0.,21.95));
#3102 = DIRECTION('',(0.,0.,-1.));
#3103 = DIRECTION('',(-1.,0.,0.));
#3104 = ORIENTED_EDGE('',*,*,#3105,.T.);
#3105 = EDGE_CURVE('',#3097,#2797,#3106,.T.);
#3106 = LINE('',#3107,#3108);
#3107 = CARTESIAN_POINT('',(7.,8.572527594031E-16,19.75));
#3108 = VECTOR('',#3109,1.);
#3109 = DIRECTION('',(0.,0.,-1.));
#3110 = ORIENTED_EDGE('',*,*,#2796,.T.);
#3111 = ORIENTED_EDGE('',*,*,#3105,.F.);
#3112 = CYLINDRICAL_SURFACE('',#3113,7.);
#3113 = AXIS2_PLACEMENT_3D('',#3114,#3115,#3116);
#3114 = CARTESIAN_POINT('',(0.,0.,19.75));
#3115 = DIRECTION('',(0.,0.,1.));
#3116 = DIRECTION('',(-1.,0.,0.));
#3117 = ADVANCED_FACE('',(#3118,#3121,#3124),#3127,.T.);
#3118 = FACE_BOUND('',#3119,.T.);
#3119 = EDGE_LOOP('',(#3120));
#3120 = ORIENTED_EDGE('',*,*,#3096,.F.);
#3121 = FACE_BOUND('',#3122,.T.);
#3122 = EDGE_LOOP('',(#3123));
#3123 = ORIENTED_EDGE('',*,*,#63,.T.);
#3124 = FACE_BOUND('',#3125,.T.);
#3125 = EDGE_LOOP('',(#3126));
#3126 = ORIENTED_EDGE('',*,*,#2903,.T.);
#3127 = PLANE('',#3128);
#3128 = AXIS2_PLACEMENT_3D('',#3129,#3130,#3131);
#3129 = CARTESIAN_POINT('',(0.,0.,21.95));
#3130 = DIRECTION('',(0.,0.,1.));
#3131 = DIRECTION('',(1.,0.,-0.));
#3132 = ( GEOMETRIC_REPRESENTATION_CONTEXT(3) 
GLOBAL_UNCERTAINTY_ASSIGNED_CONTEXT((#3136)) 
GLOBAL_UNIT_ASSIGNED_CONTEXT((#3133,#3134,#3135)) REPRESENTATION_CONTEXT
('Context #1','3D Context with UNIT and UNCERTAINTY') );
#3133 = ( LENGTH_UNIT() NAMED_UNIT(*) SI_UNIT(.MILLI.,.METRE.) );
#3134 = ( NAMED_UNIT(*) PLANE_ANGLE_UNIT() SI_UNIT($,.RADIAN.) );
#3135 = ( NAMED_UNIT(*) SI_UNIT($,.STERADIAN.) SOLID_ANGLE_UNIT() );
#3136 = UNCERTAINTY_MEASURE_WITH_UNIT(LENGTH_MEASURE(5.E-04),#3133,
  'distance_accuracy_value','confusion accuracy');
#3137 = PRODUCT_RELATED_PRODUCT_CATEGORY('part',$,(#7));
#3138 = MECHANICAL_DESIGN_GEOMETRIC_PRESENTATION_REPRESENTATION('',(
    #3139),#3132);
#3139 = STYLED_ITEM('color',(#3140),#15);
#3140 = PRESENTATION_STYLE_ASSIGNMENT((#3141,#3147));
#3141 = SURFACE_STYLE_USAGE(.BOTH.,#3142);
#3142 = SURFACE_SIDE_STYLE('',(#3143));
#3143 = SURFACE_STYLE_FILL_AREA(#3144);
#3144 = FILL_AREA_STYLE('',(#3145));
#3145 = FILL_AREA_STYLE_COLOUR('',#3146);
#3146 = COLOUR_RGB('',0.28235292142,0.28235292142,0.28235292142);
#3147 = CURVE_STYLE('',#3148,POSITIVE_LENGTH_MEASURE(0.1),#3149);
#3148 = DRAUGHTING_PRE_DEFINED_CURVE_FONT('continuous');
#3149 = COLOUR_RGB('',9.803921802644E-02,9.803921802644E-02,
  9.803921802644E-02);
ENDSEC;
END-ISO-10303-21;
